date_local,tweets_total,retweets_total,tweet_ratio,avg_tweets_per_hour,active_hours_count,mean_intertweet_gap,std_intertweet_gap,min_gap,max_gap,burst_count,max_burst_length,burstiness,avg_tweet_length,morning_tweets,afternoon_tweets,evening_tweets,night_tweets,tweet_entropy,time_of_first_tweet_sin,time_of_first_tweet_cos,time_of_last_tweet_sin,time_of_last_tweet_cos,7d_avg_tweets,7d_var_tweets
2024-04-19,12.0,3.0,0.75,0.5,6.0,125.88030303030301,221.9344124401637,1.4,740.9333333333333,9.0,4.0,0.2761645932085836,102.66666666666667,0.0,10.0,1.0,1.0,1.349792396172401,0.21317248953972065,0.9770145800874405,-0.026540432230081443,0.9996477406852078,11.5,0.25
2024-04-20,25.0,7.0,0.72,1.0416666666666667,9.0,54.31388888888889,81.16242825841566,0.95,298.3333333333333,12.0,6.0,0.1981788399247237,82.68,1.0,7.0,3.0,14.0,1.949738932774583,0.016652580199915334,0.9998613361725142,-0.5470154452898162,0.83712251350348,16.0,40.666666666666664
2024-04-21,7.0,4.0,0.42857142857142855,0.2916666666666667,5.0,97.59166666666665,88.80436819315356,3.966666666666667,264.46666666666664,6.0,2.0,-0.047143162031969235,104.57142857142857,3.0,3.0,1.0,0.0,1.5498260458782016,0.3658921913947948,-0.9306572431761947,-0.8199021520766907,0.5725036777349218,13.75,45.6875
2024-04-22,20.0,8.0,0.6,0.8333333333333334,12.0,74.8438596491228,100.80582504439357,1.9166666666666667,409.8666666666667,16.0,3.0,0.1478053629334473,104.35,3.0,2.0,10.0,5.0,2.3195749966735857,0.02530457286552966,0.9996797880281931,-0.05306216623122021,0.9985912109140809,15.0,42.8
2024-04-23,20.0,10.0,0.5,0.8333333333333334,8.0,61.492982456140346,130.63970198366118,2.0166666666666666,557.45,15.0,5.0,0.35989045658280855,77.85,6.0,10.0,2.0,2.0,1.9206765920171578,0.10893916438091437,0.9940484185712425,-0.8800978284951514,0.47479238860592443,15.833333333333334,39.13888888888889
2024-04-24,5.0,3.0,0.4,0.20833333333333334,5.0,193.50416666666666,193.71181465108592,19.183333333333334,514.4666666666667,5.0,1.0,0.0005362588179149964,114.8,0.0,1.0,0.0,4.0,1.6094379124341005,0.18123437081186902,0.9834399335172566,-0.4058728077372588,-0.913929572745884,14.285714285714286,47.91836734693878
2024-04-25,8.0,2.0,0.75,0.3333333333333333,7.0,159.71190476190478,187.06726566154265,28.683333333333334,570.7833333333333,8.0,1.0,0.07888409464223184,128.75,2.0,1.0,3.0,2.0,1.9061547465398496,0.28157397049852406,0.9595395245312703,-0.8999386178498898,0.4360166098928228,13.857142857142858,51.83673469387755
2024-04-26,14.0,5.0,0.6428571428571429,0.5833333333333334,9.0,81.84230769230768,127.1602020763983,0.65,490.1333333333333,11.0,2.0,0.21682942675780292,107.78571428571429,1.0,4.0,5.0,4.0,2.106577333232116,0.33969566344627644,0.940535409347141,-0.9619998771253561,0.2730498789796468,14.142857142857142,51.26530612244898
2024-04-27,13.0,3.0,0.7692307692307693,0.5416666666666666,6.0,40.98472222222222,54.33875333324946,0.95,205.3,9.0,4.0,0.14009173535910488,104.38461538461539,0.0,4.0,9.0,0.0,1.5857708352080966,-0.7957378174433829,-0.6056412518070754,-0.07534130860827756,0.9971578045711683,12.428571428571429,31.673469387755112
2024-04-28,12.0,6.0,0.5,0.5,5.0,118.7636363636364,153.0882515694625,0.05,433.06666666666666,8.0,3.0,0.12626219176477885,91.33333333333333,3.0,1.0,4.0,4.0,1.4735023850806486,0.1821640206956537,0.9832681575053641,-0.3891909396043259,0.9211571052377016,13.142857142857142,26.9795918367347
2024-04-29,15.0,5.0,0.6666666666666666,0.625,7.0,47.227380952380955,90.63032241779398,1.25,366.48333333333335,13.0,2.0,0.3148387098025826,93.2,1.0,12.0,2.0,0.0,1.898926789336329,0.1511889345433092,-0.9885048841921111,-0.39714789063478034,0.9177546256839813,12.428571428571429,20.244897959183678
2024-04-30,6.0,2.0,0.6666666666666666,0.25,3.0,157.72,279.1140982147305,2.783333333333333,714.7,5.0,2.0,0.27789519799587153,102.0,0.0,2.0,0.0,4.0,1.0114042647073518,0.7757711489673282,0.6310143615084456,-0.9273472192616116,-0.37420199749300714,10.428571428571429,13.959183673469402
2024-05-02,16.0,7.0,0.5625,0.6666666666666666,10.0,94.28777777777778,142.1180834620056,0.5333333333333333,555.25,12.0,4.0,0.20232284188467797,100.25,1.0,6.0,7.0,2.0,2.0636495704788542,0.07229531671883441,0.9973832699521902,-0.039695807924574916,0.9992118107954966,12.0,11.714285714285722
2024-05-03,8.0,5.0,0.375,0.3333333333333333,7.0,176.35476190476192,119.55729174362513,7.566666666666666,360.55,7.0,2.0,-0.1919403737051736,97.25,1.0,3.0,3.0,1.0,1.9061547465398496,0.43529657125007093,0.9002871181228419,-0.4316922090107706,0.9020209735252286,12.0,11.714285714285722
2024-05-04,18.0,7.0,0.6111111111111112,0.75,11.0,76.82156862745099,117.19765812823235,0.05,458.35,11.0,4.0,0.20810354816857674,108.16666666666667,3.0,10.0,2.0,3.0,2.2931186014868135,0.4987398887026634,0.8667517080553432,-0.06264536176207376,0.9980358503829905,12.571428571428571,15.959183673469395
2024-05-05,6.0,5.0,0.16666666666666666,0.25,4.0,151.66,158.01615409683765,10.716666666666667,442.5833333333333,6.0,1.0,0.020525164797965192,96.33333333333333,1.0,3.0,2.0,0.0,1.242453324894,0.2620488199084815,-0.9650546181354568,-0.09787239554212773,0.9951989721612685,11.571428571428571,21.10204081632654
2024-05-06,14.0,6.0,0.5714285714285714,0.5833333333333334,8.0,40.460256410256406,46.81734992265589,0.43333333333333335,140.38333333333333,10.0,4.0,0.07283762444344481,107.42857142857143,0.0,5.0,9.0,0.0,1.8662160235859526,-0.19216514572536514,-0.981362602083628,-0.6077224106632535,0.794149527216156,11.857142857142858,21.83673469387756
2024-05-07,20.0,8.0,0.6,0.8333333333333334,5.0,64.40350877192982,150.03442261742688,3.1,549.2333333333333,12.0,3.0,0.39932727055651507,92.8,0.0,6.0,2.0,12.0,1.4737146012040092,0.48258190735451384,0.8758508450039193,-0.42623984253851216,0.9046101904316269,12.571428571428571,29.38775510204082
2024-05-08,5.0,3.0,0.4,0.20833333333333334,5.0,322.375,222.2818195257243,26.783333333333335,596.6333333333333,5.0,1.0,-0.18377293166261047,98.8,0.0,1.0,2.0,2.0,1.6094379124341005,0.16748573910754105,0.9858744987043739,-0.4692147038834898,0.8830841192431947,12.428571428571429,31.387755102040817
2024-05-09,12.0,7.0,0.4166666666666667,0.5,6.0,96.68787878787879,143.8818826892654,0.8833333333333333,464.25,7.0,5.0,0.19617595998602003,111.66666666666667,1.0,2.0,4.0,5.0,1.539654447440098,0.40872872054650483,0.9126559225690792,-0.9395930914040003,0.34229347435479107,11.857142857142858,29.26530612244898
2024-05-10,17.0,9.0,0.47058823529411764,0.7083333333333334,9.0,75.32499999999999,99.75602251382007,2.6166666666666667,354.6166666666667,13.0,3.0,0.1395412373256594,112.52941176470588,3.0,7.0,1.0,6.0,2.0377341947851506,0.5635861230106826,0.826057311540663,-0.41303820194756197,0.9107137001999723,13.142857142857142,29.26530612244898
2024-05-11,11.0,5.0,0.5454545454545454,0.4583333333333333,6.0,90.17499999999998,135.99225840915435,2.283333333333333,366.8333333333333,8.0,2.0,0.20258130523149087,91.9090909090909,1.0,7.0,0.0,3.0,1.6726254461503207,0.504653194270734,0.8633221609065441,-0.9692130063712664,-0.24622377683881677,12.142857142857142,25.551020408163264
2024-05-12,5.0,2.0,0.6,0.20833333333333334,4.0,105.57499999999999,84.90456611526982,5.933333333333334,210.21666666666667,4.0,2.0,-0.10851785472999945,61.0,2.0,2.0,1.0,0.0,1.3321790402101223,0.17493713886227033,-0.9845796044234731,-0.9953961983671789,0.09584575252022405,12.0,27.428571428571427
2024-05-13,6.0,3.0,0.5,0.25,3.0,169.80333333333334,291.0453207167418,0.26666666666666666,749.4,4.0,2.0,0.2630841737691925,78.66666666666667,0.0,4.0,0.0,2.0,1.0114042647073518,0.6731738599652016,0.7394842488245109,-0.9639407468005008,-0.26611696048484534,10.857142857142858,30.69387755102041
2024-05-14,8.0,1.0,0.875,0.3333333333333333,5.0,104.89047619047619,181.9728819098244,4.083333333333333,545.6,6.0,2.0,0.26870774374884315,70.75,4.0,2.0,0.0,2.0,1.559581156259877,0.23061587074244014,0.9730448705798238,-0.29056302762924097,-0.9568558548574226,9.142857142857142,16.97959183673469
2024-05-15,7.0,3.0,0.5714285714285714,0.2916666666666667,5.0,196.4722222222222,256.80668883831424,0.3,669.8,5.0,3.0,0.13310671452798792,68.85714285714286,2.0,0.0,1.0,4.0,1.4750763110546947,0.4524995614618456,0.8917646252665764,-0.6209767901079869,0.7838289520980845,9.428571428571429,15.102040816326527
2024-05-16,10.0,0.0,1.0,0.4166666666666667,4.0,42.70740740740741,67.60502853635904,1.6166666666666667,199.86666666666667,5.0,4.0,0.22570094582666636,63.1,1.0,0.0,0.0,9.0,1.1682824501765625,0.3842281839021212,0.9232381614162609,0.8772509113449242,-0.4800321224090113,9.142857142857142,14.122448979591834
2024-05-17,11.0,1.0,0.9090909090909091,0.4583333333333333,5.0,136.375,218.59355361161855,1.15,622.55,7.0,4.0,0.231622076871565,92.45454545454545,1.0,0.0,7.0,3.0,1.4142790651247086,0.2541096362819609,0.967175419843086,-0.07570388042917153,0.997130343780574,8.285714285714286,5.061224489795911
2024-05-18,16.0,3.0,0.8125,0.6666666666666666,8.0,84.70333333333333,149.53940038219582,1.0,565.5833333333334,13.0,4.0,0.27679008872736777,68.875,1.0,2.0,2.0,11.0,1.8364223867541591,0.06068560345276682,0.9981569303138528,-0.627736649329305,0.7784257826465008,9.0,11.999999999999995
2024-05-19,8.0,0.0,1.0,0.3333333333333333,5.0,186.11666666666665,241.59796478302871,3.25,715.2833333333333,6.0,2.0,0.12971568900580704,85.5,0.0,1.0,3.0,4.0,1.559581156259877,0.5434797084346822,0.8394223052312542,-0.02399597377737908,0.9997120551651237,9.428571428571429,9.6734693877551
2024-05-20,22.0,7.0,0.6818181818181818,0.9166666666666666,11.0,59.68253968253969,95.42073492071455,2.566666666666667,397.45,13.0,4.0,0.2304154785228824,109.22727272727273,7.0,8.0,6.0,1.0,2.24808450616181,0.5258428374185955,0.8505817481791862,-0.25783549361698554,0.9661888315600038,11.714285714285714,25.346938775510207
2024-05-21,4.0,2.0,0.5,0.16666666666666666,3.0,398.6722222222222,292.1999430670634,1.1666666666666667,695.2166666666667,3.0,2.0,-0.15411285112431214,112.0,0.0,1.0,1.0,2.0,1.0397207708399179,0.19623138518982636,0.9805576186367031,-0.762433099883326,0.6470670507778172,11.142857142857142,31.55102040816327
2024-05-22,4.0,0.0,1.0,0.16666666666666666,2.0,25.96666666666667,13.596404753545045,7.9,40.7,3.0,2.0,-0.31267193039016655,63.75,0.0,0.0,4.0,0.0,0.5623351446188083,-0.6982591288782461,0.7158450872487656,-0.4196501187858356,0.9076859466814687,10.714285714285714,36.204081632653065
2024-05-23,16.0,3.0,0.8125,0.6666666666666666,7.0,82.64444444444443,133.44999141954466,0.55,447.1333333333333,11.0,3.0,0.23510807565206118,76.25,2.0,4.0,1.0,9.0,1.7214023220140038,0.6028599186947073,0.7978470520290282,-0.22509276834542022,0.9743373366748269,11.571428571428571,39.38775510204082
2024-05-24,15.0,5.0,0.6666666666666666,0.625,7.0,47.6,83.26714538159693,3.2666666666666666,330.6,10.0,2.0,0.27254468856636793,96.2,3.0,2.0,10.0,0.0,1.8413903748459726,0.3228852066539807,-0.9464381349692204,-0.5334299940296858,0.8458442182042089,12.142857142857142,40.69387755102041
2024-05-25,4.0,0.0,1.0,0.16666666666666666,4.0,273.35555555555555,239.75374493399792,80.38333333333334,611.2833333333333,4.0,1.0,-0.06548665282328427,140.25,1.0,2.0,0.0,1.0,1.3862943611198906,0.3744043043646216,0.9272655589814839,-0.7314032960055633,-0.6819451727171315,10.428571428571429,45.10204081632653
2024-05-26,2.0,1.0,0.5,0.08333333333333333,2.0,39.266666666666666,0.0,39.266666666666666,39.266666666666666,2.0,1.0,,75.0,0.0,0.0,0.0,2.0,0.6931471805599453,0.43667094837265796,0.8996212996852195,0.5836593179448015,0.8119986456738761,9.571428571428571,53.673469387755105
2024-05-27,5.0,3.0,0.4,0.20833333333333334,4.0,263.3458333333333,325.14743416021633,39.53333333333333,822.2833333333333,5.0,1.0,0.10501666584921539,101.8,0.0,1.0,2.0,2.0,1.3321790402101223,0.5027056541982485,0.8644576480297407,-0.9168859999894485,0.39914917389786614,7.142857142857143,28.69387755102041
2024-05-28,4.0,2.0,0.5,0.16666666666666666,2.0,51.31666666666666,68.52030247927874,2.283333333333333,148.21666666666667,2.0,3.0,0.14355866920883445,129.0,3.0,1.0,0.0,0.0,0.5623351446188083,0.2378978006340048,-0.9712901916798621,-0.4182634454849801,-0.9083257621421035,7.142857142857143,28.69387755102041
2024-05-29,6.0,1.0,0.8333333333333334,0.25,5.0,61.32333333333334,47.74037029135358,24.666666666666668,154.91666666666666,6.0,1.0,-0.1245415531524753,65.5,4.0,2.0,0.0,0.0,1.5607104090414063,0.8202766792207807,-0.5719669304483682,-0.36717774850178697,-0.9301507947667187,7.428571428571429,27.387755102040817
2024-05-30,4.0,1.0,0.75,0.16666666666666666,3.0,220.8111111111111,143.54570335129256,18.916666666666668,340.1166666666667,4.0,1.0,-0.21205973016813498,123.75,1.0,2.0,0.0,1.0,1.0397207708399179,0.37864861735243294,0.9255405040175664,-0.13672419094831623,-0.9906091538086695,5.714285714285714,15.632653061224492
2024-05-31,12.0,4.0,0.6666666666666666,0.5,5.0,106.89242424242425,172.41783658282233,0.13333333333333333,488.18333333333334,8.0,3.0,0.2345972258476918,89.91666666666667,1.0,4.0,3.0,4.0,1.4451858789480823,0.7565672307607229,0.6539159161077601,-0.29042385551366295,0.956898105415921,5.285714285714286,8.775510204081638
2024-06-01,3.0,0.0,1.0,0.125,2.0,570.75,526.65,44.1,1097.4,3.0,1.0,-0.04018589393110991,112.66666666666667,0.0,0.0,1.0,2.0,0.6365141682948128,0.5049043031532253,0.8631753267195234,-0.698415285431006,0.7156927337037358,5.142857142857143,9.265306122448985
2024-06-02,10.0,2.0,0.8,0.4166666666666667,7.0,133.74814814814812,153.64417093402125,0.7166666666666667,399.8333333333333,8.0,2.0,0.06922948688891224,64.5,3.0,2.0,3.0,2.0,1.8866967846580784,0.8495859787204104,0.5274501538170998,-0.01570731731182083,0.9998766324816606,6.285714285714286,9.91836734693878
2024-06-03,11.0,0.0,1.0,0.4583333333333333,8.0,91.58500000000001,126.54237574162,6.05,428.1666666666667,10.0,2.0,0.1602612951389848,55.54545454545455,4.0,2.0,0.0,5.0,2.019814992492946,0.13946115237248613,0.9902275430318721,-0.8384724761668734,-0.5449439482282484,7.142857142857143,12.12244897959184
2024-06-04,2.0,2.0,0.0,0.08333333333333333,2.0,645.4833333333333,0.0,645.4833333333333,645.4833333333333,2.0,1.0,,138.0,0.0,1.0,1.0,0.0,0.6931471805599453,-0.3128184654422961,-0.9498129329917165,-0.006981260297962251,0.9999756307053947,6.857142857142857,14.408163265306127
2024-06-05,22.0,6.0,0.7272727272727273,0.9166666666666666,10.0,63.846825396825395,118.00996915773565,0.7833333333333333,450.98333333333335,14.0,5.0,0.29783403965508765,80.13636363636364,7.0,2.0,6.0,7.0,2.0307955637571147,0.27584706402524556,0.9612015383199571,-0.15284210267459938,0.9882506218819228,9.142857142857142,41.83673469387755
2024-06-06,26.0,9.0,0.6538461538461539,1.0833333333333333,8.0,23.804666666666666,52.61915885133685,0.1,269.4,12.0,7.0,0.3770354596798118,95.23076923076923,14.0,7.0,5.0,0.0,1.8056757791792244,0.7395821501717685,-0.6730662992211863,-0.9813486248449217,0.1922365119195135,12.285714285714286,68.77551020408163
2024-06-07,8.0,1.0,0.875,0.3333333333333333,4.0,195.87380952380948,294.35320671961847,1.0666666666666667,683.0,5.0,3.0,0.20088529177859077,94.0,0.0,2.0,4.0,2.0,1.2130075659799042,0.17049613549916587,0.9853583448572657,-0.12886771259893412,0.9916617934807807,11.714285714285714,71.06122448979592
2024-06-08,14.0,3.0,0.7857142857142857,0.5833333333333334,9.0,102.73974358974357,124.40196386213026,0.8166666666666667,409.65,13.0,2.0,0.09536874806216038,101.0,1.0,4.0,8.0,1.0,1.9652370493802302,0.4107851567342725,0.911732172848364,-0.032137612390513076,0.9994834535247881,13.285714285714286,58.48979591836734
2024-06-09,1.0,0.0,1.0,0.041666666666666664,1.0,,,,,1.0,1.0,,136.0,0.0,1.0,0.0,0.0,-0.0,-0.9257881307043332,-0.3780427714518246,-0.9257881307043332,-0.3780427714518246,12.0,76.85714285714286
2024-06-10,13.0,1.0,0.9230769230769231,0.5416666666666666,7.0,86.09722222222223,148.931690443001,2.0166666666666666,497.1166666666667,10.0,2.0,0.2673478233304879,78.61538461538461,2.0,6.0,1.0,4.0,1.8043716191528454,0.20890744350263268,0.9779354171156673,-0.9999813422410571,0.006108614390678686,12.285714285714286,76.77551020408164
2024-06-11,8.0,3.0,0.625,0.3333333333333333,4.0,58.578571428571436,77.39833973152965,7.033333333333333,241.28333333333333,7.0,2.0,0.13840414628038988,73.25,4.0,4.0,0.0,0.0,1.3862943611198906,0.6935590116394225,-0.7203998177219005,-0.8535507972753276,-0.5210096318405762,13.142857142857142,63.55102040816326
2024-06-12,16.0,5.0,0.6875,0.6666666666666666,8.0,89.81999999999998,173.77788017189368,0.48333333333333334,577.35,10.0,2.0,0.31850741787887027,95.125,5.0,2.0,5.0,4.0,2.0467385326945515,0.2512951659105083,0.9679105018492206,-0.14989485551618428,0.9887019431000337,12.285714285714286,52.77551020408163
2024-06-13,7.0,4.0,0.42857142857142855,0.2916666666666667,6.0,211.5916666666667,219.83630415606976,7.283333333333333,675.8166666666667,6.0,2.0,0.01911011349978184,94.71428571428571,1.0,3.0,2.0,1.0,1.7478680974667573,0.022687333572781354,0.9997426093226983,-0.6601655526612835,0.7511201255987102,9.571428571428571,22.53061224489795
2024-06-14,6.0,5.0,0.16666666666666666,0.25,3.0,134.48666666666668,239.47305424851274,1.5333333333333334,613.2,5.0,2.0,0.28074250169220444,116.33333333333333,0.0,1.0,0.0,5.0,1.0114042647073516,0.27130046355471743,0.9624947056867355,-0.06714462109939921,-0.9977432534762729,9.285714285714286,23.918367346938762
2024-06-15,7.0,1.0,0.8571428571428571,0.2916666666666667,3.0,26.59166666666667,38.33663965209803,2.0,110.41666666666667,4.0,3.0,0.18089141164054956,73.42857142857143,3.0,4.0,0.0,0.0,0.9556998911125343,0.5220024303804178,-0.8529439973860752,-0.14644272846851272,-0.9892191502789953,8.285714285714286,20.489795918367324
2024-06-16,7.0,3.0,0.5714285714285714,0.2916666666666667,5.0,138.34722222222223,158.9062801525276,5.066666666666666,362.25,6.0,2.0,0.069163383327899,68.28571428571429,1.0,5.0,1.0,0.0,1.4750763110546947,0.9740418562639833,-0.22636797972728756,-0.7592239796906443,0.6508294313126137,9.142857142857142,12.408163265306106
2024-06-17,7.0,3.0,0.5714285714285714,0.2916666666666667,3.0,49.138888888888886,73.29843845708389,1.3833333333333333,197.85,3.0,3.0,0.197321765281,107.57142857142857,3.0,4.0,0.0,0.0,1.0042424730540764,0.3316123310037144,-0.9434157418266259,-0.8125076752634869,-0.5829504932993231,8.285714285714286,10.204081632653041
2024-06-18,7.0,4.0,0.42857142857142855,0.2916666666666667,4.0,132.2388888888889,185.03309180178658,2.0166666666666666,484.26666666666665,4.0,3.0,0.16640045804854547,94.42857142857143,4.0,1.0,0.0,2.0,1.277034259466139,0.6180654417444348,0.7861266499243342,-0.8342067848508842,-0.5514517568280571,8.142857142857142,10.408163265306102
2024-06-19,7.0,3.0,0.5714285714285714,0.2916666666666667,7.0,168.15555555555557,177.11425054724867,27.966666666666665,551.6166666666667,7.0,1.0,0.025946940141721088,97.42857142857143,5.0,0.0,1.0,1.0,1.945910149055313,0.8778088601203649,0.47901106990776926,-0.7240213925593448,0.6897775171143425,6.857142857142857,0.12244897959181081
2024-06-20,10.0,2.0,0.8,0.4166666666666667,5.0,126.70925925925927,171.3939471810936,4.116666666666666,529.85,9.0,2.0,0.1498967034115926,89.8,5.0,2.0,2.0,1.0,1.4708084763221114,0.08048887215410573,0.9967555073634456,-0.9413969796303787,0.33730064740939997,7.285714285714286,1.3469387755101805
2024-06-21,6.0,2.0,0.6666666666666666,0.25,6.0,91.9,75.44132009567288,40.7,241.73333333333332,6.0,1.0,-0.09835395044641289,58.666666666666664,2.0,3.0,1.0,0.0,1.7917594692280547,0.3411316177314795,-0.9400155420969931,-0.9963016852405651,0.08592410597038494,7.285714285714286,1.3469387755101805
2024-06-22,4.0,0.0,1.0,0.16666666666666666,4.0,47.65555555555556,28.912461536485704,10.0,80.28333333333333,4.0,1.0,-0.24479011904590742,99.0,4.0,0.0,0.0,0.0,1.3862943611198906,0.7473633916730423,-0.664415503120575,0.2184980803164591,-0.9758373783054337,6.857142857142857,2.6938775510203827
2024-06-23,2.0,0.0,1.0,0.08333333333333333,2.0,842.7833333333333,0.0,842.7833333333333,842.7833333333333,2.0,1.0,,162.5,1.0,0.0,1.0,0.0,0.6931471805599453,0.5487796682673788,-0.8359670302687455,-0.045145045481757184,0.9989804426856664,6.142857142857143,5.551020408163237
2024-06-24,8.0,5.0,0.375,0.3333333333333333,7.0,176.38095238095235,205.74255207036364,10.066666666666666,610.05,8.0,1.0,0.07683798391719208,106.0,0.0,1.0,2.0,5.0,1.9061547465398496,0.16476070003002982,0.9863335702112215,-0.6671827669045998,0.744894056591622,6.285714285714286,5.918367346938747
2024-06-25,10.0,3.0,0.7,0.4166666666666667,5.0,88.31111111111112,167.44453292042192,0.18333333333333332,543.3,7.0,4.0,0.30941026583778597,79.8,1.0,3.0,6.0,0.0,1.3592367006650063,0.4658719330908264,-0.8848521582491713,-0.157583586454585,0.9875056522775504,6.714285714285714,7.632653061224462
2024-06-26,4.0,3.0,0.25,0.16666666666666666,2.0,129.13333333333335,178.9087476899886,0.23333333333333334,382.1333333333333,3.0,2.0,0.16158641115298375,112.5,0.0,1.0,3.0,0.0,0.5623351446188083,-0.2886836866531481,-0.9574245291720632,-0.9161588114169865,0.4008154591118143,6.285714285714286,8.489795918367319
2024-06-27,13.0,5.0,0.6153846153846154,0.5416666666666666,9.0,88.81111111111112,115.67819853924053,2.7666666666666666,367.45,11.0,2.0,0.13138626891580985,77.23076923076923,3.0,3.0,1.0,6.0,2.1383972463477243,0.19402033538329405,0.9809975073657191,-0.9911673849465406,0.13261679764734316,6.714285714285714,12.775510204081607
2024-06-28,17.0,5.0,0.7058823529411765,0.7083333333333334,8.0,76.47708333333333,133.3350571340392,1.2666666666666666,521.9333333333333,14.0,3.0,0.2709946796884604,69.3529411764706,3.0,9.0,1.0,4.0,1.925408165086066,0.16511933013715352,0.9862735963286545,-0.7019976963006098,0.7121792150776635,8.285714285714286,25.346938775510186
2024-06-29,8.0,3.0,0.625,0.3333333333333333,6.0,170.80714285714285,204.79317089640708,1.45,548.6333333333333,6.0,2.0,0.09048455710706395,65.75,1.0,0.0,2.0,5.0,1.7328679513998633,0.2541096362819609,0.967175419843086,-0.723770534519647,0.6900407331173606,8.857142857142858,22.40816326530611
2024-06-30,19.0,2.0,0.8947368421052632,0.7916666666666666,7.0,61.287962962962965,101.66404850993652,1.0333333333333334,349.5,11.0,4.0,0.24777899445376592,77.73684210526316,2.0,9.0,6.0,2.0,1.8821210455528234,0.98309550269175,0.18309350776926941,-0.0828806795816348,0.9965594778798135,11.285714285714286,24.48979591836735
2024-07-01,12.0,3.0,0.75,0.5,9.0,129.01060606060605,176.32141382534925,0.7833333333333333,577.9166666666666,11.0,2.0,0.15494872690526948,87.5,4.0,2.0,1.0,5.0,2.1383330595080277,0.08317056347238232,0.9965353267053237,-0.007853900888711978,0.9999691576447897,11.857142857142858,22.693877551020414
2024-07-02,9.0,3.0,0.6666666666666666,0.375,4.0,27.035416666666666,32.95386762571361,2.15,108.06666666666666,6.0,4.0,0.09865846923929207,104.33333333333333,6.0,3.0,0.0,0.0,1.310783678099714,0.29563857945929883,-0.9552998640925727,-0.6000712399244804,-0.7999465651001301,11.714285714285714,23.346938775510207
2024-07-03,5.0,3.0,0.4,0.20833333333333334,2.0,150.49166666666667,257.11693905151844,0.3333333333333333,595.8166666666667,3.0,3.0,0.2615873926336359,96.6,2.0,0.0,0.0,3.0,0.6730116670092565,0.06271794081153537,0.9980312920446737,0.4369980310342173,-0.8994624621807279,11.857142857142858,21.265306122448983
2024-07-04,9.0,6.0,0.3333333333333333,0.375,4.0,174.54791666666665,267.89837734845935,0.38333333333333336,667.8833333333333,6.0,2.0,0.2109871004560868,85.77777777777777,0.0,4.0,1.0,4.0,1.2730283365896258,0.12273545680701484,0.9924394226563017,-0.06721717885871605,0.9977383679433579,11.285714285714286,21.918367346938773
2024-07-05,9.0,1.0,0.8888888888888888,0.375,5.0,152.18333333333334,241.1709257283445,1.8166666666666667,640.6833333333333,6.0,3.0,0.22622760614639217,96.66666666666667,1.0,0.0,6.0,2.0,1.4270610433807245,0.011198961930852852,0.9999372896595422,-0.819068612314069,0.5736955711193049,10.142857142857142,16.693877551020396
2024-07-06,2.0,2.0,0.0,0.08333333333333333,1.0,0.8,0.0,0.8,0.8,2.0,1.0,,127.0,2.0,0.0,0.0,0.0,-0.0,0.2491124876089492,-0.9684745574961074,0.2457303628456938,-0.969338222075104,9.285714285714286,24.775510204081616
2024-07-07,2.0,1.0,0.5,0.08333333333333333,2.0,318.5833333333333,0.0,318.5833333333333,318.5833333333333,2.0,1.0,,45.5,1.0,1.0,0.0,0.0,0.6931471805599453,0.7529415818434182,-0.6580873607137059,-0.5120428648705717,-0.8589598969306643,6.857142857142857,12.979591836734654
2024-07-08,16.0,6.0,0.625,0.6666666666666666,6.0,47.01111111111111,80.39824916710438,0.23333333333333334,285.95,8.0,4.0,0.2620461949034824,93.0,3.0,11.0,2.0,0.0,1.700164942414579,0.9117022972979467,-0.41085145868263184,-0.93636621903549,0.35102464849235426,7.428571428571429,20.81632653061221
2024-07-09,17.0,5.0,0.7058823529411765,0.7083333333333334,8.0,63.229166666666664,104.68119898118711,0.9833333333333333,360.21666666666664,11.0,4.0,0.24687000206678594,96.47058823529412,5.0,5.0,1.0,6.0,1.8705688894156371,0.4979202504307917,0.8672228226995284,-0.9752298471473664,0.22119390867047967,8.571428571428571,32.244897959183646
2024-07-10,10.0,1.0,0.9,0.4166666666666667,8.0,131.3777777777778,194.98936644004812,2.7,646.25,8.0,3.0,0.19490806531620197,63.0,2.0,6.0,1.0,1.0,1.9730014063936128,0.01592545617816577,0.999873181881341,-0.8948369950430138,0.44639304687952874,9.285714285714286,30.20408163265304
2024-07-11,14.0,3.0,0.7857142857142857,0.5833333333333334,10.0,98.7423076923077,139.34652719634997,0.9666666666666667,526.55,11.0,2.0,0.17054230839102907,127.85714285714286,4.0,2.0,1.0,7.0,2.2055983590263932,0.4969108540289202,0.8678015920406283,-0.1614602870488061,0.9868792102917748,10.0,32.85714285714284
2024-07-12,16.0,6.0,0.625,0.6666666666666666,8.0,83.44333333333333,124.88413352947367,0.5,443.9166666666667,12.0,3.0,0.19892144238201184,90.375,5.0,5.0,3.0,3.0,2.0140355237092673,0.4375866341990186,0.8991762550080903,-0.3606073476315153,0.932717717658544,11.0,36.85714285714284
2024-07-13,27.0,12.0,0.5555555555555556,1.125,10.0,51.48205128205128,98.57199881988697,0.15,382.31666666666666,15.0,5.0,0.31381990360037226,91.55555555555556,1.0,4.0,16.0,6.0,2.120710114065794,0.2126040494541164,0.9771384334656537,-0.22650964597786277,0.9740089220736037,14.571428571428571,49.10204081632652
2024-07-14,12.0,4.0,0.6666666666666666,0.5,6.0,43.089393939393936,46.141174053842995,1.3,140.21666666666667,9.0,2.0,0.034201061173121335,88.58333333333333,0.0,4.0,8.0,0.0,1.6762349391347309,-0.7317503483909586,-0.6815727603342951,-0.24988713185198969,0.9682749719654982,16.0,25.428571428571427
2024-07-15,18.0,2.0,0.8888888888888888,0.75,6.0,32.68039215686275,67.13229141160765,1.2333333333333334,258.93333333333334,9.0,3.0,0.3451655443279538,107.77777777777777,5.0,11.0,2.0,0.0,1.692019807908464,0.22502191193965693,-0.9743537033064642,-0.8101695477705658,0.5861956191112628,16.285714285714285,25.918367346938776
2024-07-16,25.0,5.0,0.8,1.0416666666666667,7.0,46.00277777777777,99.6920235147684,0.35,432.5833333333333,11.0,7.0,0.36850488322631314,100.72,8.0,13.0,3.0,1.0,1.6651420577436549,0.7639368274794408,0.6452910379206015,-0.5616622760655224,0.8273665980959691,17.428571428571427,35.38775510204082
2024-07-17,25.0,7.0,0.72,1.0416666666666667,9.0,54.50625,120.05195343449226,1.2166666666666666,526.2333333333333,12.0,6.0,0.3754948329259705,90.28,8.0,9.0,4.0,4.0,2.0261206329699606,0.2447433439543238,0.969587899878116,-0.32219685210154364,0.9466726934351999,19.571428571428573,31.102040816326543
2024-07-18,23.0,4.0,0.8260869565217391,0.9583333333333334,7.0,49.57954545454543,120.47898973669729,0.8,556.5833333333334,12.0,6.0,0.4169120015200675,65.43478260869566,7.0,12.0,3.0,1.0,1.7707714233748173,0.20442486605580518,0.9788822575458532,-0.96822043200758,0.2500983707325081,20.857142857142858,26.693877551020424
2024-07-19,19.0,6.0,0.6842105263157895,0.7916666666666666,8.0,44.576851851851856,62.50287428918891,0.36666666666666664,198.26666666666668,10.0,6.0,0.16740818344759,79.36842105263158,2.0,10.0,0.0,7.0,1.8351710321795358,0.28687289891593937,0.9579686528626943,-0.6055255100274775,-0.795825895975975,21.285714285714285,23.63265306122451
2024-07-20,15.0,6.0,0.6,0.625,4.0,39.93452380952381,106.54490324418587,0.75,422.0,8.0,3.0,0.4547422172141485,102.26666666666667,11.0,0.0,0.0,4.0,1.3397942802855756,0.5751242410138931,0.8180660776478837,0.08925646173358938,-0.9960086766885118,19.571428571428573,21.673469387755116
2024-07-21,25.0,4.0,0.84,1.0416666666666667,10.0,31.170138888888886,42.17004185524722,0.7833333333333333,161.96666666666667,15.0,5.0,0.14998467217764294,68.8,3.0,14.0,8.0,0.0,2.0194227539771195,0.29501327388389026,-0.9554931544664822,-0.1760110443097251,0.9843881918638602,21.428571428571427,14.244897959183692
2024-07-22,20.0,6.0,0.7,0.8333333333333334,11.0,70.92192982456139,95.29016751444372,0.6333333333333333,331.46666666666664,15.0,4.0,0.1466092906593979,95.05,5.0,6.0,4.0,5.0,2.3195749966735852,0.3540870147133282,0.9352124817448724,-0.04158501891133948,0.9991349689617232,21.714285714285715,12.775510204081653
2024-07-23,11.0,4.0,0.6363636363636364,0.4583333333333333,8.0,127.90833333333335,188.78835463879182,0.1,643.45,8.0,2.0,0.192234474238698,114.36363636363636,1.0,3.0,6.0,1.0,2.019814992492946,0.2792704323417608,0.9602124898269372,-0.406935938095886,0.9134566997324073,19.714285714285715,23.632653061224513
2024-07-24,3.0,2.0,0.3333333333333333,0.125,3.0,502.775,139.00833333333333,363.76666666666665,641.7833333333333,3.0,1.0,-0.5668060352663152,143.33333333333334,1.0,1.0,0.0,1.0,1.0986122886681096,0.1236014767404927,0.9923319378854887,-0.9798811859647142,-0.19958171607736316,16.571428571428573,49.673469387755134
2024-07-25,10.0,5.0,0.5,0.4166666666666667,4.0,104.10555555555555,177.21333154292657,0.95,458.1333333333333,7.0,3.0,0.2598751073609144,107.9,3.0,1.0,0.0,6.0,1.0888999753452235,0.5705344071370075,0.8212736999763375,-0.9998552150265739,-0.017016138932307308,14.714285714285714,46.48979591836739
2024-07-26,13.0,7.0,0.46153846153846156,0.5416666666666666,5.0,59.07499999999999,130.69407105271966,0.85,487.0,7.0,5.0,0.3774011784714023,79.84615384615384,9.0,0.0,4.0,0.0,1.2636256721237273,0.8414321982753926,-0.5403627075450713,-0.8666065938340652,0.49899199545014694,13.857142857142858,43.55102040816331
2024-07-27,18.0,8.0,0.5555555555555556,0.75,11.0,75.82058823529412,95.95069617117122,0.2,376.1333333333333,12.0,3.0,0.11719134548847451,79.44444444444444,2.0,4.0,6.0,6.0,2.293118601486813,0.566645941548674,0.8239613928615932,-0.05662018232238279,0.9983957907332043,14.285714285714286,45.63265306122453
2024-07-28,12.0,5.0,0.5833333333333334,0.5,8.0,116.49696969696969,130.38496377533744,8.116666666666667,437.26666666666665,12.0,1.0,0.05625358600784604,75.66666666666667,2.0,4.0,3.0,3.0,2.0228085294147036,0.5764323161697932,0.8171448983351285,-0.07729907688887167,0.9970079501749864,12.428571428571429,26.530612244898013
2024-07-29,56.0,13.0,0.7678571428571429,2.3333333333333335,12.0,22.316666666666674,67.69589606050239,0.25,476.4166666666667,18.0,8.0,0.504143288658291,77.80357142857143,21.0,19.0,6.0,10.0,2.280111441840896,0.07476117299579266,0.9972014676143899,-0.7530851363137253,0.6579230786827118,17.571428571428573,263.10204081632656
2024-07-30,22.0,7.0,0.6818181818181818,0.9166666666666666,11.0,60.63492063492064,99.33343492388033,0.25,416.76666666666665,15.0,3.0,0.24191355942728898,70.0,3.0,14.0,4.0,1.0,2.1092543107894186,0.49438442275532396,0.8692433735938889,-0.20855184234829377,0.9780113133564112,19.142857142857142,257.265306122449
2024-07-31,18.0,6.0,0.6666666666666666,0.75,10.0,69.98627450980392,99.095253118885,0.6666666666666666,415.98333333333335,12.0,5.0,0.17215942520347804,68.94444444444444,7.0,2.0,7.0,2.0,2.1352402575267164,0.7594605777552861,0.6505533266655448,-0.22735954275320439,0.9738108842681179,21.285714285714285,215.63265306122443
2024-08-01,18.0,3.0,0.8333333333333334,0.75,8.0,45.29705882352941,58.072888119041714,1.0333333333333334,187.71666666666667,13.0,3.0,0.12359326548373026,58.27777777777778,7.0,9.0,2.0,0.0,1.8498981518685602,0.9097500515782648,-0.41515640866225895,-0.7981976466717264,0.602395648098256,22.428571428571427,197.6734693877551
2024-08-02,12.0,6.0,0.5,0.5,6.0,117.2530303030303,171.46080607859128,2.25,532.9166666666666,7.0,3.0,0.18775607173848502,93.58333333333333,2.0,3.0,2.0,5.0,1.6326309271543518,0.08751796359215326,0.9961629415154343,-0.5377901826446677,0.8430787148606084,22.285714285714285,200.48979591836732
2024-08-03,9.0,2.0,0.7777777777777778,0.375,6.0,169.85416666666669,224.5312180951806,23.033333333333335,663.2,9.0,1.0,0.1386386350537079,97.11111111111111,0.0,4.0,2.0,3.0,1.7351264569629226,0.23556618869679022,0.9718583079558811,-0.11609291412523004,0.993238357741943,21.0,221.42857142857142
2024-08-04,4.0,3.0,0.25,0.16666666666666666,3.0,265.64444444444445,214.0373307407315,0.38333333333333336,524.55,3.0,2.0,-0.10758614642757809,92.5,0.0,1.0,1.0,2.0,1.0397207708399179,0.9595395245312703,0.2815739704985241,-0.9987376872743666,0.05022979213424413,19.857142857142858,249.83673469387756
2024-08-05,3.0,2.0,0.3333333333333333,0.125,3.0,354.79166666666663,30.89166666666668,323.9,385.68333333333334,3.0,1.0,-0.8398081327513937,71.66666666666667,1.0,1.0,1.0,0.0,1.0986122886681096,0.3700845749605112,-0.9289980664007313,-0.4119119941189965,0.911223632870061,12.285714285714286,46.48979591836745
2024-08-06,24.0,4.0,0.8333333333333334,1.0,5.0,28.7536231884058,75.6787428843375,0.7666666666666667,369.0833333333333,10.0,4.0,0.4493350238109667,84.83333333333333,23.0,0.0,0.0,1.0,1.3986976390909553,0.24939419489469972,0.9684020526376556,0.003926980723806322,-0.9999922893814706,12.571428571428571,52.53061224489806
2024-08-07,6.0,1.0,0.8333333333333334,0.25,3.0,94.12,122.46578724053688,3.8666666666666667,321.3,4.0,3.0,0.1308755648359164,50.5,1.0,1.0,0.0,4.0,0.8675632284814612,0.932979712065165,0.35992896087256165,-0.1141424726361226,-0.9934643908769514,10.857142857142858,51.55102040816339
2024-08-08,26.0,9.0,0.6538461538461539,1.0833333333333333,8.0,52.02733333333334,112.88431894643296,0.45,431.5,10.0,7.0,0.36902780835557986,76.03846153846153,0.0,1.0,7.0,18.0,1.8620840407779107,0.22126482880134396,0.9752137588936654,-0.37534816731895226,0.926883894180012,12.0,75.71428571428582
2024-08-09,18.0,0.0,1.0,0.75,5.0,46.59803921568627,112.80361439684424,0.2833333333333333,480.6166666666667,7.0,5.0,0.4153380700936064,58.833333333333336,3.0,10.0,0.0,5.0,1.5670564424376177,0.5118554567070408,0.8590715869118398,-0.7527501201371807,-0.6583063546962463,12.857142857142858,80.12244897959194
2024-08-10,39.0,7.0,0.8205128205128205,1.625,9.0,32.65350877192982,64.65238178245764,0.5333333333333333,307.35,16.0,8.0,0.3288482621989117,60.0,18.0,13.0,3.0,5.0,1.9648261237944644,0.28478225447681316,0.9585922321483226,-0.5482324116246924,0.8363260266452156,17.142857142857142,157.265306122449
2024-08-11,15.0,1.0,0.9333333333333333,0.625,6.0,53.275,108.80374146483213,0.26666666666666666,428.21666666666664,8.0,4.0,0.34260348373250893,72.33333333333333,1.0,4.0,10.0,0.0,1.5821699429252507,0.4183955516874622,-0.908264918582758,-0.3135091061210582,0.9495851938500174,18.714285714285715,130.77551020408166
2024-08-12,20.0,3.0,0.85,0.8333333333333334,10.0,70.85964912280701,101.41761042905735,0.31666666666666665,426.71666666666664,12.0,4.0,0.17737663917883956,81.35,1.0,8.0,9.0,2.0,2.082007361865277,0.1933782325059078,0.9811242832551292,-0.2124619281816411,0.9771693451359079,21.142857142857142,89.83673469387752
2024-08-13,35.0,4.0,0.8857142857142857,1.4583333333333333,12.0,41.74803921568627,89.35232821950879,0.26666666666666666,450.21666666666664,18.0,6.0,0.36311331489863335,77.94285714285714,6.0,9.0,5.0,15.0,2.1889823064413725,0.03606231684539821,0.9993495431047847,-0.053643114035700754,0.9985601716053735,22.714285714285715,113.63265306122443
2024-08-14,33.0,7.0,0.7878787878787878,1.375,10.0,33.975,70.44155883997426,1.0166666666666666,385.9166666666667,20.0,5.0,0.34924114762163183,60.72727272727273,11.0,11.0,1.0,10.0,2.102556487037023,0.3453664472239792,0.9384679094843288,-0.9271566099548789,0.3746740191379388,26.571428571428573,73.95918367346925
2024-08-15,4.0,1.0,0.75,0.16666666666666666,4.0,340.7944444444444,237.51335881858085,47.333333333333336,629.05,4.0,1.0,-0.1785918935264468,79.75,0.0,2.0,1.0,1.0,1.3862943611198906,0.9974718846258904,0.07106222189654836,-0.31695981522525973,0.9484389677424526,23.428571428571427,136.81632653061217
2024-08-16,15.0,3.0,0.8,0.625,7.0,90.4654761904762,128.6030382494732,1.2833333333333334,402.1166666666667,11.0,4.0,0.17408965481185656,76.86666666666666,9.0,0.0,5.0,1.0,1.8018924006588726,0.6249588425055621,0.7806577003873771,-0.08179355273181912,0.9966492937495652,23.0,142.5714285714285
2024-08-17,16.0,6.0,0.625,0.6666666666666666,5.0,88.45,186.77093685006736,0.06666666666666667,678.85,8.0,6.0,0.3572436674889667,109.9375,0.0,13.0,1.0,2.0,1.2767197047781784,0.1055409403426663,0.9944149586121408,-0.37871592355594835,0.9255129654657276,19.714285714285715,102.20408163265304
2024-08-18,9.0,2.0,0.7777777777777778,0.375,6.0,160.71666666666667,215.0141859015095,0.5333333333333333,617.3,8.0,2.0,0.1445117398896344,65.77777777777777,2.0,0.0,6.0,1.0,1.7351264569629226,0.45152652813352445,0.8922576950588241,-0.20321454259293642,0.9791342347598432,18.857142857142858,114.69387755102039
2024-08-19,20.0,4.0,0.8,0.8333333333333334,7.0,72.89824561403509,156.09371574902474,0.7833333333333333,608.9,10.0,7.0,0.3633117496342404,64.15,8.0,0.0,8.0,4.0,1.6787526304900948,0.22452588379951835,0.9744681254428208,-0.013235027076166885,0.9999124131934222,18.857142857142858,114.69387755102039
2024-08-20,9.0,2.0,0.7777777777777778,0.375,4.0,122.80625,211.05071894661234,0.1,632.5333333333333,6.0,3.0,0.26431818759105685,83.55555555555556,0.0,6.0,0.0,3.0,1.310783678099714,0.40852960018622864,0.9127450716227835,-0.9999884816759264,-0.004799637014974973,15.142857142857142,77.5510204081633
2024-08-21,21.0,6.0,0.7142857142857143,0.875,9.0,65.74666666666667,112.56503436285671,0.8666666666666667,438.43333333333334,13.0,3.0,0.2625647527664954,88.9047619047619,7.0,1.0,10.0,3.0,1.9513496062520657,0.4521104126778348,0.8919619805508965,-0.07650150313598687,0.9970694659941877,13.428571428571429,33.95918367346945
2024-08-22,3.0,0.0,1.0,0.125,2.0,28.866666666666667,16.483333333333334,12.383333333333333,45.35,3.0,1.0,-0.27306137449467105,32.666666666666664,3.0,0.0,0.0,0.0,0.6365141682948128,0.5165333288666419,-0.8562670846003281,0.2868032327110902,-0.9579895123154889,13.285714285714286,36.77551020408169
2024-08-23,18.0,4.0,0.7777777777777778,0.75,7.0,57.76666666666666,89.8199591703285,0.5666666666666667,323.03333333333336,12.0,4.0,0.21718290747471733,70.83333333333333,3.0,5.0,10.0,0.0,1.7249347863977138,0.9959304064896339,-0.09012560917626256,-0.3308575465667857,0.9436807107702304,13.714285714285714,39.34693877551025
2024-08-24,21.0,4.0,0.8095238095238095,0.875,6.0,70.52583333333334,160.10374592007173,0.7166666666666667,624.7333333333333,11.0,5.0,0.3884060009853044,83.95238095238095,6.0,0.0,10.0,5.0,1.6623769591928221,0.072005186631508,0.9974042576098027,-0.05654757678195303,0.9983999056290466,14.428571428571429,45.673469387755134
2024-08-25,39.0,13.0,0.6666666666666666,1.625,6.0,22.390789473684215,78.04115748537713,0.31666666666666665,445.68333333333334,8.0,18.0,0.5541102178809442,80.71794871794872,30.0,1.0,0.0,8.0,1.3520427620031334,0.23075739194239575,0.9730113185692876,-0.7199961995530358,-0.6939780058684749,18.714285714285715,109.34693877551017
2024-08-26,23.0,5.0,0.782608695652174,0.9583333333333334,7.0,49.531818181818174,169.4798536125536,0.3,817.4166666666666,8.0,6.0,0.5476787353294742,114.56521739130434,0.0,1.0,8.0,14.0,1.5919072515804769,0.7743466304046299,0.6327616423116966,-0.5994311366832955,0.8004263316349434,19.142857142857142,111.55102040816323
2024-08-27,4.0,2.0,0.5,0.16666666666666666,2.0,262.39444444444445,333.58551830781164,0.7833333333333333,733.1833333333333,3.0,2.0,0.1194521264349297,100.0,0.0,1.0,0.0,3.0,0.5623351446188083,0.27388927816639425,0.9617612298827041,-0.5401179219820013,-0.8415893478139115,18.428571428571427,129.1020408163265
2024-08-28,4.0,3.0,0.25,0.16666666666666666,4.0,432.9444444444445,414.6943114073067,64.58333333333333,1012.3333333333334,4.0,1.0,-0.021530555217238883,107.0,0.0,0.0,3.0,1.0,1.3862943611198906,0.4968477444023736,0.8678377261229623,-0.09584575252022448,0.9953961983671787,16.0,152.00000000000003
2024-08-29,44.0,10.0,0.7727272727272727,1.8333333333333333,9.0,29.463565891472857,91.60102817369581,0.06666666666666667,579.0333333333333,14.0,7.0,0.51325875052102,92.97727272727273,7.0,15.0,13.0,9.0,2.0559437627377393,0.04463650429929518,0.9990032945310736,-0.6522086631022552,0.7580394843109223,21.857142857142858,205.55102040816317
2024-08-30,38.0,9.0,0.7631578947368421,1.5833333333333333,10.0,28.931981981981977,63.8352513505717,0.4,306.55,13.0,10.0,0.3762456647108128,87.42105263157895,17.0,10.0,6.0,5.0,2.1922777332237033,0.4652283273113188,0.8851907158726375,-0.9037403986831859,0.42808094069691555,24.714285714285715,232.4897959183672
2024-08-31,34.0,7.0,0.7941176470588235,1.4166666666666667,8.0,38.57828282828282,97.28821126906115,0.35,415.75,10.0,14.0,0.4321148406075346,120.17647058823529,1.0,6.0,13.0,14.0,1.9125251186340109,0.6485628363837987,0.7611611178073943,-0.022614630178666568,0.9997442565485846,26.571428571428573,239.3877551020406
2024-09-01,25.0,5.0,0.8,1.0416666666666667,4.0,53.513194444444444,190.88792638439068,0.7,948.4833333333333,7.0,16.0,0.5620871601327713,70.8,0.0,0.0,7.0,18.0,1.0353266957705896,0.6065089066111964,0.7950766920249209,-0.02763086275063308,0.9996181948242318,24.571428571428573,213.67346938775495
2024-09-02,52.0,8.0,0.8461538461538461,2.1666666666666665,8.0,28.047058823529415,98.16353888876702,0.18333333333333332,523.2166666666667,10.0,29.0,0.5555514460447429,90.3076923076923,20.0,16.0,6.0,10.0,1.6940843732629938,0.035480912778451695,0.9993703541872793,-0.006399496909477121,0.9999795230099993,28.714285714285715,303.63265306122423
2024-09-03,45.0,9.0,0.8,1.875,8.0,32.55681818181818,82.20101250007599,0.4,442.5,12.0,16.0,0.4325996232524669,81.97777777777777,5.0,6.0,8.0,26.0,1.8351950893760118,0.0028361562322398656,0.9999959781008253,-0.02988431351025019,0.9995533641612243,34.57142857142857,219.959183673469
2024-09-04,49.0,7.0,0.8571428571428571,2.0416666666666665,10.0,28.33263888888889,69.92946694162605,0.0,293.9,14.0,8.0,0.4233252249293787,86.87755102040816,12.0,18.0,10.0,9.0,2.022987931140054,0.24269799897365243,0.9701018922227629,-0.1038775278673883,0.9945900960718239,41.0,74.85714285714234
2024-09-05,54.0,14.0,0.7407407407407407,2.25,13.0,24.89654088050314,49.79543587044052,0.2,213.81666666666666,15.0,16.0,0.3333543450451364,80.33333333333333,16.0,8.0,7.0,23.0,2.114417557147446,0.34010601708724236,0.9403870996249643,-0.17772885686395842,0.9840794954869401,42.42857142857143,95.67346938775457
2024-09-06,31.0,7.0,0.7741935483870968,1.2916666666666667,8.0,41.12722222222222,119.85074618375334,0.3,660.6333333333333,12.0,6.0,0.4890329076771283,76.51612903225806,0.0,10.0,3.0,18.0,1.91634585791414,0.3635222330929544,0.9315855226693424,-0.5034598442964952,0.8640186254826622,41.42857142857143,110.53061224489743
2024-09-07,23.0,9.0,0.6086956521739131,0.9583333333333334,8.0,51.42272727272727,117.19054075332585,0.4666666666666667,445.8333333333333,13.0,3.0,0.39005123529446406,87.17391304347827,2.0,1.0,5.0,15.0,1.922044768426038,0.12179716308994103,0.9925550116055242,-0.9407575381753434,0.33908001174688457,39.857142857142854,148.69387755101994
2024-09-08,25.0,8.0,0.68,1.0416666666666667,11.0,58.52708333333333,101.66306617172974,0.48333333333333334,462.06666666666666,15.0,5.0,0.2692798712759365,82.96,10.0,4.0,8.0,3.0,2.12343225891592,0.055966721724903974,0.9984326347127117,-0.0980895119459237,0.9951775960330952,39.857142857142854,148.69387755101994
2024-09-09,45.0,15.0,0.6666666666666666,1.875,9.0,18.353030303030298,41.8509881061813,0.13333333333333333,222.96666666666667,14.0,12.0,0.39030547169515284,87.15555555555555,3.0,11.0,31.0,0.0,1.8338791845778353,0.3764263913745721,-0.9264465294212707,-0.003999702204792339,0.9999920011591458,38.857142857142854,130.40816326530566
2024-09-10,55.0,29.0,0.4727272727272727,2.2916666666666665,14.0,24.148456790123458,42.24592892803979,0.21666666666666667,188.96666666666667,21.0,10.0,0.27257533814286766,97.6,20.0,19.0,7.0,9.0,2.3743188663210195,0.48862124149695496,0.8724960070727972,-0.0827357350048429,0.9965715218453758,40.285714285714285,160.2040816326526
2024-09-11,28.0,11.0,0.6071428571428571,1.1666666666666667,10.0,51.5679012345679,101.97031783141824,0.36666666666666664,461.28333333333336,12.0,10.0,0.3282727708023557,120.60714285714286,11.0,4.0,4.0,9.0,1.927862181968477,0.20150532232561713,0.9794874195590514,-0.005090521665931502,0.9999870432106451,37.285714285714285,161.91836734693837
2024-09-12,43.0,8.0,0.813953488372093,1.7916666666666667,11.0,27.763492063492063,60.218355016781935,0.3,271.51666666666665,11.0,14.0,0.3688813548512831,85.3953488372093,21.0,3.0,2.0,17.0,2.0390554366724416,0.002690712683383306,0.9999963800260756,-0.9293206723407156,0.36927373039548916,35.714285714285715,124.20408163265267
2024-09-13,24.0,7.0,0.7083333333333334,1.0,8.0,52.04565217391306,126.67940984882719,0.2,622.8166666666667,13.0,4.0,0.4175897707363394,79.66666666666667,0.0,13.0,9.0,2.0,1.965792308756922,0.5059710390190938,0.862550466740317,-0.5051553693127601,0.8630284194941028,34.714285714285715,139.6326530612241
2024-09-14,38.0,10.0,0.7368421052631579,1.5833333333333333,8.0,24.683783783783785,73.17958232024738,0.3,427.15,11.0,10.0,0.49554598893432067,73.13157894736842,14.0,16.0,7.0,1.0,1.8375387796272213,0.9999339897082917,0.011489831419912623,-0.6734426995189002,0.7392394270225962,36.857142857142854,116.97959183673427
2024-09-15,15.0,0.0,1.0,0.625,6.0,90.48333333333332,166.02994661988893,0.6,586.1333333333333,9.0,3.0,0.29451345871969004,51.8,1.0,0.0,4.0,10.0,1.5519014979437442,0.14500381315040398,0.9894310962223912,-0.5731593691279275,0.8194439197290295,35.42857142857143,163.10204081632614
2024-09-16,23.0,6.0,0.7391304347826086,0.9583333333333334,9.0,54.8469696969697,131.81073127672934,0.3,574.6,12.0,4.0,0.4123256698131314,86.34782608695652,4.0,0.0,5.0,14.0,1.929538294459506,0.7012722567232362,0.7128935558344593,-0.23874532053351785,0.9710822168711297,32.285714285714285,162.20408163265273
2024-09-17,43.0,8.0,0.813953488372093,1.7916666666666667,14.0,32.84920634920635,65.05926042536132,0.5833333333333334,330.8333333333333,18.0,14.0,0.32898129382740704,98.86046511627907,8.0,27.0,6.0,2.0,2.2060089681717954,0.2470694808821235,0.9689977665694788,-0.013598604606608423,0.9999075347014609,30.571428571428573,101.95918367346907
2024-09-18,52.0,8.0,0.8461538461538461,2.1666666666666665,13.0,26.576797385620917,61.07174225760574,0.18333333333333332,357.1,21.0,13.0,0.39355983582152637,72.48076923076923,4.0,9.0,4.0,35.0,2.275968290563881,0.015052896268638837,0.9998866987383749,-0.3466628160668426,0.9379898144205013,34.0,154.8571428571425
2024-09-19,37.0,5.0,0.8648648648648649,1.5416666666666667,10.0,31.56527777777778,75.87250213259816,0.5,347.43333333333334,11.0,9.0,0.4123989195586622,67.35135135135135,9.0,9.0,13.0,6.0,2.1192856196261065,0.3606751758244392,0.9326914910858841,-0.8168513570850641,0.5768482126420166,33.142857142857146,143.8367346938772
2024-09-20,18.0,5.0,0.7222222222222222,0.75,4.0,61.56372549019608,211.03364623749138,0.7333333333333333,904.5,5.0,9.0,0.5483175417282051,107.83333333333333,11.0,0.0,3.0,4.0,1.2919060073446698,0.984933773111802,0.17293195940528014,-0.3141995810006359,0.9493569525205073,32.285714285714285,163.91836734693842
2024-09-21,55.0,13.0,0.7636363636363637,2.2916666666666665,14.0,25.691666666666666,49.42988911334115,0.3333333333333333,258.98333333333335,21.0,12.0,0.31599748168410485,74.65454545454546,10.0,15.0,11.0,19.0,2.3947680126490645,0.18673836899531432,0.9824096811132156,-0.04187565372919993,0.9991228300988584,34.714285714285715,227.06122448979553
2024-09-22,51.0,13.0,0.7450980392156863,2.125,11.0,27.191999999999997,86.04514423900461,0.06666666666666667,583.7833333333333,17.0,12.0,0.5197335612313386,90.17647058823529,0.0,21.0,21.0,9.0,2.2646260306761006,0.03366394856588708,0.9994332086572636,-0.31185129064484113,0.9501309238853068,39.857142857142854,182.97959183673424
2024-09-23,28.0,4.0,0.8571428571428571,1.1666666666666667,13.0,38.71543209876544,74.03739322250387,1.3333333333333333,386.35,15.0,10.0,0.3132689670799354,81.92857142857143,5.0,7.0,10.0,6.0,2.2233178617766733,0.4048756239475895,0.9143717674628029,-0.9649592707016952,0.2623997063391125,40.57142857142857,161.95918367346894
2024-09-24,26.0,10.0,0.6153846153846154,1.0833333333333333,12.0,43.654666666666664,65.14581584926745,0.43333333333333335,265.46666666666664,16.0,5.0,0.19752806867794315,88.76923076923077,9.0,10.0,3.0,4.0,2.355024322457519,0.42623984253851266,0.9046101904316267,-0.882366522365927,0.4705627696788813,38.142857142857146,185.55102040816286
2024-09-25,23.0,8.0,0.6521739130434783,0.9583333333333334,8.0,62.36818181818182,145.9441032915791,0.48333333333333334,638.85,12.0,5.0,0.40120495740018713,68.1304347826087,0.0,7.0,4.0,12.0,1.8465147072906172,0.18809560442138806,0.9821507234622152,-0.1068425356870851,0.9942759539322843,34.0,173.71428571428532
2024-09-26,25.0,3.0,0.88,1.0416666666666667,6.0,48.76458333333334,161.8752262484119,0.38333333333333336,813.45,10.0,9.0,0.536986067067168,82.52,0.0,1.0,8.0,16.0,1.464574965418482,0.5556911594959543,0.8313887990934458,-0.5541787344724936,0.8323976995754286,32.285714285714285,181.0612244897955
2024-09-27,29.0,5.0,0.8275862068965517,1.2083333333333333,10.0,44.50595238095239,93.35690988512485,0.5,454.6166666666667,13.0,7.0,0.3543445762056604,81.34482758620689,5.0,7.0,10.0,7.0,2.067512441681069,0.23747397270533202,0.9713939017142054,-0.5695784258005459,0.8219369908104709,33.857142857142854,150.97959183673427
2024-09-28,35.0,8.0,0.7714285714285715,1.4583333333333333,8.0,18.64607843137255,51.138043833382596,0.2,272.95,10.0,7.0,0.4656068507781502,83.8,9.0,3.0,0.0,23.0,1.9101474283649003,0.43791355497723766,0.8990170845802642,-0.07780659810059205,-0.9969684715636764,31.0,79.1428571428567
2024-09-29,25.0,4.0,0.84,1.0416666666666667,11.0,53.68402777777777,93.91906305223844,0.38333333333333336,396.71666666666664,13.0,5.0,0.2725893817548607,81.8,3.0,6.0,11.0,5.0,2.258750794931097,0.6049466090392822,0.7962660360783158,-0.011707982900032414,0.9999314592192869,27.285714285714285,13.346938775509745
2024-09-30,31.0,10.0,0.6774193548387096,1.2916666666666667,8.0,43.42111111111111,112.00294737634208,0.2,562.4833333333333,8.0,14.0,0.44125624393450863,71.93548387096774,1.0,1.0,3.0,26.0,1.5431690360925234,0.010835373739834819,0.9999412956148567,-0.5551468978180194,0.8317523200106084,27.714285714285715,15.061224489795462
2024-10-01,78.0,9.0,0.8846153846153846,3.25,15.0,17.692207792207796,50.98537758181541,0.23333333333333334,376.15,22.0,12.0,0.4847749030238986,86.17948717948718,9.0,20.0,17.0,32.0,2.469451025067194,0.1960887667902017,0.9805861489633115,-0.1411892121806054,0.9899826293242826,35.142857142857146,320.69387755101997
2024-10-02,31.0,9.0,0.7096774193548387,1.2916666666666667,10.0,38.32166666666667,98.66876510062079,0.2,513.2666666666667,13.0,6.0,0.4405205360361865,93.70967741935483,0.0,8.0,13.0,10.0,2.1558850809021033,0.3184768023456523,0.9479306548306623,-0.8091879399437856,0.5875498939235139,36.285714285714285,300.7755102040812
2024-10-03,52.0,10.0,0.8076923076923077,2.1666666666666665,11.0,27.58333333333334,68.30352881023266,0.3,326.3,16.0,17.0,0.42466918372958395,100.48076923076923,1.0,10.0,32.0,9.0,1.9270854959812722,0.10539630743387983,0.9944302984017045,-0.039477812781324735,0.9992204472977936,40.142857142857146,302.9795918367343
2024-10-04,46.0,14.0,0.6956521739130435,1.9166666666666667,11.0,20.901851851851852,48.84995700141179,0.016666666666666666,264.93333333333334,13.0,8.0,0.4006792885952844,96.69565217391305,17.0,15.0,0.0,14.0,2.193034991875495,0.041076399527872676,0.9991560085401211,-0.8433914458128855,-0.5372996083468242,42.57142857142857,284.2448979591833
2024-10-05,51.0,7.0,0.8627450980392157,2.125,12.0,14.380666666666666,22.373582974372052,0.23333333333333334,88.61666666666666,16.0,9.0,0.217469173925965,93.33333333333333,1.0,32.0,18.0,0.0,2.242274420999176,0.014543897651583058,-0.9998942319271075,-0.018761188683828502,0.9998239934104252,44.857142857142854,280.97959183673436
2024-10-06,43.0,10.0,0.7674418604651163,1.7916666666666667,15.0,33.613095238095234,67.35523350587644,0.2,363.2,20.0,7.0,0.3341853696850042,84.48837209302326,9.0,10.0,17.0,7.0,2.497054659157922,0.04630738118541297,0.9989272378145211,-0.07686404275937159,0.9970415833508076,47.42857142857143,218.53061224489764
2024-10-07,24.0,6.0,0.75,1.0,10.0,60.155072463768114,112.36542110784592,0.15,505.0,14.0,4.0,0.30263273402011837,81.375,0.0,9.0,7.0,8.0,2.1855673437540353,0.03766111450152919,0.999290568580782,-0.20705801694903778,0.9783286654377107,46.42857142857143,257.3877551020405
2024-10-08,14.0,3.0,0.7857142857142857,0.5833333333333334,5.0,65.28333333333333,131.7031594997714,0.4,474.21666666666664,7.0,5.0,0.33717959648488055,90.35714285714286,5.0,1.0,0.0,8.0,1.4327570529970874,0.059524154309369595,0.9982268655239421,-0.5818864241083356,-0.8132700593520054,37.285714285714285,181.63265306122406
2024-10-09,7.0,3.0,0.5714285714285714,0.2916666666666667,5.0,197.9416666666667,303.29567695903125,0.5833333333333334,846.9,4.0,4.0,0.21018787133912817,111.42857142857143,0.0,0.0,2.0,5.0,1.5498260458782016,0.6394949120455197,0.7687953287240323,-0.3960797660391569,0.918216106880274,33.857142857142854,295.2653061224484
2024-10-10,29.0,4.0,0.8620689655172413,1.2083333333333333,9.0,46.65595238095238,109.65839491657843,0.7166666666666667,465.6666666666667,14.0,6.0,0.40304964723235776,72.51724137931035,5.0,5.0,14.0,5.0,1.9425284427779266,0.4783725826844353,0.8781569746553421,-0.08418510150827875,0.9964501335661714,30.571428571428573,240.81632653061163
2024-10-11,28.0,9.0,0.6785714285714286,1.1666666666666667,6.0,44.45864197530864,127.16794429809543,0.6,638.2833333333333,11.0,8.0,0.4819142774944522,103.42857142857143,0.0,7.0,7.0,14.0,1.7004333880566884,0.34611705707749296,0.9381913359224842,-0.6381521377445245,0.7699102863919234,28.0,201.14285714285649
2024-10-12,1.0,0.0,1.0,0.041666666666666664,1.0,,,,,1.0,1.0,,138.0,0.0,0.0,0.0,1.0,-0.0,0.1828075291372614,0.9831487208407126,0.1828075291372614,0.9831487208407126,20.857142857142858,178.6938775510196
2024-10-13,33.0,6.0,0.8181818181818182,1.375,10.0,36.475,71.57500266814138,0.2833333333333333,312.3,16.0,9.0,0.32484962333546186,77.12121212121212,9.0,4.0,1.0,19.0,2.076946149096956,0.44320157480327244,0.8964219788090313,-0.6677242926815815,0.7444086706661077,19.428571428571427,127.67346938775427
2024-10-14,29.0,6.0,0.7931034482758621,1.2083333333333333,11.0,43.44166666666667,80.87594906339437,0.16666666666666666,382.6166666666667,15.0,5.0,0.30111808513132365,99.0,4.0,13.0,6.0,6.0,2.232352329022562,0.3286606079507881,0.9444480953347401,-0.5979166413134962,0.8015582886106213,20.142857142857142,137.26530612244815
2024-10-15,23.0,4.0,0.8260869565217391,0.9583333333333334,6.0,26.694696969696974,52.98800950376226,0.4,197.96666666666667,11.0,4.0,0.3299751438892588,105.78260869565217,16.0,7.0,0.0,0.0,1.5641908713675923,0.9834003709073291,-0.18144891980755218,-0.9223696183664268,-0.38630853875441595,21.428571428571427,131.38775510204002
2024-10-16,29.0,10.0,0.6551724137931034,1.2083333333333333,6.0,42.93452380952381,135.0055037773278,0.23333333333333334,575.9333333333333,9.0,9.0,0.5174270298618707,90.58620689655173,2.0,4.0,3.0,20.0,1.6030321946493835,0.08280820751220434,0.9965655024977614,-0.8162216274321922,0.5777389158711257,24.571428571428573,99.95918367346867
2024-10-17,81.0,18.0,0.7777777777777778,3.375,14.0,17.589374999999997,54.799435522979174,0.36666666666666664,434.5833333333333,17.0,26.0,0.5140305560231188,85.20987654320987,0.0,17.0,37.0,27.0,2.2394015865838184,0.060613015272006424,0.998161340856094,-0.0825907886778603,0.9965835447294767,32.0,496.8571428571423
2024-10-18,25.0,9.0,0.64,1.0416666666666667,8.0,58.986805555555556,152.26622716381638,0.25,745.75,9.0,7.0,0.44155305326278094,89.8,0.0,4.0,14.0,7.0,1.8112075791415685,0.09164645165086104,0.9957916086711147,-0.014325754225708991,0.9998973811176147,31.571428571428573,501.38775510204033
2024-10-19,53.0,10.0,0.8113207547169812,2.2083333333333335,12.0,22.683333333333337,61.803066232400596,0.21666666666666667,417.0,15.0,15.0,0.4630299444661561,89.11320754716981,7.0,12.0,23.0,11.0,2.1891297393737186,0.048123404622304015,0.9988413977842319,-0.8858664265423343,0.46394037798526994,39.0,378.28571428571394
2024-10-20,80.0,23.0,0.7125,3.3333333333333335,12.0,17.589662447257385,67.3241781752638,0.21666666666666667,565.9333333333333,15.0,12.0,0.5857056442553092,103.2875,0.0,11.0,44.0,25.0,2.229729800394379,0.006544937967351858,0.9999785816641292,-0.21182232688050037,0.9773081918386495,45.714285714285715,568.2040816326529
2024-10-21,44.0,9.0,0.7954545454545454,1.8333333333333333,12.0,29.340310077519376,62.579487359251715,0.23333333333333334,295.45,19.0,5.0,0.36161064546075167,79.31818181818181,16.0,16.0,4.0,8.0,2.315058183229764,0.4473688968413069,0.8943495234744592,-0.30929363242352764,0.9509665866592053,47.857142857142854,524.1224489795917
2024-10-22,40.0,17.0,0.575,1.6666666666666667,10.0,34.87905982905982,83.83915832662355,0.06666666666666667,482.8,14.0,5.0,0.412405941212485,97.45,0.0,8.0,15.0,17.0,2.170890224344006,0.33942205841788764,0.9406341830166306,-0.0015271625018798375,0.9999988338866665,50.285714285714285,438.7755102040815
2024-10-23,47.0,15.0,0.6808510638297872,1.9583333333333333,12.0,30.128985507246384,74.62465978646847,0.16666666666666666,460.46666666666664,16.0,16.0,0.4247649249289828,83.1063829787234,3.0,10.0,21.0,13.0,2.0973429096944005,0.019779108321047595,0.9998043743023053,-0.21445121563655445,0.976734700986918,52.857142857142854,368.97959183673464
2024-10-24,33.0,11.0,0.6666666666666666,1.375,9.0,42.56979166666667,90.9463517491734,0.3,380.28333333333336,13.0,6.0,0.3623274223240292,81.0909090909091,7.0,15.0,9.0,2.0,2.0361559391328634,0.31095291030122374,0.9504253193045727,-0.023123551404394784,0.9997326149378384,46.0,265.1428571428568
2024-10-25,41.0,19.0,0.5365853658536586,1.7083333333333333,11.0,27.532916666666665,68.1661816901554,0.08333333333333333,361.15,12.0,23.0,0.42459402148162584,93.7560975609756,2.0,3.0,5.0,31.0,1.7962815684522848,0.6401096994849554,0.7682835235935234,-0.7055108957493527,0.7086990729350124,48.285714285714285,200.48979591836718
2024-10-26,40.0,12.0,0.7,1.6666666666666667,11.0,34.224786324786315,85.74115296381329,0.3,471.1333333333333,15.0,7.0,0.42942494298398404,85.35,3.0,10.0,14.0,13.0,2.1976579899560362,0.39053029618623863,0.9205900758538996,-0.05792703047456754,0.9983208197470383,46.42857142857143,203.6734693877548
2024-10-27,99.0,30.0,0.696969696969697,4.125,16.0,14.35034013605442,41.32624904861951,0.36666666666666664,356.73333333333335,27.0,19.0,0.48451080261200224,82.02020202020202,3.0,9.0,43.0,44.0,2.4904985728693494,0.026540432230081887,0.9996477406852078,-0.12006464316583106,0.9927660759018015,49.142857142857146,430.12244897959175
2024-10-28,62.0,24.0,0.6129032258064516,2.5833333333333335,13.0,20.105191256830597,53.887424865742595,0.06666666666666667,361.81666666666666,19.0,8.0,0.4565622271410123,95.88709677419355,7.0,20.0,32.0,3.0,2.3261739477371197,0.7905559898369584,0.6123897671686774,-0.02021535337955869,0.9997956488641764,51.714285714285715,443.34693877551024
2024-10-29,75.0,32.0,0.5733333333333334,3.125,14.0,17.180855855855853,36.97093926949533,0.25,186.76666666666668,24.0,17.0,0.3654557225264494,92.2,30.0,12.0,10.0,23.0,2.4502870207760816,0.1932355317184333,0.9811523986015089,-0.5152250675470439,0.8570549164266803,56.714285714285715,476.2040816326534
2024-10-30,66.0,23.0,0.6515151515151515,2.75,11.0,19.852307692307694,56.74575814388358,0.31666666666666665,379.35,15.0,21.0,0.4816498961014805,93.18181818181819,2.0,36.0,12.0,16.0,1.96175985366449,0.0439099968633363,0.999035490948876,-0.5719072767325402,0.8203182716606828,59.42857142857143,467.6734693877556
2024-10-31,52.0,23.0,0.5576923076923077,2.1666666666666665,10.0,22.296078431372553,51.91439593521692,0.26666666666666666,254.88333333333333,16.0,16.0,0.39911235922753946,87.3076923076923,39.0,6.0,4.0,3.0,1.924056346275636,0.3032015912885681,0.9529264373707343,-0.8487410320994789,0.528808718187126,62.142857142857146,368.40816326530677
2024-11-01,72.0,16.0,0.7777777777777778,3.0,10.0,18.980281690140846,68.8900406586836,0.13333333333333333,498.2,15.0,17.0,0.5679933524132619,70.33333333333333,21.0,18.0,19.0,14.0,2.17628424998162,0.15729632604135463,0.9875514497047189,-0.2427685461322495,0.9700842401610459,66.57142857142857,298.8163265306131
2024-11-02,57.0,6.0,0.8947368421052632,2.375,11.0,22.508035714285715,72.16017030525117,0.4166666666666667,506.25,14.0,14.0,0.5244858509383672,92.66666666666667,4.0,36.0,6.0,11.0,2.0987107958616305,0.5800515243189877,0.814579786844247,-0.16389989898690116,0.9864769754596828,69.0,205.14285714285805
2024-11-03,68.0,16.0,0.7647058823529411,2.8333333333333335,12.0,21.857462686567164,63.91896969804986,0.16666666666666666,408.3333333333333,19.0,8.0,0.4903620475013591,84.6029411764706,26.0,15.0,8.0,19.0,2.1368488938923123,0.1506857122494831,0.9885817194971117,-0.0038542592220518375,0.9999925723153393,64.57142857142857,57.102040816327325
2024-11-04,77.0,17.0,0.7792207792207793,3.2083333333333335,17.0,18.67456140350877,46.9829805779595,0.16666666666666666,332.78333333333336,25.0,10.0,0.4311525884176526,72.62337662337663,18.0,12.0,26.0,21.0,2.6031429262004795,0.04020445589330317,0.9991914740060203,-0.050229792134244555,0.9987376872743666,66.71428571428571,73.63265306122534
2024-11-05,66.0,25.0,0.6212121212121212,2.75,18.0,21.694358974358977,39.725028739445484,0.1,251.41666666666666,30.0,8.0,0.293566419924339,82.8030303030303,13.0,19.0,16.0,18.0,2.73794186584182,0.10503471541431582,0.9944685558416785,-0.025086475967971672,0.9996852848389379,65.42857142857143,62.24489795918451
2024-11-06,25.0,4.0,0.84,1.0416666666666667,12.0,59.741666666666674,110.05634436589827,1.1666666666666667,525.5833333333334,17.0,4.0,0.296320771917534,93.56,2.0,5.0,11.0,7.0,2.331647433751471,0.005454126871013843,0.9999851261394216,-0.02159677027827408,0.9997667625569213,59.57142857142857,261.38775510204175
2024-11-07,30.0,4.0,0.8666666666666667,1.25,7.0,44.28505747126437,124.05998428217084,0.5333333333333333,544.0833333333334,12.0,5.0,0.4738774957669853,107.0,20.0,8.0,1.0,1.0,1.7650755886254272,0.022323815410077108,0.9997507925805995,-0.610893911203348,0.7917124662746419,56.42857142857143,368.24489795918464
2024-11-08,44.0,10.0,0.7727272727272727,1.8333333333333333,10.0,31.844573643410847,80.92100334229775,0.11666666666666667,411.93333333333334,15.0,12.0,0.43520754303511106,69.45454545454545,11.0,9.0,7.0,17.0,2.0324120055530774,0.2577652297006549,0.9662075793313611,-0.04768757327771106,0.9988623004973624,52.42857142857143,339.67346938775614
2024-11-09,63.0,26.0,0.5873015873015873,2.625,12.0,23.07849462365591,71.72613982567988,0.26666666666666666,516.7666666666667,21.0,14.0,0.5131357289080797,79.52380952380952,2.0,2.0,19.0,40.0,2.0412592914831778,0.027703556964016947,0.9996161828079523,-0.0121442841781115,0.9999262554617722,53.285714285714285,351.91836734693976
2024-11-10,49.0,22.0,0.5510204081632653,2.0416666666666665,13.0,29.96388888888889,60.95025306563896,0.1,312.3,24.0,6.0,0.3408310688588844,86.3061224489796,16.0,15.0,14.0,4.0,2.3307579449089832,0.004145145102923426,0.999991408849134,-0.0034179297969385404,0.9999941588608922,50.57142857142857,316.2448979591847
2024-11-11,24.0,13.0,0.4583333333333333,1.0,12.0,57.671739130434794,83.71430372512906,0.08333333333333333,354.23333333333335,16.0,3.0,0.18419473428009184,81.375,4.0,10.0,5.0,5.0,2.2764056399804224,0.020869713725025437,0.9997822038069268,-0.45696856185663615,0.8894828460823051,43.0,260.0000000000012
2024-11-12,86.0,34.0,0.6046511627906976,3.5833333333333335,15.0,15.24156862745098,51.489469106915024,0.16666666666666666,423.65,19.0,35.0,0.5431940175088367,81.63953488372093,11.0,11.0,60.0,4.0,2.1747618782452673,0.39961586698133394,0.9166826925696573,-0.21750445869228247,0.9760593273203105,45.857142857142854,440.40816326530734
2024-11-13,54.0,17.0,0.6851851851851852,2.25,15.0,21.378930817610062,42.02547547124615,0.21666666666666667,250.15,20.0,7.0,0.325632647036786,79.53703703703704,16.0,17.0,12.0,9.0,2.4997956777428363,0.9571301216342067,0.2896582991396736,-0.06220988052144287,0.9980630895717504,50.0,370.57142857142975
2024-11-14,71.0,17.0,0.7605633802816901,2.9583333333333335,12.0,18.740238095238094,52.69247856727143,0.21666666666666667,297.48333333333335,15.0,17.0,0.47530378317324595,69.21126760563381,31.0,8.0,3.0,29.0,2.00258455452476,0.024722978490439005,0.9996943404534014,-0.5094795142620102,0.8604827857356278,55.857142857142854,342.12244897959306
2024-11-15,54.0,18.0,0.6666666666666666,2.25,14.0,26.95943396226415,59.61127189547429,0.11666666666666667,354.8833333333333,19.0,14.0,0.3771695934519337,79.5,26.0,7.0,13.0,8.0,2.3861707687186575,0.024577578581502973,0.999697925691091,-0.024068674826092065,0.9997103074851813,57.285714285714285,320.48979591836854
2024-11-16,90.0,24.0,0.7333333333333333,3.75,19.0,16.14007490636704,39.793358463092396,0.26666666666666666,313.31666666666666,27.0,13.0,0.4228827399256423,69.6,33.0,28.0,15.0,14.0,2.571870485090128,0.007781181058760699,0.9999697261524124,-0.00763574127579219,0.9999708473026447,61.142857142857146,453.8367346938788
2024-11-17,67.0,28.0,0.582089552238806,2.7916666666666665,10.0,14.767424242424244,38.615547608480796,0.25,267.05,15.0,24.0,0.4467365255097209,70.71641791044776,12.0,19.0,33.0,3.0,2.1042937900697405,0.9890802632347816,0.14737785749363802,-0.5708927010679036,0.8210246792072655,63.714285714285715,431.0612244897971
2024-11-18,50.0,20.0,0.6,2.0833333333333335,10.0,23.373129251700686,71.24046388157969,0.38333333333333336,466.4,16.0,15.0,0.5059244982108352,83.04,22.0,12.0,13.0,3.0,2.1486515946876024,0.34072142611543377,0.9401642993572267,-0.8065305982396096,0.5911923494965554,67.42857142857143,218.81632653061345
2024-11-19,100.0,25.0,0.75,4.166666666666667,14.0,13.612962962962964,43.38194667334815,0.08333333333333333,375.1166666666667,20.0,21.0,0.5223095167681351,86.37,33.0,25.0,7.0,35.0,2.354673102121077,0.09128436555387665,0.9958248664325601,-0.3063876321023276,0.9519068330959332,69.42857142857143,317.1020408163277
2024-11-20,31.0,8.0,0.7419354838709677,1.2916666666666667,10.0,44.51944444444445,96.23859914039777,0.25,499.71666666666664,16.0,7.0,0.36743303173846315,83.2258064516129,2.0,12.0,16.0,1.0,1.9320230515999592,0.0998262742345542,0.995004881883726,-0.3481630477347872,0.9374339935120896,66.14285714285714,483.2653061224501
2024-11-21,96.0,28.0,0.7083333333333334,4.0,17.0,14.854210526315791,44.18980691180996,0.2,393.01666666666665,27.0,18.0,0.4968428243595712,79.01041666666667,21.0,20.0,25.0,30.0,2.494601705952281,0.12439524567352622,0.9922327463119845,-0.0011635525721157714,0.9999993230724769,69.71428571428571,594.4897959183685
2024-11-22,44.0,12.0,0.7272727272727273,1.8333333333333333,8.0,26.221317829457362,71.52790102024186,0.21666666666666667,379.46666666666664,11.0,10.0,0.4634981611510229,84.31818181818181,23.0,12.0,1.0,8.0,1.8915990611229863,0.0383151405361419,0.9992657054085744,-0.969978220057977,0.24319180210927918,68.28571428571429,651.6326530612257
2024-11-23,110.0,21.0,0.8090909090909091,4.583333333333333,13.0,13.058715596330273,51.5179490111717,0.13333333333333333,428.85,18.0,18.0,0.5955593037918151,68.0909090909091,2.0,23.0,67.0,18.0,2.41004923326248,0.06787018265002025,0.9976941607061018,-0.004508751957893613,0.9999898355262329,71.14285714285714,824.6938775510216
2024-11-24,103.0,32.0,0.6893203883495146,4.291666666666667,16.0,13.698039215686276,42.47283203763244,0.2833333333333333,401.9,25.0,17.0,0.5122725031658838,74.16504854368932,23.0,27.0,17.0,36.0,2.545849852630729,0.004581473258891588,0.9999895049963164,-0.1811628525625558,0.9834531106521539,76.28571428571429,940.7755102040829
2024-11-25,84.0,22.0,0.7380952380952381,3.5,16.0,15.70321285140562,47.64556463129612,0.1,416.43333333333334,21.0,16.0,0.5042299638475707,86.52380952380952,21.0,23.0,25.0,15.0,2.4768926832771525,0.3879848146835504,0.9216657656520454,-0.19644530500505294,0.9805147842544097,81.14285714285714,826.9795918367361
2024-11-26,58.0,18.0,0.6896551724137931,2.4166666666666665,13.0,22.844152046783627,59.59579086972659,0.26666666666666666,418.81666666666666,23.0,6.0,0.4457989358406352,72.60344827586206,8.0,33.0,11.0,6.0,2.3923868149303975,0.5464065280280402,0.8375200929699194,-0.02355976483361071,0.9997224302180006,75.14285714285714,816.6938775510217
2024-11-27,68.0,22.0,0.6764705882352942,2.8333333333333335,11.0,19.222636815920396,58.564324580849124,0.16666666666666666,422.85,12.0,26.0,0.5057619819375356,83.36764705882354,26.0,21.0,5.0,16.0,2.002793587270591,0.09649721723344895,0.9953332542752706,-0.5370542529913496,0.843547704249086,80.42857142857143,517.6734693877564
2024-11-28,32.0,13.0,0.59375,1.3333333333333333,7.0,38.58225806451613,123.83913660517904,0.43333333333333335,640.8,12.0,10.0,0.5249116270306862,78.59375,15.0,0.0,15.0,2.0,1.6535158496125166,0.8655159006699369,0.5008814487356344,-0.018252221506715297,0.9998334143296421,71.28571428571429,734.4897959183688
2024-11-29,22.0,7.0,0.6818181818181818,0.9166666666666666,8.0,59.2595238095238,132.0793696337245,0.23333333333333334,478.6333333333333,10.0,9.0,0.3805804691025836,82.5909090909091,2.0,2.0,8.0,10.0,1.666332585328325,0.01287144779589027,0.9999171594845433,-0.7448940565916217,0.6671827669046001,68.14285714285714,965.2653061224504
2024-11-30,43.0,16.0,0.627906976744186,1.7916666666666667,9.0,21.928174603174604,57.1455779844413,0.2,305.9,14.0,9.0,0.44537412515290514,78.51162790697674,21.0,7.0,0.0,15.0,2.0453750735520897,0.10705945050606949,0.9942526208450941,-0.8328407443623554,-0.5535126868735328,58.57142857142857,713.6734693877569
2024-12-01,36.0,20.0,0.4444444444444444,1.5,6.0,37.43857142857143,118.62850715851395,0.15,594.15,11.0,10.0,0.5202246140888617,83.80555555555556,0.0,1.0,3.0,32.0,1.3203815313634097,0.2849913800807768,0.958530079486113,-0.2731897933016037,0.961960153455343,49.0,412.8571428571448
2024-12-02,51.0,27.0,0.47058823529411764,2.125,13.0,22.944666666666663,55.15378323278367,0.2,328.95,19.0,11.0,0.4124168483188256,87.19607843137256,16.0,13.0,17.0,5.0,2.394225614937704,0.7959139576736752,0.6054097554386013,-0.3493898473284254,0.9369774461446869,44.285714285714285,216.20408163265506
2024-12-03,37.0,22.0,0.40540540540540543,1.5416666666666667,12.0,24.42824074074074,38.2843900149733,0.7166666666666667,177.45,20.0,5.0,0.22094670734204622,88.4054054054054,9.0,10.0,18.0,0.0,2.332551607700524,0.8122108165078815,-0.5833640283284532,-0.24967588107772418,0.9683294658369445,41.285714285714285,187.9183673469408
2024-12-04,61.0,30.0,0.5081967213114754,2.5416666666666665,12.0,19.626388888888886,53.189525501464935,0.18333333333333332,356.98333333333335,23.0,6.0,0.46093133477181564,83.93442622950819,19.0,5.0,25.0,12.0,2.3682535996990075,0.8458054238437681,0.5334915041464707,-0.13650807030455767,0.9906389588249223,40.285714285714285,140.4897959183694
2024-12-05,38.0,14.0,0.631578947368421,1.5833333333333333,11.0,31.304504504504504,58.261391886173165,0.95,217.78333333333333,15.0,10.0,0.30097267451090265,96.55263157894737,17.0,4.0,10.0,7.0,2.3180765946158957,0.5849576749872154,0.8110638189893267,-0.5683225302562755,0.8228058711525488,41.142857142857146,130.69387755102244
2024-12-06,17.0,7.0,0.5882352941176471,0.7083333333333334,5.0,84.92708333333334,162.75013620866036,0.25,589.1166666666667,6.0,7.0,0.314211589661891,73.88235294117646,1.0,2.0,7.0,7.0,1.3180238017106036,0.058144828910475836,0.9983081582712682,-0.29167618303019427,0.9565171217771988,40.42857142857143,161.10204081632855
2024-12-07,67.0,32.0,0.5223880597014925,2.7916666666666665,13.0,19.939141414141414,59.1359930087265,0.5833333333333334,338.8333333333333,17.0,17.0,0.4956912420151341,85.08955223880596,3.0,5.0,9.0,50.0,2.232210770755338,0.11840396830650095,0.9929655081065369,-0.40998936400424635,0.9120903033161758,43.857142857142854,249.265306122451
2024-12-08,39.0,15.0,0.6153846153846154,1.625,8.0,28.219298245614038,70.49416202097663,0.016666666666666666,355.3333333333333,16.0,11.0,0.42825835160871584,83.05128205128206,1.0,11.0,24.0,3.0,1.8453164011541365,0.9957112528954977,0.09251540875593757,-0.12576611332211418,0.992059919934199,44.285714285714285,243.63265306122653
2024-12-09,38.0,9.0,0.7631578947368421,1.5833333333333333,11.0,37.91936936936937,99.80923753139939,0.31666666666666665,549.4666666666667,15.0,6.0,0.4493610264033286,93.15789473684211,17.0,10.0,7.0,4.0,2.1385494129250358,0.01076265592818442,0.999942080941377,-0.1500386547988074,0.9886801313196115,42.42857142857143,239.38775510204283
2024-12-10,83.0,36.0,0.5662650602409639,3.4583333333333335,13.0,16.834756097560977,44.47955433000421,0.21666666666666667,243.96666666666667,20.0,15.0,0.4508702461084014,85.21686746987952,15.0,10.0,5.0,53.0,2.268470537144585,0.03918714966922024,0.9992318886528803,-0.2188528903482168,0.9757578656542981,49.0,427.1428571428592
2024-12-11,67.0,20.0,0.7014925373134329,2.7916666666666665,13.0,18.882070707070703,42.25189507341255,0.16666666666666666,233.08333333333334,23.0,13.0,0.3822723434997989,77.11940298507463,13.0,8.0,12.0,34.0,2.1959572377898433,0.7221627785067707,0.6917231536817173,-0.038605813522032954,0.9992545177092281,49.857142857142854,452.12244897959397
2024-12-12,79.0,32.0,0.5949367088607594,3.2916666666666665,14.0,17.46388888888889,49.165192026029096,0.18333333333333332,265.95,24.0,12.0,0.4757877896833245,84.0,30.0,12.0,15.0,22.0,2.4238838429382037,0.0046541945356611625,0.9999891691779588,-0.32866060795078944,0.9444480953347396,55.714285714285715,519.0612244897981
2024-12-13,99.0,44.0,0.5555555555555556,4.125,13.0,13.38112244897959,45.22931754677392,0.03333333333333333,411.95,24.0,22.0,0.543387749692748,76.8989898989899,6.0,37.0,24.0,32.0,2.3357627736029007,0.33969566344627644,0.940535409347141,-0.21310143847084143,0.9770300798448623,67.42857142857143,435.3877551020432
2024-12-14,12.0,6.0,0.5,0.5,6.0,122.97878787878786,191.142697381216,0.8666666666666667,642.25,8.0,3.0,0.21699855852269287,124.33333333333333,0.0,3.0,6.0,3.0,1.7045514452672972,0.19287876187265432,0.9812225961617842,-0.1854522381115909,0.9826532793307118,59.57142857142857,812.5306122449001
2024-12-15,31.0,13.0,0.5806451612903226,1.2916666666666667,8.0,33.901666666666664,76.60957117338779,0.13333333333333333,332.5833333333333,13.0,4.0,0.3864575706638387,78.90322580645162,5.0,9.0,3.0,14.0,1.9911381820275977,0.3623024794008957,0.9320605739006256,-0.9953892256352954,0.09591813952098367,58.42857142857143,867.387755102043
2024-12-16,57.0,24.0,0.5789473684210527,2.375,11.0,24.433035714285715,60.36414108294149,0.25,307.6,16.0,11.0,0.4237299722203805,79.49122807017544,4.0,13.0,31.0,9.0,2.1401371329553687,0.04441855452965609,0.9990130089310629,-0.26541589268595805,0.9641340176084008,61.142857142857146,800.6938775510225
2024-12-17,49.0,15.0,0.6938775510204082,2.0416666666666665,12.0,20.974999999999998,46.096867738250694,0.05,263.95,22.0,11.0,0.3745514861206682,84.04081632653062,4.0,28.0,0.0,17.0,2.212356051341151,0.017961380987744274,0.9998386813846587,-0.9549120557673889,-0.2968888104157835,56.285714285714285,729.9183673469408
2024-12-18,128.0,30.0,0.765625,5.333333333333333,12.0,10.114173228346457,41.85397552426878,0.15,407.85,16.0,36.0,0.6107549154197079,78.0390625,3.0,105.0,15.0,5.0,1.9216668236563006,0.5070370015712724,0.8619242884601951,-0.14622691084519485,0.9892510755842884,65.0,1372.2857142857167
2024-12-19,32.0,9.0,0.71875,1.3333333333333333,11.0,45.77634408602152,120.08606328179636,0.36666666666666664,665.4833333333333,18.0,7.0,0.4480202619451012,102.84375,7.0,11.0,11.0,3.0,2.2708961693636507,0.045580928617632965,0.9989606493482885,-0.045726221071919884,0.9989540093049739,58.285714285714285,1454.7755102040835
2024-12-20,107.0,35.0,0.6728971962616822,4.458333333333333,14.0,10.749056603773585,45.06847392443302,0.1,464.21666666666664,28.0,21.0,0.6148501554241388,83.81308411214954,35.0,59.0,6.0,7.0,2.4070843040242442,0.012507866813848554,0.9999217735741966,-0.9633188550007931,0.26835942986964534,59.42857142857143,1555.673469387757
2024-12-21,67.0,22.0,0.6716417910447762,2.7916666666666665,11.0,18.585101010101013,59.15549738996744,0.08333333333333333,435.48333333333335,18.0,10.0,0.5218688460704041,85.2089552238806,33.0,19.0,7.0,8.0,2.208453979595526,0.08708329719445804,0.9962010336020244,-0.7472184209116279,0.664578536706034,67.28571428571429,1180.775510204084
2024-12-22,49.0,12.0,0.7551020408163265,2.0416666666666665,10.0,23.764930555555555,73.75839580581338,0.25,508.1666666666667,17.0,13.0,0.5126308455169891,92.6734693877551,0.0,35.0,8.0,6.0,1.9264940804862927,0.4185276490392094,0.9082040558099883,-0.7669318634382133,0.6417285382801592,69.85714285714286,1033.8367346938799
2024-12-23,39.0,21.0,0.46153846153846156,1.625,9.0,36.00219298245614,91.23021143847555,0.2,426.95,11.0,14.0,0.4340719544472709,89.64102564102564,17.0,2.0,1.0,19.0,1.9426967336058658,0.15851709058316363,0.9873562335819069,-0.15399188076455975,0.9880721130861824,67.28571428571429,1139.6326530612268
2024-12-24,28.0,16.0,0.42857142857142855,1.1666666666666667,10.0,48.6783950617284,109.27092672933809,0.7666666666666667,566.3166666666667,15.0,4.0,0.3836200813053238,109.25,3.0,2.0,4.0,19.0,2.1470638625858363,0.049140308652876614,0.9987918852621401,-0.4787557053985112,0.8779481616521411,64.28571428571429,1303.3469387755124
2024-12-25,27.0,18.0,0.3333333333333333,1.125,9.0,50.055128205128206,127.76660368201291,0.16666666666666666,574.6,14.0,5.0,0.4370190001647616,90.07407407407408,7.0,4.0,15.0,1.0,2.015457884759063,0.3141305409840483,0.949379799248472,-0.28122505347563115,0.9596418442823491,49.857142857142854,713.8367346938795
2024-12-26,41.0,18.0,0.5609756097560976,1.7083333333333333,10.0,35.34375,88.15299418935588,0.13333333333333333,498.4166666666667,15.0,7.0,0.42761648929290136,102.26829268292683,1.0,17.0,12.0,11.0,2.100027975632845,0.09396351370539223,0.99557564157232,-0.02043347447073626,0.9997912147648896,51.142857142857146,677.8367346938795
2024-12-27,21.0,8.0,0.6190476190476191,0.875,10.0,42.81583333333332,58.81205764386717,0.4166666666666667,234.61666666666667,16.0,2.0,0.15739994362494927,108.14285714285714,1.0,7.0,13.0,0.0,2.1082942189189384,0.6687522185598095,-0.7434853530307997,-0.13730048082219126,0.9905294432605197,38.857142857142854,210.97959183673638
2024-12-28,30.0,16.0,0.4666666666666667,1.25,8.0,34.36091954022988,85.72635631008852,0.3333333333333333,417.8666666666667,13.0,8.0,0.427734215853831,82.86666666666666,11.0,13.0,5.0,1.0,1.7632015710368425,0.9971632809090054,0.07526879304723805,-0.4257792915650722,0.9048270524660197,33.57142857142857,81.10204081632813
2024-12-29,43.0,29.0,0.32558139534883723,1.7916666666666667,12.0,31.617857142857144,69.29054916515832,0.21666666666666667,373.3666666666667,18.0,5.0,0.37333551683799326,95.88372093023256,14.0,15.0,6.0,8.0,2.267414899701443,0.408662349254172,0.9126856437471015,-0.06787018265002084,0.9976941607061017,32.714285714285715,59.061224489797496
2024-12-30,50.0,17.0,0.66,2.0833333333333335,13.0,28.197959183673465,61.51674814192894,0.25,358.23333333333335,20.0,6.0,0.3713860296877668,101.26,7.0,13.0,23.0,7.0,2.3990847223309792,0.017815960156788227,0.9998412831863324,-0.2343645249663771,0.9721487897628039,34.285714285714285,93.63265306122608
2024-12-31,49.0,26.0,0.46938775510204084,2.0416666666666665,11.0,21.214930555555558,58.74647026823534,0.1,369.73333333333335,17.0,7.0,0.4693707129442014,101.71428571428571,3.0,21.0,0.0,25.0,2.1735930017057026,0.14291684190189868,0.9897346999579169,-0.9921055842011386,-0.12540538184989325,37.285714285714285,109.91836734694041
2025-01-01,75.0,32.0,0.5733333333333334,3.125,16.0,18.89504504504505,55.766718478522975,0.35,446.31666666666666,24.0,11.0,0.49384948457370503,96.29333333333334,12.0,8.0,45.0,10.0,2.435891075230047,0.08222841522344085,0.9966135097066673,-0.09975391517372702,0.9950121388242019,44.142857142857146,250.97959183673643
2025-01-02,81.0,29.0,0.6419753086419753,3.375,14.0,17.941458333333333,61.92414602614807,0.15,523.45,19.0,30.0,0.5507087568616544,85.11111111111111,12.0,29.0,32.0,8.0,2.288428831200003,0.01512561004143732,0.9998856014169193,-0.005308684872821111,0.9999859088331801,49.857142857142854,410.97959183673646
2025-01-03,102.0,60.0,0.4117647058823529,4.25,15.0,12.656435643564356,37.39838649284031,0.1,326.28333333333336,23.0,15.0,0.4942970485810843,104.45098039215686,58.0,23.0,14.0,7.0,2.338912279356411,0.007417581299437831,0.9999724893654156,-0.6427876096865396,0.7660444431189778,61.42857142857143,546.5306122448998
2025-01-04,53.0,13.0,0.7547169811320755,2.2083333333333335,11.0,27.447115384615383,79.43875030764065,0.21666666666666667,423.53333333333336,23.0,5.0,0.4864219846683816,89.28301886792453,25.0,7.0,19.0,2.0,2.2736548373541106,0.04245691271028277,0.9990982987489827,-0.0131623113585598,0.999913373027734,64.71428571428571,404.77551020408356
2025-01-05,83.0,24.0,0.7108433734939759,3.4583333333333335,13.0,17.27926829268293,48.30346845492835,0.21666666666666667,332.98333333333335,19.0,22.0,0.4730543691953419,79.48192771084338,30.0,9.0,19.0,25.0,2.287858822384274,0.08056135804721293,0.996749651411822,-0.02014264613483552,0.99979711632245,70.42857142857143,352.53061224489994
2025-01-06,135.0,48.0,0.6444444444444445,5.625,14.0,10.739800995024874,32.507788574996646,0.25,215.13333333333333,24.0,20.0,0.5033341232747216,80.26666666666667,16.0,13.0,64.0,42.0,2.478974400573554,0.00021816615476863465,0.9999999762017642,-0.0035633730150477923,0.999993651166224,82.57142857142857,741.1020408163283
2025-01-07,76.0,28.0,0.631578947368421,3.1666666666666665,14.0,19.077111111111112,53.77641743734015,0.16666666666666666,352.25,20.0,12.0,0.4762886165925683,93.14473684210526,9.0,9.0,29.0,29.0,2.316642743476091,0.03082926444943934,0.9995246652551935,-0.009381007130764677,0.9999559973844911,86.42857142857143,571.3877551020424
2025-01-08,152.0,67.0,0.5592105263157895,6.333333333333333,15.0,9.518543046357617,30.289857470350068,0.16666666666666666,225.06666666666666,23.0,29.0,0.5217821905523352,90.39473684210526,68.0,33.0,15.0,36.0,2.495596360171441,0.00829021898271297,0.9999656355441514,-0.00349065141522376,0.9999939076577904,97.42857142857143,1045.9591836734705
2025-01-09,93.0,43.0,0.5376344086021505,3.875,15.0,15.126268115942025,48.94061231758243,0.2,426.73333333333335,25.0,14.0,0.5277975761083924,81.72043010752688,18.0,26.0,19.0,30.0,2.506078504251007,0.015707317311820675,0.9998766324816606,-0.19416301363445002,0.980969277875912,99.14285714285714,1007.2653061224502
2025-01-10,55.0,23.0,0.5818181818181818,2.2916666666666665,12.0,17.797839506172835,39.69697462924577,0.26666666666666666,237.3,18.0,10.0,0.3808888758470198,89.47272727272727,14.0,13.0,0.0,28.0,2.262584338141533,0.14392442519666576,0.989588682146178,-0.9307104501945112,-0.36575682891605776,92.42857142857143,1239.387755102042
2025-01-11,71.0,22.0,0.6901408450704225,2.9583333333333335,12.0,19.70690476190476,62.01367555864204,0.13333333333333333,456.85,23.0,8.0,0.5177003226211818,81.85915492957747,14.0,17.0,19.0,21.0,2.270108371577302,0.08563428992668719,0.996326637397973,-0.17737102372082836,0.9841440544677519,95.0,1076.2857142857156
2025-01-12,47.0,15.0,0.6808510638297872,1.9583333333333333,13.0,31.01775362318841,76.29086221187362,0.2833333333333333,470.55,23.0,8.0,0.42189630568221964,97.04255319148936,3.0,16.0,13.0,15.0,2.3549542440685998,0.05371573123868271,0.9985562679275983,-0.003781537699913992,0.9999928499607506,89.85714285714286,1358.4081632653076
2025-01-13,51.0,23.0,0.5490196078431373,2.125,14.0,27.715333333333334,62.63046798838761,0.26666666666666666,382.18333333333334,20.0,6.0,0.3864610656417962,95.82352941176471,3.0,14.0,11.0,23.0,2.4968255337967076,0.2323138023083866,0.9726408881272779,-0.002181659834336435,0.9999976201773518,77.85714285714286,1138.9795918367367
2025-01-14,30.0,19.0,0.36666666666666664,1.25,11.0,46.09252873563218,91.2636148018965,0.5666666666666667,394.25,18.0,6.0,0.3288610534840955,99.6,10.0,12.0,5.0,3.0,2.2116657066557144,0.4337246116109347,0.9010454823608761,-0.002181659834336435,0.9999976201773518,71.28571428571429,1422.4897959183697
2025-01-15,87.0,38.0,0.5632183908045977,3.625,12.0,16.027131782945734,52.76350366893682,0.06666666666666667,353.7,16.0,15.0,0.5340315821284618,95.85057471264368,21.0,19.0,7.0,40.0,2.1437506329317166,0.1287955965775628,0.9916711623830904,-0.13946115237248713,0.990227543031872,62.0,440.85714285714573
2025-01-16,94.0,39.0,0.5851063829787234,3.9166666666666665,15.0,13.977240143369173,40.168379459380105,0.1,315.76666666666665,28.0,10.0,0.48371667935777135,87.31914893617021,25.0,32.0,22.0,15.0,2.6217036868279906,0.5356425784503936,0.8444448046799825,-0.04608944796901154,0.9989373167451058,62.142857142857146,449.83673469388043
2025-01-17,34.0,14.0,0.5882352941176471,1.4166666666666667,10.0,42.23989898989898,100.39350891355642,0.2,483.4166666666667,16.0,5.0,0.4077138082756881,86.5,3.0,5.0,3.0,23.0,1.900024452810909,0.00945372595810047,0.9999553125342697,-0.1904520530545368,0.9816964986630603,59.142857142857146,546.6938775510234
2025-01-18,37.0,18.0,0.5135135135135135,1.5416666666666667,11.0,38.170370370370364,87.45226697249338,0.2833333333333333,403.15,15.0,10.0,0.39230108238865574,93.1891891891892,6.0,15.0,2.0,14.0,2.098263412789332,0.03417271001969542,0.9994159423833051,-0.2505208127720943,0.968111213842712,54.285714285714285,573.0612244897991
2025-01-19,35.0,17.0,0.5142857142857142,1.4583333333333333,8.0,33.370098039215684,84.87480512740647,0.43333333333333335,412.31666666666666,15.0,12.0,0.435576550945406,94.45714285714286,14.0,8.0,11.0,2.0,1.657547019493932,0.20307213114224207,0.9791637807605774,-0.903615836751513,0.42834381000764205,52.57142857142857,615.6734693877582
2025-01-20,65.0,31.0,0.5230769230769231,2.7083333333333335,13.0,21.929947916666666,61.06474671600909,0.11666666666666667,351.18333333333334,24.0,10.0,0.47153374047037816,87.01538461538462,1.0,19.0,39.0,6.0,2.3015168131801644,0.11811512134322234,0.9929999084139313,-0.040785755092610565,0.9991679149079626,54.57142857142857,633.387755102044
2025-01-21,40.0,14.0,0.65,1.6666666666666667,9.0,36.65512820512821,106.37499894736517,0.2833333333333333,519.1666666666666,13.0,10.0,0.487448848226949,85.8,20.0,7.0,10.0,3.0,1.9932946517347758,0.02101512593093456,0.999779157855427,-0.024577578581504205,0.999697925691091,56.0,575.4285714285745
2025-01-22,41.0,22.0,0.4634146341463415,1.7083333333333333,10.0,35.55833333333333,108.81463947414838,0.18333333333333332,658.65,15.0,7.0,0.5074101108834322,89.53658536585365,0.0,13.0,17.0,11.0,2.0990470626498,0.03591696696526743,0.9993547775860262,-0.041149060094568084,0.9991530187380377,49.42857142857143,427.1020408163298
2025-01-23,81.0,46.0,0.43209876543209874,3.375,15.0,17.67791666666667,48.35121772387893,0.16666666666666666,317.8333333333333,21.0,21.0,0.4645419229000861,93.35802469135803,39.0,10.0,24.0,8.0,2.4333173288846797,0.051246589484576256,0.9986860302748803,-0.06112112578424483,0.9981303562074778,47.57142857142857,282.24489795918697
2025-01-24,40.0,13.0,0.675,1.6666666666666667,6.0,29.970085470085476,115.26189484936555,0.26666666666666666,667.25,10.0,19.0,0.5872798070485091,83.725,2.0,2.0,1.0,35.0,1.360355281880068,0.78935204219315,0.6139408387503664,-0.2700403288580006,0.9628490124574376,48.42857142857143,263.3877551020441
2025-01-25,25.0,13.0,0.48,1.0416666666666667,10.0,55.79027777777777,98.82233671686832,0.3,356.9166666666667,13.0,8.0,0.2783217855783731,80.4,17.0,1.0,4.0,3.0,2.0097598512646506,0.22275388066537657,0.9748747143343678,-0.21452224522130786,0.9767191030717117,46.714285714285715,320.20408163265637
2025-01-26,27.0,12.0,0.5555555555555556,1.125,7.0,50.632051282051286,115.06831155075956,0.4666666666666667,417.56666666666666,8.0,9.0,0.38887217364589294,91.4074074074074,5.0,1.0,7.0,14.0,1.6072677580954644,0.44574218507314056,0.8951613845816977,-0.07708156165852725,0.9970247904903281,45.57142857142857,354.81632653061564
2025-01-27,17.0,9.0,0.47058823529411764,0.7083333333333334,5.0,80.69166666666666,134.82355547570725,0.06666666666666667,424.55,8.0,5.0,0.2511743173912788,86.94117647058823,6.0,1.0,6.0,4.0,1.4669071049122546,0.26345215729045984,0.9646724629733155,-0.37393222729366093,0.9274560309746236,38.714285714285715,370.489795918371
2025-01-28,39.0,19.0,0.5128205128205128,1.625,9.0,37.25614035087719,122.55072713994808,0.4666666666666667,745.25,9.0,11.0,0.5337354278217598,89.05128205128206,0.0,18.0,13.0,8.0,2.1004554471909564,0.06990156281560467,0.9975538940407862,-0.035916966965267076,0.9993547775860262,38.57142857142857,370.2448979591873
2025-01-29,78.0,21.0,0.7307692307692307,3.25,12.0,16.58073593073593,50.961859805835786,0.2833333333333333,386.0833333333333,13.0,22.0,0.5090287617786031,85.74358974358974,27.0,9.0,9.0,33.0,2.1173512078500694,0.0018907722297340731,0.99999821248859,-0.6522637875645267,0.7579920523540983,43.857142857142854,563.5510204081667
2025-01-30,63.0,29.0,0.5396825396825397,2.625,11.0,22.211559139784953,62.96166571304477,0.08333333333333333,387.8,19.0,9.0,0.4784379908553618,85.98412698412699,16.0,10.0,30.0,7.0,2.2517937026651347,0.26772888172009507,0.9634942894967813,-0.003345208160578498,0.9999944047755279,41.285714285714285,412.20408163265654
2025-01-31,53.0,26.0,0.5094339622641509,2.2083333333333335,7.0,18.888141025641026,67.25775138314442,0.25,377.6666666666667,8.0,13.0,0.5614848137851609,89.54716981132076,20.0,16.0,0.0,17.0,1.7813269521974198,0.0018180503026235676,0.9999983473451829,-0.9110438156205599,-0.4123095512106544,43.142857142857146,428.12244897959516
2025-02-01,91.0,33.0,0.6373626373626373,3.7916666666666665,13.0,12.168703703703704,37.53453601682893,0.23333333333333334,302.56666666666666,20.0,17.0,0.5103456526325081,82.12087912087912,11.0,41.0,4.0,35.0,2.3333264808807277,0.25650024646121766,0.9665441653464857,-0.9474431836058257,0.31992407511604637,52.57142857142857,619.3877551020438
2025-02-02,93.0,26.0,0.7204301075268817,3.875,12.0,13.681159420289855,48.91224514109633,0.016666666666666666,361.98333333333335,17.0,28.0,0.5628561981519137,81.72043010752688,12.0,33.0,17.0,31.0,2.048669434933859,0.7065923716929933,0.7076208167269182,-0.00654493796735214,0.9999785816641292,62.0,670.5714285714312
2025-02-03,127.0,39.0,0.6929133858267716,5.291666666666667,14.0,11.230555555555556,45.456301415798016,0.0,416.81666666666666,19.0,37.0,0.6037686280179244,76.37795275590551,19.0,31.0,20.0,57.0,2.3119820434651577,0.0612662973129218,0.9981214559428951,-0.047542294141184556,0.9988692258087608,77.71428571428571,737.9183673469406
2025-02-04,117.0,36.0,0.6923076923076923,4.875,15.0,11.871408045977013,42.718831863878734,0.06666666666666667,426.0833333333333,22.0,25.0,0.5650721423617066,88.11111111111111,22.0,33.0,20.0,42.0,2.461408894373285,0.03598964200049838,0.9993521629879409,-0.2362728816506415,0.9716867424208802,88.85714285714286,620.1224489795933
2025-02-05,92.0,31.0,0.6630434782608695,3.8333333333333335,17.0,15.650549450549448,45.87988834069628,0.08333333333333333,412.6333333333333,27.0,12.0,0.49129081435607347,76.70652173913044,34.0,37.0,8.0,13.0,2.5622792076295444,0.05698320552531999,0.9983751370542333,-0.011926133822893346,0.9999288811370729,90.85714285714286,600.6938775510217
2025-02-06,86.0,31.0,0.6395348837209303,3.5833333333333335,14.0,16.109019607843138,51.4295023895069,0.15,430.8,18.0,18.0,0.5229679557253208,78.04651162790698,24.0,12.0,38.0,12.0,2.2659576023463757,0.2847125429295269,0.9586129395635145,-0.01992452376305992,0.9998014869726967,94.14285714285714,482.40816326530734
2025-02-07,105.0,40.0,0.6190476190476191,4.375,13.0,13.791025641025643,51.81536974995091,0.21666666666666667,442.71666666666664,22.0,28.0,0.5795828879535592,73.6952380952381,45.0,33.0,24.0,3.0,2.3343007347627283,0.01076265592818442,0.999942080941377,-0.01425303959838204,0.9998984202718829,101.57142857142857,202.24489795918453
2025-02-08,80.0,26.0,0.675,3.3333333333333335,12.0,17.63544303797468,57.31370888548556,0.11666666666666667,376.65,15.0,30.0,0.5294024659282498,84.925,0.0,50.0,15.0,15.0,2.048878786534468,0.10315421413483439,0.9946653749408515,-0.10069454167643481,0.9949173881667627,100.0,250.28571428571522
2025-02-09,141.0,70.0,0.5035460992907801,5.875,16.0,9.369166666666665,32.32594944682815,0.016666666666666666,294.9166666666667,18.0,35.0,0.5505868533300814,93.13475177304964,42.0,50.0,17.0,32.0,2.556048533347347,0.32095738475973135,0.947093636958983,-0.2310404196949962,0.9729441527997175,106.85714285714286,436.4081632653066
2025-02-10,165.0,60.0,0.6363636363636364,6.875,15.0,8.65599593495935,33.09782504414905,0.06666666666666667,302.56666666666666,24.0,17.0,0.5853794583594927,93.34545454545454,24.0,61.0,6.0,74.0,2.519126152077491,0.05509540368319086,0.9984810947098529,-0.033954670473280504,0.9994233739277119,112.28571428571429,831.9183673469389
2025-02-11,160.0,47.0,0.70625,6.666666666666667,18.0,8.724842767295597,31.26378750315393,0.06666666666666667,344.46666666666664,20.0,49.0,0.5636338275010631,75.175,2.0,62.0,26.0,70.0,2.5429286118015066,0.04180299535596291,0.9991258727404017,-0.18723844471491774,0.9823144938464151,118.42857142857143,1116.2448979591834
2025-02-12,125.0,29.0,0.768,5.208333333333333,16.0,11.510618279569893,43.85953872083142,0.016666666666666666,469.6666666666667,25.0,19.0,0.5842302459252025,71.544,25.0,27.0,39.0,34.0,2.558162290133745,0.04245691271028277,0.9990982987489827,-0.01287144779589127,0.9999171594845433,123.14285714285714,1000.4081632653057
2025-02-13,105.0,41.0,0.6095238095238096,4.375,12.0,12.152403846153845,43.622572938281756,0.23333333333333334,286.01666666666665,13.0,32.0,0.5642345529565488,89.5904761904762,22.0,11.0,7.0,65.0,2.0792523787446053,0.16476070003002982,0.9863335702112215,-0.5671851016141659,0.823590347507138,125.85714285714286,842.9795918367339
2025-02-14,81.0,27.0,0.6666666666666666,3.375,11.0,17.745208333333338,61.39606400215406,0.2,461.78333333333336,18.0,15.0,0.5515561524431979,81.1358024691358,10.0,8.0,34.0,29.0,2.101600344765354,0.04354673441317288,0.9990513910314868,-0.045362988129253864,0.9989705697907147,122.42857142857143,1056.5306122448974
2025-02-15,68.0,27.0,0.6029411764705882,2.8333333333333335,12.0,18.770646766169154,63.59880797259693,0.2,470.43333333333334,17.0,14.0,0.544232826945375,77.58823529411765,0.0,29.0,21.0,18.0,2.3026699572425526,0.2676588137302323,0.9635137567427488,-0.5010073276223297,0.865443041261949,120.71428571428571,1219.6326530612241
2025-02-16,21.0,6.0,0.7142857142857143,0.875,7.0,48.26583333333333,77.5842644904737,0.26666666666666666,265.23333333333335,11.0,10.0,0.2329631177417663,74.28571428571429,3.0,2.0,16.0,0.0,1.499509409674557,0.8828793016492774,-0.4695999773416565,-0.011562548641229662,0.9999331515000986,103.57142857142857,2287.3877551020414
2025-02-17,129.0,36.0,0.7209302325581395,5.375,20.0,11.133463541666668,29.49216773793258,0.11666666666666667,306.8,34.0,18.0,0.45189954267824517,75.55038759689923,22.0,34.0,20.0,53.0,2.777874883510507,0.04296550253745944,0.9990765564218308,-0.02210570309266583,0.9997556390892621,98.42857142857143,1814.2448979591845
2025-02-18,113.0,54.0,0.5221238938053098,4.708333333333333,19.0,12.697916666666668,28.798328610854657,0.25,212.43333333333334,28.0,15.0,0.38799683770207627,87.67256637168141,11.0,41.0,33.0,28.0,2.7282254722658807,0.06271794081153537,0.9980312920446737,-0.015052896268639253,0.9998866987383749,91.71428571428571,1257.91836734694
2025-02-19,111.0,46.0,0.5855855855855856,4.625,16.0,12.989090909090908,34.52515028502927,0.1,227.66666666666666,28.0,17.0,0.45325483128210875,83.73873873873873,5.0,28.0,24.0,54.0,2.5493263930044066,0.028430490976360447,0.9995957718912396,-0.02043347447073626,0.9997912147648896,89.71428571428571,1148.7755102040828
2025-02-20,103.0,41.0,0.6019417475728155,4.291666666666667,11.0,13.951633986928107,51.6639527808116,0.2,439.96666666666664,18.0,14.0,0.5747463468912386,88.39805825242719,46.0,16.0,31.0,10.0,2.2826174069687575,0.07280302963704598,0.9973463384780973,-0.0010181085544440837,0.9999994817273514,89.42857142857143,1140.5306122448992
2025-02-21,100.0,37.0,0.63,4.166666666666667,15.0,12.743771043771044,50.818092906951385,0.16666666666666666,495.5,18.0,13.0,0.5990120411304836,84.94,11.0,36.0,20.0,33.0,2.4242599850862754,0.03082926444943934,0.9995246652551935,-0.679761389622236,0.7334333324705434,92.14285714285714,1138.9795918367358
2025-02-22,158.0,61.0,0.6139240506329114,6.583333333333333,17.0,8.452123142250532,29.646975008035586,0.16666666666666666,344.0,24.0,22.0,0.5563084927149616,76.25949367088607,13.0,68.0,33.0,44.0,2.6531996123733133,0.4647776568540786,0.8854274276806837,-0.009744600763639604,0.9999525202508154,105.0,1510.0000000000005
2025-02-23,101.0,33.0,0.6732673267326733,4.208333333333333,14.0,13.849000000000004,51.739449317389024,0.23333333333333334,476.31666666666666,24.0,21.0,0.5777000327303572,76.75247524752476,30.0,23.0,40.0,8.0,2.3787222328061204,0.008726535498373935,0.9999619230641713,-0.22962508591394643,0.9732791582680751,116.42857142857143,373.67346938775506
2025-02-24,159.0,47.0,0.7044025157232704,6.625,18.0,9.05432489451477,25.52699800635643,0.05,222.43333333333334,32.0,28.0,0.47634595006851704,79.93081761006289,18.0,49.0,75.0,17.0,2.7318012161812453,0.039114483372130755,0.999234735780603,-0.001963494146845581,0.9999980723435097,120.71428571428571,591.6326530612241
2025-02-25,124.0,40.0,0.6774193548387096,5.166666666666667,18.0,11.526016260162605,32.067815107861136,0.08333333333333333,310.1166666666667,31.0,20.0,0.4712088431567872,81.1774193548387,21.0,55.0,18.0,30.0,2.6910550652236487,0.0010181085544440501,0.9999994817273514,-0.09613529747815679,0.995368275855116,122.28571428571429,582.2040816326526
2025-02-26,60.0,20.0,0.6666666666666666,2.5,12.0,24.0045197740113,63.48819609661134,0.25,385.4,18.0,9.0,0.4512795828739092,86.45,29.0,15.0,11.0,5.0,2.2151267801078123,0.026540432230081887,0.9996477406852078,-0.07693654946609695,0.9970359910034596,115.0,1065.1428571428573
2025-02-27,71.0,21.0,0.704225352112676,2.9583333333333335,15.0,19.229285714285712,57.08263276843062,0.13333333333333333,432.1166666666667,24.0,11.0,0.4960345357156523,93.4225352112676,31.0,13.0,15.0,12.0,2.4034419427282017,0.013307742723780045,0.9999114480710768,-0.386308538754416,0.9223696183664268,110.42857142857143,1300.2448979591843
2025-02-28,101.0,38.0,0.6237623762376238,4.208333333333333,16.0,12.629166666666668,37.30524883943575,0.2,268.1,23.0,10.0,0.49416984103385464,86.0990099009901,22.0,40.0,12.0,27.0,2.6115116338955966,0.5296725546253197,0.848202207540565,-0.21281722292922095,0.9770920272035252,110.57142857142857,1297.3877551020414
2025-03-01,42.0,20.0,0.5238095238095238,1.75,11.0,31.40040650406505,81.54849742382797,0.26666666666666666,503.75,20.0,5.0,0.44398917719270337,89.83333333333333,11.0,10.0,19.0,2.0,2.3144267008310844,0.13038199103012735,0.9914638351523568,-0.5098549221954377,0.8602604014559104,94.0,1373.1428571428592
2025-03-02,110.0,50.0,0.5454545454545454,4.583333333333333,17.0,12.837003058103974,35.171782847239996,0.06666666666666667,239.93333333333334,25.0,25.0,0.4652227580420834,82.21818181818182,40.0,24.0,19.0,27.0,2.498080079729794,0.08744552034739872,0.9961693033672402,-0.09019803504086042,0.9959238497369002,95.28571428571429,1401.061224489798
2025-03-03,104.0,60.0,0.4230769230769231,4.333333333333333,17.0,13.348867313915859,39.77505209905996,0.1,344.8666666666667,26.0,13.0,0.4974441847882435,97.3076923076923,1.0,44.0,35.0,24.0,2.5922779138714964,0.22445501788402564,0.974484450849105,-0.05749142534175069,0.9983460001483323,87.42857142857143,770.2448979591865
2025-03-04,80.0,29.0,0.6375,3.3333333333333335,14.0,18.12489451476793,52.86798587229146,0.2,331.7,25.0,11.0,0.4893883889215533,93.475,22.0,35.0,3.0,20.0,2.4173153614512985,0.0154891776978627,0.9998800354913804,-0.01999723132620251,0.9998000353767179,81.14285714285714,547.5510204081668
2025-03-05,52.0,24.0,0.5384615384615384,2.1666666666666665,10.0,26.983006535947716,82.912660920102,0.16666666666666666,525.3333333333334,12.0,20.0,0.5089341161381278,85.36538461538461,23.0,10.0,4.0,15.0,1.959579682064497,0.21814324139654256,0.9759167619387474,-0.05872561118146504,0.998274162037345,80.0,603.7142857142895
2025-03-06,79.0,40.0,0.4936708860759494,3.2916666666666665,11.0,17.341880341880344,57.2844028025214,0.13333333333333333,363.65,11.0,33.0,0.5352339789367822,87.48101265822785,29.0,9.0,8.0,33.0,2.007094769357244,0.24100448297324706,0.9705240023754167,-0.1372284471253535,0.9905394254140337,81.14285714285714,590.9795918367383
2025-03-07,70.0,39.0,0.44285714285714284,2.9166666666666665,15.0,19.99710144927536,45.29099249586213,0.18333333333333332,263.3666666666667,25.0,11.0,0.3874196582893289,84.64285714285714,11.0,11.0,16.0,32.0,2.5293057060278654,0.068450606065886,0.9976545065949499,-0.1929501178833972,0.9812085670278176,76.71428571428571,532.7755102040859
2025-03-08,51.0,24.0,0.5294117647058824,2.125,10.0,28.419666666666668,77.32552652333582,0.2,454.46666666666664,17.0,19.0,0.4624877820100562,77.82352941176471,9.0,15.0,23.0,4.0,1.9360383409472794,0.073963445252098,0.9972609531945187,-0.008944693138367654,0.9999599954321475,78.0,453.4285714285755
2025-03-09,74.0,40.0,0.4594594594594595,3.0833333333333335,8.0,18.80525114155251,75.39264040589266,0.18333333333333332,494.0833333333333,17.0,19.0,0.6007288309190919,90.79729729729729,40.0,23.0,1.0,10.0,1.765510799809841,0.008435658000739964,0.9999644192040508,-0.023050848735938982,0.999734293886407,72.85714285714286,282.9795918367393
2025-03-10,82.0,46.0,0.43902439024390244,3.4166666666666665,16.0,17.517283950617283,44.66143675576804,0.11666666666666667,335.3666666666667,19.0,18.0,0.4365505191611837,98.53658536585365,36.0,18.0,11.0,17.0,2.3298042357016344,0.06017747946929346,0.9981876932544915,-0.03184687308354942,0.9994927596910347,69.71428571428571,146.48979591837224
2025-03-11,93.0,55.0,0.40860215053763443,3.875,15.0,14.229166666666671,42.517590109859235,0.16666666666666666,331.15,22.0,19.0,0.49850291100502975,86.68817204301075,7.0,22.0,27.0,37.0,2.4190013017589274,0.005890452161027005,0.9999826511361778,-0.5357039867931057,0.844405849419562,71.57142857142857,205.38775510204556
2025-03-12,73.0,37.0,0.4931506849315068,3.0416666666666665,12.0,17.35740740740741,59.635808211646136,0.11666666666666667,473.21666666666664,15.0,14.0,0.54911852251273,86.54794520547945,9.0,23.0,20.0,21.0,2.3214078188140093,0.12526108461589155,0.9921238131810215,-0.647732152704472,0.7618681371161485,74.57142857142857,141.9591836734739
2025-03-13,75.0,47.0,0.37333333333333335,3.125,12.0,18.592117117117116,51.12470630494678,0.13333333333333333,322.4166666666667,16.0,26.0,0.46663900606713216,87.64,21.0,5.0,13.0,36.0,2.0599858861358764,0.27430889958273924,0.9616416315913672,-0.002181659834336435,0.9999976201773518,74.0,138.85714285714738
2025-03-14,58.0,34.0,0.41379310344827586,2.4166666666666665,10.0,25.18011695906433,70.05516848852147,0.23333333333333334,379.03333333333336,19.0,10.0,0.47120194283614364,91.24137931034483,12.0,4.0,22.0,20.0,2.0389784934795463,0.00021816615476863465,0.9999999762017642,-0.02043347447073626,0.9997912147648896,72.28571428571429,170.20408163265773
2025-03-15,45.0,19.0,0.5777777777777777,1.875,9.0,32.58219696969697,77.30976280013881,0.18333333333333332,326.5833333333333,14.0,10.0,0.4070139974218487,82.84444444444445,14.0,6.0,2.0,23.0,1.963680553561402,0.007926620677126638,0.9999685838488332,-0.01992452376305992,0.9998014869726967,71.42857142857143,211.10204081633123
2025-03-16,62.0,33.0,0.46774193548387094,2.5833333333333335,12.0,22.595355191256832,56.603777472402335,0.16666666666666666,339.3,16.0,26.0,0.4294039737224344,79.53225806451613,12.0,3.0,12.0,35.0,2.0452343007960216,0.06467744851318781,0.9979062218734904,-0.20300092380578788,0.9791785459935265,69.71428571428571,219.91836734694354
2025-03-17,30.0,16.0,0.4666666666666667,1.25,11.0,48.02758620689655,96.0022971544148,0.5,357.03333333333336,14.0,6.0,0.33308859125553525,105.03333333333333,18.0,2.0,6.0,4.0,2.1503216721276313,0.00967188213859454,0.9999532262540569,-0.1950189967819984,0.9807994651783528,62.285714285714285,368.4897959183723
2025-03-18,68.0,39.0,0.4264705882352941,2.8333333333333335,13.0,18.36243781094527,57.48162784890401,0.1,458.71666666666664,22.0,9.0,0.5157844545597436,95.69117647058823,16.0,19.0,19.0,14.0,2.4380379972576525,0.37312272694315957,0.9277819952114292,-0.5078516266061316,0.8614445573300155,58.714285714285715,225.63265306122958
2025-03-19,79.0,40.0,0.4936708860759494,3.2916666666666665,12.0,16.83653846153846,56.93226463808699,0.18333333333333332,417.46666666666664,17.0,19.0,0.5435322858959618,84.92405063291139,21.0,14.0,20.0,24.0,2.1290424592774806,0.4387632779319252,0.8986026852499563,-0.0986684661698185,0.9951203614556862,59.57142857142857,254.53061224490304
2025-03-20,104.0,41.0,0.6057692307692307,4.333333333333333,16.0,13.729935275080908,41.77911237247953,0.13333333333333333,325.1166666666667,14.0,23.0,0.5053082026463366,85.38461538461539,18.0,35.0,7.0,44.0,2.5240464627966546,0.08164859510333629,0.9966611795979873,-0.030901951852702645,0.9995224206448263,63.714285714285715,485.3469387755152
2025-03-21,44.0,25.0,0.4318181818181818,1.8333333333333333,9.0,29.98178294573644,92.60072411230611,0.31666666666666665,544.5666666666667,15.0,8.0,0.5108309714771924,94.61363636363636,0.0,8.0,19.0,17.0,2.04847332859713,0.5725633011881023,0.8198605162663845,-0.048268679705262676,0.9988343879540346,61.714285714285715,532.204081632658
2025-03-22,74.0,41.0,0.44594594594594594,3.0833333333333335,11.0,16.838356164383562,57.533946215784795,0.16666666666666666,468.6166666666667,19.0,12.0,0.5471874441022128,98.63513513513513,16.0,39.0,7.0,12.0,2.126924616167134,0.028648568265641418,0.9995895455317292,-0.7777862751570894,0.6285288459388801,65.85714285714286,496.69387755102525
2025-03-23,68.0,35.0,0.4852941176470588,2.8333333333333335,11.0,17.724378109452736,57.747517971858336,0.06666666666666667,378.98333333333335,17.0,14.0,0.5303052121452722,88.11764705882354,21.0,21.0,9.0,17.0,2.138023047678655,0.20584837586579305,0.9785838983722424,-0.7797479092159013,0.6260936016870245,66.71428571428571,494.4897959183722
2025-03-24,80.0,48.0,0.4,3.3333333333333335,14.0,17.698945147679325,52.4691317960665,0.05,359.56666666666666,18.0,15.0,0.4955271422966692,93.15,4.0,19.0,25.0,32.0,2.419584712703715,0.1546385394215419,0.987971114013751,-0.027049303815333006,0.9996341006403823,73.85714285714286,276.12244897959636
2025-03-25,63.0,28.0,0.5555555555555556,2.625,12.0,19.27768817204301,52.56621604592283,0.18333333333333332,324.15,15.0,15.0,0.46334519589701567,84.57142857142857,17.0,37.0,1.0,8.0,2.2340838970052768,0.055966721724903974,0.9984326347127117,-0.8479324655261623,0.5301042670142578,73.14285714285714,287.5510204081678
2025-03-26,71.0,39.0,0.4507042253521127,2.9583333333333335,15.0,19.420238095238094,44.17273245793669,0.15,269.9166666666667,23.0,13.0,0.38923318328086604,86.09859154929578,11.0,16.0,27.0,17.0,2.4529110500919793,0.009890037858741147,0.9999510923795987,-0.3351090058262444,0.9421793641415344,72.0,282.0000000000046
2025-03-27,51.0,22.0,0.5686274509803921,2.125,12.0,24.64633333333333,62.78046593664484,0.21666666666666667,413.95,16.0,8.0,0.4361835606671527,87.07843137254902,8.0,30.0,7.0,6.0,2.1568376381351384,0.03344590526466365,0.9994405292067293,-0.7660911859274089,0.6427318996629436,64.42857142857143,141.38775510204587
2025-03-28,99.0,61.0,0.3838383838383838,4.125,12.0,13.257993197278909,37.567797310004444,0.18333333333333332,263.73333333333335,21.0,28.0,0.47829662598640615,105.72727272727273,37.0,11.0,26.0,25.0,2.2228519855758693,0.06250020266963485,0.9980449512252715,-0.5239239652540495,0.8517650372212243,72.28571428571429,190.77551020408617
2025-03-29,33.0,19.0,0.42424242424242425,1.375,6.0,27.1796875,85.3047363922075,0.05,429.05,7.0,14.0,0.5167386459471762,97.33333333333333,0.0,17.0,1.0,15.0,1.305269383995293,0.9601108807584197,0.2796195569864376,-0.9323238012155126,0.36162457008209137,66.42857142857143,376.5306122449029
2025-03-30,76.0,40.0,0.47368421052631576,3.1666666666666665,16.0,17.551333333333336,45.173470480573656,0.2,339.8666666666667,22.0,14.0,0.4403702437904811,104.46052631578948,11.0,18.0,34.0,13.0,2.6255583221992103,0.42637140824863035,0.9045481867916599,-0.09888556540447405,0.9950988116537158,67.57142857142857,387.9591836734743
2025-03-31,46.0,18.0,0.6086956521739131,1.9166666666666667,11.0,28.511851851851855,70.87083169724716,0.2,424.7,17.0,7.0,0.426220930374337,85.5,7.0,2.0,14.0,23.0,2.0056055547093243,0.0029088779843619342,0.9999957692054863,-0.6303371332823555,0.7763215174174821,62.714285714285715,408.7755102040868
2025-04-01,62.0,34.0,0.45161290322580644,2.5833333333333335,14.0,20.934426229508198,62.263636692526916,0.11666666666666667,470.93333333333334,20.0,18.0,0.49675688365182624,95.6774193548387,10.0,20.0,9.0,23.0,2.282615804154922,0.2448138537289343,0.969570099076074,-0.4474339345909968,0.8943169875253515,62.57142857142857,408.8163265306174
2025-04-02,31.0,12.0,0.6129032258064516,1.2916666666666667,8.0,40.745555555555555,91.52699611198845,0.26666666666666666,354.96666666666664,11.0,14.0,0.3839151805589099,89.35483870967742,6.0,2.0,1.0,22.0,1.7762705948969328,0.323711006684668,0.9461560041299737,-0.5809989380723222,0.8139043149896884,56.857142857142854,508.4081632653115
2025-04-03,36.0,23.0,0.3611111111111111,1.5,8.0,38.8952380952381,76.988593730668,0.21666666666666667,273.6,14.0,6.0,0.3287201936216442,91.63888888888889,3.0,4.0,13.0,16.0,1.803336456317456,0.006908539999584146,0.9999761357527859,-0.3300339039155775,0.9439690790837607,54.714285714285715,561.0612244898014
2025-04-04,29.0,15.0,0.4827586206896552,1.2083333333333333,7.0,38.045833333333334,101.9364334318868,0.03333333333333333,519.05,10.0,9.0,0.4564192420580781,81.72413793103448,2.0,7.0,2.0,18.0,1.7015774803953994,0.07860409064617108,0.996905911775875,-0.9998952869452216,0.014471183252693684,44.714285714285715,275.34693877551615
2025-04-05,25.0,13.0,0.48,1.0416666666666667,7.0,24.14791666666667,51.835810791208274,0.4666666666666667,239.96666666666667,11.0,5.0,0.36439241730924105,84.76,9.0,7.0,9.0,0.0,1.7348258789461908,0.5357653923027473,-0.8443668896935048,-0.9239351817882857,0.38254905548680607,43.57142857142857,309.95918367347537
2025-04-06,16.0,9.0,0.4375,0.6666666666666666,4.0,81.45444444444446,191.22243102835782,0.48333333333333334,608.7666666666667,8.0,7.0,0.4025570059565318,101.9375,5.0,0.0,2.0,9.0,1.1432752061942137,0.2265096459778624,0.9740089220736037,-0.6620207147046976,0.7494855390879009,35.0,194.8571428571491
2025-04-07,28.0,13.0,0.5357142857142857,1.1666666666666667,14.0,52.08765432098766,87.8353314122058,2.1166666666666667,437.9,17.0,4.0,0.25548109128676094,74.07142857142857,0.0,6.0,11.0,11.0,2.4749500191599316,0.10402218403386763,0.9945749771781031,-0.042529569076554044,0.9990952085533003,32.42857142857143,177.95918367347574
2025-04-08,22.0,11.0,0.5,0.9166666666666666,7.0,46.16111111111111,111.63204466040084,0.16666666666666666,484.8833333333333,8.0,6.0,0.4149161808012327,77.18181818181819,1.0,9.0,0.0,12.0,1.540305825226517,0.2534765670688839,0.9673415270456311,-0.974484450849105,-0.224455017884026,26.714285714285715,35.91836734694528
2025-04-09,30.0,13.0,0.5666666666666667,1.25,11.0,44.941379310344836,81.07262443850296,0.4666666666666667,352.73333333333335,16.0,5.0,0.2867240469572691,88.23333333333333,7.0,9.0,7.0,7.0,2.2511636808428146,0.5509056516909013,0.8345675304821194,-0.013016879714905434,0.9999152768322362,26.571428571428573,34.81632653061875
2025-04-10,22.0,14.0,0.36363636363636365,0.9166666666666666,5.0,49.42539682539682,176.30704710148927,0.2833333333333333,832.9333333333333,7.0,7.0,0.5620886748436966,94.72727272727273,0.0,0.0,2.0,20.0,1.5183498837965295,0.337574474416078,0.9412988230220564,-0.9871013609169477,0.16009654361012898,24.571428571428573,21.1020408163331
2025-04-11,48.0,30.0,0.375,2.0,13.0,29.922340425531907,62.535248337184456,0.2833333333333333,327.5,16.0,12.0,0.3527337057788786,98.41666666666667,11.0,10.0,5.0,22.0,2.3073948516408316,0.13477887211572745,0.990875701403164,-0.011635265801397128,0.9999323080037622,27.285714285714285,89.3469387755167
2025-04-12,25.0,15.0,0.4,1.0416666666666667,8.0,55.286111111111104,110.64117120417741,0.18333333333333332,416.3333333333333,10.0,8.0,0.3336103582283882,86.92,8.0,1.0,3.0,13.0,1.733217181653998,0.11551505185787955,0.9933057297701807,-0.36893579545958216,0.9294548826213166,27.285714285714285,89.3469387755167
2025-04-13,31.0,20.0,0.3548387096774194,1.2916666666666667,9.0,41.97111111111111,90.16732788146686,0.18333333333333332,408.18333333333334,13.0,11.0,0.3647403218760808,86.09677419354838,6.0,5.0,8.0,12.0,1.887303878660608,0.6839107002186183,0.7295657298191021,-0.03606231684539858,0.9993495431047847,29.428571428571427,68.5306122449044
2025-04-14,17.0,8.0,0.5294117647058824,0.7083333333333334,5.0,87.19270833333333,180.9287954602382,0.3,581.8666666666667,7.0,8.0,0.3496030187831293,82.6470588235294,8.0,1.0,3.0,5.0,1.2997417995427407,0.051028708773951596,0.9986971867792875,-0.14442816096524844,0.989515288573247,27.857142857142858,87.83673469388405
2025-04-15,36.0,19.0,0.4722222222222222,1.5,15.0,36.18809523809525,55.51618333643711,0.2833333333333333,257.6166666666667,18.0,7.0,0.2107653906533163,82.02777777777777,2.0,7.0,15.0,12.0,2.4374041681391674,0.6842820002089594,0.7292174875783121,-0.0030543214420703183,0.9999953355493857,29.857142857142858,88.40816326531255
2025-04-16,12.0,8.0,0.3333333333333333,0.5,5.0,99.89090909090909,190.24023612949995,0.4166666666666667,626.1333333333333,7.0,5.0,0.31140857686944845,98.41666666666667,5.0,3.0,2.0,2.0,1.4677339293271525,0.0052359638314195805,0.9999862922474267,-0.9961946980917455,0.08715574274765789,27.285714285714285,127.3469387755167
2025-04-17,21.0,12.0,0.42857142857142855,0.875,7.0,64.18916666666667,155.49424232597096,0.21666666666666667,696.35,9.0,4.0,0.4156211708384599,74.9047619047619,0.0,11.0,7.0,3.0,1.797701254015762,0.41661137231313916,0.9090846849767974,-0.24925334388817463,0.9684383153100476,27.142857142857142,128.9795918367412
2025-04-18,22.0,12.0,0.45454545454545453,0.9166666666666666,9.0,49.126984126984134,94.64823938640824,0.2833333333333333,301.68333333333334,12.0,5.0,0.3166140461967975,97.0909090909091,2.0,1.0,11.0,8.0,2.032113929063348,0.8643113803111148,0.5029570934629469,-0.6727435315700284,0.739875760334589,23.428571428571427,56.81632653061884
2025-04-19,25.0,19.0,0.24,1.0416666666666667,11.0,48.50208333333333,101.28648306043762,0.13333333333333333,486.4,11.0,6.0,0.3523927159322846,105.04,0.0,5.0,9.0,11.0,2.0889104102217066,0.8650055004089985,0.5017623782849587,-0.1582298735945759,0.9874023025607367,23.428571428571427,56.81632653061884
2025-04-20,14.0,8.0,0.42857142857142855,0.5833333333333334,4.0,65.39102564102565,138.63002406876743,0.7333333333333333,442.3,6.0,6.0,0.3589776571188099,78.35714285714286,1.0,2.0,0.0,11.0,0.8953326659680909,0.3665012267242973,0.9304175679820246,-0.8092306656380898,-0.5874910465623575,21.0,55.42857142857809
2025-04-21,20.0,12.0,0.4,0.8333333333333334,7.0,58.25350877192982,115.93557327857229,0.3,485.3333333333333,11.0,4.0,0.3311462683402791,96.8,6.0,5.0,2.0,7.0,1.7092713643970767,0.05335264239070329,0.998575733507444,-0.9855190892735156,0.16956451479451803,21.428571428571427,53.10204081633317
2025-04-22,48.0,32.0,0.3333333333333333,2.0,13.0,28.56418439716312,67.86495045994315,0.06666666666666667,337.28333333333336,15.0,11.0,0.40756111854594523,95.89583333333333,25.0,12.0,3.0,8.0,2.2520997572778816,0.34563942185745455,0.9383674067539028,-0.07236784828579126,0.9973780098510718,23.142857142857142,120.69387755102703
2025-04-23,26.0,22.0,0.15384615384615385,1.0833333333333333,10.0,52.61600000000001,75.43999226463964,0.36666666666666664,237.56666666666666,15.0,6.0,0.1782344727568213,118.57692307692308,3.0,6.0,5.0,12.0,2.0873137131368806,0.03519020622930269,0.9993806328849579,-0.4868436381648379,0.8734891367260524,25.142857142857142,100.12244897959842
2025-04-24,45.0,25.0,0.4444444444444444,1.875,14.0,26.558333333333337,45.27009717498211,0.36666666666666664,218.58333333333334,20.0,8.0,0.2605063720483569,88.91111111111111,16.0,12.0,9.0,8.0,2.422304273858764,0.5179648041590442,0.8554019298858772,-0.5971002580791349,0.8021666172322496,28.571428571428573,142.24489795919018
2025-04-25,46.0,32.0,0.30434782608695654,1.9166666666666667,11.0,31.119999999999997,81.87650016343116,0.11666666666666667,458.1333333333333,13.0,9.0,0.4491864800238954,109.82608695652173,17.0,14.0,3.0,12.0,2.1297516949119366,0.072005186631508,0.9974042576098027,-0.10054983574349162,0.9949320230709015,32.0,167.71428571429215
2025-04-26,34.0,19.0,0.4411764705882353,1.4166666666666667,11.0,41.16868686868687,96.2395784517225,0.23333333333333334,430.98333333333335,15.0,7.0,0.4007829620337686,91.20588235294117,8.0,16.0,1.0,9.0,2.262912873751942,0.23923962321980527,0.9709605567074523,-0.1134922273117105,0.9935388841609708,33.285714285714285,159.63265306123088
2025-04-27,20.0,11.0,0.45,0.8333333333333334,10.0,70.05614035087717,165.08778359619905,0.3333333333333333,744.6166666666667,11.0,3.0,0.4041424573092972,95.2,0.0,3.0,8.0,9.0,2.0374048491606533,0.31081467325346257,0.9504705355192992,-0.1585888927354677,0.9873447032829712,34.142857142857146,130.97959183674104
2025-04-28,29.0,16.0,0.4482758620689655,1.2083333333333333,7.0,47.567857142857136,140.77473984893433,0.23333333333333334,708.2,11.0,10.0,0.4948794600625552,89.86206896551724,0.0,2.0,12.0,15.0,1.6733692360758994,0.16705555427738444,0.9859474842937,-0.2991795777225448,0.9541968247032474,35.42857142857143,104.53061224490429
2025-04-29,15.0,10.0,0.3333333333333333,0.625,6.0,43.60000000000001,93.63739565515138,2.033333333333333,375.26666666666665,9.0,4.0,0.3646046721906964,104.4,3.0,0.0,0.0,12.0,1.6397063574156068,0.09533902934370223,0.9954448600921101,0.3734600533232709,-0.9276462626302009,30.714285714285715,119.3469387755166
2025-04-30,13.0,10.0,0.23076923076923078,0.5416666666666666,8.0,100.56666666666668,179.18393456838535,0.4166666666666667,669.8333333333334,9.0,2.0,0.2810262696653255,107.46153846153847,0.0,3.0,4.0,6.0,2.031759218569271,0.13737251379291565,0.9905194558685938,-0.7705595955189546,0.6373679547589957,28.857142857142858,157.5510204081697
2025-05-01,26.0,20.0,0.23076923076923078,1.0833333333333333,8.0,48.00066666666667,95.5875636355367,0.08333333333333333,368.25,14.0,6.0,0.33141223949007614,124.5,6.0,5.0,9.0,6.0,1.9415413680202749,0.3079793690053576,0.9513930356414544,-0.6698868616707757,0.7424631927313832,26.142857142857142,114.1224489795983
2025-05-02,43.0,21.0,0.5116279069767442,1.7916666666666667,10.0,30.25436507936508,78.34088025613364,0.23333333333333334,427.85,13.0,7.0,0.4428049775863396,96.74418604651163,9.0,20.0,5.0,9.0,2.0574994031749765,0.5655668934493947,0.8247024245350568,-0.1372284471253535,0.9905394254140337,25.714285714285715,98.20408163265952
2025-05-03,44.0,31.0,0.29545454545454547,1.8333333333333333,9.0,29.874031007751935,93.04564405328725,0.2,543.5166666666667,12.0,10.0,0.513925968435612,101.20454545454545,13.0,0.0,11.0,20.0,1.894900175486919,0.22764280323379135,0.97374470685897,-0.4335935552707487,0.9011085555179643,27.142857142857142,134.1224489795983
2025-05-04,50.0,26.0,0.48,2.0833333333333335,14.0,27.291836734693877,61.650952228537086,0.13333333333333333,409.3,20.0,14.0,0.3863058028014761,86.64,19.0,13.0,5.0,13.0,2.403016031045416,0.001963494146845236,0.9999980723435097,-0.43149540828994354,0.9021151326880039,31.428571428571427,183.1020408163329
2025-05-05,18.0,12.0,0.3333333333333333,0.75,5.0,74.65686274509804,162.46511179616977,0.4666666666666667,541.15,7.0,6.0,0.3703083580547273,108.11111111111111,10.0,5.0,2.0,1.0,1.472157144138865,0.00596317293590854,0.9999822201262063,-0.6738726575920588,0.738847508860804,29.857142857142858,205.55102040816965
2025-05-06,28.0,22.0,0.21428571428571427,1.1666666666666667,5.0,27.574691358024694,82.40402590278612,0.2,416.03333333333336,9.0,6.0,0.4985449540635713,114.96428571428571,11.0,9.0,0.0,8.0,1.472604115731768,0.714828753722137,0.6992995444386164,-0.7854069661390901,-0.6189797230444549,31.714285714285715,171.06122448980224
2025-05-07,40.0,35.0,0.125,1.6666666666666667,8.0,30.662393162393155,75.4877570419114,0.08333333333333333,283.8333333333333,10.0,20.0,0.42228262318276494,111.225,7.0,1.0,4.0,28.0,1.339003425131108,0.2604342968028436,0.965491572748726,-0.7186827582100719,0.6953381141944999,35.57142857142857,115.95918367347565
2025-05-08,30.0,17.0,0.43333333333333335,1.25,11.0,41.76781609195403,77.45820043591752,0.2,308.46666666666664,14.0,5.0,0.2993506399303387,94.1,15.0,2.0,8.0,5.0,2.1621817110924155,0.5299192642332049,0.848048096156426,-0.4255160700344808,0.9049508683582832,36.142857142857146,106.97959183674094
2025-05-09,30.0,11.0,0.6333333333333333,1.25,12.0,46.73793103448277,79.02446768103601,0.5,352.23333333333335,13.0,4.0,0.2567264697263536,68.23333333333333,2.0,6.0,15.0,7.0,2.329949320163049,0.03606231684539821,0.9993495431047847,-0.3269430106427159,0.9450440560057912,34.285714285714285,102.2040816326593
2025-05-10,25.0,17.0,0.32,1.0416666666666667,8.0,48.32777777777778,102.62549754770293,0.9,416.5,11.0,9.0,0.359698851534358,89.72,4.0,6.0,2.0,13.0,1.7902776533909868,0.5111055805169978,0.8595179378956455,-0.633324595704683,0.7738862684371004,31.571428571428573,93.67346938776133
2025-05-11,42.0,23.0,0.4523809523809524,1.75,14.0,31.7630081300813,60.6522468470107,0.18333333333333332,357.01666666666665,26.0,6.0,0.3126024888866075,115.0,14.0,9.0,4.0,15.0,2.439321862811884,0.1149371504928666,0.9933727656003964,-0.4668368796983546,0.8843434444566795,30.428571428571427,59.38775510204704
2025-05-12,48.0,29.0,0.3958333333333333,2.0,10.0,22.935106382978724,56.28124036435994,0.15,321.43333333333334,17.0,10.0,0.4209501618111606,99.8125,3.0,11.0,13.0,21.0,2.064174572495027,0.7899321008528032,0.6131943215998308,-0.6202354912682599,0.7844156649195758,34.714285714285715,63.06122448980214
2025-05-13,51.0,39.0,0.23529411764705882,2.125,12.0,17.916333333333334,33.2674556502965,0.23333333333333334,178.41666666666666,20.0,6.0,0.2999215693444057,104.19607843137256,20.0,10.0,13.0,8.0,2.230306290055261,0.9787184162124495,0.20520785015830784,-0.847005968037387,0.5315833802039421,38.0,83.71428571429193
2025-05-14,27.0,14.0,0.48148148148148145,1.125,12.0,42.90705128205128,59.114612199464666,0.6833333333333333,252.6,17.0,5.0,0.15886391541096404,89.25925925925925,8.0,4.0,4.0,11.0,2.301579979348428,0.2941098316842095,0.9557716290551242,-0.898794046299167,0.4383711467890774,36.142857142857146,96.97959183674091
2025-05-15,36.0,18.0,0.5,1.5,10.0,37.360476190476184,96.73954535907836,0.11666666666666667,509.1,12.0,7.0,0.4427968652239148,100.83333333333333,11.0,0.0,12.0,13.0,2.1042480976219657,0.490460194835251,0.8714635949264706,-0.0649677249260196,0.9978873657472255,37.0,90.85714285714906
2025-05-16,29.0,16.0,0.4482758620689655,1.2083333333333333,8.0,40.80535714285714,99.17263618022837,0.25,503.8333333333333,14.0,7.0,0.416974680460326,100.55172413793103,8.0,18.0,1.0,2.0,1.8640304205285492,0.5655668934493947,0.8247024245350568,-0.6417285382801602,0.7669318634382125,36.857142857142854,92.97959183674091
2025-05-17,9.0,6.0,0.3333333333333333,0.375,5.0,64.66875000000002,102.98734699706104,1.3,322.03333333333336,8.0,2.0,0.22855474798350298,67.88888888888889,0.0,5.0,4.0,0.0,1.5229550675313182,-0.17400625238375886,-0.9847445476525166,-0.6513262028125245,0.758797850240641,34.57142857142857,178.53061224490418
2025-05-18,28.0,17.0,0.39285714285714285,1.1666666666666667,6.0,46.83765432098764,139.45159975685007,0.25,726.7333333333333,10.0,7.0,0.4971513031941462,81.03571428571429,0.0,8.0,18.0,2.0,1.6803096174827823,0.5454316594920487,0.8381552987506252,-0.18723844471491774,0.9823144938464151,32.57142857142857,172.81632653061843
2025-05-19,18.0,12.0,0.3333333333333333,0.75,6.0,68.39509803921568,134.81821090754266,0.6166666666666667,493.48333333333335,8.0,3.0,0.3268639894335354,93.16666666666667,2.0,0.0,11.0,5.0,1.6920198079084636,0.9333456752813549,0.3589788997052495,-0.006254055716227226,0.999980443202315,28.285714285714285,150.7755102040878
2025-05-20,35.0,21.0,0.4,1.4583333333333333,9.0,41.51372549019608,117.0650362139259,0.2,590.2166666666667,11.0,13.0,0.47642767487801607,100.97142857142858,11.0,5.0,4.0,15.0,1.8173864528726686,0.0603952488079503,0.9981745408100858,-0.06402430661201686,0.9979483394258695,26.0,78.28571428572043
2025-05-21,35.0,15.0,0.5714285714285714,1.4583333333333333,9.0,38.699999999999996,95.38197151556514,0.25,508.9,13.0,6.0,0.42274118492496304,67.77142857142857,0.0,3.0,11.0,21.0,1.9149871085354455,0.02021535337955896,0.9997956488641764,-0.4983616494605759,0.8669692418690147,27.142857142857142,88.40816326531228
2025-05-22,10.0,6.0,0.4,0.4166666666666667,3.0,107.09074074074074,282.2726559389154,0.2833333333333333,904.4666666666667,3.0,7.0,0.44991880770524356,99.5,0.0,1.0,0.0,9.0,0.8018185525433372,0.07251291027116942,0.9973674738249716,-0.9071358484698396,-0.42083791704277795,23.428571428571427,105.38775510204691
2025-05-23,21.0,11.0,0.47619047619047616,0.875,9.0,48.19916666666667,84.36755703385698,0.06666666666666667,333.0833333333333,13.0,4.0,0.27283159270720847,105.47619047619048,5.0,5.0,11.0,0.0,2.042280201722753,0.9509440916769613,-0.3093627878473413,-0.1905234435348591,0.9816826460030855,22.285714285714285,100.48979591837345
2025-05-24,22.0,15.0,0.3181818181818182,0.9166666666666666,7.0,54.64206349206347,121.96941031838253,0.4,432.6166666666667,9.0,7.0,0.38121728658796156,91.36363636363636,3.0,0.0,13.0,6.0,1.728027600072996,0.5582278961377526,0.8296876616978335,-0.6319729454401244,0.7749904491229125,24.142857142857142,71.83673469388368
2025-05-25,15.0,11.0,0.26666666666666666,0.625,7.0,71.36190476190477,120.94375224658357,0.35,389.5,9.0,3.0,0.2578283356609227,104.93333333333334,3.0,2.0,1.0,9.0,1.7838539603556165,0.6073758397232866,0.7944146205354182,-0.9554502364190021,0.2951522416090943,22.285714285714285,78.20408163265917
2025-05-26,14.0,8.0,0.42857142857142855,0.5833333333333334,6.0,71.34487179487179,97.21797593807632,0.36666666666666664,287.48333333333335,9.0,4.0,0.15349232936664042,90.57142857142857,9.0,4.0,1.0,0.0,1.5367224694372195,0.9905892576035797,-0.13686826776279687,-0.5039624247271178,0.8637255782151899,21.714285714285715,85.06122448980203
2025-05-27,32.0,17.0,0.46875,1.3333333333333333,11.0,43.43118279569892,102.49748801379783,0.43333333333333335,511.35,14.0,6.0,0.40476148306186716,89.625,0.0,5.0,12.0,15.0,2.141837449156696,0.08172107413366822,0.9966552393091803,-0.32095738475973173,0.9470936369589829,21.285714285714285,74.77551020408774
2025-05-28,12.0,8.0,0.3333333333333333,0.5,6.0,114.63333333333334,226.49240583072518,1.7,823.1166666666667,10.0,2.0,0.3279115576898615,104.33333333333333,0.0,5.0,5.0,2.0,1.7045514452672972,0.4157517497162237,0.9094781375095822,-0.34516169706968175,0.9385432344202249,18.0,49.42857142857749
2025-05-29,14.0,8.0,0.42857142857142855,0.5833333333333334,6.0,87.36153846153846,180.28354191806312,0.16666666666666666,659.0166666666667,9.0,4.0,0.3471836781932744,107.42857142857143,0.0,2.0,3.0,9.0,1.5740973368489726,0.19038066156701003,0.981710346131336,-0.9070440142914649,0.4210358133674913,18.571428571428573,42.24489795918975
2025-05-30,42.0,26.0,0.38095238095238093,1.75,9.0,30.040650406504067,74.34413416816304,0.13333333333333333,412.9166666666667,14.0,11.0,0.4244247276284639,93.97619047619048,2.0,9.0,18.0,13.0,1.9057877487290873,0.7404625580186559,0.6720976120865693,-0.07519627708814101,0.9971687519733475,21.571428571428573,110.81632653061834
2025-05-31,18.0,8.0,0.5555555555555556,0.75,7.0,42.030392156862746,66.59829759823796,0.3,234.16666666666666,9.0,4.0,0.22616405939133238,94.44444444444444,1.0,5.0,12.0,0.0,1.6424614604588819,0.1731468345037862,-0.9848960217714957,-0.19665921547017604,0.9804719032030723,21.0,112.28571428572039
2025-06-01,39.0,24.0,0.38461538461538464,1.625,10.0,37.19385964912281,100.75987700058631,0.21666666666666667,552.85,19.0,6.0,0.46077778605497116,93.92307692307692,11.0,10.0,2.0,16.0,2.2349579293241253,0.07127983481095142,0.9974563575161188,-0.04485445194439436,0.9989935325820524,24.428571428571427,141.67346938776126
2025-06-02,34.0,17.0,0.5,1.4166666666666667,12.0,41.77020202020202,77.96576557681833,0.45,343.48333333333335,16.0,6.0,0.3022948265506566,77.5,12.0,12.0,5.0,5.0,2.165449875771428,0.028793952368263466,0.9995853681937397,-0.23761525370906245,0.9713593522506374,27.285714285714285,131.0612244898021
2025-06-03,61.0,36.0,0.4098360655737705,2.5416666666666665,9.0,18.915833333333335,66.49150707567429,0.25,495.1166666666667,17.0,15.0,0.5570443186089811,92.1311475409836,15.0,38.0,3.0,5.0,2.009235117399902,0.1293003944019697,0.991605469936252,-0.9325340280715217,0.36108210491341486,31.428571428571427,273.10204081633276
2025-06-04,67.0,41.0,0.3880597014925373,2.7916666666666665,10.0,19.92070707070707,75.80463748665524,0.06666666666666667,579.7,14.0,14.0,0.5837945078636972,95.8955223880597,0.0,23.0,35.0,9.0,2.173771837239405,0.5190840785878216,0.8547231828824068,-0.0006544984227701298,0.9999997858158843,39.285714285714285,338.2040816326594
2025-06-05,75.0,25.0,0.6666666666666666,3.125,13.0,19.254054054054052,74.87417166596066,0.23333333333333334,635.95,19.0,18.0,0.5908973337853958,86.29333333333334,11.0,51.0,12.0,1.0,2.221732226101755,0.008435658000739964,0.9999644192040508,-0.05785443038272612,0.9983250296797583,48.0,353.1428571428636
2025-06-06,26.0,16.0,0.38461538461538464,1.0833333333333333,9.0,42.17533333333333,84.33773310262073,0.5,418.0833333333333,15.0,5.0,0.33326517929775806,104.65384615384616,1.0,10.0,10.0,5.0,1.998138249770835,0.7075180395481502,0.7066952834949036,-0.7812027825403154,0.6242773522652162,45.714285714285715,411.91836734694516
2025-06-07,11.0,9.0,0.18181818181818182,0.4583333333333333,6.0,110.15166666666667,161.73059276497787,1.6,540.2333333333333,9.0,2.0,0.18971052471806807,100.63636363636364,0.0,4.0,3.0,4.0,1.7677614722893296,0.757280092105623,0.6530902403959955,-0.5792218930448849,0.8151699200887506,44.714285714285715,473.3469387755166
2025-06-08,41.0,29.0,0.2926829268292683,1.7083333333333333,12.0,35.07875,87.69876265973546,0.1,534.2,21.0,6.0,0.4285802140785024,97.21951219512195,0.0,15.0,17.0,9.0,2.4053146160772383,0.08063384351427165,0.996743790188891,-0.07998145900519898,0.9967963514256057,45.0,470.5714285714349
2025-06-09,25.0,14.0,0.44,1.0416666666666667,11.0,54.015972222222224,120.6171587817144,0.55,605.9166666666666,13.0,7.0,0.381377726990366,111.44,0.0,13.0,10.0,2.0,2.0985733129341746,0.5425026285559661,0.8400541042158342,-0.05320740487373674,0.9985834827727736,43.714285714285715,508.775510204088
2025-06-10,14.0,7.0,0.5,0.5833333333333334,8.0,91.58333333333334,142.41734850026577,3.316666666666667,438.1,9.0,4.0,0.2172387480609187,86.14285714285714,1.0,4.0,2.0,7.0,1.9701814400260842,0.10279253678724681,0.9947028171171742,-0.8334440374164929,0.5526038694172306,37.0,547.1428571428635
2025-06-11,31.0,20.0,0.3548387096774194,1.2916666666666667,10.0,41.74444444444444,81.68631400094955,0.1,307.68333333333334,15.0,5.0,0.32359737604768485,104.25806451612904,2.0,7.0,5.0,17.0,2.184660895550248,0.5861956191112632,0.8101695477705657,-0.19130867223488895,0.9815299241122116,31.857142857142858,397.26530612245523
2025-06-12,37.0,26.0,0.2972972972972973,1.5416666666666667,9.0,34.61064814814815,75.6692373067147,0.26666666666666666,319.6333333333333,12.0,10.0,0.37231258437760784,106.83783783783784,13.0,8.0,4.0,12.0,1.984644758317723,0.7452820817097284,0.6667492922249064,-0.005599568753831188,0.9999843222919903,26.428571428571427,105.67346938776129
2025-06-13,26.0,16.0,0.38461538461538464,1.0833333333333333,9.0,54.49666666666666,127.8194114105261,0.43333333333333335,610.8,11.0,7.0,0.40217377160128753,93.73076923076923,0.0,7.0,6.0,13.0,1.9915093613566135,0.19601745603467854,0.9806004063479133,-0.14075723734361445,0.9900441404984898,26.428571428571427,105.67346938776129
2025-06-14,14.0,8.0,0.42857142857142855,0.5833333333333334,6.0,75.81923076923077,139.81699819720907,0.48333333333333334,482.2,11.0,2.0,0.29678578472051875,96.92857142857143,0.0,3.0,2.0,9.0,1.6307991045856431,0.6184655428482592,0.7858119191698534,-0.9676358055371115,0.2523508427617103,26.857142857142858,93.55102040816946
2025-06-15,22.0,15.0,0.3181818181818182,0.9166666666666666,5.0,38.093650793650795,124.86938482496775,0.2,593.6833333333333,8.0,7.0,0.5324872214236221,105.31818181818181,0.0,8.0,0.0,14.0,1.4835853059976083,0.04354673441317288,0.9990513910314868,-0.38248186401282147,-0.9239629990975167,24.142857142857142,60.97959183674084
2025-06-16,30.0,19.0,0.36666666666666664,1.25,12.0,48.93390804597702,87.5065073095069,0.5333333333333333,386.0833333333333,15.0,6.0,0.2827065511566514,103.5,8.0,4.0,3.0,15.0,2.256908717468473,0.01563460418972339,0.9998777721060863,-0.07555885289920748,0.9971413439169775,24.857142857142858,65.26530612245513
2025-06-17,26.0,20.0,0.23076923076923078,1.0833333333333333,7.0,52.647999999999996,138.8092864584755,0.1,636.25,11.0,8.0,0.45002876647978984,108.1923076923077,7.0,0.0,3.0,16.0,1.678224166435476,0.35442704415290516,0.9350836702525794,-0.17694159299837522,0.984221353490767,26.571428571428573,45.67346938776127
2025-06-18,12.0,7.0,0.4166666666666667,0.5,6.0,93.31818181818181,139.1447513963019,0.7,407.18333333333334,7.0,3.0,0.19713495370824496,99.16666666666667,4.0,1.0,0.0,7.0,1.6326309271543518,0.14514771853578134,0.9894099958075305,-0.9961502020072422,-0.08766284869276376,23.857142857142858,65.83673469388367
2025-06-19,16.0,11.0,0.3125,0.6666666666666666,6.0,66.85,103.3708381758859,0.16666666666666666,285.73333333333335,10.0,5.0,0.2145497494152251,92.6875,6.0,5.0,4.0,1.0,1.5481155268740174,0.9999974588783296,0.0022543817076047337,-0.3328469748649516,0.9429808541657939,20.857142857142858,40.979591836740745
2025-06-20,19.0,15.0,0.21052631578947367,0.7916666666666666,5.0,60.41203703703704,101.82077691356798,0.16666666666666666,305.6666666666667,8.0,6.0,0.2552426902312047,118.21052631578948,7.0,5.0,1.0,6.0,1.369854489522489,0.7949002320999405,0.6067401593824664,-0.5807029557109397,0.8141155183563192,19.857142857142858,36.693877551026446
2025-06-21,13.0,6.0,0.5384615384615384,0.5416666666666666,6.0,99.68888888888891,163.27564788221798,0.15,584.4666666666667,9.0,3.0,0.24180735461176311,108.53846153846153,0.0,5.0,4.0,4.0,1.6715952780212544,0.8720336812299987,0.4894458691218642,-0.004145145102923191,0.999991408849134,19.714285714285715,38.48979591837338
2025-06-22,40.0,32.0,0.2,1.6666666666666667,10.0,33.84700854700854,107.99888643457484,0.11666666666666667,653.7166666666667,12.0,9.0,0.5227636506308049,101.6,0.0,26.0,13.0,1.0,2.0442168135238847,0.4691504829534388,0.8831182391642441,-0.035117529125796375,0.9993831893463582,22.285714285714285,89.91836734694486
2025-06-23,21.0,17.0,0.19047619047619047,0.875,6.0,62.65,136.9500215001403,0.18333333333333332,490.93333333333334,7.0,9.0,0.37224455659734523,99.0,7.0,11.0,1.0,2.0,1.339268536577115,0.28178330284597586,0.9594780717854958,-0.5057828476592534,0.8626608319691444,21.0,80.00000000000605
2025-06-24,11.0,9.0,0.18181818181818182,0.4583333333333333,6.0,110.67999999999999,201.1292732161195,0.31666666666666665,644.1833333333333,5.0,5.0,0.2900788430157682,108.9090909090909,0.0,4.0,1.0,6.0,1.540305825226517,0.6579778428395199,0.7530372888059742,-0.671127773331014,0.7413416971031341,18.857142857142858,86.12244897959785
2025-06-25,19.0,13.0,0.3157894736842105,0.7916666666666666,8.0,73.54166666666667,150.56668462864462,0.9,550.8333333333334,10.0,5.0,0.34369543801819685,104.52631578947368,2.0,1.0,1.0,15.0,1.7310255598676203,0.4844279492681819,0.8748311619780264,-0.0015271625018798375,0.9999988338866665,19.857142857142858,78.40816326531217
2025-06-26,26.0,14.0,0.46153846153846156,1.0833333333333333,14.0,50.870666666666665,67.00571257238694,0.31666666666666665,259.65,20.0,3.0,0.13688107837956542,85.92307692307692,8.0,2.0,5.0,11.0,2.4915054149659817,0.014762040385218425,0.9998910351451628,-0.6588535959104972,0.7522711872428767,21.285714285714285,79.63265306123057
2025-06-27,19.0,11.0,0.42105263157894735,0.7916666666666666,10.0,53.58888888888889,97.26839125981063,0.55,420.46666666666664,12.0,3.0,0.28954189236254957,125.10526315789474,4.0,8.0,7.0,0.0,2.177615725211851,0.967286204016648,-0.2536876022178923,-0.24453180686603768,0.9696412715178901,21.285714285714285,79.63265306123057
2025-06-28,21.0,11.0,0.47619047619047616,0.875,7.0,48.03750000000001,112.26669968267034,0.6166666666666667,433.6,10.0,6.0,0.400670723598103,129.28571428571428,4.0,14.0,2.0,1.0,1.7316872368195766,0.5331224011366227,0.8460381229036443,-0.9991197821734571,0.041948311880976426,22.428571428571427,68.53061224490405
2025-06-29,12.0,7.0,0.4166666666666667,0.5,6.0,53.7469696969697,103.94992865598775,0.6,375.03333333333336,7.0,3.0,0.3183509598689361,103.58333333333333,0.0,10.0,2.0,0.0,1.5832584594204766,-0.43267590422221347,-0.9015495338058191,-0.11421471910349655,0.9934560875751426,18.428571428571427,23.959183673475412
2025-06-30,44.0,30.0,0.3181818181818182,1.8333333333333333,14.0,28.233333333333327,62.82763478364008,0.3333333333333333,400.6,22.0,12.0,0.37990263189238493,110.9090909090909,3.0,10.0,20.0,11.0,2.404749750876327,0.5786289316419518,0.815590926547674,-0.3606073476315153,0.932717717658544,21.714285714285715,105.63265306123057
2025-07-01,36.0,21.0,0.4166666666666667,1.5,8.0,34.462857142857146,80.22336912484727,0.45,334.18333333333334,15.0,4.0,0.3990061707599865,91.11111111111111,15.0,4.0,1.0,16.0,1.8958695128599026,0.052118087831804605,0.9986409289232824,-0.8237553001185621,0.5669455049002308,25.285714285714285,105.63265306123063
2025-07-02,12.0,6.0,0.5,0.5,4.0,71.64999999999999,155.01838128219998,0.8333333333333334,545.05,7.0,3.0,0.36779889991982234,98.41666666666667,1.0,3.0,0.0,8.0,1.198849312913621,0.07642899399604162,0.9970750267039853,-0.3652153016575928,-0.930923081374156,24.285714285714285,124.20408163265918
2025-07-03,19.0,13.0,0.3157894736842105,0.7916666666666666,5.0,54.43611111111112,139.53113808526888,0.35,510.28333333333336,6.0,10.0,0.4387082217576032,102.52631578947368,15.0,2.0,1.0,1.0,1.1913695156726758,0.9992517075729684,0.038678481259051004,-0.45793856505710684,0.888983841604243,23.285714285714285,126.77551020408774
2025-07-04,16.0,7.0,0.5625,0.6666666666666666,6.0,38.18555555555556,69.94510198261221,0.13333333333333333,267.55,10.0,5.0,0.2937145408169392,84.3125,8.0,7.0,0.0,1.0,1.511086176073611,0.9870897157576207,0.1601683272233919,-0.6943967652111002,-0.7195923376915294,22.857142857142858,131.55102040816936
2025-07-05,12.0,6.0,0.5,0.5,5.0,96.42424242424244,206.16760789129316,0.5166666666666667,720.3333333333334,8.0,4.0,0.3626778624494115,110.08333333333333,0.0,10.0,0.0,2.0,1.3522093992338282,0.05001190017800835,0.9987486219467764,-0.999410961593305,-0.034318068814333844,21.571428571428573,146.24489795918973
2025-07-06,42.0,26.0,0.38095238095238093,1.75,10.0,26.715040650406504,66.27533036281483,0.35,374.6,18.0,5.0,0.4254235065562181,101.95238095238095,2.0,2.0,15.0,23.0,1.8854061198368488,0.6998711425870145,0.7142691255919905,-0.6659359190633787,0.7460089488077292,25.857142857142858,174.4081632653123
2025-07-07,17.0,10.0,0.4117647058823529,0.7083333333333334,10.0,78.525,92.09412625286033,0.7166666666666667,289.8666666666667,13.0,3.0,0.07952875243746509,101.29411764705883,3.0,5.0,2.0,7.0,2.2008276490345495,0.5440289926047733,0.839066418828352,-0.22395892325973474,0.9745985843886396,22.0,123.71428571429179
2025-07-08,21.0,18.0,0.14285714285714285,0.875,8.0,61.33583333333333,139.53188268426922,0.5666666666666667,552.3833333333333,13.0,4.0,0.3892912753788835,112.61904761904762,0.0,15.0,1.0,5.0,1.8724509888392689,0.6465679009249913,0.7628564409464277,-0.22558872983351794,0.9742226259803762,19.857142857142858,91.26530612245499
2025-07-09,8.0,7.0,0.125,0.3333333333333333,7.0,150.33571428571432,178.4073038464503,0.26666666666666666,499.5,7.0,2.0,0.08539067907884924,115.75,1.0,3.0,1.0,3.0,1.9061547465398496,0.468443889044954,0.8834932500118147,-0.9334500585210015,0.3587073852698589,19.285714285714285,102.20408163265905
2025-07-10,41.0,22.0,0.4634146341463415,1.7083333333333333,15.0,32.04083333333334,64.77067408579116,0.6166666666666667,396.1166666666667,21.0,5.0,0.3380779994547657,104.17073170731707,5.0,6.0,10.0,20.0,2.5150385467345666,0.021160537692289975,0.9997760907546115,-0.6208627802404341,0.7839192612202602,22.428571428571427,159.67346938776117
2025-07-11,25.0,20.0,0.2,1.0416666666666667,10.0,47.28611111111112,86.4840201021246,0.43333333333333335,405.06666666666666,13.0,7.0,0.2930243742418868,103.68,0.0,14.0,4.0,7.0,2.012528710026329,0.335451569750255,0.9420574527872967,-0.8356476217451619,0.5492659212727974,23.714285714285715,153.06122448980204
2025-07-12,6.0,3.0,0.5,0.25,3.0,97.04666666666665,168.97819793623609,1.9666666666666666,434.1333333333333,4.0,3.0,0.2703940151494566,75.33333333333333,1.0,1.0,0.0,4.0,0.8675632284814612,0.9034911983595282,0.42860664307365065,-0.10329888125783161,-0.9946503612480521,22.857142857142858,177.55102040816936
2025-07-13,32.0,21.0,0.34375,1.3333333333333333,11.0,43.30645161290322,84.03755013640426,0.23333333333333334,410.85,14.0,6.0,0.3198509389055111,106.65625,3.0,7.0,6.0,16.0,2.1325349906783972,0.03286444870693201,0.9994598181073562,-0.38254905548680646,0.9239351817882856,21.428571428571427,135.1020408163326
2025-07-14,45.0,25.0,0.4444444444444444,1.875,12.0,32.27007575757575,68.48870516070676,0.31666666666666665,378.8333333333333,19.0,11.0,0.3594587893287938,85.68888888888888,13.0,11.0,6.0,15.0,2.1358659559967106,0.01308959557134444,0.999914327574007,-0.07461613513125981,0.9972123306388031,25.428571428571427,195.6734693877613
2025-07-15,21.0,17.0,0.19047619047619047,0.875,8.0,43.71666666666667,71.15500489931978,0.18333333333333332,271.6166666666667,12.0,3.0,0.23886079011996908,93.23809523809524,5.0,5.0,0.0,11.0,1.9102521673303827,0.47996832565320524,0.8772858179462716,-0.9223134223113121,-0.386442687890967,25.428571428571427,195.6734693877613
2025-07-16,35.0,19.0,0.45714285714285713,1.4583333333333333,12.0,40.94117647058823,73.84653306026726,0.3,292.98333333333335,21.0,6.0,0.28666271610580324,83.82857142857142,10.0,4.0,7.0,14.0,2.336878744559991,0.19330688262332196,0.9811383435226927,-0.014907468484605406,0.9998888775175871,29.285714285714285,150.48979591837366
2025-07-17,26.0,15.0,0.4230769230769231,1.0833333333333333,8.0,48.184666666666665,104.029102543471,0.7,439.2,14.0,4.0,0.36688163079194686,92.03846153846153,3.0,2.0,8.0,13.0,1.8278475683120623,0.07468865426102117,0.9972069017634594,-0.8147484825274893,0.5798145481265138,27.142857142857142,127.83673469388381
2025-07-18,35.0,22.0,0.37142857142857144,1.4583333333333333,9.0,38.28872549019608,76.67289709557883,0.21666666666666667,288.01666666666665,17.0,7.0,0.33388682885667903,94.31428571428572,7.0,16.0,8.0,4.0,2.0624263153582723,0.07113475991100648,0.9974667141977237,-0.507037001571273,0.8619242884601946,28.571428571428573,133.9591836734757
2025-07-19,23.0,12.0,0.4782608695652174,0.9583333333333334,6.0,49.79924242424242,141.78724525179533,0.35,670.8166666666667,11.0,7.0,0.4801382599753046,86.8695652173913,0.0,1.0,21.0,1.0,1.5408756937524202,0.9255680376746869,0.3785813091464362,-0.31482086633214595,0.9491511060531285,31.0,59.7142857142921
2025-07-20,19.0,10.0,0.47368421052631576,0.7916666666666666,11.0,71.80648148148148,118.61514059495427,0.25,510.6333333333333,13.0,3.0,0.24581588268733295,96.57894736842105,0.0,9.0,4.0,6.0,2.2148103680507085,0.25804627718311735,0.9661325575882089,-0.3732576634174769,0.9277277168976497,29.142857142857142,76.69387755102674
2025-07-21,34.0,23.0,0.3235294117647059,1.4166666666666667,12.0,39.82070707070707,87.06009167695446,0.3,459.9166666666667,16.0,7.0,0.3723131086224978,107.8529411764706,1.0,9.0,8.0,16.0,2.190036468436094,0.3464581701858543,0.9380654221915813,-0.19437702330901427,0.9809268947324907,27.571428571428573,41.67346938776139
2025-07-22,31.0,18.0,0.41935483870967744,1.2916666666666667,7.0,31.57277777777778,80.60463920149056,0.5,334.3333333333333,10.0,7.0,0.4370920880873413,92.25806451612904,4.0,15.0,5.0,7.0,1.848410583190185,0.9892617068894921,0.1461549700902729,-0.6640349684530099,0.7477015184360736,29.0,35.142857142863484
2025-07-23,33.0,21.0,0.36363636363636365,1.375,12.0,40.26197916666666,92.15879884990851,0.38333333333333336,512.1833333333333,15.0,8.0,0.3919084335597688,99.6969696969697,8.0,12.0,6.0,7.0,2.214824863056328,0.3744043043646216,0.9272655589814839,-0.27423896630456246,0.9616615773546352,28.714285714285715,32.204081632659395
2025-07-24,27.0,17.0,0.37037037037037035,1.125,10.0,37.534615384615385,53.6277462634457,0.23333333333333334,170.48333333333332,16.0,4.0,0.17653262363867905,112.5925925925926,4.0,6.0,17.0,0.0,2.044858801363263,0.9924839849203722,-0.12237458754405849,-0.32549939354515484,0.9455422490834222,28.857142857142858,31.551020408169602
2025-07-25,7.0,4.0,0.42857142857142855,0.2916666666666667,2.0,84.70833333333333,178.08797158988588,0.25,482.76666666666665,3.0,3.0,0.35533086465517516,78.57142857142857,0.0,1.0,0.0,6.0,0.410116318288409,0.9907478404714436,0.13571557243430418,-0.48881157896754496,-0.872389385691536,24.857142857142858,78.40816326531233
2025-07-26,22.0,15.0,0.3181818181818182,0.9166666666666666,8.0,55.67777777777777,98.5306688662522,0.3333333333333333,351.3833333333333,13.0,6.0,0.27788938946641956,111.5909090909091,11.0,5.0,2.0,4.0,1.8462202193216335,0.5745291745494561,0.8184841034446061,-0.539138322911001,0.8422172337162861,24.714285714285715,79.06122448980213
2025-07-27,29.0,19.0,0.3448275862068966,1.2083333333333333,8.0,40.17440476190477,98.28757475304889,0.4166666666666667,450.8833333333333,13.0,9.0,0.41970489079182915,124.72413793103448,0.0,12.0,12.0,5.0,1.7509327042991831,0.9582602241261676,0.28589743415719365,-0.09396351370539298,0.9955756415723199,26.142857142857142,74.97959183674095
2025-07-28,26.0,13.0,0.5,1.0833333333333333,12.0,55.861999999999995,100.37552208470836,0.15,504.2,17.0,3.0,0.2849092938159514,95.03846153846153,1.0,13.0,8.0,4.0,2.33489939385119,0.04383734483620248,0.9990386815322577,-0.14521967007724046,0.9893994377513348,25.0,64.85714285714907
2025-07-29,12.0,10.0,0.16666666666666666,0.5,6.0,57.874242424242425,96.00649740313412,0.4,319.15,7.0,3.0,0.24780394883510742,147.91666666666666,2.0,5.0,0.0,5.0,1.7045514452672972,0.954305546386806,0.29883260219624586,-0.785496984782947,-0.6188654836851856,22.285714285714285,76.48979591837346
2025-07-30,44.0,30.0,0.3181818181818182,1.8333333333333333,7.0,22.428294573643413,63.40006200476306,0.4666666666666667,273.0833333333333,9.0,9.0,0.47736865838379244,93.79545454545455,10.0,31.0,1.0,2.0,1.6988206327425384,0.7466381822853914,0.6652303546543608,-0.9431985000143466,0.3322297240926625,23.857142857142858,124.97959183674085
2025-07-31,11.0,8.0,0.2727272727272727,0.4583333333333333,7.0,98.735,145.0547788193596,1.9333333333333333,436.45,8.0,3.0,0.18999885493017765,98.9090909090909,1.0,2.0,2.0,6.0,1.7677614722893296,0.8406453828701931,0.5415859490967491,-0.8285899851383554,0.5598559069335788,21.571428571428573,141.95918367347548
2025-08-01,29.0,21.0,0.27586206896551724,1.2083333333333333,9.0,42.73452380952381,70.58703522767875,0.18333333333333332,271.3666666666667,13.0,5.0,0.24578298829273246,100.82758620689656,5.0,11.0,5.0,8.0,1.9635758454723968,0.8250313184315738,0.5650870053425924,-0.09179128269963227,0.9957782687026044,24.714285714285715,109.63265306123067
2025-08-02,53.0,26.0,0.5094339622641509,2.2083333333333335,14.0,25.301923076923078,56.15243929349346,0.13333333333333333,358.98333333333335,18.0,8.0,0.3787460280675526,96.90566037735849,2.0,14.0,17.0,20.0,2.435451580858263,0.35931825003147216,0.9332150851729307,-0.1739346392793421,0.9847571991403592,29.142857142857142,203.2653061224553
2025-08-03,59.0,33.0,0.4406779661016949,2.4583333333333335,11.0,16.53534482758621,41.24365806090773,0.1,216.58333333333334,14.0,17.0,0.4276348153844986,103.23728813559322,17.0,34.0,6.0,2.0,2.066618167763636,0.9970415833508077,0.07686404275937096,-0.5685020251242325,0.8226818628301261,33.42857142857143,312.24489795919015
2025-08-04,42.0,23.0,0.4523809523809524,1.75,12.0,28.771544715447153,54.43045178845843,0.5,239.45,16.0,8.0,0.3083929250640857,90.66666666666667,5.0,16.0,17.0,4.0,2.2756706888128013,0.5227465655766405,0.8524881396112366,-0.5530280661244021,0.833162624028889,35.714285714285715,309.6326530612311
2025-08-05,76.0,38.0,0.5,3.1666666666666665,13.0,17.041555555555558,47.22095096641786,0.18333333333333332,321.01666666666665,18.0,13.0,0.469626801757927,89.02631578947368,13.0,23.0,2.0,38.0,2.310463172792816,0.056837997145523886,0.9983834143656862,-0.6047728763433561,0.7963979960041234,44.857142857142854,377.55102040817025
2025-08-06,28.0,17.0,0.39285714285714285,1.1666666666666667,11.0,48.28641975308641,90.61310237349636,0.6166666666666667,354.2,14.0,5.0,0.3047287850410063,96.0,5.0,2.0,4.0,17.0,2.1560878461292545,0.21629761515100374,0.9763274766593371,-0.3677188261300319,0.92993702201254,42.57142857142857,412.8163265306192
2025-08-07,79.0,52.0,0.34177215189873417,3.2916666666666665,14.0,17.432905982905982,42.50568086503588,0.26666666666666666,257.48333333333335,20.0,18.0,0.4183077413175755,95.9620253164557,1.0,48.0,8.0,22.0,2.3136462958514286,0.18044761743747564,0.9835845959352649,-0.16784420211141587,0.9858135340000066,52.285714285714285,365.6326530612318
2025-08-08,66.0,45.0,0.3181818181818182,2.75,14.0,21.61051282051282,52.16252253296396,0.15,281.1666666666667,19.0,14.0,0.4141351859261852,90.86363636363636,12.0,25.0,26.0,3.0,2.3353668350308827,0.10510703493071,0.9944609148720097,-0.04877713443448285,0.9988096871558467,57.57142857142857,287.10204081633395
2025-08-09,40.0,27.0,0.325,1.6666666666666667,10.0,33.61538461538462,84.93547545774874,0.18333333333333332,418.6333333333333,12.0,12.0,0.43289513724915235,99.725,12.0,1.0,11.0,16.0,2.0374523984101636,0.04245691271028277,0.9990982987489827,-0.4972263627363066,0.8676208527922913,55.714285714285715,324.775510204089
2025-08-10,70.0,40.0,0.42857142857142855,2.9166666666666665,11.0,15.171739130434782,45.698811133380815,0.11666666666666667,312.3333333333333,17.0,13.0,0.5015080670478644,97.28571428571429,35.0,8.0,25.0,2.0,2.0730074716099893,0.9999226805278972,0.012435150417458482,-0.15643446504023112,0.9876883405951377,57.285714285714285,349.9183673469462
2025-08-11,108.0,67.0,0.37962962962962965,4.5,19.0,12.951246105919003,32.651172632112264,0.16666666666666666,295.1166666666667,29.0,18.0,0.43199301860197203,95.07407407407408,35.0,20.0,29.0,24.0,2.679431794831099,0.1952329693888073,0.980756895292421,-0.04005912895957948,0.9991973109386353,66.71428571428571,595.0612244898036
2025-08-12,92.0,61.0,0.33695652173913043,3.8333333333333335,18.0,14.726923076923079,38.00405429252643,0.06666666666666667,305.0833333333333,24.0,31.0,0.44143181819894184,97.8913043478261,13.0,32.0,15.0,32.0,2.3950793830479506,0.06337113728486717,0.9979900294888835,-0.3637254648730855,0.9315061922514836,69.0,668.8571428571506
2025-08-13,42.0,30.0,0.2857142857142857,1.75,9.0,30.866666666666667,80.17491751398303,0.4666666666666667,454.18333333333334,12.0,7.0,0.444052119853572,93.97619047619048,14.0,13.0,4.0,11.0,1.9913754467906573,0.05495017991244575,0.9984890974505379,-0.649005552189431,0.7607836704525747,71.0,528.8571428571507
2025-08-14,82.0,55.0,0.32926829268292684,3.4166666666666665,15.0,16.061728395061728,39.69191094597884,0.15,278.9,19.0,21.0,0.42383210908212055,102.67073170731707,26.0,15.0,10.0,31.0,2.285639055594779,0.5675444066920352,0.8233427879277171,-0.002981599721100545,0.9999955550216727,71.42857142857143,536.8163265306201
2025-08-15,48.0,29.0,0.3958333333333333,2.0,13.0,30.434042553191492,75.96608339858108,0.2,468.3833333333333,20.0,16.0,0.42793220814444954,94.02083333333333,0.0,8.0,11.0,29.0,1.9675652084588315,0.008362938513840155,0.9999650300182571,-0.033518586542462536,0.999438094309095,68.85714285714286,604.408163265314
2025-08-16,50.0,23.0,0.54,2.0833333333333335,10.0,22.23605442176871,76.78843534100358,0.18333333333333332,530.3333333333334,14.0,12.0,0.5508978743533353,85.66,0.0,30.0,7.0,13.0,2.085601798608168,0.16913448484309154,0.985592981933649,-0.9776764028291638,0.21011628054728784,70.28571428571429,534.204081632661
2025-08-17,14.0,11.0,0.21428571428571427,0.5833333333333334,4.0,75.78717948717949,164.25785664044528,0.7666666666666667,513.5333333333333,5.0,7.0,0.36855866124317016,96.71428571428571,0.0,6.0,1.0,7.0,1.0913030006468518,0.9774312596744238,0.21125371620700345,-0.5861956191112633,0.8101695477705656,62.285714285714285,922.7755102040894
2025-08-18,32.0,12.0,0.625,1.3333333333333333,10.0,37.427419354838705,77.28182164043679,0.3,373.3333333333333,14.0,6.0,0.3474384621483073,95.09375,9.0,2.0,20.0,1.0,2.0331097324011314,0.8667517080553433,0.49873988870266334,-0.1711410144641749,0.9852465443573872,51.42857142857143,637.3877551020485
2025-08-19,23.0,14.0,0.391304347826087,0.9583333333333334,8.0,58.50681818181817,102.49683053230945,0.26666666666666666,451.7,12.0,4.0,0.273223698356044,85.1304347826087,3.0,7.0,11.0,2.0,1.9307993395350334,0.5349668997909148,0.8448730177536132,-0.10228616567937988,0.9947550152226479,41.57142857142857,420.5306122449054
2025-08-20,41.0,19.0,0.5365853658536586,1.7083333333333333,7.0,25.031666666666666,74.66996642634247,0.13333333333333333,355.8666666666667,9.0,20.0,0.4978684723586171,77.14634146341463,9.0,8.0,1.0,23.0,1.5504033664406167,0.6803478766149673,0.7328893277879718,-0.9192212621730524,0.3937413759931515,41.42857142857143,420.5306122449054
2025-08-21,44.0,20.0,0.5454545454545454,1.8333333333333333,9.0,22.779069767441865,65.8426294185391,0.16666666666666666,354.96666666666664,11.0,14.0,0.48592568238535244,95.8409090909091,19.0,10.0,0.0,15.0,1.9308284346391382,0.08874942762608044,0.996053984026992,-0.9394934825175304,-0.34256677642042704,36.0,156.85714285715014
2025-08-22,26.0,17.0,0.34615384615384615,1.0833333333333333,7.0,32.98533333333333,82.37781771542359,0.8,411.75,9.0,11.0,0.428147843857135,118.76923076923077,15.0,4.0,7.0,0.0,1.658099237829147,0.9974355808525908,-0.07156998008421428,-0.8637255782151906,0.5039624247271167,32.857142857142854,140.6938775510276
2025-08-23,28.0,18.0,0.35714285714285715,1.1666666666666667,6.0,40.848765432098766,117.51805000367025,0.13333333333333333,589.9,7.0,20.0,0.48412468458499314,113.60714285714286,0.0,3.0,24.0,1.0,1.025176770953631,0.9802136369595721,0.19794248133861542,-0.09910265993252469,0.9950772144885534,29.714285714285715,92.2040816326602
2025-08-24,20.0,11.0,0.45,0.8333333333333334,6.0,70.23508771929825,194.4607664164798,0.26666666666666666,852.3166666666667,7.0,6.0,0.46931478810944616,99.5,0.0,3.0,2.0,15.0,1.4135723866567023,0.3337383075274736,0.9426657637194095,-0.11992024992369485,0.9927835280957469,30.571428571428573,69.67346938776227
2025-08-25,19.0,4.0,0.7894736842105263,0.7916666666666666,8.0,68.08611111111111,134.3093343430257,0.48333333333333334,581.9,14.0,2.0,0.32719720092180093,96.21052631578948,0.0,9.0,6.0,4.0,1.8091581844412503,0.045145045481756414,0.9989804426856664,-0.7774204802912914,0.6289812372588374,28.714285714285715,85.06122448980305
2025-08-26,48.0,31.0,0.3541666666666667,2.0,13.0,24.469858156028366,58.88198906615248,0.06666666666666667,378.35,23.0,8.0,0.4128538485583396,115.04166666666667,5.0,13.0,11.0,19.0,2.286742016584752,0.2086940861214399,0.9779809703761813,-0.8697821460722456,0.4934359313770723,32.285714285714285,120.77551020408883
2025-08-27,25.0,15.0,0.4,1.0416666666666667,7.0,36.90763888888889,85.14506615878817,0.18333333333333332,334.8,11.0,6.0,0.3952180105394342,105.04,8.0,5.0,0.0,12.0,1.6855519458388604,0.5974502124438051,0.8019060067432169,-0.9786287842322999,-0.2056348770807388,30.0,112.28571428572145
2025-08-28,23.0,11.0,0.5217391304347826,0.9583333333333334,10.0,46.849999999999994,84.6835414763087,0.15,357.26666666666665,14.0,4.0,0.2876341733954083,102.82608695652173,7.0,4.0,12.0,0.0,2.1601298108363687,0.995004881883726,-0.09982627423455386,-0.1148649100829279,0.9933811214391186,27.0,82.2857142857214
2025-08-29,62.0,35.0,0.43548387096774194,2.5833333333333335,9.0,18.34426229508197,57.573037155718566,0.13333333333333333,364.68333333333334,13.0,33.0,0.5167303782461263,100.58064516129032,22.0,29.0,2.0,9.0,1.7768823816115582,0.2672383760782569,0.963630453208623,-0.904455145454368,0.42656873990145827,32.142857142857146,230.6938775510276
2025-08-30,124.0,84.0,0.3225806451612903,5.166666666666667,13.0,9.267750677506776,31.339255029126914,0.13333333333333333,237.98333333333332,20.0,25.0,0.5435393220341402,96.58064516129032,13.0,38.0,23.0,50.0,2.325690835213255,0.5950565940645048,0.8036837996751901,-0.6225146366376197,0.7826081568524138,45.857142857142854,1245.5510204081709
2025-08-31,82.0,54.0,0.34146341463414637,3.4166666666666665,12.0,14.57469135802469,55.06431562597882,0.06666666666666667,464.3333333333333,23.0,15.0,0.5814216201740905,101.89024390243902,0.0,26.0,23.0,33.0,2.3378315118549806,0.48277297688092125,0.8757455411211258,-0.5877264173622062,0.8090597371854478,54.714285714285715,1258.2040816326607
2025-09-01,60.0,34.0,0.43333333333333335,2.5,10.0,23.383050847457625,76.0692987093669,0.25,534.8,15.0,21.0,0.5297637320454225,100.5,1.0,18.0,11.0,30.0,1.8963985318265264,0.21991714664544204,0.9755185536991734,-0.04180299535596374,0.9991258727404017,60.57142857142857,1045.673469387763
2025-09-02,53.0,26.0,0.5094339622641509,2.2083333333333335,8.0,19.441666666666663,72.2056623560926,0.15,514.0166666666667,15.0,9.0,0.5757286791884876,102.32075471698113,28.0,22.0,0.0,3.0,1.9781394972402957,0.10814394795973116,0.9941352455876831,-0.98146029743231,-0.19166555393205523,61.285714285714285,1030.7755102040894
2025-09-03,30.0,22.0,0.26666666666666666,1.25,10.0,47.86781609195402,117.6336876980291,0.65,580.8166666666667,13.0,13.0,0.42154222172268635,112.53333333333333,1.0,6.0,5.0,18.0,1.9215799942423817,0.08672106252802386,0.9962326321266588,-0.13888503777138142,0.9903085106587957,62.0,982.0000000000076
2025-09-04,48.0,27.0,0.4375,2.0,11.0,29.365602836879432,70.04286389459106,0.26666666666666666,320.5,18.0,9.0,0.4091931240383383,93.3125,9.0,16.0,6.0,17.0,2.095497181975285,0.03838780908751994,0.9992629164106211,-0.22076836333297195,0.9753262683590967,65.57142857142857,779.9591836734771
2025-09-05,41.0,25.0,0.3902439024390244,1.7083333333333333,11.0,27.633333333333336,61.66027478134615,0.31666666666666665,280.3,17.0,8.0,0.3810680536540995,96.02439024390245,9.0,12.0,1.0,19.0,2.0576546626992256,0.7727335734973511,0.6347305132022675,-0.5456145036303652,0.838036284076167,62.57142857142857,855.3877551020485
2025-09-06,22.0,17.0,0.22727272727272727,0.9166666666666666,12.0,56.8031746031746,109.18207265811496,0.08333333333333333,520.75,16.0,2.0,0.3155635751922392,109.5909090909091,0.0,6.0,8.0,8.0,2.4133406397797703,0.5760162703230083,0.8174382278332541,-0.44795415137451544,0.8940565296816179,48.0,339.14285714286416
2025-09-07,35.0,15.0,0.5714285714285714,1.4583333333333333,9.0,38.2171568627451,100.89919939871768,0.1,516.5833333333334,11.0,6.0,0.45057277390276507,104.82857142857142,5.0,7.0,7.0,16.0,1.966281791499807,0.4024138465963483,0.915457861437396,-0.19808504553895864,0.9801848370250524,41.285714285714285,153.06122448980267
2025-09-08,45.0,18.0,0.6,1.875,11.0,28.302272727272726,74.23504216159442,0.7833333333333333,381.6666666666667,18.0,9.0,0.4479615004947705,94.35555555555555,4.0,8.0,14.0,19.0,2.1149492231551843,0.1562908099400731,0.9877110826189387,-0.6385439812354656,0.7695853325187281,39.142857142857146,100.40816326531277
2025-09-09,34.0,19.0,0.4411764705882353,1.4166666666666667,10.0,38.259595959595956,75.47018476450776,0.5833333333333334,294.3833333333333,13.0,9.0,0.3271842130354644,108.47058823529412,9.0,13.0,2.0,10.0,2.0810701034761796,0.06699950451586645,0.9977530087123909,-0.6496692139794251,0.7602170166520583,36.42857142857143,69.38775510204736
2025-09-10,45.0,25.0,0.4444444444444444,1.875,10.0,28.92954545454546,69.88587755846399,0.26666666666666666,357.8833333333333,13.0,23.0,0.4144730736873581,102.84444444444445,10.0,3.0,5.0,27.0,1.67628868586849,0.5127298195578723,0.8585500172594207,-0.18959528883666138,0.9818623256093203,38.57142857142857,69.38775510204745
2025-09-11,15.0,12.0,0.2,0.625,8.0,68.33690476190476,91.31120173692669,0.5666666666666667,302.3833333333333,10.0,3.0,0.1439058531846107,115.73333333333333,3.0,3.0,3.0,6.0,1.956463203826685,0.9218349682221969,0.3875826252075564,-0.8051526485628583,0.593067628953237,33.857142857142854,113.836734693884
2025-09-12,30.0,25.0,0.16666666666666666,1.25,10.0,46.30057471264368,90.53685163236638,0.2833333333333333,353.93333333333334,17.0,4.0,0.32327615405590265,108.9,13.0,4.0,6.0,7.0,2.0720694693191546,0.4014816025562958,0.9158670879602719,-0.011344396795371846,0.9999356502602301,32.285714285714285,106.20408163265945
2025-09-13,37.0,17.0,0.5405405405405406,1.5416666666666667,9.0,39.652314814814815,107.53144875567095,0.2,583.15,11.0,8.0,0.4611862904861042,85.43243243243244,3.0,21.0,8.0,5.0,1.7960597118592003,0.04594415793871713,0.9989440096178075,-0.00865381619222961,0.9999625550315927,34.42857142857143,89.67346938776159
2025-09-14,58.0,29.0,0.5,2.4166666666666665,8.0,18.746783625730995,52.642979668407705,0.03333333333333333,292.95,12.0,14.0,0.4748047125890902,87.87931034482759,19.0,12.0,5.0,22.0,1.9147724524428444,0.18745274803486883,0.9822736213775548,-0.9903991985886109,0.13823685266612937,37.714285714285715,158.20408163265975
2025-09-15,36.0,19.0,0.4722222222222222,1.5,11.0,36.18238095238095,70.72161127039084,0.4,328.6333333333333,14.0,6.0,0.3230864404580452,84.58333333333333,6.0,9.0,10.0,11.0,2.1674024008282804,0.6628378825665431,0.7487629407460693,-0.03293713138899658,0.9994574254943849,36.42857142857143,149.38775510204746
2025-09-16,18.0,14.0,0.2222222222222222,0.75,5.0,54.925490196078435,113.91006659561977,0.3,373.48333333333335,9.0,5.0,0.3493611033149485,115.5,12.0,1.0,0.0,5.0,1.3005920075345054,0.004145145102923426,0.999991408849134,-0.8056268109459752,-0.5924233633855251,34.142857142857146,191.83673469388404
2025-09-17,32.0,15.0,0.53125,1.3333333333333333,8.0,36.214516129032255,102.77579712978113,0.3,440.8333333333333,9.0,10.0,0.47889151006376485,99.4375,16.0,3.0,1.0,12.0,1.7317037282903585,0.4763277251607845,0.8792678194060967,-0.7759546707806952,0.6307886721348306,32.285714285714285,172.20408163265944
2025-09-18,35.0,21.0,0.4,1.4583333333333333,9.0,31.204901960784316,69.52383607914858,0.25,297.96666666666664,11.0,10.0,0.380417097086763,90.45714285714286,8.0,12.0,1.0,14.0,1.987386492741981,0.8130160860931585,0.5822412247116843,-0.6476767463773446,0.7619152395129375,35.142857142857146,122.4081632653127
2025-09-19,53.0,33.0,0.37735849056603776,2.2083333333333335,10.0,23.719551282051274,60.34527423990424,0.5333333333333333,320.3333333333333,15.0,13.0,0.43568427972633217,96.81132075471699,19.0,12.0,9.0,13.0,2.090611475528872,0.5886086147821173,0.808418145890032,-0.26870968474183304,0.963221213079293,38.42857142857143,153.38775510204758
2025-09-20,26.0,16.0,0.38461538461538464,1.0833333333333333,9.0,50.05866666666667,90.15706148716251,0.4666666666666667,382.4166666666667,12.0,9.0,0.2859764403641247,99.1923076923077,1.0,5.0,14.0,6.0,1.8523659046542296,0.26976023601264193,0.9629275232676672,-0.5222505196435461,0.8527921169499905,36.857142857142854,172.69387755102707
2025-09-21,25.0,19.0,0.24,1.0416666666666667,12.0,37.55555555555556,56.64030139647873,0.15,259.3333333333333,18.0,3.0,0.2026070621199547,116.4,2.0,15.0,8.0,0.0,2.2451588719874653,0.9106836608061771,-0.41310442982454165,-0.3463899512272257,0.9380906148602065,32.142857142857146,106.6938775510268
2025-09-22,6.0,3.0,0.5,0.25,4.0,281.06,331.1168348013868,4.033333333333333,690.0,5.0,2.0,0.0817685870417281,72.16666666666667,0.0,1.0,1.0,4.0,1.242453324894,0.1330492633670799,0.9911094256021771,-0.01796138098774422,0.9998386813846587,27.857142857142858,183.83673469388373
2025-09-23,20.0,14.0,0.3,0.8333333333333334,5.0,41.81754385964913,121.55103258558665,0.1,542.6166666666667,7.0,6.0,0.4880589061915813,108.3,6.0,4.0,0.0,10.0,1.5571130980576458,0.14586719934499173,0.9893041797926705,-0.4543144488354796,-0.8908413896869153,28.142857142857142,178.69387755102662
2025-09-24,4.0,3.0,0.25,0.16666666666666666,3.0,351.2388888888889,426.9371229040411,6.15,952.85,4.0,1.0,0.09727649383684066,87.75,0.0,0.0,2.0,2.0,1.0397207708399179,0.35401900320620994,0.935238229206271,-0.9696056955524955,0.2446728328853886,24.142857142857142,243.83673469388356
2025-09-25,16.0,11.0,0.3125,0.6666666666666666,6.0,66.01555555555555,121.42234074542776,0.16666666666666666,401.9166666666667,8.0,4.0,0.2956007631503787,99.6875,0.0,4.0,0.0,12.0,1.6020559154587264,0.12121969741189412,0.992625702346745,-0.9637275601201547,-0.2668879724994247,21.428571428571427,229.10204081633242
2025-09-26,20.0,14.0,0.3,0.8333333333333334,4.0,61.50614035087719,177.76807523682984,0.6166666666666667,730.65,6.0,9.0,0.48589412194034054,104.25,12.0,0.0,2.0,6.0,1.2353468116280646,0.7392394270225959,0.6734426995189005,-0.3449569304869037,0.9386185146847752,16.714285714285715,64.77551020408727
2025-09-27,17.0,9.0,0.47058823529411764,0.7083333333333334,5.0,66.01562500000001,143.79349637452097,0.26666666666666666,555.5833333333334,6.0,5.0,0.3707077693523301,100.6470588235294,0.0,2.0,3.0,12.0,1.4811172559600023,0.17035281913441994,0.9853831320927691,-0.9977187730465943,0.06750740633736768,15.428571428571429,50.81632653061781
2025-09-28,34.0,23.0,0.3235294117647059,1.4166666666666667,6.0,30.260101010101007,87.61218368251889,0.18333333333333332,391.5,9.0,12.0,0.4865612202391522,96.91176470588235,4.0,21.0,4.0,5.0,1.4956504819265823,0.4429407974723645,0.8965508629935871,-0.9946353265144313,0.1034435461956458,16.714285714285715,85.34693877551584
2025-09-29,10.0,7.0,0.3,0.4166666666666667,4.0,154.0759259259259,388.1008816375536,0.2833333333333333,1250.2,5.0,5.0,0.4316395545639923,94.1,0.0,0.0,2.0,8.0,1.1682824501765625,0.02421407654126838,0.9997067962644115,-0.20691572262300137,0.9783587704576482,17.285714285714285,75.06122448980159
2025-09-30,43.0,25.0,0.4186046511627907,1.7916666666666667,6.0,24.467063492063495,72.10309074018238,0.25,351.6666666666667,12.0,9.0,0.4932789807247991,101.34883720930233,11.0,9.0,8.0,15.0,1.610874660147275,0.3565341790319599,0.9342822802461825,-0.9907675690221172,0.13557147256707208,20.571428571428573,157.67346938776092
2025-10-01,54.0,28.0,0.48148148148148145,2.25,10.0,23.0122641509434,67.16373350267446,0.13333333333333333,433.9166666666667,13.0,13.0,0.4896144262392833,96.55555555555556,0.0,17.0,18.0,19.0,2.0628813811300497,0.5821229701572894,0.8131007610470276,-0.3336011988203198,0.9427142940178883,27.714285714285715,227.06122448980213
2025-10-02,67.0,40.0,0.40298507462686567,2.7916666666666665,9.0,18.96590909090909,76.61364599595218,0.1,584.4,11.0,25.0,0.6031387868739678,93.68656716417911,7.0,7.0,21.0,32.0,1.8974573798122751,0.45321277709628727,0.8914023663176305,-0.3438645649890672,0.9390192548318057,35.0,374.8571428571495
2025-10-03,16.0,6.0,0.625,0.6666666666666666,4.0,29.636666666666663,92.64608968182809,0.5666666666666667,375.76666666666665,4.0,8.0,0.5152764371420472,97.5625,6.0,0.0,0.0,10.0,1.2130075659799042,0.8274074411415104,0.561602106783493,0.22544703251071133,-0.9742554262266719,34.42857142857143,393.95918367347593
2025-10-04,34.0,21.0,0.38235294117647056,1.4166666666666667,7.0,42.76717171717171,128.56185605800135,0.16666666666666666,574.85,9.0,16.0,0.5007597688198752,85.76470588235294,2.0,1.0,10.0,21.0,1.5307018148542924,0.08635881639598812,0.9962640989369657,-0.038678481259051184,0.9992517075729684,36.857142857142854,344.69387755102713
2025-10-05,55.0,36.0,0.34545454545454546,2.2916666666666665,10.0,25.90277777777778,74.21429984817436,0.2,389.23333333333335,15.0,16.0,0.4825502623128242,99.25454545454545,20.0,4.0,4.0,27.0,1.854704677830007,0.019779108321047595,0.9998043743023053,-0.1595222442557846,0.9871943342562283,39.857142857142854,381.5510204081702
2025-10-06,40.0,26.0,0.35,1.6666666666666667,8.0,21.790598290598293,78.64113628481131,0.2,493.1333333333333,10.0,16.0,0.5660614967426112,91.25,5.0,18.0,0.0,17.0,1.6758607902408529,0.03155613108183157,0.9995019812842525,-0.5630453490919658,-0.826426000840914,44.142857142857146,235.83673469388472
2025-10-07,57.0,41.0,0.2807017543859649,2.375,11.0,25.27767857142857,59.64666974005526,0.15,263.8833333333333,13.0,19.0,0.4047012647370433,99.59649122807018,4.0,22.0,9.0,22.0,1.7940321171388964,0.005381405886147109,0.999985520130511,-0.10112864668247108,0.9948733571767675,46.142857142857146,255.26530612245628
2025-10-08,22.0,12.0,0.45454545454545453,0.9166666666666666,6.0,48.59523809523809,120.20646360603152,0.38333333333333336,446.6333333333333,8.0,8.0,0.4242328411921147,96.4090909090909,18.0,2.0,0.0,2.0,1.3967879194119521,0.19922540803800906,0.9799536911467239,-0.9982570372147886,-0.0590159948755601,41.57142857142857,308.8163265306193
2025-10-09,47.0,33.0,0.2978723404255319,1.9583333333333333,10.0,29.902536231884064,80.68617472576516,0.3,373.6333333333333,15.0,6.0,0.4592117771707192,105.72340425531915,2.0,17.0,6.0,22.0,2.159422129483531,0.17371979444848676,0.984795122356308,-0.10655330801971329,0.9943069910998595,38.714285714285715,212.4897959183742
2025-10-10,39.0,24.0,0.38461538461538464,1.625,9.0,32.98640350877192,84.81283494594538,0.25,381.51666666666665,13.0,17.0,0.4399555728630269,93.74358974358974,2.0,3.0,11.0,23.0,1.7909770611363487,0.4151564086622589,0.9097500515782648,-0.3762242631393658,0.9265286308718372,42.0,128.00000000000702
2025-10-11,20.0,14.0,0.3,0.8333333333333334,9.0,72.89473684210526,101.08991655753363,0.6166666666666667,300.26666666666665,13.0,3.0,0.16205555584643816,95.55,8.0,4.0,5.0,3.0,2.029682547488822,0.2184271148420275,0.9758532653538583,-0.019779108321046904,0.9998043743023054,40.0,184.0000000000069
2025-10-12,38.0,24.0,0.3684210526315789,1.5833333333333333,8.0,35.912612612612605,100.36764538595793,0.13333333333333333,518.6166666666667,11.0,8.0,0.4729594272856557,105.92105263157895,3.0,3.0,17.0,15.0,1.885764280765558,0.33401250375919356,0.9425686433000594,-0.14428424027327003,0.9895362843315879,37.57142857142857,146.53061224490475
2025-10-13,14.0,10.0,0.2857142857142857,0.5833333333333334,3.0,13.12051282051282,25.4156684577805,1.0666666666666667,98.45,5.0,8.0,0.3190548525936404,106.78571428571429,14.0,0.0,0.0,0.0,0.8304717124362917,0.997728581047945,-0.06736229331053277,0.6883018231607714,-0.7254244276515358,33.857142857142854,211.26530612245566
2024-04-18,11.0,3.0,0.7272727272727273,0.4583333333333333,4.0,30.916666666666668,51.288812945254776,0.25,175.78333333333333,6.0,3.0,0.24781980927258937,76.0,0.0,0.0,11.0,0.0,1.3421131789144003,-0.9832946417880813,0.18202100821292258,-0.0387511487915175,0.9992488921521693,11.0,