date_local,tweet_ratio,avg_tweets_per_hour,burstiness,time_of_first_tweet_sin,time_of_first_tweet_cos,time_of_last_tweet_sin,time_of_last_tweet_cos,avg_tweet_length,tweet_entropy,tweets_total,retweets_total,active_hours_count,morning_tweets,afternoon_tweets,evening_tweets,night_tweets,burst_count,max_burst_length,7d_avg_tweets,7d_var_tweets,mean_intertweet_gap,std_intertweet_gap,min_gap,max_gap
2024-04-18,0.7272727272727273,0.4583333333333333,0.2478198092725893,-0.9832946417880812,0.1820210082129225,-0.0387511487915175,0.9992488921521692,-0.8984464423556708,-1.2108852930515783,-1.0052926519748957,-1.126524415787066,-1.4848981939021966,-1.4862106234684718,-1.8994668305967133,0.6090905625815863,-1.8573620176742727,-1.2195244525476154,-0.9123314070817621,-1.3417830416483412,,-0.35677164841319947,-0.6274758863128413,-0.3689174212919814,-1.636090897926086
2024-04-19,0.75,0.5,0.2761645932085836,0.2131724895397206,0.9770145800874404,-0.0265404322300814,0.9996477406852078,0.8483539424920618,-1.1945055717487356,-0.9143991479607064,-1.126524415787066,-0.7048079795512759,-1.4862106234684718,0.4128159399136957,-1.0991566449374235,-1.2146386050555131,-0.5091761808010942,-0.5992390559340501,-1.285681699457367,-3.4636227797894836,1.3374951323869768,1.3623777994659836,0.33038040585414924,1.2594833971512598
2024-04-20,0.72,1.0416666666666667,0.1981788399247237,0.0166525801999153,0.9998613361725142,-0.5470154452898162,0.83712251350348,-0.46087294595131373,0.08517655417512043,-0.12728714400885668,-0.3899802307039562,0.12212097085718994,-0.8728295475004183,0.10573202176959423,-0.4383164172581281,0.6536880386633723,0.013344408322606053,-0.12713541216204036,-0.8631079236833806,-0.8809601942095413,0.31829489369374786,-0.007346883932345348,0.10778934279715044,-0.572946506237998
2024-04-21,0.4285714285714285,0.2916666666666667,-0.0471431620319692,0.3658921913947948,-0.9306572431761948,-0.8199021520766907,0.5725036777349218,0.9731253985526117,-0.7678350761382843,-1.4657236581542106,-0.8894101494828957,-1.0621968627361917,-0.2594484715323648,-0.5626675956858416,-1.0991566449374235,-1.8573620176742727,-1.2195244525476154,-1.315977651467937,-1.0582165238895762,-0.7971622130826012,1.0278172496020441,0.11469243533669081,1.1100305946408497,-0.8153357449093281
2024-04-22,0.6,0.8333333333333334,0.1478053629334473,0.0253045728655296,0.9996797880281932,-0.0530621662312202,0.9985912109140808,0.9586207167855731,0.8740345133759225,-0.36981390137374553,-0.2648229589913816,0.7303964035101177,-0.2594484715323648,-0.8400785014334814,0.5261347058845063,-0.19594609771924862,0.5476147922890665,-0.9123314070817621,-0.9464238589700464,-0.8441838270849769,0.7057985429717075,0.2868154286390356,0.5393926752589835,0.06641630280572246
2024-04-23,0.5,0.8333333333333334,0.3598904565828085,0.1089391643809143,0.9940484185712424,-0.8800978284951514,0.4747923886059244,-0.7772621656568599,0.02318676719274057,-0.36981390137374553,-0.05158854355333365,-0.12215091341171726,0.23576775924743243,0.4128159399136957,-0.7125898927770046,-0.838669510338008,0.42687573824441677,-0.3434239783961347,-0.8766478562763869,-0.9084736119504089,0.4681024507893118,0.6394785295161418,0.5755311988891946,0.685965746670469
2024-04-24,0.4,0.2083333333333333,0.0005362588179149,0.181234370811869,0.9834399335172566,-0.4058728077372588,-0.913929572745884,1.643148117597778,-0.6406833459914942,-1.7924046559267455,-1.126524415787066,-1.0621968627361917,-1.4862106234684718,-1.2310672131412774,-1.759996872616719,-0.3650044686728924,-1.5265285493160545,-1.8848850801535646,-1.009187827128971,-0.7627838896422624,1.8619487742438736,1.1766378047940145,2.613101882643272,0.5242784719109561
2024-04-25,0.75,0.3333333333333333,0.0788840946422318,0.281573970498524,0.9595395245312704,-0.8999386178498898,0.4360166098928228,2.556943068921248,-0.007788236343385485,-1.3319736497474306,-1.4322178724723336,-0.39522364730128035,-0.5140246194071121,-1.2310672131412774,-0.4383164172581281,-0.838669510338008,-0.7190105453386694,-1.8848850801535646,-1.0482698553192007,-0.7060319890786033,1.6276682389710369,1.128992997529354,3.026605968456112,0.7335984283081535
2024-04-26,0.6428571428571429,0.5833333333333334,0.2168294267578029,0.3396956634462764,0.940535409347141,-0.961999877125356,0.2730498789796468,1.183677230654794,0.41971185937195116,-0.7518991840797027,-0.6956736873892239,0.12212097085718994,-0.8728295475004183,-0.3474909802149713,-0.051749665097709216,-0.3650044686728924,-0.1460674035471263,-1.315977651467937,-1.022092072564341,-0.7140408681157424,0.8141514935354556,0.6027199732070884,-0.07129397472744692,0.4266574034901796
2024-04-27,0.7692307692307693,0.5416666666666666,0.1400917353591048,-0.7957378174433829,-0.6056412518070754,-0.0753413086082775,0.9971578045711684,0.9608881980543673,-0.6911650703639767,-0.8302449075530604,-1.126524415787066,-0.7048079795512759,-1.4862106234684718,-0.3474909802149713,0.43526684594289394,-1.8573620176742727,-0.5091761808010942,-0.5992390559340501,-1.187205444171068,-1.0600370899233205,-0.020184129000819322,-0.5496832019985745,0.10778934279715044,-1.3243814523550383
2024-04-28,0.5,0.5,0.1262621917647788,0.1821640206956537,0.983268157505364,-0.3891909396043259,0.9211571052377016,0.10596377893177343,-0.9306329565308631,-0.9143991479607064,-0.5318718426473102,-1.0621968627361917,-0.2594484715323648,-1.2310672131412774,-0.2255733817364018,-0.3650044686728924,-0.7190105453386694,-0.9123314070817621,-1.1159826658499608,-1.1742630839467831,1.26663156595108,0.8555443995252794,-0.5558256495732251,0.17730543343824362
2024-04-29,0.6666666666666666,0.625,0.3148387098025826,0.1511889345433092,-0.9885048841921112,-0.3971478906347803,0.9177546256839813,0.22823980587111606,-0.023205422835822973,-0.6786116542023607,-0.6956736873892239,-0.39522364730128035,-0.8728295475004183,0.5739056614256938,-0.7125898927770046,-1.8573620176742727,0.1609366932213123,-1.315977651467937,-1.187205444171068,-1.3770711946169365,0.14999085268879442,0.14231340079521732,0.2611945939851866,-0.15885848601823166
2024-04-30,0.6666666666666666,0.25,0.2778951979958715,0.7757711489673282,0.6310143615084456,-0.9273472192616116,-0.3742019974930071,0.8046839328708673,-1.916285292176945,-1.6173569115049098,-1.4322178724723336,-2.002242812060666,-1.4862106234684718,-0.8400785014334814,-1.759996872616719,-0.3650044686728924,-1.5265285493160545,-1.315977651467937,-1.4088349759742094,-1.6354373088299952,1.6123576404165454,1.6756828916937905,0.8182906148987282,1.1868115261740653
2024-05-02,0.5625,0.6666666666666666,0.2023228418846779,0.0722953167188344,0.9973832699521902,-0.0396958079245749,0.9992118107954966,0.6900501576152348,0.328147215941607,-0.6097686019544833,-0.3899802307039562,0.3430917687452825,-0.8728295475004183,-0.023031874631775716,0.22252381042116723,-0.838669510338008,0.013344408322606053,-0.5992390559340501,-1.2317809855053703,-1.7551954417149866,0.9859733672504024,0.7541982619902409,-0.14990568714945404,0.6779971929864087
2024-05-03,0.375,0.3333333333333333,-0.1919403737051736,0.4352965712500709,0.9002871181228419,-0.4316922090107706,0.9020209735252286,0.4935351143198651,-0.007788236343385485,-1.3319736497474306,-0.6956736873892239,-0.39522364730128035,-0.8728295475004183,-0.5626675956858416,-0.4383164172581281,-1.2146386050555131,-0.9535854075245114,-1.315977651467937,-1.2317809855053703,-1.7551954417149866,1.7486369375472657,0.5188003553567271,1.694414086326274,-0.19171906491857837
2024-05-04,0.6111111111111112,0.75,0.2081035481685767,0.4987398887026634,0.8667517080553432,-0.0626453617620737,0.9980358503829904,1.2086315218669064,0.8176031916307656,-0.4834649322609811,-0.3899802307039562,0.5448223020231943,-0.2594484715323648,0.4128159399136957,-0.7125898927770046,-0.5719151924367537,-0.1460674035471263,-0.5992390559340501,-1.1726625355348876,-1.5430153151011483,0.7373999527056397,0.49167590382572285,-0.5558256495732251,0.2915960346698201
2024-05-05,0.1666666666666666,0.25,0.0205251647979651,0.2620488199084815,-0.9650546181354568,-0.0978723955421277,0.9951989721612684,0.43348885109072305,-1.4234591243539045,-1.6173569115049098,-0.6956736873892239,-1.4848981939021966,-0.8728295475004183,-0.5626675956858416,-0.7125898927770046,-1.8573620176742727,-1.2195244525476154,-1.8848850801535646,-1.2778509543867151,-1.347939345963754,1.5645680826792203,0.8987423784836945,2.030095843221471,0.22108735131325333
2024-05-06,0.5714285714285714,0.5833333333333334,0.0728376244434448,-0.1921651457253651,-0.981362602083628,-0.6077224106632535,0.794149527216156,1.1602825826434422,-0.09297727699654665,-0.7518991840797027,-0.5318718426473102,-0.12215091341171726,-1.4862106234684718,-0.1716788839780456,0.43526684594289394,-1.8573620176742727,-0.3193579088579942,-0.5992390559340501,-1.246966687437455,-1.3238546850421413,-0.03561601320450019,-0.7501442415235029,-0.2222032806343674,-2.0871823753878296
2024-05-07,0.6,0.8333333333333334,0.399327270556515,0.4825819073545138,0.8758508450039193,-0.4262398425385121,0.9046101904316268,0.2020378000983997,-0.9301803008968536,-0.36981390137374553,-0.2648229589913816,-1.0621968627361917,-1.4862106234684718,-0.023031874631775716,-0.7125898927770046,0.5209972261593706,0.013344408322606053,-0.9123314070817621,-1.1726625355348876,-1.11345249077991,0.5239860216369194,0.8280756200757969,0.9044602468528791,0.6560423864460045
2024-05-08,0.4,0.2083333333333333,-0.1837729316626104,0.167485739107541,0.985874498704374,-0.4692147038834898,0.8830841192431947,0.5950678866891392,-0.6406833459914942,-1.7924046559267455,-1.126524415787066,-1.0621968627361917,-1.4862106234684718,-1.2310672131412774,-0.7125898927770046,-0.838669510338008,-1.5265285493160545,-1.8848850801535646,-1.187205444171068,-1.06650597100463,2.4860238378995483,1.3645145215049814,2.9556932809594274,0.8228624150003329
2024-05-09,0.4166666666666667,0.5,0.19617595998602,0.4087287205465048,0.9126559225690792,-0.9395930914040004,0.342293474354791,1.437899072378171,-0.7895310305595485,-0.9143991479607064,-0.3899802307039562,-0.7048079795512759,-0.8728295475004183,-0.8400785014334814,-0.2255733817364018,-0.19594609771924862,-0.9535854075245114,-0.3434239783961347,-1.246966687437455,-1.1164263450868568,1.0165117229087568,0.7710062904785008,0.07049834757884822,0.3173603304640145
2024-05-10,0.4705882352941176,0.7083333333333334,0.1395412373256594,0.5635861230106826,0.826057311540663,-0.4130382019475619,0.9107137001999724,1.4944132024761847,0.2728698853153542,-0.5448616457955814,-0.1528659643997854,0.12212097085718994,-0.2594484715323648,0.10573202176959423,-1.0991566449374235,-0.05300928173733781,0.1609366932213123,-0.9123314070817621,-1.1159826658499608,-1.1164263450868568,0.7135617953191352,0.2725918627618674,0.7699937981035395,-0.22512339913338764
2024-05-11,0.5454545454545454,0.4583333333333333,0.2025813052314908,0.504653194270734,0.8633221609065441,-0.9692130063712664,-0.2462237768388167,0.14367878724098687,-0.5059047406580738,-1.0052926519748957,-0.6956736873892239,-0.7048079795512759,-0.8728295475004183,0.10573202176959423,-1.759996872616719,-0.5719151924367537,-0.7190105453386694,-1.315977651467937,-1.2167612508510168,-1.212862223424775,0.9318094832258855,0.6941695076809603,0.6663374574159104,-0.1569366871795952
2024-05-12,0.6,0.2083333333333333,-0.1085178547299994,0.1749371388622703,-0.9845796044234733,-0.9953961983671789,0.095845752520224,-1.8810216588325197,-1.2320747473791436,-1.7924046559267455,-1.4322178724723336,-1.4848981939021966,-0.5140246194071121,-0.8400785014334814,-1.0991566449374235,-1.8573620176742727,-1.8896373265700228,-1.315977651467937,-1.2317809855053703,-1.162538148335203,1.1234029781132127,0.053770360901182784,1.4676436495001204,-1.2768335584997446
2024-05-13,0.5,0.25,0.2630841737691925,0.6731738599652016,0.7394842488245109,-0.9639407468005008,-0.2661169604848453,-0.7237664038708974,-1.916285292176945,-1.6173569115049098,-1.126524415787066,-2.002242812060666,-1.4862106234684718,-0.3474909802149713,-1.759996872616719,-0.838669510338008,-1.8896373265700228,-1.315977651467937,-1.358241825692391,-1.082456786652059,1.702430015250331,1.732921028696822,-0.35471843206916825,1.2823902560789635
2024-05-14,0.875,0.3333333333333333,0.2687077437488431,0.2306158707424401,0.9730448705798238,-0.2905630276292409,-0.9568558548574226,-1.2423477681225679,-0.7470274880779472,-1.3319736497474306,-1.8630686008701758,-1.0621968627361917,-0.06198387030600885,-0.8400785014334814,-1.759996872616719,-0.838669510338008,-1.2195244525476154,-1.315977651467937,-1.5728522751780891,-1.4999818396224975,1.1154925870924857,1.091309372018428,1.1349207877007788,0.6426677972764561
2024-05-15,0.5714285714285714,0.2916666666666667,0.1331067145279879,0.4524995614618456,0.8917646252665764,-0.6209767901079869,0.7838289520980845,-1.3663394025827416,-0.9272757824934543,-1.4657236581542106,-1.126524415787066,-1.0621968627361917,-0.5140246194071121,-1.8994668305967133,-1.0991566449374235,-0.3650044686728924,-1.5265285493160545,-0.9123314070817621,-1.5346750413069248,-1.5812139867914403,1.8805403705208108,1.561806266654615,-0.326872502478219,1.0560160838734904
2024-05-16,1.0,0.4166666666666667,0.2257009458266663,0.3842281839021212,0.9232381614162608,0.8772509113449242,-0.4800321224090113,-1.7434611285257609,-1.5816651258046301,-1.104099516129765,-2.5996127859532856,-1.4848981939021966,-0.8728295475004183,-1.8994668305967133,-1.759996872616719,0.27771894394586744,-1.5265285493160545,-0.5992390559340501,-1.5728522751780891,-1.6274424017502322,0.029180941261455037,-0.2548029628984342,0.4230367447091885,-1.3782622693673312
2024-05-17,0.9090909090909092,0.4583333333333333,0.231622076871565,0.2541096362819609,0.967175419843086,-0.0757038804291715,0.997130343780574,0.17940879511287144,-1.05695591926469,-1.0052926519748957,-1.8630686008701758,-1.0621968627361917,-0.8728295475004183,-1.8994668305967133,0.22252381042116723,-0.5719151924367537,-0.9535854075245114,-0.5992390559340501,-1.6941921025095332,-2.3008227029983437,1.4350549400191823,1.3416582509264776,0.212458564641002,0.9085618084836439
2024-05-18,0.8125,0.6666666666666666,0.2767900887273677,0.0606856034527668,0.9981569303138528,-0.627736649329305,0.7784257826465008,-1.365169670182174,-0.15652691382892703,-0.6097686019544833,-1.126524415787066,-0.12215091341171726,-0.8728295475004183,-0.8400785014334814,-0.7125898927770046,0.446777314899511,0.1609366932213123,-0.5992390559340501,-1.5923461061603783,-1.7388275773908413,0.8558328845998969,0.8235707103782827,0.1349302358523507,0.715155135840281
2024-05-19,1.0,0.3333333333333333,0.129715689005807,0.5434797084346822,0.8394223052312542,-0.023995973777379,0.9997120551651236,-0.2761488052536666,-0.7470274880779472,-1.3319736497474306,-2.5996127859532856,-1.0621968627361917,-1.4862106234684718,-1.2310672131412774,-0.4383164172581281,-0.3650044686728924,-1.2195244525476154,-1.315977651467937,-1.5346750413069248,-1.8840613306715586,1.8144135072174323,1.4783690417319546,0.9429796487011038,1.1884562504928708
2024-05-20,0.6818181818181818,0.9166666666666666,0.2304154785228824,0.5258428374185955,0.8505817481791862,-0.2578354936169855,0.9661888315600038,1.2781065371733484,0.7215457542948599,-0.26650975377737496,-0.3899802307039562,0.5448223020231943,0.35393260443568864,0.21930982772975055,0.0952161932524188,-1.2146386050555131,0.1609366932213123,-0.5992390559340501,-1.2623220655277396,-1.2185453039570853,0.43201236385203334,0.2122405357642736,0.755070011646464,0.004467220683385426
2024-05-21,0.5,0.1666666666666666,-0.1541128511243121,0.1962313851898263,0.9805576186367032,-0.762433099883326,0.6470670507778172,1.4597340771887664,-1.8558863656797893,-1.999442194210867,-1.4322178724723336,-2.002242812060666,-1.4862106234684718,-1.2310672131412774,-1.0991566449374235,-0.838669510338008,-2.334046553293439,-1.315977651467937,-1.3255190406875437,-1.0628025133826673,2.746074576254025,1.7383355148837545,0.22073665993788544,1.1310934614693429
2024-05-22,1.0,0.1666666666666666,-0.3126719303901665,-0.6982591288782461,0.7158450872487656,-0.4196501187858356,0.9076859466814688,-1.7008828691450975,-2.8741468535358985,-1.999442194210867,-2.5996127859532856,-2.6692160274955774,-1.4862106234684718,-1.8994668305967133,-0.2255733817364018,-1.8573620176742727,-2.334046553293439,-1.315977651467937,-1.374900115005223,-0.9643957746578679,-0.5636596242452429,-2.3784420874686094,1.7353353910373561,-4.552032914768479
2024-05-23,0.8125,0.6666666666666666,0.2351080756520611,0.6028599186947073,0.7978470520290282,-0.2250927683454202,0.9743373366748268,-0.8820701887477234,-0.4018639763681863,-0.6097686019544833,-1.126524415787066,-0.39522364730128035,-0.5140246194071121,-0.3474909802149713,-1.0991566449374235,0.27771894394586744,-0.1460674035471263,-0.9123314070817621,-1.2778509543867151,-0.9039211704376895,0.8259810471275755,0.6684648961159178,-0.13831629844742535,0.24168902675735612
2024-05-24,0.6666666666666666,0.625,0.2725446885663679,0.3228852066539807,-0.9464381349692204,-0.5334299940296858,0.8458442182042089,0.4247548491664858,-0.14593022699929367,-0.6786116542023607,-0.6956736873892239,-0.39522364730128035,-0.2594484715323648,-0.8400785014334814,0.5261347058845063,-1.8573620176742727,-0.3193579088579942,-1.315977651467937,-1.2167612508510168,-0.8804793562079821,0.15943940500061274,0.027362029785063167,0.9471753801392165,-0.36628293033117265
2024-05-25,1.0,0.1666666666666666,-0.0654866528232842,0.3744043043646216,0.927265558981484,-0.7314032960055633,-0.6819451727171315,3.3102507348868317,-1.116647113945228,-1.999442194210867,-2.5996127859532856,-1.4848981939021966,-0.8728295475004183,-0.8400785014334814,-1.759996872616719,-1.2146386050555131,-1.8896373265700228,-1.8848850801535646,-1.4088349759742094,-0.8064565842793355,2.2842171024074167,1.4678976073713426,4.107816936207405,0.8717521462686085
2024-05-26,0.5,0.0833333333333333,,0.4366709483726579,0.8996212996852195,0.5836593179448015,0.8119986456738761,-0.9639514567874607,-2.595125617414351,-2.579516659878595,-1.8630686008701758,-2.6692160274955774,-1.4862106234684718,-1.8994668305967133,-1.759996872616719,-0.838669510338008,-2.9069896950849823,-1.8848850801535646,-1.5159769019660405,-0.6808635863795983,-0.07147657356585951,-6.057063070827759,3.353502243841083,-4.62264328021952
2024-05-27,0.4,0.2083333333333333,0.1050166658492153,0.5027056541982485,0.8644576480297407,-0.9168859999894484,0.3991491738978661,0.7915829299845091,-1.2320747473791436,-1.7924046559267455,-1.126524415787066,-1.4848981939021966,-1.4862106234684718,-1.2310672131412774,-0.7125898927770046,-0.838669510338008,-1.5265285493160545,-1.8848850801535646,-1.8746861249161935,-1.1304653408061502,2.2385902845400447,1.8844700488195998,3.3605782300203466,1.469517036947325
2024-05-28,0.5,0.1666666666666666,0.1435586692088344,0.2378978006340048,-0.971290191679862,-0.4182634454849801,-0.9083257621421036,2.573319322529195,-2.8741468535358985,-1.999442194210867,-1.4322178724723336,-2.6692160274955774,-0.2594484715323648,-1.2310672131412774,-1.759996872616719,-1.8573620176742727,-2.9069896950849823,-0.9123314070817621,-1.8746861249161935,-1.1304653408061502,0.24990500099032034,-0.23661689711214895,0.6663374574159104,-1.9783218370436948
2024-05-29,0.8333333333333334,0.25,-0.1245415531524753,0.8202766792207807,-0.5719669304483682,-0.3671777485017869,-0.9301507947667188,-1.5862490938894651,-0.7446187991164985,-1.6173569115049098,-1.8630686008701758,-1.0621968627361917,-0.06198387030600885,-0.8400785014334814,-1.759996872616719,-1.8573620176742727,-1.2195244525476154,-1.8848850801535646,-1.8272920475967505,-1.163596372055651,0.46476529264434413,-0.7239085723974136,2.8707439490754285,-1.889653366031756
2024-05-30,0.75,0.1666666666666666,-0.2120597301681349,0.3786486173524329,0.9255405040175664,-0.1367241909483162,-0.9906091538086697,2.2294179967622982,-1.8558863656797893,-1.999442194210867,-1.8630686008701758,-2.002242812060666,-0.8728295475004183,-0.8400785014334814,-1.759996872616719,-1.2146386050555131,-1.8896373265700228,-1.8848850801535646,-2.139792098064412,-1.5573345720981948,2.0232252433193265,0.7678185282168417,2.5988438767663125,-0.3091619169796063
2024-05-31,0.6666666666666666,0.5,0.2345972258476918,0.7565672307607229,0.6539159161077601,-0.2904238555136629,0.956898105415921,0.013165008486739254,-0.9910318830280184,-0.9143991479607064,-0.8894101494828957,-1.0621968627361917,-0.8728295475004183,-0.3474909802149713,-0.4383164172581281,-0.3650044686728924,-0.7190105453386694,-0.9123314070817621,-2.2304376082800585,-1.9487876614328765,1.138485224766768,1.0177115281536209,-0.4739532042657392,0.4186261551154556
2024-06-01,1.0,0.125,-0.0401858939311099,0.5049043031532253,0.8631753267195234,-0.698415285431006,0.7156927337037358,1.503404086809961,-2.7159234704086623,-2.25283566210606,-2.5996127859532856,-2.6692160274955774,-1.4862106234684718,-1.8994668305967133,-1.0991566449374235,-0.838669510338008,-2.334046553293439,-1.8848850801535646,-2.262031920216226,-1.9127793381980258,3.1856349304239906,2.544624019247429,3.475023195942895,2.0515440375118366
2024-06-02,0.8,0.4166666666666667,0.0692294868889122,0.8495859787204104,0.5274501538170998,-0.0157073173118208,0.9998766324816606,-1.651754108321255,-0.049291944603845395,-1.104099516129765,-1.4322178724723336,-0.39522364730128035,-0.2594484715323648,-0.8400785014334814,-0.4383164172581281,-0.838669510338008,-0.7190105453386694,-1.315977651467937,-2.02754263006885,-1.8673530848855935,1.4113532209927113,0.8604861938394545,-0.028832661263288723,0.016506474660875136
2024-06-03,1.0,0.4583333333333333,0.1602612951389848,0.1394611523724861,0.990227543031872,-0.8384724761668734,-0.5449439482282484,-2.2383217375513738,0.23464834141909624,-1.0052926519748957,-2.5996127859532856,-0.12215091341171726,-0.06198387030600885,-0.8400785014334814,-1.759996872616719,-0.19594609771924862,-0.3193579088579942,-1.315977651467937,-1.8746861249161935,-1.7319226182290308,0.9506491369133407,0.5960888547008504,1.485532160166049,0.1543869011552347
2024-06-04,0.0,0.0833333333333333,,-0.3128184654422961,-0.9498129329917164,-0.0069812602979622,0.9999756307053947,3.1628644524153047,-2.595125617414351,-2.579516659878595,-1.4322178724723336,-2.6692160274955774,-1.4862106234684718,-1.2310672131412774,-1.0991566449374235,-1.8573620176742727,-2.9069896950849823,-1.8848850801535646,-1.923773201577047,-1.613656798558036,3.336443429998696,-6.057063070827759,6.329421598330937,0.9814762464509713
2024-06-05,0.7272727272727273,0.9166666666666666,0.2978340396550876,0.2758470640252455,0.9612015383199572,-0.1528421026745993,0.9882506218819228,-0.6274938826605395,0.2580698297049891,-0.26650975377737496,-0.5318718426473102,0.3430917687452825,0.35393260443568864,-0.8400785014334814,0.0952161932524188,0.0708082201820057,0.29834182317629,-0.3434239783961347,-1.5728522751780891,-0.8605624880255988,0.5134923296799244,0.5010742195988462,0.012010679228561123,0.2589584897863048
2024-06-06,0.6538461538461539,1.0833333333333333,0.3770354596798118,0.7395821501717685,-0.6730662992211863,-0.9813486248449216,0.1922365119195135,0.3612653736402899,-0.22210923116219441,-0.08443063961626654,-0.1528659643997854,-0.12215091341171726,0.9102021337553509,0.10573202176959423,-0.051749665097709216,-1.8573620176742727,0.013344408322606053,0.06022226599004031,-1.2019038948867073,-0.5012221553957159,-0.6662520394152545,-0.5930001615868454,-0.5059558200028164,-0.7781642311790605
2024-06-07,0.875,0.3333333333333333,0.2008852917785907,0.1704961354991658,0.9853583448572656,-0.1288677125989341,0.9916617934807808,0.2806438174165478,-1.486266739812509,-1.3319736497474306,-1.8630686008701758,-1.4848981939021966,-1.4862106234684718,-0.8400785014334814,-0.2255733817364018,-0.838669510338008,-1.5265285493160545,-0.9123314070817621,-1.2623220655277396,-0.4774817861215607,1.8768145672413266,1.7483763097228557,0.17008118869510833,1.0953553945186427
2024-06-08,0.7857142857142857,0.5833333333333334,0.0953687480621603,0.4107851567342725,0.911732172848364,-0.032137612390513,0.999483453524788,0.7391789184390772,0.11823393778475608,-0.7518991840797027,-1.126524415787066,0.12212097085718994,-0.8728295475004183,-0.3474909802149713,0.33481708706270985,-1.2146386050555131,0.1609366932213123,-1.315977651467937,-1.1021705692711983,-0.6186816775434857,1.0903016670933428,0.5728648351653046,0.03186324684605103,0.06535144898732258
2024-06-09,1.0,0.0416666666666666,,-0.9257881307043332,-0.3780427714518246,-0.9257881307043332,-0.3780427714518246,3.031854423551725,-4.073604120883474,-3.0399476660579094,-2.5996127859532856,-3.6092619768200516,-1.4862106234684718,-1.2310672131412774,-1.759996872616719,-1.8573620176742727,-3.714507699062367,-1.8848850801535646,-1.2317809855053703,-0.4205046548248672,,,,
2024-06-10,0.9230769230769232,0.5416666666666666,0.2673478233304879,0.2089074435026326,0.9779354171156672,-0.9999813422410572,0.0061086143906786,-0.7271256353802205,-0.22489099615837765,-0.8302449075530604,-1.8630686008701758,-0.39522364730128035,-0.5140246194071121,-0.023031874631775716,-1.0991566449374235,-0.3650044686728924,-0.3193579088579942,-1.315977651467937,-1.2019038948867073,-0.42127729961927923,0.8756385164955388,0.8180199961050237,0.5755311988891946,0.4551595906167979
2024-06-11,0.625,0.3333333333333333,0.1384041462803898,0.6935590116394225,-0.7203998177219005,-0.8535507972753276,-0.5210096318405762,-1.078585232043093,-1.116647113945228,-1.3319736497474306,-1.126524415787066,-1.4848981939021966,-0.06198387030600885,-0.3474909802149713,-1.759996872616719,-1.8573620176742727,-0.9535854075245114,-1.315977651467937,-1.1159826658499608,-0.558543698777405,0.4094730944883202,-0.07169778125915136,1.6255063208896745,-0.9998127658738925
2024-06-12,0.6875,0.6666666666666666,0.3185074178788702,0.2512951659105083,0.9679105018492206,-0.1498948555161842,0.9887019431000336,0.35433695865231146,0.2920760804935081,-0.6097686019544833,-0.6956736873892239,-0.12215091341171726,0.09935645656094132,-0.8400785014334814,-0.051749665097709216,-0.3650044686728924,-0.3193579088579942,-1.315977651467937,-1.2019038948867073,-0.6930607178303977,0.9270202530672165,1.0284313173784883,-0.18544511907381944,0.7566508077475257
2024-06-13,0.4285714285714285,0.2916666666666667,0.0191101134997818,0.0226873335727813,0.9997426093226984,-0.6601655526612835,0.7511201255987102,0.3274331134392554,-0.34541264657567783,-1.4657236581542106,-0.8894101494828957,-0.7048079795512759,-0.8728295475004183,-0.5626675956858416,-0.7125898927770046,-1.2146386050555131,-1.2195244525476154,-1.315977651467937,-1.5159769019660405,-1.30180919966191,1.971108935787931,1.349402209052791,1.658358984198301,1.0740423892059505
2024-06-14,0.1666666666666666,0.25,0.2807425016922044,0.2713004635547174,0.9624947056867356,-0.0671446210993992,-0.9977432534762728,1.7435891397265215,-1.9162852921769455,-1.6173569115049098,-0.6956736873892239,-2.002242812060666,-1.4862106234684718,-1.2310672131412774,-1.759996872616719,-0.19594609771924862,-1.5265285493160545,-1.315977651467937,-1.553631094140467,-1.2596042227975208,1.4180631423990067,1.4662968228366307,0.3883409003487348,0.8780617132016083
2024-06-15,0.8571428571428571,0.2916666666666667,0.1808914116405495,0.5220024303804178,-0.8529439973860752,-0.1464427284685127,-0.9892191502789952,-1.0668879080374163,-2.0351023648261037,-1.4657236581542106,-1.8630686008701758,-2.002242812060666,-0.2594484715323648,-0.3474909802149713,-1.759996872616719,-1.8573620176742727,-1.8896373265700228,-0.9123314070817621,-1.6941921025095332,-1.3686295711730756,-0.5355319267505058,-1.0180462558988277,0.5695920811277202,-2.5680463962505
2024-06-16,0.5714285714285714,0.2916666666666667,0.069163383327899,0.9740418562639832,-0.2263679797272875,-0.7592239796906443,0.6508294313126137,-1.403770839400907,-0.9272757824934543,-1.4657236581542106,-1.126524415787066,-1.0621968627361917,-0.8728295475004183,-0.1716788839780456,-1.0991566449374235,-1.8573620176742727,-1.2195244525476154,-1.315977651467937,-1.5728522751780891,-1.7160584200607891,1.4525540284693175,0.9064022627110422,1.3244969264906488,-0.18224915621035925
2024-06-17,0.5714285714285714,0.2916666666666667,0.197321765281,0.3316123310037144,-0.943415741826626,-0.8125076752634869,-0.5829504932993231,1.1696404418479815,-1.9315613479738372,-1.4657236581542106,-1.126524415787066,-2.002242812060666,-0.2594484715323648,-0.3474909802149713,-1.759996872616719,-1.8573620176742727,-2.334046553293439,-0.9123314070817621,-1.6941921025095332,-1.848327432620887,0.19770869963757784,-0.1454037326034281,0.3229099365006212,-1.3986326810943728
2024-06-18,0.4285714285714285,0.2916666666666667,0.1664004580485454,0.6180654417444348,0.7861266499243342,-0.8342067848508842,-0.5514517568280571,0.30871739503017315,-1.3496982120560608,-1.4657236581542106,-0.8894101494828957,-1.4848981939021966,-0.06198387030600885,-1.2310672131412774,-1.759996872616719,-0.838669510338008,-1.8896373265700228,-0.9123314070817621,-1.7154993826772207,-1.8350324221213425,1.3975254902256913,1.1140699040113828,0.5755311988891946,0.4023978318602818
2024-06-19,0.5714285714285714,0.2916666666666667,0.025946940141721,0.8778088601203649,0.4790110699077692,-0.7240213925593448,0.6897775171143425,0.5052324383255429,0.07700978298692857,-1.4657236581542106,-1.126524415787066,-0.39522364730128035,0.09935645656094132,-1.8994668305967133,-1.0991566449374235,-1.2146386050555131,-0.9535854075245114,-1.8848850801535646,-1.923773201577047,-3.542895302191938,1.6905293318128085,1.054379076466036,3.0004061167532186,0.664767744844878
2024-06-20,0.8,0.4166666666666667,0.1498967034115926,0.0804888721541057,0.9967555073634456,-0.9413969796303788,0.3373006474093999,0.005522756803029933,-0.9363790466853189,-1.104099516129765,-1.4322178724723336,-1.0621968627361917,0.09935645656094132,-0.8400785014334814,-0.7125898927770046,-1.2146386050555131,-0.5091761808010942,-1.315977651467937,-1.8507847913179092,-2.999636285980299,1.3454895862616811,1.0095856713818245,1.1419274009701554,0.5836437985784461
2024-06-21,0.6666666666666666,0.25,-0.0983539504464128,0.3411316177314795,-0.9400155420969932,-0.9963016852405652,0.0859241059703849,-2.033866692506696,-0.2517926312934576,-1.6173569115049098,-1.4322178724723336,-0.7048079795512759,-0.5140246194071121,-0.5626675956858416,-1.0991566449374235,-1.8573620176742727,-1.2195244525476154,-1.8848850801535646,-1.8507847913179092,-2.999636285980299,0.9548187757427622,-0.10638669784686183,3.3909980096207604,-0.9960667446375667
2024-06-22,1.0,0.1666666666666666,-0.2447901190459074,0.7473633916730423,-0.664415503120575,0.2184980803164591,-0.9758373783054336,0.6081688895754974,-1.116647113945228,-1.999442194210867,-2.5996127859532856,-1.4848981939021966,-0.06198387030600885,-1.8994668305967133,-1.759996872616719,-1.8573620176742727,-1.8896373265700228,-1.8848850801535646,-1.923773201577047,-2.6655750386944694,0.1608419260389914,-1.3938723224510083,1.9624338525244636,-3.20463333954324
2024-06-23,1.0,0.0833333333333333,,0.5487796682673788,-0.8359670302687455,-0.0451450454817571,0.9989804426856664,4.7677373059941575,-2.595125617414351,-2.579516659878595,-2.5996127859532856,-2.6692160274955774,-0.8728295475004183,-1.8994668305967133,-1.0991566449374235,-1.8573620176742727,-2.9069896950849823,-1.8848850801535646,-2.0547572231645415,-2.2435882034513783,3.663419705926528,-6.057063070827759,6.614949142103934,1.5191690710385575
2024-06-24,0.375,0.3333333333333333,0.076837983917192,0.1647607000300298,0.9863335702112216,-0.6671827669045998,0.744894056591622,1.066703990598027,-0.007788236343385485,-1.3319736497474306,-0.6956736873892239,-0.39522364730128035,-1.4862106234684718,-1.2310672131412774,-0.7125898927770046,-0.19594609771924862,-0.7190105453386694,-1.8848850801535646,-2.02754263006885,-2.203404224901206,1.7488182112234367,1.2589076644454456,1.9689112620441553,0.8676816246446931
2024-06-25,0.7,0.4166666666666667,0.3094102658377859,0.4658719330908264,-0.8848521582491713,-0.157583586454585,0.9875056522775504,-0.6495273875148693,-1.174360930662186,-1.104099516129765,-1.126524415787066,-1.0621968627361917,-0.8728295475004183,-0.5626675956858416,0.0952161932524188,-1.8573620176742727,-0.9535854075245114,-0.5992390559340501,-1.9489902768187615,-2.040358473561802,0.9064530634423231,0.9777833997532392,-0.4276722900459365,0.6341552841030726
2024-06-26,0.25,0.1666666666666666,0.1615864111529837,-0.2886836866531481,-0.9574245291720632,-0.9161588114169864,0.4008154591118143,1.4924865844046613,-2.8741468535358985,-1.999442194210867,-1.126524415787066,-2.6692160274955774,-1.4862106234684718,-1.2310672131412774,-0.4383164172581281,-1.8573620176742727,-2.334046553293439,-1.315977651467937,-2.02754263006885,-1.9706353017499372,1.3685730132204748,1.068135011537779,-0.3833070066596591,-0.07466599885183872
2024-06-27,0.6153846153846154,0.5416666666666666,0.1313862689158098,0.194020335383294,0.9809975073657192,-0.9911673849465406,0.1326167976473431,-0.8178248861319297,0.4875835305597037,-0.8302449075530604,-0.6956736873892239,0.12212097085718994,-0.2594484715323648,-0.5626675956858416,-1.0991566449374235,-0.05300928173733781,-0.1460674035471263,-1.315977651467937,-1.9489902768187615,-1.6961511654372372,0.9133066503655278,0.4739212802061282,0.8135576799967511,-0.15355510563456404
2024-06-28,0.7058823529411765,0.7083333333333334,0.2709946796884604,0.1651193301371535,0.9862735963286544,-0.7019976963006098,0.7121792150776635,-1.333862126519921,0.033279182290387295,-0.5448616457955814,-0.6956736873892239,-0.12215091341171726,-0.2594484715323648,0.32090863724046487,-1.0991566449374235,-0.3650044686728924,0.29834182317629,-0.9123314070817621,-1.6941921025095332,-1.218545303957086,0.73195367258657,0.6672913527187517,0.26910612815216367,0.5533109313850637
2024-06-29,0.625,0.3333333333333333,0.0904845571070639,0.2541096362819609,0.967175419843086,-0.723770534519647,0.6900407331173606,-1.5698728402815176,-0.37740786221066636,-1.3319736497474306,-1.126524415787066,-0.7048079795512759,-0.8728295475004183,-1.8994668305967133,-0.7125898927770046,-0.19594609771924862,-1.2195244525476154,-1.315977651467937,-1.6121204335293116,-1.3056519401148936,1.7096236465934855,1.2525917759376772,0.35248444697773973,0.6538398377828926
2024-06-30,0.8947368421052632,0.7916666666666666,0.2477789944537659,0.98309550269175,0.1830935077692694,-0.0828806795816348,0.9965594778798136,-0.7846745751846669,-0.05905196685357567,-0.42521818630716773,-1.4322178724723336,-0.39522364730128035,-0.5140246194071121,0.32090863724046487,0.0952161932524188,-0.838669510338008,-0.1460674035471263,-0.5992390559340501,-1.3094452663228824,-1.2429049970805077,0.46406837980341276,0.2983347857290727,0.15264978000930524,-0.25438058315639417
2024-07-01,0.75,0.5,0.1549487269052694,0.0831705634723823,0.9965353267053236,-0.0078539008887119,0.9999691576447896,-0.1451387763900867,0.4874466204411046,-0.9143991479607064,-1.126524415787066,0.12212097085718994,-0.06198387030600885,-0.8400785014334814,-1.0991566449374235,-0.19594609771924862,-0.1460674035471263,-1.315977651467937,-1.246966687437455,-1.296716535757706,1.3674147062643296,1.0482572909543473,0.012010679228561123,0.7586278161563591
2024-07-02,0.6666666666666666,0.375,0.098658469239292,0.2956385794592988,-0.9552998640925728,-0.6000712399244804,-0.7999465651001301,0.9575289665450425,-1.277710917937643,-1.2123301902590171,-1.126524415787066,-1.4848981939021966,0.23576775924743243,-0.5626675956858416,-1.759996872616719,-1.8573620176742727,-1.2195244525476154,-0.5992390559340501,-1.2623220655277396,-1.27669087170189,-0.5159453945594198,-1.2199738153529123,0.6218955281200472,-2.611081494792844
2024-07-03,0.4,0.2083333333333333,0.2615873926336359,0.0627179408115353,0.9980312920446736,0.4369980310342173,-0.8994624621807279,0.45095685493920123,-2.63807453905168,-1.7924046559267455,-1.126524415787066,-2.6692160274955774,-0.5140246194071121,-1.8994668305967133,-1.759996872616719,-0.5719151924367537,-2.334046553293439,-0.9123314070817621,-1.246966687437455,-1.3425187247512025,1.5551367087351737,1.5634566367952663,-0.2997316094230187,0.8201018931962772
2024-07-04,0.3333333333333333,0.375,0.2109871004560868,0.1227354568070148,0.9924394226563016,-0.067217178858716,0.997738367943358,-0.25795296791150313,-1.35824281993385,-1.2123301902590171,-0.5318718426473102,-1.4848981939021966,-1.4862106234684718,-0.3474909802149713,-1.0991566449374235,-0.3650044686728924,-1.2195244525476154,-1.315977651467937,-1.3094452663228824,-1.3212265874000235,1.736066046651153,1.6196090849746942,-0.26026673520955357,1.0502396608399933
2024-07-05,0.8888888888888888,0.375,0.2262276061463921,0.0111989619308528,0.9999372896595422,-0.819068612314069,0.5736955711193049,0.4553238559013222,-1.0296920413851567,-1.2123301902590171,-1.8630686008701758,-1.0621968627361917,-0.8728295475004183,-1.8994668305967133,0.0952161932524188,-0.838669510338008,-1.2195244525476154,-0.9123314070817621,-1.443629037997496,-1.5117799524890834,1.568769308874135,1.4759514241792941,0.5019932540252188,0.9664314800198693
2024-07-06,0.0,0.0833333333333333,,0.2491124876089492,-0.9684745574961074,0.2457303628456938,-0.969338222075104,2.442309293665615,-4.073604120883474,-2.579516659878595,-1.4322178724723336,-3.6092619768200516,-0.5140246194071121,-1.8994668305967133,-1.759996872616719,-1.8573620176742727,-2.9069896950849823,-1.8848850801535646,-1.553631094140467,-1.2346952543093268,-3.8866173747576567,-6.057063070827759,0.021982918711615822,-10.896412922286544
2024-07-07,0.5,0.0833333333333333,,0.7529415818434182,-0.6580873607137059,-0.5120428648705717,-0.8589598969306643,-2.8963493825252637,-2.595125617414351,-2.579516659878595,-1.8630686008701758,-2.6692160274955774,-0.8728295475004183,-1.2310672131412774,-1.759996872616719,-1.8573620176742727,-2.9069896950849823,-1.8848850801535646,-1.923773201577047,-1.6853197410736422,2.471544502870726,-6.057063070827759,5.574160484740986,-0.44079803259443995
2024-07-08,0.625,0.6666666666666666,0.2620461949034824,0.9117022972979468,-0.4108514586826318,-0.93636621903549,0.3510246484923542,0.21513880298475788,-0.44716317124105315,-0.6097686019544833,-0.5318718426473102,-0.7048079795512759,-0.2594484715323648,0.4967207334773904,-0.7125898927770046,-1.8573620176742727,-0.7190105453386694,-0.5992390559340501,-1.8272920475967505,-1.3575225017528465,0.14447332978685984,-0.020169423405458162,-0.3833070066596591,-0.6582386186154734
2024-07-09,0.7058823529411765,0.7083333333333334,0.2468700020667859,0.4979202504307917,0.8672228226995284,-0.9752298471473664,0.2211939086704796,0.44247973542449925,-0.08369264201833806,-0.5448616457955814,-0.6956736873892239,-0.12215091341171726,0.09935645656094132,-0.1716788839780456,-1.0991566449374235,-0.05300928173733781,-0.1460674035471263,-0.5992390559340501,-1.6525437018805313,-1.047267320935106,0.5017432813860152,0.33808123780063576,0.1259594051426921,-0.19358113027524254
2024-07-10,0.9,0.4166666666666667,0.1949080653162019,0.0159254561781657,0.999873181881341,-0.8948369950430138,0.4463930468795287,-1.7500116299689399,0.1347952616413604,-1.104099516129765,-1.8630686008701758,-0.12215091341171726,-0.5140246194071121,-0.023031874631775716,-1.0991566449374235,-1.2146386050555131,-0.7190105453386694,-0.9123314070817621,-1.553631094140467,-1.0939278595262867,1.389565699424612,1.1856118855351059,0.7944141710336134,0.9838688796438544
2024-07-11,0.7857142857142857,0.5833333333333334,0.170542308391029,0.4969108540289202,0.8678015920406283,-0.1614602870488061,0.9868792102917748,2.4984564488928642,0.6309230741532534,-0.7518991840797027,-1.126524415787066,0.3430917687452825,-0.06198387030600885,-0.8400785014334814,-1.0991566449374235,0.0708082201820057,-0.1460674035471263,-1.315977651467937,-1.461362084572884,-1.033826736591542,1.0420616401951284,0.7273637731427351,0.11691287032552256,0.5710551307181729
2024-07-12,0.625,0.6666666666666666,0.1989214423820118,0.4375866341990186,0.8991762550080903,-0.3606073476315153,0.932717717658544,0.04318814010130933,0.2223207714631213,-0.6097686019544833,-0.5318718426473102,-0.12215091341171726,0.09935645656094132,-0.1716788839780456,-0.4383164172581281,-0.5719151924367537,0.013344408322606053,-0.9123314070817621,-1.3417830416483412,-0.9515793802228244,0.8376504807218836,0.5781309047303818,-0.17346725129018284,0.2271462806809403
2024-07-13,0.5555555555555556,1.125,0.3138199036003722,0.2126040494541164,0.9771384334656537,-0.2265096459778627,0.9740089220736036,0.12052044880550587,0.44985699051127714,-0.04313290360121055,0.12592457069411792,0.3430917687452825,-0.8728295475004183,-0.3474909802149713,0.9411630020258153,-0.05300928173733781,0.42687573824441677,-0.3434239783961347,-0.9837372471646507,-0.7451744903399253,0.2537796802659073,0.2563708344084849,-0.4583031742919876,-0.07370023293669663
2024-07-14,0.6666666666666666,0.5,0.0342010611731213,-0.7317503483909586,-0.6815727603342951,-0.2498871318519896,0.9682749719654982,-0.07417501075564793,-0.49820571520497736,-0.9143991479607064,-0.8894101494828957,-0.7048079795512759,-1.4862106234684718,-0.3474909802149713,0.33481708706270985,-1.8573620176742727,-0.5091761808010942,-1.315977651467937,-0.8631079236833806,-1.2162668069110776,0.039863329527110365,-0.769687082010275,0.28475615812591537,-2.0895635481259207
2024-07-15,0.8888888888888888,0.75,0.3451655443279538,0.2250219119396569,-0.9743537033064642,-0.8101695477705658,0.5861956191112628,1.1831573495878742,-0.4645366910545902,-0.4834649322609811,-1.4322178724723336,-0.7048079795512759,0.09935645656094132,0.4967207334773904,-0.7125898927770046,-1.8573620176742727,-0.5091761808010942,-0.9123314070817621,-0.840202526096209,-1.20274189283034,-0.2907406943050406,-0.2642912760726046,0.25322423746290557,-0.857859056778619
2024-07-16,0.8,1.0416666666666667,0.3685048832263131,0.7639368274794408,0.6452910379206015,-0.5616622760655224,0.8273665980959691,0.720837514398176,-0.5218667602733417,-0.12728714400885668,-0.6956736873892239,-0.39522364730128035,0.4581613846542476,0.64536774282366,-0.4383164172581281,-1.2146386050555131,-0.1460674035471263,0.06022226599004031,-0.7522177951078333,-0.9807364023626185,0.11841601877259193,0.27171996658887676,-0.28641456843091784,0.17505629348390625
2024-07-17,0.72,1.0416666666666667,0.3754948329259705,0.2447433439543238,0.969587899878116,-0.3221968521015436,0.9466726934352,0.03696516373028936,0.24809823223209776,-0.12728714400885668,-0.3899802307039562,0.12212097085718994,0.4581613846542476,0.32090863724046487,-0.2255733817364018,-0.3650044686728924,0.013344408322606053,-0.12713541216204036,-0.6010444402471232,-1.0730321720321632,0.32255671547345083,0.524419238115169,0.24519417733926324,0.5698429890965092
2024-07-18,0.8260869565217391,0.9583333333333334,0.4169120015200675,0.2044248660558051,0.9788822575458532,-0.96822043200758,0.2500983707325081,-1.5905211600480598,-0.2965599988801923,-0.21818064802304588,-0.8894101494828957,-0.39522364730128035,0.35393260443568864,0.5739056614256938,-0.4383164172581281,-1.2146386050555131,0.013344408322606053,-0.12713541216204036,-0.5177285049604574,-1.1818227765296394,0.20845082736116272,0.5292515251516746,0.021982918711615822,0.6828303732409631
2024-07-19,0.6842105263157895,0.7916666666666666,0.16740818344759,0.2868728989159393,0.9579686528626944,-0.6055255100274775,-0.795825895975975,-0.6777979726906945,-0.15919604513420543,-0.42521818630716773,-0.5318718426473102,-0.12215091341171726,-0.5140246194071121,0.4128159399136957,-1.759996872616719,0.0708082201820057,-0.3193579088579942,-0.12713541216204036,-0.4910423841041523,-1.2680979991037165,0.08059683658081972,-0.36084925537281637,-0.27326093084039327,-1.3944070379613094
2024-07-20,0.6,0.625,0.4547422172141485,0.5751242410138931,0.8180660776478837,0.0892564617335893,-0.9960086766885118,0.8221519367193454,-1.2158314889975417,-0.6786116542023607,-0.5318718426473102,-1.4848981939021966,0.712737532528995,-1.8994668305967133,-1.759996872616719,-0.3650044686728924,-0.7190105453386694,-0.9123314070817621,-0.6010444402471232,-1.3291391818484475,-0.05128234658797759,0.36206969540377854,-0.008216487157120872,0.12516908368997082
2024-07-21,0.84,1.0416666666666667,0.1499846721776429,0.2950132738838902,-0.9554931544664822,-0.1760110443097251,0.9843881918638602,-1.3700825462645585,0.2338116991731977,-0.12728714400885668,-0.8894101494828957,0.3430917687452825,-0.2594484715323648,0.7118973489482606,0.33481708706270985,-1.8573620176742727,0.42687573824441677,-0.3434239783961347,-0.48226093542965115,-1.621502663246152,-0.3470607307029222,-0.890442723175755,0.012010679228561123,-1.8003758027076586
2024-07-22,0.7,0.8333333333333334,0.1466092906593979,0.3540870147133282,0.9352124817448724,-0.0415850189113394,0.9991349689617232,0.349424082569927,0.8740345133759216,-0.36981390137374553,-0.5318718426473102,0.5448223020231943,0.09935645656094132,-0.023031874631775716,-0.2255733817364018,-0.19594609771924862,0.42687573824441677,-0.5992390559340501,-0.4648646013492925,-1.696151165437235,0.6406170666640084,0.21038109138241665,-0.08217739829762964,-0.361013606152285
2024-07-23,0.6363636363636364,0.4583333333333333,0.192234474238698,0.2792704323417608,0.9602124898269372,-0.406935938095886,0.9134566997324072,1.6145641113002696,0.23464834141909624,-1.0052926519748957,-0.8894101494828957,-0.12215091341171726,-0.8728295475004183,-0.5626675956858416,0.0952161932524188,-1.2146386050555131,-0.7190105453386694,-1.315977651467937,-0.5915337307215541,-1.2680979991037162,1.3569621111548622,1.1414937188822856,-0.5059558200028164,0.9751167989893045
2024-07-24,0.3333333333333333,0.125,-0.5668060352663152,0.1236014767404927,0.9923319378854888,-0.9798811859647142,-0.1995817160773631,3.5122245293848513,-1.7302711347625805,-2.25283566210606,-1.4322178724723336,-2.002242812060666,-0.8728295475004183,-1.2310672131412774,-1.759996872616719,-1.2146386050555131,-2.334046553293439,-1.8848850801535646,-0.8176726437901743,-0.7368217639958193,3.030251670826289,0.7240531291814065,5.715922626982739,0.9698891553572335
2024-07-25,0.5,0.4166666666666667,0.2598751073609144,0.5705344071370075,0.8212736999763375,-0.999855215026574,-0.0170161389323073,1.1911635180184281,-1.7509874369702065,-1.104099516129765,-0.6956736873892239,-1.4848981939021966,-0.2594484715323648,-1.2310672131412774,-1.759996872616719,-0.05300928173733781,-0.9535854075245114,-0.9123314070817621,-0.9711865476837039,-0.7846130279776403,1.1063588244001055,1.0551422012650962,0.10778934279715044,0.290643600234075
2024-07-26,0.4615384615384615,0.5416666666666666,0.3774011784714023,0.8414321982753926,-0.5403627075450713,-0.8666065938340652,0.4989919954501469,-0.6465040791564792,-1.3782986431097217,-0.8302449075530604,-0.3899802307039562,-1.0621968627361917,0.551397205662045,-1.8994668305967133,-0.2255733817364018,-1.8573620176742727,-0.9535854075245114,-0.3434239783961347,-1.0482698553192007,-0.8316620121109003,0.41965970863979923,0.640045160052782,0.05135483861571036,0.41373686825333544
2024-07-27,0.5555555555555556,0.75,0.1171913454884745,0.566645941548674,0.8239613928615932,-0.0566201823223827,0.9983957907332044,-0.672818059312839,0.8176031916307646,-0.4834649322609811,-0.2648229589913816,0.5448223020231943,-0.5140246194071121,-0.3474909802149713,0.0952161932524188,-0.05300928173733781,0.013344408322606053,-0.9123314070817621,-1.009187827128971,-0.7980279653810012,0.7215071680462499,0.21976208887683987,-0.41267892656375355,-0.10653060659938704
2024-07-28,0.5833333333333334,0.5,0.056253586007846,0.5764323161697932,0.8171448983351285,-0.0772990768888716,0.9970079501749864,-0.9202814471662671,0.2410335365295843,-0.9143991479607064,-0.6956736873892239,-0.12215091341171726,-0.5140246194071121,-0.3474909802149713,-0.4383164172581281,-0.5719151924367537,0.013344408322606053,-1.8848850801535646,-1.187205444171068,-1.1861776958410515,1.2431746183827534,0.6368205453913257,1.7611203606280124,0.19674490421980168
2024-07-29,0.7678571428571429,2.3333333333333335,0.504143288658291,0.0747611729957926,0.99720146761439,-0.7530851363137253,0.6579230786827118,-0.7803034698983353,0.7898590032866037,0.7640780778701836,0.2046723424357995,0.7303964035101177,1.2491203409772325,0.9893082546959004,0.0952161932524188,0.3660956779775301,0.7691300375203899,0.22548345028949307,-0.7416054486161895,0.4791293676951153,-0.7421971845215805,-0.25298665307823004,-0.3689174212919814,0.369474021692217
2024-07-30,0.6818181818181818,0.9166666666666666,0.2419135594272889,0.4943844227553239,0.8692433735938889,-0.2085518423482937,0.9780113133564112,-1.2914765289464103,0.42542183538244893,-0.26650975377737496,-0.3899802307039562,0.5448223020231943,-0.2594484715323648,0.7118973489482606,-0.2255733817364018,-1.2146386050555131,0.42687573824441677,-0.9123314070817621,-0.6299779729560194,0.4626694121022789,0.4511296959071436,0.26682442773796505,-0.3689174212919814,0.10003733081082672
2024-07-31,0.6666666666666666,0.75,0.172159425203478,0.7594605777552861,0.6505533266655448,-0.2273595427532043,0.973810884268118,-1.3606207108466333,0.48084969359338736,-0.4834649322609811,-0.5318718426473102,0.3430917687452825,0.35393260443568864,-0.8400785014334814,0.22252381042116723,-0.838669510338008,0.013344408322606053,-0.3434239783961347,-0.4910423841041523,0.3332001305318033,0.6245416886684908,0.26356303171500967,-0.06051993414944795,0.09624850563458098
2024-08-01,0.8333333333333334,0.75,0.1235932654837302,0.9097500515782648,-0.4151564086622589,-0.7981976466717264,0.602395648098256,-2.0593408647857254,-0.12778319301721444,-0.4834649322609811,-1.126524415787066,-0.12215091341171726,0.35393260443568864,0.32090863724046487,-0.7125898927770046,-1.8573620176742727,0.1609366932213123,-0.9123314070817621,-0.42231346111187973,0.2694610435838715,0.09984415698467311,-0.4600789361900121,0.15264978000930524,-1.5042217993373301
2024-08-02,0.5,0.5,0.187756071738485,0.0875179635921532,0.9961629415154344,-0.5377901826446677,0.8430787148606084,0.25335006140330074,-0.5912127939121601,-0.9143991479607064,-0.5318718426473102,-0.7048079795512759,-0.5140246194071121,-0.5626675956858416,-0.7125898927770046,-0.19594609771924862,-0.9535854075245114,-0.9123314070817621,-0.43071894322649323,0.27982843777367983,1.2510487498052114,1.0101177522387375,0.6553985052132548,0.5952724027024879
2024-08-03,0.7777777777777778,0.375,0.1386386350537079,0.2355661886967902,0.9718583079558812,-0.11609291412523,0.993238357741943,0.48443719564878335,-0.3725904842877682,-1.2123301902590171,-1.4322178724723336,-0.7048079795512759,-1.4862106234684718,-0.3474909802149713,-0.7125898927770046,-0.5719151924367537,-0.5091761808010942,-1.8848850801535646,-0.5087754306795403,0.35264652346814995,1.7027953188022111,1.378269477999683,2.800257945398852,1.0360551678585281
2024-08-04,0.25,0.1666666666666666,-0.107586146427578,0.9595395245312704,0.2815739704985241,-0.9987376872743666,0.0502297921342441,0.18238629576886292,-1.8558863656797893,-1.999442194210867,-1.126524415787066,-2.002242812060666,-1.4862106234684718,-1.2310672131412774,-1.0991566449374235,-0.838669510338008,-2.334046553293439,-1.315977651467937,-0.5820883874135812,0.44117389270595675,2.2492189296590914,1.312887253379835,-0.26026673520955357,0.5633872532501877
2024-08-05,0.3333333333333333,0.125,-0.8398081327513937,0.3700845749605112,-0.9289980664007312,-0.4119119941189965,0.911223632870061,-1.182301504893427,-1.7302711347625805,-2.25283566210606,-1.4322178724723336,-2.002242812060666,-0.8728295475004183,-1.2310672131412774,-1.0991566449374235,-1.8573620176742727,-2.334046553293439,-1.8848850801535646,-1.2019038948867073,-0.7846130279776394,2.603302331057278,-1.3059545889031343,5.591847950891779,-0.05604691184236984
2024-08-06,0.8333333333333334,1.0,0.4493350238109667,0.2493941948946997,0.9684020526376556,0.0039269807238063,-0.9999922893814706,-0.31981881487486014,-1.0901910013517135,-0.1718247184119748,-0.8894101494828957,-1.0621968627361917,1.3261186084970487,-1.8994668305967133,-1.759996872616719,-1.2146386050555131,-0.3193579088579942,-0.5992390559340501,-1.1726625355348876,-0.6964225658097919,-0.44292331966570425,-0.1021312498747747,0.00194480232447785,-0.14462575882758416
2024-08-07,0.8333333333333334,0.25,0.1308755648359164,0.932979712065165,0.3599289608725616,-0.1141424726361226,-0.9934643908769514,-2.5688243103663138,-2.2230973025856215,-1.6173569115049098,-1.8630686008701758,-2.002242812060666,-0.8728295475004183,-1.2310672131412774,-1.759996872616719,-0.3650044686728924,-1.8896373265700228,-0.9123314070817621,-1.358241825692391,-0.7100255426885379,0.983809920913454,0.5515127769179662,1.088226290137125,-0.4237098015578361
2024-08-08,0.6538461538461539,1.0833333333333333,0.3690278083555798,0.2212648288013439,0.9752137588936654,-0.3753481673189522,0.926883894180012,-0.8959270187236793,-0.10179076990213552,-0.08443063961626654,-0.1528659643997854,-0.12215091341171726,-1.4862106234684718,-1.2310672131412774,0.22252381042116723,0.8728804503233099,-0.3193579088579942,0.06022226599004031,-1.2317809855053703,-0.43139614472288845,0.2664687633364753,0.44066337641046566,-0.20980998637238119,0.1700059965802198
2024-08-09,1.0,0.75,0.4153380700936064,0.5118554567070408,0.8590715869118398,-0.7527501201371807,-0.6583063546962463,-2.022949190101398,-0.7310827504651629,-0.4834649322609811,-2.5996127859532856,-1.0621968627361917,-0.2594484715323648,0.4128159399136957,-1.759996872616719,-0.19594609771924862,-0.9535854075245114,-0.3434239783961347,-1.1440304157105394,-0.39024525854815906,0.13386553395018835,0.43969060084003153,-0.34070505586975436,0.3871560720804541
2024-08-10,0.8205128205128205,1.625,0.3288482621989117,0.2847822544768131,0.9585922321483226,-0.5482324116246924,0.8363260266452156,-1.9465266732643096,0.1173574361381797,0.36189381764468204,-0.3899802307039562,0.12212097085718994,1.1193877253618527,0.64536774282366,-0.4383164172581281,-0.19594609771924862,0.5476147922890665,0.22548345028949307,-0.7736915451493349,0.10198306233379623,-0.2917209659927022,-0.3151697265802675,-0.14990568714945404,-0.5130343675308641
2024-08-11,0.9333333333333332,0.625,0.3426034837325089,0.4183955516874622,-0.908264918582758,-0.3135091061210582,0.9495851938500174,-1.1386314952722343,-0.6988457505756378,-0.6786116542023607,-1.8630686008701758,-0.7048079795512759,-0.8728295475004183,-0.3474909802149713,0.5261347058845063,-1.8573620176742727,-0.7190105453386694,-0.5992390559340501,-0.6595337796359678,-0.032928159352820556,0.295018706061051,0.3905929095190894,-0.35471843206916825,0.1546220825639587
2024-08-12,0.85,0.8333333333333334,0.1773766391788395,0.1933782325059078,0.9811242832551292,-0.2124619281816411,0.977169345135908,-0.5479946151455951,0.3673042675710612,-0.36981390137374553,-1.126524415787066,0.3430917687452825,-0.8728295475004183,0.21930982772975055,0.43526684594289394,-0.838669510338008,0.013344408322606053,-0.5992390559340501,-0.4998803055054015,-0.30694146436667136,0.639553544518719,0.295036898205517,-0.3132161647547003,0.14755469471731597
2024-08-13,0.8857142857142857,1.4583333333333333,0.3631133148986333,0.0360623168453982,0.9993495431047849,-0.0536431140357007,0.9985601716053736,-0.7711795571739081,0.5954811402487973,0.2422503581562684,-0.8894101494828957,0.7303964035101177,0.23576775924743243,0.32090863724046487,-0.051749665097709216,0.7135316328007653,0.7691300375203899,-0.12713541216204036,-0.40565517179904786,-0.13557531522859656,0.0019346719713560115,0.12303989717134793,-0.35471843206916825,0.2555313089878479
2024-08-14,0.7878787878787878,1.375,0.3492411476216318,0.3453664472239792,0.9384679094843288,-0.9271566099548788,0.3746740191379388,-1.8988866627684624,0.4111354201510659,0.17734340199736645,-0.3899802307039562,0.3430917687452825,0.712737532528995,0.4967207334773904,-1.0991566449374235,0.3660956779775301,0.9684546971986974,-0.3434239783961347,-0.19854606207711248,-0.44844239216506043,-0.24443746026516078,-0.19920883404667655,0.1438266189760239,-0.054829115692625184
2024-08-15,0.75,0.1666666666666666,-0.1785918935264468,0.9974718846258904,0.0710622218965483,-0.3169598152252597,0.9484389677424526,-0.6528026382364587,-1.116647113945228,-1.999442194210867,-1.8630686008701758,-1.4848981939021966,-1.4862106234684718,-0.8400785014334814,-1.0991566449374235,-1.2146386050555131,-1.8896373265700228,-1.8848850801535646,-0.3648719998078013,8.432788559678725e-05,2.554030512906335,1.4550683047441442,3.5492481809889056,0.9294967872365705
2024-08-16,0.8,0.625,0.1740896548118565,0.6249588425055621,0.7806577003873771,-0.0817935527318191,0.9966492937495652,-0.84167542984812,-0.23017915335145867,-0.6786116542023607,-1.126524415787066,-0.39522364730128035,0.551397205662045,-1.8994668305967133,-0.051749665097709216,-1.2146386050555131,-0.1460674035471263,-0.5992390559340501,-0.3891963877549974,0.030216126315430494,0.9357143852088596,0.6180822366911336,0.2769597018414991,0.027973630224784576
2024-08-17,0.625,0.6666666666666666,0.3572436674889667,0.1055409403426663,0.9944149586121408,-0.3787159235559483,0.9255129654657276,1.3246299849231997,-1.3503691551939083,-0.6097686019544833,-0.5318718426473102,-1.0621968627361917,-1.4862106234684718,0.64536774282366,-1.0991566449374235,-0.838669510338008,-0.7190105453386694,-0.12713541216204036,-0.5915337307215541,-0.21292818264270455,0.9083606787861808,1.1268291448917689,-0.5389432846965896,1.0830697742347435
2024-08-18,0.7777777777777778,0.375,0.1445117398896344,0.4515265281335244,0.8922576950588241,-0.2032145425929364,0.9791342347598432,-1.5680532565473015,-0.3725904842877682,-1.2123301902590171,-1.4322178724723336,-0.7048079795512759,-0.5140246194071121,-1.8994668305967133,0.0952161932524188,-1.2146386050555131,-0.7190105453386694,-1.315977651467937,-0.6496110503077062,-0.12878823436352432,1.6353193994079425,1.3191067663187446,-0.14990568714945404,0.8914928505415074
2024-08-19,0.8,0.8333333333333334,0.3633117496342404,0.2245258837995183,0.9744681254428208,-0.0132350270761668,0.9999124131934222,-1.674680863372381,-0.4928354956445824,-0.36981390137374553,-0.8894101494828957,-0.39522364730128035,0.4581613846542476,-1.8994668305967133,0.33481708706270985,-0.3650044686728924,-0.3193579088579942,0.06022226599004031,-0.6496110503077062,-0.12878823436352432,0.673895400868333,0.8820516860735171,0.012010679228561123,0.8638787295190493
2024-08-20,0.7777777777777778,0.375,0.2643181875910568,0.4085296001862286,0.9127450716227836,-0.9999884816759264,-0.0047996370149749,-0.40351966664881356,-1.277710917937643,-1.2123301902590171,-1.4322178724723336,-1.4848981939021966,-1.4862106234684718,-0.023031874631775716,-1.759996872616719,-0.5719151924367537,-1.2195244525476154,-0.9123314070817621,-0.9342078492764224,-0.41396969498740244,1.3073859926272955,1.2936951280981606,-0.5059558200028164,0.9406270779065606
2024-08-21,0.7142857142857143,0.875,0.2625647527664954,0.4521104126778348,0.8919619805508965,-0.0765015031359868,0.9970694659941876,-0.053119827545429876,0.08861211040235936,-0.3169875121779153,-0.5318718426473102,0.12212097085718994,0.35393260443568864,-1.2310672131412774,0.5261347058845063,-0.5719151924367537,0.1609366932213123,-0.9123314070817621,-1.0884959087685122,-1.0102349964177948,0.5489417667932065,0.4368108274848724,0.06096932471184193,0.20211170168885897
2024-08-22,1.0,0.125,-0.273061374494671,0.5165333288666419,-0.8562670846003281,0.2868032327110902,-0.9579895123154888,-3.7369970677332343,-2.7159234704086623,-2.25283566210606,-2.5996127859532856,-2.6692160274955774,-0.2594484715323648,-1.8994668305967133,-1.759996872616719,-1.8573620176742727,-2.334046553293439,-1.8848850801535646,-1.1021705692711983,-0.9531692860376844,-0.43826801390489745,-2.1307931954921284,2.1726705743913346,-4.3386094881267185
2024-08-23,0.7777777777777778,0.75,0.2171829074747173,0.995930406489634,-0.0901256091762625,-0.3308575465667857,0.9436807107702304,-1.2368890169199191,-0.3943292524277866,-0.4834649322609811,-0.8894101494828957,-0.39522364730128035,-0.2594484715323648,-0.1716788839780456,0.5261347058845063,-1.8573620176742727,0.013344408322606053,-0.5992390559340501,-1.0615481425917423,-0.9046658859538451,0.3926286235095204,0.13012371002624867,-0.12685086280259283,-0.4128819863588092
2024-08-24,0.8095238095238095,0.875,0.3884060009853044,0.072005186631508,0.9974042576098028,-0.056547576781953,0.9983999056290466,-0.3775256133028655,-0.527764697799507,-0.3169875121779153,-0.8894101494828957,-0.7048079795512759,0.23576775924743243,-1.8994668305967133,0.5261347058845063,-0.19594609771924862,-0.1460674035471263,-0.3434239783961347,-0.9964036229254178,-0.7973835877522096,0.6338374587182579,0.9166399334756434,-0.028832661263288723,0.9156180559052538
2024-08-25,0.6666666666666666,1.625,0.5541102178809442,0.2307573919423957,0.9730113185692876,-0.7199961995530358,-0.6939780058684749,-0.5893971434979954,-1.189705555822837,0.36189381764468204,0.2046723424357995,-0.7048079795512759,1.5525996399535906,-1.2310672131412774,-1.759996872616719,0.18002299699825666,-0.7190105453386694,1.2738987529169608,-0.6595337796359678,-0.16363929657875043,-0.7383007958769406,-0.06049228186358496,-0.3132161647547003,0.2351464537578827
2024-08-26,0.782608695652174,0.9583333333333334,0.5476787353294742,0.7743466304046299,0.6327616423116966,-0.5994311366832955,0.8004263316349434,1.627768679426836,-0.678076133483975,-0.21818064802304588,-0.6956736873892239,-0.39522364730128035,-1.4862106234684718,-1.2310672131412774,0.33481708706270985,0.6536880386633723,-0.7190105453386694,-0.12713541216204036,-0.6299779729560194,-0.14907289121933578,0.20729188204554108,0.9942646397818086,-0.326872502478219,1.4575481618663917
2024-08-27,0.5,0.1666666666666666,0.1194521264349297,0.2738892781663942,0.961761229882704,-0.5401179219820013,-0.8415893478139115,0.6736739040072873,-2.8741468535358985,-1.999442194210867,-1.4322178724723336,-2.6692160274955774,-1.4862106234684718,-1.2310672131412774,-1.759996872616719,-0.5719151924367537,-2.334046553293439,-1.315977651467937,-0.6795967934972118,-0.042341462951917624,2.2341640485444763,1.9195207032837172,0.012010679228561123,1.2382851833311566
2024-08-28,0.25,0.1666666666666666,-0.0215305552172388,0.4968477444023736,0.8678377261229623,-0.0958457525202244,0.9953961983671789,1.1322090050298168,-1.116647113945228,-1.999442194210867,-1.126524415787066,-1.4848981939021966,-1.4862106234684718,-1.8994668305967133,-0.4383164172581281,-1.2146386050555131,-1.8896373265700228,-1.8848850801535646,-0.8631079236833806,0.07706289289233122,2.847073560537372,2.2173721714038015,3.8764251821604376,1.8888132688331847
2024-08-29,0.7727272727272727,1.8333333333333333,0.51325875052102,0.0446365042992951,0.9990032945310736,-0.6522086631022552,0.7580394843109223,0.21365005265676215,0.31171077730832725,0.49564382605146134,-0.05158854355333365,0.12212097085718994,0.35393260443568864,0.7741316392250301,0.7560564209317141,0.27771894394586744,0.29834182317629,0.06022226599004031,-0.45624832208086574,0.29810064111715906,-0.4139752769081377,0.15677388123430608,-0.5389432846965896,0.7625180279499928
2024-08-30,0.7631578947368421,1.5833333333333333,0.3762456647108128,0.4652283273113188,0.8851907158726375,-0.903740398683186,0.4280809406969155,-0.15031022489785975,0.6025102645013068,0.3331438621704576,-0.1528659643997854,0.3430917687452825,1.0715424606223007,0.4128159399136957,0.0952161932524188,-0.19594609771924862,0.1609366932213123,0.5070441742210678,-0.29438003354411196,0.3883917458392295,-0.43558625277202523,-0.33235602476634046,-0.2474281624306916,-0.5182787491477043
2024-08-31,0.7941176470588235,1.4166666666666667,0.4321148406075346,0.6485628363837987,0.7611611178073943,-0.0226146301786665,0.9997442565485846,1.995333901072224,0.005799726595031821,0.21026056429398238,-0.3899802307039562,-0.12215091341171726,-0.8728295475004183,-0.023031874631775716,0.7560564209317141,0.6536880386633723,-0.3193579088579942,0.94222204582338,-0.19854606207711248,0.4098355491226883,-0.09264508098869932,0.2385636431617178,-0.28641456843091784,0.09511854349944182
2024-09-01,0.8,1.0416666666666667,0.5620871601327713,0.6065089066111964,0.7950766920249209,-0.027630862750633,0.9996181948242318,-1.2390725174009787,-1.8652588997026265,-0.12728714400885668,-0.6956736873892239,-1.4848981939021966,-1.4862106234684718,-1.8994668305967133,0.22252381042116723,0.8728804503233099,-0.9535854075245114,1.1178382465771568,-0.30203627641891145,0.32650885105221744,0.3003945520045845,1.156590854728921,-0.039291358990369854,1.757427392429623
2024-09-02,0.8461538461538461,2.1666666666666665,0.5555514460447429,0.0354809127784516,0.9993703541872792,-0.0063994969094771,0.9999795230099991,0.03877914874532339,-0.4601329863562411,0.6814552774582703,-0.2648229589913816,-0.12215091341171726,1.207953763308792,0.8325917688583228,0.0952161932524188,0.3660956779775301,-0.3193579088579942,1.9147757188951828,-0.09568320142585704,0.5842836408001741,-0.4724277023482499,0.250730184165052,-0.4276722900459365,0.558259106426795
2024-09-03,0.8,1.875,0.4325996232524669,0.0028361562322398,0.9999959781008252,-0.0298843135102501,0.9995533641612244,-0.5068720227523046,-0.15914473128796747,0.5206022501744748,-0.1528659643997854,-0.12215091341171726,0.09935645656094132,-0.023031874631775716,0.33481708706270985,1.198715504334521,0.013344408322606053,1.1178382465771568,0.15157229941600123,0.3477648248496706,-0.29525316174366784,0.009890151467371463,-0.2474281624306916,0.22070806375679577
2024-09-04,0.8571428571428571,2.0416666666666665,0.4233252249293787,0.2426979989736524,0.9701018922227628,-0.1038775278673883,0.994590096071824,-0.18591230578130294,0.24141619926248567,0.615287285539875,-0.3899802307039562,0.3430917687452825,0.7835690723998321,0.9398462943674001,0.5261347058845063,0.27771894394586744,0.29834182317629,0.22548345028949307,0.3798791359521769,-0.4396717776612536,-0.4604170727876737,-0.20908032605448768,-0.6081290965655523,-0.6030693308803777
2024-09-05,0.7407407407407407,2.25,0.3333543450451364,0.3401060170872423,0.9403870996249644,-0.1777288568639584,0.98407949548694,-0.6145913798179148,0.43643500684524256,0.7235179596691274,0.27798476399805644,0.9022111852081096,1.0209617320770987,0.21930982772975055,0.22252381042116723,1.0895007275182707,0.42687573824441677,1.1178382465771568,0.42584636554878863,-0.26107428597355864,-0.6133688402267915,-0.6672373340391484,-0.41267892656375355,-1.2427155622695758
2024-09-06,0.7741935483870968,1.2916666666666667,0.4890329076771283,0.3635222330929544,0.9315855226693424,-0.5034598442964952,0.8640186254826622,-0.8646374026489406,0.013949339045979907,0.10850034974948909,-0.3899802307039562,-0.12215091341171726,-1.4862106234684718,0.4128159399136957,-0.4383164172581281,0.8728804503233099,0.013344408322606053,-0.12713541216204036,0.3938314592584314,-0.15578080263795804,-0.016024506981759137,0.5221364918207745,-0.326872502478219,1.0282389737059612
2024-09-07,0.6086956521739131,0.9583333333333334,0.390051235294464,0.121797163089941,0.9925550116055242,-0.9407575381753434,0.3390800117468845,-0.1664991071830614,0.02610507872341606,-0.21818064802304588,-0.1528659643997854,-0.12215091341171726,-0.5140246194071121,-1.2310672131412774,-0.051749665097709216,0.7135316328007653,0.1609366932213123,-0.9123314070817621,0.3419652268646485,0.06097314566116152,0.252391226154289,0.49159327174556033,-0.19755833286028276,0.2358242557869585
2024-09-08,0.68,1.0416666666666667,0.2692798712759365,0.0559667217249039,0.9984326347127116,-0.0980895119459237,0.9951775960330952,-0.4425315419104134,0.45566330806852273,-0.12728714400885668,-0.2648229589913816,0.5448223020231943,0.6357392650091788,-0.3474909802149713,0.33481708706270985,-0.5719151924367537,0.42687573824441677,-0.3434239783961347,0.3419652268646485,0.06097314566116152,0.4084117148950936,0.2983216555888009,-0.18544511907381944,0.3078643686921827
2024-09-09,0.6666666666666666,1.875,0.3903054716951528,0.3764263913745721,-0.9264465294212708,-0.0039997022047923,0.9999920011591458,-0.16770161469437017,-0.16195154780728818,0.5206022501744748,0.34656395437915377,0.12212097085718994,-0.2594484715323648,0.4967207334773904,1.5442042657797583,-1.8573620176742727,0.29834182317629,0.7414374866335379,0.30791023022168473,-0.03498421287306658,-0.9709278237865392,-0.9006219745644559,-0.4739532042657392,-1.1585085626145064
2024-09-10,0.4727272727272727,2.2916666666666665,0.2725753381428676,0.4886212414969549,0.8724960070727972,-0.0827357350048429,0.9965715218453758,0.5164618693709911,0.9908028372477197,0.7439791003506397,1.0145289490811664,1.0621669201816635,1.207953763308792,0.9893082546959004,0.22252381042116723,0.27771894394586744,1.061103236910934,0.5070441742210678,0.35630579568279763,0.11553389760348229,-0.6493540954541348,-0.8880326594065242,-0.397892374698681,-1.490894269658927
2024-09-11,0.6071428571428571,1.1666666666666667,0.3282727708023557,0.2015053223256171,0.9794874195590514,-0.0050905216659315,0.9999870432106452,2.023545094262387,0.038513584607170824,-0.0032845137748949873,0.0408704976938861,0.3430917687452825,0.712737532528995,-0.3474909802149713,-0.2255733817364018,0.27771894394586744,0.013344408322606053,0.5070441742210678,0.2526296059061561,0.12332492617025276,0.25578618670143644,0.3024223326853323,-0.27326093084039327,0.30444650340555607
2024-09-12,0.813953488372093,1.7916666666666667,0.3688813548512831,0.0026907126833833,0.9999963800260756,-0.9293206723407156,0.3692737303954891,-0.28300398118257514,0.27568808581162496,0.47012449177393395,-0.2648229589913816,0.5448223020231943,1.2491203409772325,-0.5626675956858416,-0.7125898927770046,0.8227464096170158,-0.1460674035471263,0.94222204582338,0.19503179560572162,-0.07060482840316629,-0.48447107037066495,-0.4111249008682429,-0.326872502478219,-0.7624231065933651
2024-09-13,0.7083333333333334,1.0,0.4175897707363394,0.5059710390190938,0.862550466740317,-0.5051553693127601,0.8630284194941028,-0.6582613894391075,0.11941830248436422,-0.1718247184119748,-0.3899802307039562,-0.12215091341171726,-1.4862106234684718,0.64536774282366,0.43526684594289394,-0.838669510338008,0.1609366932213123,-0.5992390559340501,0.15708049132515675,0.014983729901859547,0.26689278637750813,0.597562407182045,-0.41267892656375355,0.9094249636292805
2024-09-14,0.7368421052631579,1.5833333333333333,0.4955459889343206,0.9999339897082916,0.0114898314199126,-0.6734426995189002,0.7392394270225962,-1.0863424048047523,-0.15414565497000055,0.3331438621704576,-0.05158854355333365,-0.12215091341171726,0.9102021337553509,0.8325917688583228,0.22252381042116723,-1.2146386050555131,-0.1460674035471263,0.5070441742210678,0.237158988032014,-0.11437892915097725,-0.6234962575951878,-0.1476006522252658,-0.326872502478219,0.14959892718463438
2024-09-15,1.0,0.625,0.29451345871969,0.1450038131504039,0.9894310962223912,-0.5731593691279275,0.8194439197290295,-2.4836677916049874,-0.763408150154965,-0.6786116542023607,-2.5996127859532856,-0.7048079795512759,-0.8728295475004183,-1.8994668305967133,-0.2255733817364018,0.3660956779775301,-0.5091761808010942,-0.9123314070817621,0.18429508442084847,0.12865674773228486,0.9359540358791472,0.9662109003121953,-0.10428143942122009,0.7870789738776871
2024-09-16,0.7391304347826086,0.9583333333333334,0.4123256698131314,0.7012722567232362,0.7128935558344593,-0.2387453205335178,0.9710822168711296,-0.22061194519193197,0.04208872183182321,-0.21818064802304588,-0.5318718426473102,0.12212097085718994,-0.06198387030600885,-1.8994668305967133,-0.051749665097709216,0.6536880386633723,0.013344408322606053,-0.5992390559340501,0.06029945909333263,0.12461545593199688,0.330069346832776,0.651631458195128,-0.326872502478219,0.74702890897161
2024-09-17,0.813953488372093,1.7916666666666667,0.328981293827407,0.2470694808821235,0.9689977665694788,-0.0135986046066084,0.9999075347014608,0.59902865500362,0.6317989008345571,0.47012449177393395,-0.2648229589913816,1.0621669201816635,0.4581613846542476,1.313767360279096,0.0952161932524188,-0.838669510338008,0.7691300375203899,0.94222204582338,-0.01236726613919189,-0.21467799201706556,-0.2846029053153296,-0.3066916615095246,-0.11550675679559733,-0.3648629125774906
2024-09-18,0.8461538461538461,2.1666666666666665,0.3935598358215263,0.0150528962686388,0.9998866987383748,-0.3466628160668426,0.9379898144205012,-1.1289737046829318,0.7810216881081177,0.6814552774582703,-0.2648229589913816,0.9022111852081096,-0.06198387030600885,0.32090863724046487,-0.2255733817364018,1.4654698222357754,1.061103236910934,0.845418260909762,0.1293160714401391,0.09068998989927154,-0.5361936788826221,-0.3921281415460393,-0.4276722900459365,-0.21107505325160103
2024-09-19,0.8648648648648649,1.5416666666666667,0.4123989195586622,0.3606751758244392,0.932691491085884,-0.8168513570850641,0.5768482126420166,-1.4649762969008808,0.4468185529810431,0.3036470716908687,-0.6956736873892239,0.3430917687452825,0.551397205662045,0.32090863724046487,0.7560564209317141,-0.05300928173733781,-0.1460674035471263,0.37331461713775294,0.0952409694340818,0.03667872964253885,-0.3320739110286165,-0.0986681583967689,-0.17346725129018284,-0.2663190953273865
2024-09-20,0.7222222222222222,0.75,0.5483175417282051,0.984933773111802,0.1729319594052801,-0.3141995810006359,0.9493569525205072,1.1867965170563073,-1.3179768689357467,-0.4834649322609811,-0.6956736873892239,-1.4848981939021966,0.712737532528995,-1.8994668305967133,-0.4383164172581281,-0.3650044686728924,-1.5265285493160545,0.37331461713775294,0.06029945909333263,0.13231150567310362,0.46949135724952296,1.2935846427180493,-0.01847501533568541,1.6616762873808597
2024-09-21,0.7636363636363637,2.2916666666666665,0.3159974816841048,0.1867383689953143,0.9824096811132156,-0.0418756537291999,0.9991228300988584,-0.9865804617729881,1.0344207355934727,0.7439791003506397,0.2046723424357995,1.0621669201816635,0.6357392650091788,0.7741316392250301,0.6090905625815863,0.9204423565646266,1.061103236910934,0.7414374866335379,0.15708049132515675,0.3710655778407001,-0.5762429540267263,-0.6771481697727304,-0.2997316094230187,-0.8574707718574096
2024-09-22,0.7450980392156863,2.125,0.5197335612313386,0.033663948565887,0.9994332086572636,-0.3118512906448411,0.9501309238853068,0.030183468118526298,0.756828720301055,0.6598248599429931,0.2046723424357995,0.5448223020231943,-1.4862106234684718,1.0812155573691318,1.1869749335638018,0.27771894394586744,0.6614506004302578,0.7414374866335379,0.3419652268646485,0.21286820497191256,-0.5091079347333642,0.07186984221345677,-0.5389432846965896,0.7789826854213835
2024-09-23,0.8571428571428571,1.1666666666666667,0.3132689670799354,0.4048756239475895,0.9143717674628028,-0.9649592707016952,0.2623997063391125,-0.5100952853672018,0.6687186602036614,-0.0032845137748949873,-0.8894101494828957,0.9022111852081096,0.09935645656094132,0.10573202176959423,0.5261347058845063,-0.05300928173733781,0.42687573824441677,0.5070441742210678,0.36578370939785343,0.12350942606669059,-0.0883983824639552,-0.13182334991545697,0.30018099998541264,-0.05256944142768546
2024-09-24,0.6153846153846154,1.0833333333333333,0.1975280686779431,0.4262398425385126,0.9046101904316268,-0.882366522365927,0.4705627696788813,-0.061997796534353056,0.9496476985751757,-0.08443063961626654,-0.05158854355333365,0.7303964035101177,0.551397205662045,0.4128159399136957,-0.4383164172581281,-0.3650044686728924,0.5476147922890665,-0.3434239783961347,0.2830579789910295,0.2230911022286646,0.05550275774531909,-0.3048948568998973,-0.2222032806343674,-0.8077454689668299
2024-09-25,0.6521739130434783,0.9583333333333334,0.4012049574001871,0.188095604421388,0.9821507234622152,-0.1068425356870851,0.9942759539322844,-1.4139424254928,-0.135000058664892,-0.21818064802304588,-0.2648229589913816,-0.12215091341171726,-1.4862106234684718,0.10573202176959423,-0.2255733817364018,0.5209972261593706,0.013344408322606053,-0.3434239783961347,0.1293160714401391,0.17480993170096867,0.4851757915797879,0.7904005419927934,-0.18544511907381944,0.9606554946650495
2024-09-26,0.88,1.0416666666666667,0.536986067067168,0.5556911594959543,0.8313887990934458,-0.5541787344724936,0.8323976995754286,-0.4713537482604008,-0.9496750855795568,-0.12728714400885668,-1.126524415787066,-0.7048079795512759,-1.4862106234684718,-1.2310672131412774,0.33481708706270985,0.7697460486065164,-0.3193579088579942,0.37331461713775294,0.06029945909333263,0.20514810565730388,0.18850962835899038,0.9316464010225184,-0.26026673520955357,1.447739944165513
2024-09-27,0.8275862068965517,1.2083333333333333,0.3543445762056604,0.237473972705332,0.9713939017142054,-0.5695784258005459,0.8219369908104709,-0.5483334341857596,0.3363866955129306,0.035212819872147055,-0.6956736873892239,0.3430917687452825,0.09935645656094132,0.10573202176959423,0.5261347058845063,0.0708082201820057,0.1609366932213123,0.06022226599004031,0.12369523725875241,0.07213431733628649,0.07868565060343677,0.18255007275543056,-0.17346725129018284,0.2751216893551008
2024-09-28,0.7714285714285715,1.4583333333333333,0.4656068507781502,0.4379135549772376,0.8990170845802642,-0.077806598100592,-0.9969684715636764,-0.38750732978770963,0.0007281284563109709,0.2422503581562684,-0.2648229589913816,-0.12215091341171726,0.551397205662045,-0.5626675956858416,-1.759996872616719,1.0895007275182707,-0.3193579088579942,0.06022226599004031,0.006162794923297285,-0.3991932633080137,-0.9524781494109275,-0.6314382570413328,-0.41267892656375355,-0.751833037831698
2024-09-29,0.84,1.0416666666666667,0.2725893817548607,0.6049466090392822,0.7962660360783158,-0.0117079829000324,0.9999314592192868,-0.5185173586512895,0.7442968800290009,-0.12728714400885668,-0.8894101494828957,0.5448223020231943,-0.2594484715323648,-0.023031874631775716,0.6090905625815863,-0.19594609771924862,0.1609366932213123,-0.3434239783961347,-0.16339601195661768,-1.6662157529451567,0.3042356699244324,0.1907011514471171,-0.26026673520955357,0.0007483436599507583
2024-09-30,0.6774193548387096,1.2916666666666667,0.4412562439345086,0.0108353737398348,0.9999412956148568,-0.5551468978180194,0.8317523200106084,-1.1646926300461717,-0.7820344354396637,0.10850034974948909,-0.05158854355333365,-0.12215091341171726,-0.8728295475004183,-1.2310672131412774,-0.4383164172581281,1.198715504334521,-0.7190105453386694,0.94222204582338,-0.14272957677213918,-1.5830833369897035,0.049065100713288706,0.43000218516302585,-0.41267892656375355,0.7040793900922814
2024-10-01,0.8846153846153846,3.25,0.4847749030238986,0.1960887667902017,0.9805861489633116,-0.1411892121806054,0.9899826293242826,-0.23163898775514244,1.1937191234846614,1.1347218271610104,-0.1528659643997854,1.2117955174581057,0.551397205662045,1.036356454531456,0.995657314742005,1.3847881853137947,1.149632675983902,0.7414374866335379,0.1734738313328323,0.6244195860389906,-1.0135783569440064,-0.6354621790791138,-0.3833070066596591,-0.10644139352677386
2024-10-02,0.7096774193548387,1.2916666666666667,0.4405205360361865,0.3184768023456523,0.9479306548306624,-0.8091879399437856,0.5875498939235139,0.2616262325815126,0.5248849698297691,0.10850034974948909,-0.1528659643997854,0.3430917687452825,-1.4862106234684718,0.21930982772975055,0.7560564209317141,0.3660956779775301,0.1609366932213123,-0.12713541216204036,0.21625680500553215,0.5773432043327177,-0.10063063538310377,0.2577037434667154,-0.41267892656375355,0.5195733494599978
2024-10-03,0.8076923076923077,2.1666666666666665,0.4246691837295839,0.1053963074338798,0.9944302984017044,-0.0394778127813247,0.9992204472977936,0.705166699407187,0.0368569183633573,0.6814552774582703,-0.05158854355333365,0.5448223020231943,-0.8728295475004183,0.4128159399136957,1.5735416857242204,0.27771894394586744,0.5476147922890665,1.1980371233612952,0.3515422136462205,0.5827030114867127,-0.49218443072053375,-0.240902357546501,-0.326872502478219,-0.3926322479636031
2024-10-04,0.6956521739130435,1.9166666666666667,0.4006792885952844,0.0410763995278726,0.9991560085401212,-0.8433914458128855,-0.5372996083468242,0.4572225519718078,0.6041254923629215,0.5450238921628292,0.27798476399805644,0.5448223020231943,1.0715424606223007,0.7741316392250301,-1.759996872616719,0.6536880386633723,0.1609366932213123,0.22548345028949307,0.4303596439617637,0.5358509311072988,-0.8190431922770914,-0.6930198525352829,-0.5904095524085978,-0.8117900643859755
2024-10-05,0.8627450980392157,2.125,0.217469173925965,0.014543897651583,-0.9998942319271076,-0.0187611886838285,0.9998239934104252,0.2369738077953533,0.7091528797983638,0.6598248599429931,-0.3899802307039562,0.7303964035101177,-0.8728295475004183,1.4722042690769275,1.0472045125324834,-1.8573620176742727,0.5476147922890665,0.37331461713775294,0.5006262979794213,0.5273710379649325,-1.252959922688108,-1.7323567638606907,-0.3833070066596591,-3.007601909222692
2024-10-06,0.7674418604651163,1.7916666666666667,0.3341853696850042,0.0463073811854129,0.9989272378145212,-0.0768640427593715,0.9970415833508076,-0.3424155058997794,1.2525974984753814,0.47012449177393395,-0.05158854355333365,1.2117955174581057,0.551397205662045,0.4128159399136957,0.995657314742005,0.0708082201820057,0.9684546971986974,0.06022226599004031,0.5756062758319698,0.34298750539550366,-0.2572065378379341,-0.2598084267785483,-0.41267892656375355,-0.1769764331286631
2024-10-07,0.75,1.0,0.3026327340201183,0.0376611145015291,0.999290568580782,-0.2070580169490377,0.9783286654377108,-0.5463569897848,0.5881970466753392,-0.1718247184119748,-0.5318718426473102,0.3430917687452825,-1.4862106234684718,0.32090863724046487,0.22252381042116723,0.18002299699825666,0.29834182317629,-0.5992390559340501,0.5469314820942959,0.4630185305711609,0.44153482046528036,0.4343967492628587,-0.4583031742919876,0.48685883406322483
2024-10-08,0.7857142857142857,0.5833333333333334,0.3371795964848805,0.0595241543093695,0.998226865523942,-0.5818864241083356,-0.8132700593520054,0.04201840770074192,-1.0175424892993457,-0.7518991840797027,-1.126524415787066,-1.0621968627361917,0.09935645656094132,-1.2310672131412774,-1.759996872616719,0.18002299699825666,-0.9535854075245114,-0.3434239783961347,0.2526296059061561,0.2074561836867659,0.5403902732522716,0.6505195581340666,-0.2474281624306916,0.3601498140052088
2024-10-09,0.5714285714285714,0.2916666666666667,0.2101878713391281,0.6394949120455197,0.7687953287240323,-0.3960797660391569,0.918216106880274,1.4223026403706018,-0.7678350761382843,-1.4657236581542106,-1.126524415787066,-1.0621968627361917,-1.4862106234684718,-1.8994668305967133,-0.7125898927770046,-0.19594609771924862,-1.8896373265700228,-0.5992390559340501,0.12369523725875241,0.5637705183540189,1.889641652284185,1.789306833869652,-0.11550675679559733,1.5289942789390971
2024-10-10,0.8620689655172413,1.2083333333333333,0.4030496472323577,0.4783725826844353,0.8781569746553421,-0.0841851015082787,0.9964501335661714,-1.1265845960663872,0.06979662512322092,0.035212819872147055,-0.8894101494828957,0.12212097085718994,0.09935645656094132,-0.1716788839780456,0.8218335981033126,-0.19594609771924862,0.29834182317629,-0.12713541216204036,-0.01236726613919189,0.41419959192174016,0.13535829547680683,0.4012322044813978,-0.028832661263288723,0.3234980238668558
2024-10-11,0.6785714285714286,1.1666666666666667,0.4819142774944522,0.3461170570774929,0.9381913359224842,-0.6381521377445245,0.7699102863919234,0.8982625249162824,-0.4465905784031395,-0.0032845137748949873,-0.1528659643997854,-0.7048079795512759,-1.4862106234684718,0.10573202176959423,0.22252381042116723,0.6536880386633723,-0.1460674035471263,0.22548345028949307,-0.1291226137173911,0.2822117702859018,0.07740868092472174,0.602802867368172,-0.10428143942122009,0.9588668414899202
2024-10-12,1.0,0.0416666666666666,,0.1828075291372614,0.9831487208407126,0.1828075291372614,0.9831487208407126,3.1628644524153047,-4.073604120883474,-3.0399476660579094,-2.5996127859532856,-3.6092619768200516,-1.4862106234684718,-1.8994668305967133,-1.759996872616719,-1.2146386050555131,-3.714507699062367,-1.8848850801535646,-0.5177285049604574,0.1955082596425015,,,,
2024-10-13,0.8181818181818182,1.375,0.3248496233354618,0.4432015748032724,0.8964219788090313,-0.6677242926815815,0.7444086706661077,-0.8250014261745728,0.3565087331026086,0.17734340199736645,-0.5318718426473102,0.3430917687452825,0.551397205662045,-0.3474909802149713,-1.0991566449374235,0.9204423565646266,0.5476147922890665,0.37331461713775294,-0.6106214270286953,-0.050473509410430786,-0.1596814819544193,-0.1776089626296794,-0.34070505586975436,-0.480884240062426
2024-10-14,0.7931034482758621,1.2083333333333333,0.3011180851313236,0.3286606079507881,0.94444809533474,-0.5979166413134962,0.8015582886106213,0.6081688895754974,0.6879891210638674,0.035212819872147055,-0.5318718426473102,0.5448223020231943,-0.06198387030600885,0.64536774282366,0.0952161932524188,-0.05300928173733781,0.42687573824441677,-0.3434239783961347,-0.5633902480726968,0.002479882750258001,0.0496330448277559,-0.012139831731689074,-0.44287833243249025,-0.0721208846190351
2024-10-15,0.8260869565217391,0.9583333333333334,0.3299751438892588,0.9834003709073292,-0.1814489198075521,-0.9223696183664268,-0.3863085387544159,1.052463770069376,-0.737194995232245,-0.21818064802304588,-0.8894101494828957,-0.7048079795512759,1.0209617320770987,0.10573202176959423,-1.759996872616719,-1.8573620176742727,-0.1460674035471263,-0.5992390559340501,-0.48226093542965115,-0.029514106966351258,-0.5309563724316142,-0.5835928465513792,-0.2474281624306916,-1.3974486091602127
2024-10-16,0.6551724137931034,1.2083333333333333,0.5174270298618707,0.0828082075122043,0.9965655024977614,-0.8162216274321922,0.5777389158711257,0.057023250908023,-0.6543467010618319,0.035212819872147055,-0.05158854355333365,-0.7048079795512759,-0.5140246194071121,-0.3474909802149713,-0.4383164172581281,0.9656832255989268,-0.5091761808010942,0.37331461713775294,-0.30203627641891145,-0.22912587545239949,0.035543529150500505,0.6842496232550741,-0.3833070066596591,0.7516997995637063
2024-10-17,0.7777777777777778,3.375,0.5140305560231188,0.0606130152720064,0.998161340856094,-0.0825907886778603,0.9965835447294767,-0.2951533464777046,0.7030251423621364,1.1770458285732799,0.5291735227281411,1.0621669201816635,-1.4862106234684718,0.8877094451851861,1.7080447402117789,1.232437543500181,0.6614506004302578,1.766944552046923,0.048452040535508153,0.9460688412184615,-1.0203506329421599,-0.5383070541108711,-0.27326093084039327,0.1843468549089661
2024-10-18,0.64,1.0416666666666667,0.4415530532627809,0.091646451650861,0.9957916086711148,-0.0143257542257089,0.9998973811176148,0.005522756803029933,-0.21030993721828758,-0.12728714400885668,-0.1528659643997854,-0.12215091341171726,-1.4862106234684718,-0.3474909802149713,0.8218335981033126,0.0708082201820057,-0.5091761808010942,0.06022226599004031,0.03048718287049399,0.9527410583726081,0.41785613990464404,0.8482043188088715,-0.3689174212919814,1.2725469119288242
2024-10-19,0.8113207547169812,2.2083333333333335,0.4630299444661561,0.048123404622304,0.998841397784232,-0.8858664265423343,0.4639403779852699,-0.039465592731256056,0.5957956137506601,0.7026813643355833,-0.05158854355333365,0.7303964035101177,0.35393260443568864,0.5739056614256938,1.2699307902608818,0.446777314899511,0.42687573824441677,1.032775939061843,0.31282720162630856,0.7457171997842118,-0.7230423393959633,-0.3760552292300162,-0.397892374698681,0.1011645438655277
2024-10-20,0.7125,3.3333333333333335,0.5857056442553092,0.0065449379673518,0.9999785816641292,-0.2118223268805003,0.9773081918386496,0.8890216389517963,0.682395284270982,1.163112370514898,0.7774146827769961,0.7303964035101177,-1.4862106234684718,0.4967207334773904,1.8692405779430268,1.1637206387781303,0.42687573824441677,0.7414374866335379,0.5260768779437414,1.0447083975624831,-1.020331650316263,-0.2604320003467434,-0.397892374698681,0.7164018141607456
2024-10-21,0.7954545454545454,1.8333333333333333,0.3616106454607516,0.4473688968413069,0.8943495234744592,-0.3092936324235276,0.9509665866592052,-0.6810888944683683,0.8644001791852011,0.49564382605146134,-0.1528659643997854,0.7303964035101177,1.0209617320770987,0.8325917688583228,-0.2255733817364018,0.18002299699825666,0.871284964967833,-0.3434239783961347,0.5877146540855425,0.9853390246508364,-0.41895233839306106,-0.359194734402905,-0.3833070066596591,-0.5924864879395991
2024-10-22,0.575,1.6666666666666667,0.412405941212485,0.3394220584178876,0.9406341830166306,-0.0015271625018798,0.9999988338866664,0.5066361172062233,0.556890844833693,0.3899338246214301,0.47172122609172795,0.3430917687452825,-1.4862106234684718,0.21930982772975055,0.8833640381004627,0.8227464096170158,0.29834182317629,-0.3434239783961347,0.6543838305641826,0.8547039882297698,-0.21310804682433324,0.03664532905303297,-0.5389432846965896,0.3962871122395205
2024-10-23,0.6808510638297872,1.9583333333333333,0.4247649249289828,0.0197791083210475,0.9998043743023052,-0.2144512156365544,0.976734700986918,-0.4329427227765681,0.40001489301999665,0.568931355928804,0.34656395437915377,0.7303964035101177,-0.2594484715323648,0.4128159399136957,1.1869749335638018,0.5897141308814215,0.5476147922890665,1.1178382465771568,0.7216180438267977,0.727420526826243,-0.38744873952451164,-0.1211257037813291,-0.44287833243249025,0.3008770250682279
2024-10-24,0.6666666666666666,1.375,0.3623274223240292,0.3109529103012237,0.9504253193045727,-0.0231235514043947,0.9997326149378384,-0.5649663688847402,0.2695034761019455,0.17734340199736645,0.0408704976938861,0.12212097085718994,0.35393260443568864,0.7741316392250301,0.43526684594289394,-0.838669510338008,0.1609366932213123,-0.12713541216204036,0.5344567334294495,0.48479888674343974,0.025309577921071386,0.14703799984441768,-0.326872502478219,-0.08443739651754904
2024-10-25,0.5365853658536586,1.7083333333333333,0.4245940214816258,0.6401096994849554,0.7682835235935234,-0.7055108957493527,0.7086990729350124,0.264666984628306,-0.24214702256692774,0.4172981025781043,0.5836782206833241,0.5448223020231943,-0.5140246194071121,-0.5626675956858416,-0.051749665097709216,1.3562550454195248,0.013344408322606053,1.6016833677474707,0.5997172809603865,0.27982843777367916,-0.49435168972993665,-0.24362455454061263,-0.5223226724800176,-0.18837166935272565
2024-10-26,0.7,1.6666666666666667,0.429424942983984,0.3905302961862386,0.9205900758538996,-0.0579270304745675,0.9983208197470383,-0.2859745574184354,0.6139863177047155,0.3899338246214301,0.12592457069411792,0.5448223020231943,-0.2594484715323648,0.4128159399136957,0.8218335981033126,0.5897141308814215,0.42687573824441677,0.06022226599004031,0.5469314820942959,0.2913750192349924,-0.23570109140484968,0.06706918533291921,-0.326872502478219,0.3470088927970816
2024-10-27,0.696969696969697,4.125,0.4845108026120022,0.0265404322300818,0.9996477406852078,-0.120064643165831,0.9927660759018015,-0.5040930221400466,1.2386134083479243,1.4023992894917252,1.049371698222365,1.3523499795517093,-0.2594484715323648,0.32090863724046487,1.8478151612430969,1.6723805459996368,1.5413978389902405,1.3458682902095551,0.6234125583259452,0.8400676159199932,-1.255382860921679,-0.917529496931941,-0.27326093084039327,-0.21314316408637757
2024-10-28,0.6129032258064516,2.5833333333333335,0.4565622271410123,0.7905559898369584,0.6123897671686774,-0.0202153533795586,0.9997956488641764,0.40425811884428153,0.8881100337942531,0.8777291087574186,0.8207924869874944,0.9022111852081096,0.35393260443568864,1.036356454531456,1.5735416857242204,-0.5719151924367537,0.871284964967833,0.22548345028949307,0.6921414813182184,0.8623205688497386,-0.8645293963087597,-0.560920581279405,-0.5389432846965896,-0.18465883918611078
2024-10-29,0.5733333333333334,3.125,0.3654557225264494,0.1932355317184333,0.9811523986015088,-0.5152250675470439,0.8570549164266803,0.16273479143932612,1.1528424248852227,1.0907590756427186,1.1158063699276182,1.0621669201816635,1.5525996399535906,0.5739056614256938,0.5261347058845063,1.0895007275182707,1.3156941916912495,1.1980371233612952,0.8166773990181753,0.9148631246149183,-1.0476297423775456,-1.0665341338025474,-0.3689174212919814,-1.5144098954005445
2024-10-30,0.6515151515151515,2.75,0.4816498961014805,0.0439099968633363,0.999035490948876,-0.5719072767325402,0.8203182716606828,0.22704880560872095,0.11081710155969321,0.9476319488421111,0.7774146827769961,0.5448223020231943,-0.5140246194071121,1.5825298061416098,0.6854025532331482,0.7697460486065164,0.42687573824441677,1.4795978472928706,0.8798361521523733,0.9015777528610858,-0.8793277203339989,-0.49125882833398843,-0.3132161647547003,-0.08938511875195491
2024-10-31,0.5576923076923077,2.1666666666666665,0.3991123592275394,0.3032015912885681,0.9529264373707343,-0.8487410320994789,0.528808718187126,-0.15773589455004638,0.030395761412599972,0.6814552774582703,0.7774146827769961,0.3430917687452825,1.7781593575981516,-0.023031874631775716,-0.2255733817364018,-0.5719151924367537,0.5476147922890665,1.1178382465771568,0.9402193877541525,0.7262820965517622,-0.7432816375170639,-0.6111560537738102,-0.35471843206916825,-0.8895607775615876
2024-11-01,0.7777777777777778,3.0,0.5679933524132619,0.1572963260413546,0.9875514497047188,-0.2427685461322495,0.970084240161046,-1.269641524135814,0.5683962670240155,1.0450255426406647,0.41098420151293863,0.3430917687452825,1.2491203409772325,0.9398462943674001,1.096107073622189,0.6536880386633723,0.42687573824441677,1.1980371233612952,1.033376469754311,0.5725459647702823,-0.9317703925462276,-0.22933817808718873,-0.4739532042657392,0.45954533645060675
2024-11-02,0.8947368421052632,2.375,0.5244858509383672,0.5800515243189877,0.814579786844247,-0.1638998989869011,0.9864769754596828,0.1933037981741625,0.4029325854670877,0.7838274901769543,-0.5318718426473102,0.5448223020231943,-0.06198387030600885,1.5825298061416098,0.0952161932524188,0.446777314899511,0.29834182317629,0.94222204582338,1.0819027253334834,0.29664376479854776,-0.7321626934852925,-0.1665891835774782,-0.23474152899216838,0.4918397347230285
2024-11-03,0.7647058823529411,2.8333333333333335,0.4903620475013591,0.1506857122494831,0.9885817194971116,-0.0038542592220518,0.9999925723153392,-0.3349106564351248,0.4842809046739992,0.9810332563537897,0.41098420151293863,0.7303964035101177,1.430347388715607,0.7741316392250301,0.33481708706270985,0.9204423565646266,0.871284964967833,0.22548345028949307,0.9920856201479348,-0.6360665886650543,-0.7666156016465537,-0.33058528864313025,-0.44287833243249025,0.058868308268300265
2024-11-04,0.7792207792207793,3.2083333333333335,0.4311525884176526,0.0402044558933031,0.9991914740060204,-0.0502297921342445,0.9987376872743666,-1.119632205372104,1.4788830936443695,1.1202558661223074,0.47172122609172795,1.4848682513476679,1.1193877253618527,0.5739056614256938,1.3822240669024242,1.0088190905962897,1.3938055540915342,0.5070441742210678,1.0362788827477585,-0.45165777989762973,-0.9506996199389108,-0.7453993227762133,-0.44287833243249025,-0.3530345146866027
2024-11-05,0.6212121212121212,2.75,0.293566419924339,0.1050347154143158,0.9944685558416784,-0.0250864759679716,0.999685284838938,-0.45281384417576703,1.7664083698622655,0.9476319488421111,0.8624687557772279,1.6102197830330878,0.8491488352154859,0.9893082546959004,0.9411630020258153,0.8728804503233099,1.7441066701695664,0.22548345028949307,1.0099338196029912,-0.5735993201968658,-0.7754069646649147,-0.9704486914834315,-0.5059558200028164,-0.917097545702938
2024-11-06,0.84,1.0416666666666667,0.296320771917534,0.0054541268710138,0.9999851261394216,-0.021596770278274,0.9997667625569212,0.25182161106656037,0.899784944460008,-0.12728714400885668,-0.8894101494828957,0.7303964035101177,-0.5140246194071121,-0.1716788839780456,0.6090905625815863,0.0708082201820057,0.6614506004302578,-0.5992390559340501,0.8830812352223458,0.47433301142010426,0.4332079386447938,0.40615813683485846,0.22073665993788544,0.5673526263672828
2024-11-07,0.8666666666666667,1.25,0.4738774957669853,0.0223238154100771,0.9997507925805996,-0.610893911203348,0.7917124662746419,1.1322090050298168,-0.3087091779758683,0.07244771582971395,-0.8894101494828957,-0.39522364730128035,1.207953763308792,0.21930982772975055,-1.0991566449374235,-1.2146386050555131,0.013344408322606053,-0.3434239783961347,0.8098570771212046,0.7259565072962075,0.07271199776496703,0.5691175795026305,-0.14990568714945404,0.6370585058945423
2024-11-08,0.7727272727272727,1.8333333333333333,0.435207543035111,0.2577652297006549,0.9662075793313613,-0.047687573277711,0.9988623004973624,-1.327206536818296,0.261517689718658,0.49564382605146134,-0.05158854355333365,0.3430917687452825,0.712737532528995,0.32090863724046487,0.22252381042116723,0.8227464096170158,0.42687573824441677,0.7414374866335379,0.710638288686638,0.66664009941702,-0.32159007438607945,-0.011384939647301019,-0.4898350949549975,0.07654523858299771
2024-11-09,0.5873015873015873,2.625,0.5131357289080797,0.0277035569640169,0.9996161828079524,-0.0121442841781115,0.9999262554617722,-0.6676192486436495,0.28038889402930856,0.8956123537013384,0.9025719544895703,0.7303964035101177,-0.5140246194071121,-0.8400785014334814,1.096107073622189,1.5860620900163382,1.061103236910934,0.94222204582338,0.7325107722517998,0.6926484598870613,-0.7027281439674645,-0.1747542853927152,-0.35471843206916825,0.5332660857441804
2024-11-10,0.5510204081632653,2.0416666666666665,0.3408310688588844,0.0041451451029234,0.999991408849134,-0.0034179297969385,0.9999941588608922,-0.22334374259946846,0.8978876704472487,0.615287285539875,0.7321904686436854,0.9022111852081096,1.0209617320770987,0.7741316392250301,0.8218335981033126,-0.3650044686728924,1.3156941916912495,-0.12713541216204036,0.6620188059881106,0.6141624801215348,-0.3939769432361385,-0.39481654040671355,-0.5059558200028164,-0.480884240062426
2024-11-11,0.4583333333333333,1.0,0.1841947342800918,0.0208697137250254,0.9997822038069268,-0.4569685618566361,0.8894828460823051,-0.5463569897848,0.7819545516167576,-0.1718247184119748,0.2046723424357995,0.7303964035101177,-0.06198387030600885,0.4128159399136957,-0.051749665097709216,-0.19594609771924862,0.5476147922890665,-0.9123314070817621,0.4438112232138028,0.47042723890237126,0.39064399869066313,0.034624392850363964,-0.5223226724800176,-0.22730067229493964
2024-11-12,0.6046511627906976,3.5833333333333335,0.5431940175088367,0.3996158669813339,0.9166826925696572,-0.2175044586922824,0.9760593273203104,-0.5290286284089488,0.5651490578459181,1.244258496356269,1.1783307938230798,1.2117955174581057,0.712737532528995,0.4967207334773904,2.1592729398444375,-0.3650044686728924,0.871284964967833,2.170590796433098,0.530273192781464,0.8574332463724272,-1.186100176513611,-0.6222201158209948,-0.44287833243249025,0.1330283532683211
2024-11-13,0.6851851851851852,2.25,0.325632647036786,0.9571301216342069,0.2896582991396736,-0.0622098805214428,0.9980630895717504,-0.6667527801987841,1.2584440735882334,0.7235179596691274,0.47172122609172795,1.2117955174581057,1.0209617320770987,0.8877094451851861,0.6854025532331482,0.27771894394586744,0.9684546971986974,0.06022226599004031,0.6467062014250115,0.7305826210410747,-0.7925893934274453,-0.8950456882471594,-0.397892374698681,-0.927253495434602
2024-11-14,0.7605633802816901,2.9583333333333335,0.4753037831732459,0.024722978490439,0.9996943404534014,-0.5094795142620102,0.8604827857356278,-1.343142455822188,0.19789592742133383,1.0293623621081183,0.47172122609172795,0.7303964035101177,1.580694756371796,0.21930982772975055,-0.4383164172581281,1.2964114512821319,0.42687573824441677,1.1980371233612952,0.7961140421792603,0.671915763943918,-0.9466084397271355,-0.5911250433655129,-0.397892374698681,-0.578687214262114
2024-11-15,0.6666666666666666,2.25,0.3771695934519337,0.0245775785815029,0.999697925691091,-0.024068674826092,0.9997103074851812,-0.6691788918444062,1.0160828692691535,0.7235179596691274,0.5291735227281411,1.0621669201816635,1.430347388715607,0.10573202176959423,0.7560564209317141,0.18002299699825666,0.871284964967833,0.94222204582338,0.8302173316111803,0.6239521894103323,-0.5192770738139972,-0.42480072392915863,-0.4898350949549975,-0.22361015810620458
2024-11-16,0.7333333333333333,3.75,0.4228827399256423,0.0077811810587606,0.9999697261524124,-0.0076357412757921,0.9999708473026448,-1.3176785347191267,1.4121791767427556,1.2953036105441427,0.8207924869874944,1.729140135616575,1.6343428080451523,1.3476058081523339,0.8833640381004627,0.6536880386633723,1.5413978389902405,0.845418260909762,0.9182803943868381,0.8795057843150265,-1.1199981803071706,-0.9681482625482453,-0.35471843206916825,-0.4743439237056943
2024-11-17,0.582089552238806,2.7916666666666665,0.4467365255097209,0.9890802632347816,0.147377857493638,-0.5708927010679036,0.8210246792072655,-1.2445475633833372,0.4148410764098269,0.9644554059492162,0.9785048672521873,0.3430917687452825,0.7835690723998321,0.9893082546959004,1.6020032297051108,-0.5719151924367537,0.42687573824441677,1.658960641357267,0.9740025692305072,0.8416696633080931,-1.222472130332266,-1.0083511361305024,-0.3689174212919814,-0.7957855941767289
2024-11-18,0.6,2.0833333333333335,0.5059244982108352,0.3407214261154337,0.9401642993572268,-0.8065305982396096,0.5911923494965554,-0.4372911407558694,0.5094559899922684,0.6377744081766807,0.6355230708336418,0.3430917687452825,1.2884566763459318,0.5739056614256938,0.7560564209317141,-0.5719151924367537,0.5476147922890665,1.032775939061843,1.0506997080542344,0.34394545147612837,-0.6877975506860928,-0.18394892874139385,-0.26026673520955357,0.3266678679477637
2024-11-19,0.75,4.166666666666667,0.5223095167681351,0.0912843655538766,0.99582486643256,-0.3063876321023276,0.9519068330959332,-0.21915944269800902,0.9488985478435931,1.4136985129142225,0.8624687557772279,1.0621669201816635,1.6343428080451523,1.2423052788811297,0.22252381042116723,1.4654698222357754,0.9684546971986974,1.4795978472928706,1.0902911056487865,0.6161497606844168,-1.3158172252642975,-0.8524513604342847,-0.5223226724800176,-0.11198007284959205
2024-11-20,0.7419354838709677,1.2916666666666667,0.3674330317384631,0.0998262742345542,0.995004881883726,-0.3481630477347872,0.9374339935120896,-0.42511988646144727,0.047388692922427235,0.10850034974948909,-0.2648229589913816,0.3430917687452825,-0.5140246194071121,0.5739056614256938,0.9411630020258153,-1.2146386050555131,0.5476147922890665,0.06022226599004031,1.0246322703186301,0.9256816736688451,0.07904957574531303,0.2238309775807626,-0.3689174212919814,0.46566941746045776
2024-11-21,0.7083333333333334,4.0,0.4968428243595712,0.1243952456735262,0.9922327463119844,-0.0011635525721157,0.9999993230724769,-0.7012490551599696,1.2473653649743461,1.3678109531116986,0.9785048672521873,1.4848682513476679,1.2491203409772325,1.036356454531456,1.3462427809124438,1.326815941720847,1.5413978389902405,1.2738987529169608,1.0958550486397374,1.077958914027788,-1.2157336164668164,-0.8276981480888934,-0.41267892656375355,-0.018120279680332228
2024-11-22,0.7272727272727273,1.8333333333333333,0.4634981611510229,0.0383151405361419,0.9992657054085744,-0.969978220057977,0.2431918021092791,-0.35356382230941863,-0.03883542025417688,0.49564382605146134,0.12592457069411792,-0.12215091341171726,1.3261186084970487,0.5739056614256938,-1.0991566449374235,0.18002299699825666,-0.1460674035471263,0.5070441742210678,1.0678072987791594,1.1454466913762824,-0.5521213163366927,-0.1784998332731138,-0.397892374698681,-0.08876598991216175
2024-11-23,0.8090909090909091,4.583333333333333,0.5955593037918151,0.0678701826500202,0.9976941607061018,-0.0045087519578936,0.9999898355262328,-1.4165315564980092,1.067015481438724,1.5209066182353153,0.6849556415297764,0.9022111852081096,-0.5140246194071121,1.1651203509328263,2.2628434573844065,0.8728804503233099,0.7691300375203899,1.2738987529169608,1.1233418057211866,1.3186841663244284,-1.3632852199800762,-0.6214757726818634,-0.4739532042657392,0.15759867803204752
2024-11-24,0.6893203883495146,4.291666666666667,0.5122725031658838,0.0045814732588915,0.9999895049963164,-0.1811628525625558,0.983453110652154,-1.0186449639829356,1.35667733410839,1.4469368638948423,1.1158063699276182,1.3523499795517093,1.3261186084970487,1.313767360279096,0.995657314742005,1.4908756273610482,1.3938055540915342,1.1980371233612952,1.2179767232638323,1.4155685684687964,-1.3086907436998034,-0.8808516911129068,-0.34070505586975436,0.026888298870799358
2024-11-25,0.7380952380952381,3.5,0.5042299638475707,0.3879848146835504,0.9216657656520454,-0.1964453050050529,0.9805147842544096,-0.2090841476211201,1.2095921328572168,1.217848873844409,0.7321904686436854,1.3523499795517093,1.2491203409772325,1.1651203509328263,1.3462427809124438,0.7135316328007653,1.061103236910934,1.1178382465771568,1.301740870341693,1.3207202194849403,-1.1516932829493578,-0.7265803038300349,-0.5059558200028164,0.09842593384364465
2024-11-26,0.6896551724137931,2.4166666666666665,0.4457989358406352,0.5464065280280402,0.8375200929699194,-0.0235597648336107,0.9997224302180006,-1.1209376120636474,1.0293416560872777,0.8032392891068596,0.5291735227281411,0.9022111852081096,0.4581613846542476,1.5009913863137587,0.6090905625815863,-0.05300928173733781,1.2343937422218019,-0.12713541216204036,1.1975027201394834,1.3115133264696286,-0.7147344699067086,-0.4251512549379554,-0.35471843206916825,0.10991924232024274
2024-11-27,0.6764705882352942,2.8333333333333335,0.5057619819375356,0.0964972172334489,0.9953332542752706,-0.5370542529913496,0.843547704249086,-0.41582861543910055,0.1983417929314299,0.9810332563537897,0.7321904686436854,0.5448223020231943,1.430347388715607,1.0812155573691318,-0.051749665097709216,0.7697460486065164,0.013344408322606053,1.766944552046923,1.289738243466849,0.9762378470943298,-0.916969219021122,-0.4487104258976711,-0.44287833243249025,0.1292216192926176
2024-11-28,0.59375,1.3333333333333333,0.5249116270306862,0.8655159006699369,0.5008814487356344,-0.0182522215067152,0.999833414329642,-0.7285428111732157,-0.5466653878676427,0.14344349400139897,0.2046723424357995,-0.39522364730128035,0.9673136804037423,-1.8994668305967133,0.8833640381004627,-0.838669510338008,0.013344408322606053,0.5070441742210678,1.126060485226176,1.2334776457140113,-0.09252178457314889,0.5666921823990991,-0.2222032806343674,0.9667984840358146
2024-11-29,0.6818181818181818,0.9166666666666666,0.3805804691025836,0.0128714477958902,0.9999171594845432,-0.7448940565916217,0.6671827669046001,-0.46670884723705525,-0.5193273725486452,-0.26650975377737496,-0.3899802307039562,-0.12215091341171726,-0.5140246194071121,-0.8400785014334814,0.33481708706270985,0.3660956779775301,-0.3193579088579942,0.37331461713775294,1.0649707816904783,1.4344762382139686,0.42342465480187164,0.6544042715428704,-0.3833070066596591,0.3788255113700976
2024-11-30,0.627906976744186,1.7916666666666667,0.4453741251529051,0.1070594505060694,0.994252620845094,-0.8328407443623554,-0.5535126868735328,-0.733922220061873,0.2891678308619366,0.47012449177393395,0.41098420151293863,0.12212097085718994,1.2491203409772325,0.10573202176959423,-1.759996872616719,0.7135316328007653,0.29834182317629,0.37331461713775294,0.8602030748006859,1.2123313804207063,-0.76282367478617,-0.4817905780592047,-0.41267892656375355,-0.5225498637969691
2024-12-01,0.4444444444444444,1.5,0.5202246140888617,0.2849913800807768,0.958530079486113,-0.2731897933016037,0.961960153455343,-0.387143413040866,-1.2572387583042999,0.2733636081041511,0.6355230708336418,-0.7048079795512759,-1.4862106234684718,-1.2310672131412774,-0.4383164172581281,1.3847881853137947,-0.1460674035471263,0.5070441742210678,0.6194916083293198,0.8099649356354635,-0.1285152659170152,0.5081876899519479,-0.4583031742919876,0.8144564351887063
2024-12-02,0.4705882352941176,2.125,0.4124168483188256,0.7959139576736752,0.6054097554386013,-0.3493898473284254,0.9369774461446868,-0.1650471631291597,1.0332638047437654,0.6598248599429931,0.9412165275189095,0.9022111852081096,1.0209617320770987,0.64536774282366,0.995657314742005,-0.19594609771924862,0.871284964967833,0.629129694675668,0.4833935700946833,0.33514035748095017,-0.7095703081030604,-0.529620467975264,-0.41267892656375355,-0.3763530917066449
2024-12-03,0.4054054054054054,1.5416666666666667,0.2209467073420462,0.8122108165078815,-0.5833640283284532,-0.2496758810777241,0.9683294658369443,-0.08583018224238514,0.9017135417111604,0.3036470716908687,0.7321904686436854,0.7303964035101177,0.551397205662045,0.4128159399136957,1.0472045125324834,-1.8573620176742727,0.9684546971986974,-0.3434239783961347,0.3891964058206469,0.2323788365213513,-0.6357718047454088,-1.0198701484499724,-0.028832661263288723,-1.6171477354398618
2024-12-04,0.5081967213114754,2.5416666666666665,0.4609313347718156,0.8458054238437681,0.5334915041464707,-0.1365080703045576,0.9906389588249224,-0.3787017376837643,0.9778656623302521,0.8595597197815638,1.049371698222365,0.7303964035101177,1.1647782816300982,-0.1716788839780456,1.3462427809124438,0.5209972261593706,1.2343937422218019,-0.12713541216204036,0.35630579568279763,0.019459147386704862,-0.892700689229038,-0.5784804140785458,-0.4276722900459365,-0.21173285873132436
2024-12-05,0.631578947368421,1.5833333333333333,0.3009726745109026,0.5849576749872154,0.8110638189893267,-0.5683225302562755,0.8228058711525488,0.44785398583453706,0.8708384313691272,0.3331438621704576,0.27798476399805644,0.5448223020231943,1.0715424606223007,-0.3474909802149713,0.5261347058845063,0.0708082201820057,0.42687573824441677,0.5070441742210678,0.3845456668929483,-0.03338456437607658,-0.3419439584417536,-0.4557070941415961,0.10778934279715044,-1.2057784611646942
2024-12-06,0.5882352941176471,0.7083333333333334,0.314211589661891,0.0581448289104758,0.9983081582712682,-0.2916761830301942,0.9565171217771988,-1.037162943505344,-1.2622677805760911,-0.5448616457955814,-0.3899802307039562,-1.0621968627361917,-0.8728295475004183,-0.8400785014334814,0.22252381042116723,0.0708082201820057,-1.2195244525476154,0.06022226599004031,0.3610529231717896,0.11962518922965759,0.8590337343949487,0.9389977853679393,-0.3689174212919814,0.797310685010204
2024-12-07,0.5223880597014925,2.7916666666666665,0.4956912420151341,0.1184039683065009,0.9929655081065368,-0.4099893640042463,0.9120903033161758,-0.3030351917741777,0.6876871781851412,0.9644554059492162,1.1158063699276182,0.9022111852081096,-0.2594484715323648,-0.1716788839780456,0.43526684594289394,1.788438555942781,0.6614506004302578,1.1980371233612952,0.4703257184636926,0.4394941118755042,-0.8742262205572061,-0.43560331900391513,-0.11550675679559733,-0.31677111741332853
2024-12-08,0.6153846153846154,1.625,0.4282583516087158,0.9957112528954976,0.0925154087559375,-0.1257661133221141,0.992059919934199,-0.43655210982381837,-0.13755603799085692,0.36189381764468204,0.34656395437915377,-0.12215091341171726,-0.8728295475004183,0.4967207334773904,1.3088501091439153,-0.5719151924367537,0.5476147922890665,0.629129694675668,0.4833935700946833,0.42272798511414045,-0.46516978162580613,-0.19819882355477939,-0.5904095524085978,-0.2210591332021604
2024-12-09,0.7631578947368421,1.5833333333333333,0.4493610264033286,0.0107626559281844,0.999942080941377,-0.1500386547988074,0.9886801313196116,0.22548170000030487,0.4879081008960071,0.3331438621704576,-0.1528659643997854,0.5448223020231943,1.0715424606223007,0.4128159399136957,0.22252381042116723,-0.3650044686728924,0.42687573824441677,-0.12713541216204036,0.42584636554878863,0.4098355491226955,-0.11325508958342052,0.2733164207874462,-0.3132161647547003,0.6568982845899002
2024-12-10,0.5662650602409639,3.4583333333333335,0.4508702461084014,0.0391871496692202,0.9992318886528804,-0.2188528903482168,0.975757865654298,-0.294695405725318,0.7650290280127733,1.2044101065299535,1.237379797962353,0.9022111852081096,0.9673136804037423,0.4128159399136957,-0.051749665097709216,1.8414389169532808,0.9684546971986974,1.032775939061843,0.6194916083293198,0.8349596511621831,-1.071224750333438,-0.8189278343119627,-0.397892374698681,-0.9775775460380419
2024-12-11,0.7014925373134329,2.7916666666666665,0.3822723434997989,0.7221627785067707,0.6917231536817173,-0.0386058135220329,0.999254517709228,-0.8251199336633686,0.61035862421051,0.9644554059492162,0.6355230708336418,0.9022111852081096,0.8491488352154859,0.21930982772975055,0.6854025532331482,1.4393482672640425,1.2343937422218019,0.845418260909762,0.6428512422589472,0.876724572606114,-0.9378195414392494,-0.8878433626013869,-0.44287833243249025,-1.0693199424822446
2024-12-12,0.5949367088607594,3.2916666666666665,0.4757877896833245,0.0046541945356611,0.9999891691779588,-0.3286606079507894,0.9444480953347396,-0.37440632690135145,1.0965246154049333,1.1490058215965313,1.1158063699276182,1.0621669201816635,1.5525996399535906,0.5739056614256938,0.8833640381004627,1.0500371599150817,1.3156941916912495,0.7414374866335379,0.7926567018864343,0.9782058471502798,-1.028665725978751,-0.6843696803865102,-0.4276722900459365,-0.8040870406957543
2024-12-13,0.5555555555555556,4.125,0.543387749692748,0.3396956634462764,0.940535409347141,-0.2131014384708414,0.9770300798448625,-0.8395580960483043,0.9085629380455745,1.4023992894917252,1.4453796774790082,0.9022111852081096,0.23576775924743243,1.608245911822836,1.3088501091439153,1.3847881853137947,1.3156941916912495,1.5419680425057487,1.0506997080542344,0.8490083055672762,-1.335450169575888,-0.7964901987622401,-0.5729781437227949,0.07662671732347921
2024-12-14,0.5,0.5,0.2169985585226928,0.1928787618726543,0.9812225961617842,-0.1854522381115909,0.9826532793307118,2.267629255180841,-0.43780678870782164,-0.9143991479607064,-0.5318718426473102,-0.7048079795512759,-1.4862106234684718,-0.5626675956858416,0.0952161932524188,-0.5719151924367537,-0.7190105453386694,-0.9123314070817621,0.8830812352223458,1.3077537584196544,1.309095636710021,1.1584115565506081,0.06096932471184193,0.9713542606384191
2024-12-15,0.5806451612903226,1.2916666666666667,0.3864575706638387,0.3623024794008957,0.9320605739006256,-0.9953892256352954,0.0959181395209836,-0.7082705940053128,0.173480888084257,0.10850034974948909,0.2046723424357995,-0.12215091341171726,0.09935645656094132,0.32090863724046487,-0.4383164172581281,0.6536880386633723,0.1609366932213123,-0.5992390559340501,0.856903452467486,1.355815443608717,-0.247014171003638,-0.08557368582400719,-0.4739532042657392,-0.35424449904726674
2024-12-16,0.5789473684210527,2.375,0.4237299722203805,0.044418554529656,0.9990130089310628,-0.265415892685958,0.9641340176084008,-0.6697534972341587,0.49129469756726185,0.7838274901769543,0.8207924869874944,0.5448223020231943,-0.06198387030600885,0.64536774282366,1.5442042657797583,0.27771894394586744,0.5476147922890665,0.629129694675668,0.9182803943868381,1.296958738450603,-0.6355403344729849,-0.40786095914487774,-0.3689174212919814,-0.5113982883317442
2024-12-17,0.6938775510204082,2.0416666666666665,0.3745514861206682,0.0179613809877442,0.9998386813846588,-0.9549120557673888,-0.2968888104157835,-0.37173265284291074,0.6453371886452967,0.615287285539875,0.34656395437915377,0.7303964035101177,-0.06198387030600885,1.3476058081523339,-1.759996872616719,0.8227464096170158,1.149632675983902,0.629129694675668,0.8064341811012086,1.2288855056248043,-0.814949977436486,-0.7709773919710076,-0.5558256495732251,-0.8192685975852321
2024-12-18,0.765625,5.333333333333333,0.6107549154197079,0.5070370015712724,0.8619242884601951,-0.1462269108451948,0.9892510755842884,-0.7648776238658492,0.02529892494651747,1.691561465168265,1.049371698222365,0.7303964035101177,-0.2594484715323648,2.5974726275039313,0.8833640381004627,-0.19594609771924862,0.5476147922890665,2.209034252213332,1.0010386944288512,1.6933812459318571,-1.6518036884471228,-0.9005263114169832,-0.4583031742919876,0.0564831871994364
2024-12-19,0.71875,1.3333333333333333,0.4480202619451012,0.0455809286176329,0.9989606493482884,-0.0457262210719198,0.998954009304974,0.8599537887976899,0.7702028860241608,0.14344349400139897,-0.1528659643997854,0.5448223020231943,0.35393260443568864,0.4967207334773904,0.6090905625815863,-0.5719151924367537,0.7691300375203899,0.06022226599004031,0.8535958887973077,1.7363445485560232,0.11248769395415115,0.5248058466449084,-0.27326093084039327,1.042983190284648
2024-12-20,0.6728971962616822,4.458333333333333,0.6148501554241388,0.0125078668138485,0.9999217735741966,-0.9633188550007932,0.2683594298696453,-0.3866502548325267,1.060691306334242,1.489793368287433,1.2082654111748379,1.0621669201816635,1.6849235365903543,2.0486965838591322,0.0952161932524188,0.0708082201820057,1.6112851658261904,1.4795978472928706,0.8798361521523733,1.785700759815332,-1.5836068407490562,-0.801272837862241,-0.5059558200028164,0.31721568920771503
2024-12-21,0.6716417910447762,2.7916666666666665,0.5218688460704041,0.087083297194458,0.9962010336020244,-0.7472184209116279,0.664578536706034,-0.29521369751366533,0.6370140945655653,0.9644554059492162,0.7321904686436854,0.5448223020231943,1.6343428080451523,0.9893082546959004,0.22252381042116723,0.18002299699825666,0.7691300375203899,0.5070441742210678,1.0478276233274255,1.5827640780155052,-0.9562943772947301,-0.4351583273048158,-0.5223226724800176,0.18851369885900954
2024-12-22,0.7551020408163265,2.0416666666666665,0.5126308455169891,0.4185276490392094,0.9082040558099884,-0.7669318634382133,0.6417285382801592,0.19374941051723485,0.03559543289465961,0.615287285539875,0.12592457069411792,0.3430917687452825,-1.4862106234684718,1.556109062640622,0.33481708706270985,-0.05300928173733781,0.6614506004302578,0.845418260909762,1.0986285955782746,1.484972669550095,-0.6682202262650884,-0.1369349364069198,-0.3689174212919814,0.49945332648185703
2024-12-23,0.4615384615384615,1.625,0.4340719544472709,0.1585170905831636,0.9873562335819068,-0.1539918807645597,0.9880721130861824,-0.0048908608758702,0.07015558838299812,0.36189381764468204,0.6849556415297764,0.12212097085718994,1.0715424606223007,-0.8400785014334814,-1.0991566449374235,0.9204423565646266,-0.1460674035471263,0.94222204582338,1.0478276233274255,1.5566654311769383,-0.17526848821239782,0.15126784371031549,-0.41267892656375355,0.1486556924924148
2024-12-24,0.4285714285714285,1.1666666666666667,0.3836200813053238,0.0491403086528766,0.99879188526214,-0.4787557053985112,0.8779481616521411,1.279595287501344,0.5060693675727229,-0.0032845137748949873,0.41098420151293863,0.3430917687452825,-0.2594484715323648,-0.8400785014334814,-0.2255733817364018,0.9204423565646266,0.42687573824441677,-0.5992390559340501,0.9860843353205754,1.655447545554615,0.1863816342639623,0.3964189616628319,0.00194480232447785,0.7177663409721109
2024-12-25,0.3333333333333333,1.125,0.4370190001647616,0.3141305409840483,0.949379799248472,-0.2812250534756311,0.9596418442823492,0.02347598298063194,0.22535465848635902,-0.04313290360121055,0.5291735227281411,0.12212097085718994,0.35393260443568864,-0.3474909802149713,0.8833640381004627,-1.2146386050555131,0.29834182317629,-0.3434239783961347,0.6428512422589472,1.2124996181127217,0.2199398643754481,0.6091974574593088,-0.44287833243249025,0.74702890897161
2024-12-26,0.5609756097560976,1.7083333333333333,0.4276164892929013,0.0939635137053922,0.99557564157232,-0.0204334744707362,0.9997912147648896,0.8222584489379335,0.4057421214957447,0.4172981025781043,0.5291735227281411,0.3430917687452825,-0.8728295475004183,0.8877094451851861,0.6854025532331482,0.446777314899511,0.42687573824441677,0.06022226599004031,0.6771626731827738,1.1744408486943623,-0.19731043783387808,0.10470308132917147,-0.4739532042657392,0.4604213434130613
2024-12-27,0.6190476190476191,0.875,0.1573999436249492,0.6687522185598095,-0.7434853530307997,-0.1373004808221912,0.9905294432605196,1.2070718786661478,0.42337396556248696,-0.3169875121779153,-0.2648229589913816,0.3430917687452825,-0.8728295475004183,0.10573202176959423,0.7560564209317141,-1.8573620176742727,0.5476147922890665,-1.315977651467937,0.30791023022168473,0.31720794175346745,0.032222570212125996,-0.4430150706673404,-0.23474152899216838,-1.0561394445060097
2024-12-28,0.4666666666666667,1.25,0.427734215853831,0.9971632809090054,0.075268793047238,-0.4257792915650722,0.9048270524660196,-0.4486453432573805,-0.31270644550800675,0.07244771582971395,0.41098420151293863,-0.12215091341171726,0.712737532528995,0.64536774282366,-0.051749665097709216,-1.2146386050555131,0.1609366932213123,0.22548345028949307,0.11238412779713404,-0.38140465929084727,-0.23096582801865334,0.0668350860932326,-0.2997316094230187,0.10534583336683603
2024-12-29,0.3255813953488372,1.7916666666666667,0.3733355168379932,0.408662349254172,0.9126856437471016,-0.0678701826500208,0.9976941607061016,0.40403698413689615,0.7627773600973364,0.47012449177393395,1.0145289490811664,0.7303964035101177,0.9102021337553509,0.7741316392250301,0.0952161932524188,0.18002299699825666,0.7691300375203899,-0.3434239783961347,0.07788126018993642,-0.611640770281746,-0.33009340371941387,-0.22149702960746595,-0.397892374698681,-0.12139489332475277
2024-12-30,0.66,2.0833333333333335,0.3713860296877668,0.0178159601567882,0.9998412831863324,-0.2343645249663771,0.972148789762804,0.756210222191343,1.043628249739707,0.6377744081766807,0.47172122609172795,0.9022111852081096,0.35393260443568864,0.64536774282366,1.2699307902608818,0.0708082201820057,0.9684546971986974,-0.12713541216204036,0.14048923901346488,-0.2767890613935458,-0.4660666535746335,-0.3823254731554636,-0.3689174212919814,-0.20469607280897123
2024-12-31,0.4693877551020408,2.0416666666666665,0.4693707129442014,0.1429168419018986,0.9897346999579169,-0.9921055842011386,-0.1254053818498932,0.7859682144617849,0.5626558516619733,0.615287285539875,0.9025719544895703,0.5448223020231943,-0.2594484715323648,1.0812155573691318,-1.759996872616719,1.1637206387781303,0.6614506004302578,0.06022226599004031,0.2526296059061561,-0.15983507112870793,-0.8016189761694548,-0.44452061785727076,-0.5059558200028164,-0.14108320071727595
2025-01-01,0.5733333333333334,3.125,0.493849484573705,0.0822284152234408,0.9966135097066672,-0.099753915173727,0.995012138824202,0.4308686505134529,1.1221359650973743,1.0907590756427186,1.1158063699276182,1.3523499795517093,0.7835690723998321,0.21930982772975055,1.890195068024692,0.3660956779775301,1.3156941916912495,0.629129694675668,0.4790514115327095,0.44452200470037967,-0.9370186969442229,-0.514723403546502,-0.28641456843091784,0.23800673777498296
2025-01-02,0.6419753086419753,3.375,0.5507087568616544,0.0151256100414373,0.9998856014169192,-0.0053086848728211,0.99998590883318,-0.3016229775326958,0.8075999416000059,1.1770458285732799,1.0145289490811664,1.0621669201816635,0.7835690723998321,1.3802969664036966,1.5735416857242204,0.18002299699825666,0.871284964967833,1.9607830655601606,0.6428512422589472,0.8066159371498653,-0.9973167973933533,-0.3734122292789658,-0.4583031742919876,0.5591574730082506
2025-01-03,0.4117647058823529,4.25,0.4942970485810843,0.0074175812994378,0.9999724893654156,-0.6427876096865396,0.7660444431189778,0.9652354388311367,0.9152808136767725,1.4359651593665232,1.7686373132839432,1.2117955174581057,2.1220912996850863,1.1651203509328263,0.8218335981033126,0.0708082201820057,1.2343937422218019,1.032775939061843,0.9245844973749918,1.0161160629485166,-1.3989252368420528,-1.0511730197564788,-0.5059558200028164,-0.39273504913553076
2025-01-04,0.7547169811320755,2.2083333333333335,0.4864219846683816,0.0424569127102827,0.9990982987489828,-0.0131623113585598,0.999913373027734,-0.028342099714536943,0.7760871072061736,0.7026813643355833,0.2046723424357995,0.5448223020231943,1.3969501483678857,0.10573202176959423,1.096107073622189,-0.838669510338008,1.2343937422218019,-0.3434239783961347,0.9950764636386817,0.7954401215705449,-0.49804884489436557,-0.03644087760398828,-0.397892374698681,0.1324736514496321
2025-01-05,0.7108433734939759,3.4583333333333335,0.4730543691953419,0.0805613580472129,0.996749651411822,-0.0201426461348355,0.99979711632245,-0.6703627174064261,0.8063841164412529,1.2044101065299535,0.8207924869874944,0.9022111852081096,1.5525996399535906,0.32090863724046487,1.096107073622189,1.1637206387781303,0.871284964967833,1.5419680425057487,1.1096671452185012,0.693925078387975,-1.0410025563935739,-0.708146140846049,-0.397892374698681,-0.3518252551206881
2025-01-06,0.6444444444444445,5.625,0.5033341232747216,0.0002181661547686,0.9999999762017642,-0.0035633730150477,0.999993651166224,-0.6189583807800338,1.2140324225378918,1.751567409901066,1.535869100658665,1.0621669201816635,1.0209617320770987,0.64536774282366,2.219826044113465,1.6302253832407556,1.3156941916912495,1.4143256895953897,1.3254361477072518,1.2400695971452664,-1.5845743149145528,-1.2381212730596296,-0.3689174212919814,-1.2303798404697375
2025-01-07,0.631578947368421,3.1666666666666665,0.4762886165925683,0.0308292644494393,0.9995246652551936,-0.0093810071307646,0.9999559973844911,0.22461979191567463,0.8677800360573786,1.1056032423750846,0.9785048672521873,1.0621669201816635,0.551397205662045,0.32090863724046487,1.4826738257826082,1.2964114512821319,0.9684546971986974,0.7414374866335379,1.3874448028262294,1.048816444928358,-0.925835378337119,-0.5636986524424128,-0.44287833243249025,-0.23860335319200598
2025-01-08,0.5592105263157895,6.333333333333333,0.5217821905523352,0.0082902189827129,0.9999656355441514,-0.0034906514152237,0.9999939076577904,0.04448100222825235,1.2494869560630166,1.885317418307845,1.8840725716791586,1.2117955174581057,2.2606426804072917,1.5009913863137587,0.8833640381004627,1.4908756273610482,1.2343937422218019,1.9147757188951828,1.5503107625803658,1.4935504272382625,-1.71942314670286,-1.332096449279087,-0.44287833243249025,-1.1396680799897319
2025-01-09,0.5376344086021505,3.875,0.5277975761083924,0.0157073173118206,0.9998766324816606,-0.19416301363445,0.980969277875912,-0.523729585606077,1.2718453023515859,1.332135896114679,1.4214998266128858,1.2117955174581057,1.1193877253618527,1.2786981568929823,1.096107073622189,1.326815941720847,1.3938055540915342,0.94222204582338,1.574040135563104,1.465813971763027,-1.194846301059282,-0.6905266444280083,-0.41267892656375355,0.1476333573320638
2025-01-10,0.5818181818181818,2.2916666666666665,0.3808888758470198,0.1439244251966657,0.989588682146178,-0.9307104501945112,-0.3657568289160577,-0.015915247920101367,0.7524738031814125,0.7439791003506397,0.7774146827769961,0.7303964035101177,0.9102021337553509,0.64536774282366,-1.759996872616719,1.264976105951198,0.7691300375203899,0.5070441742210678,1.478663531837085,1.6184162821641839,-1.0066604335417717,-0.9713942956264388,-0.35471843206916825,-1.0332786382149473
2025-01-11,0.6901408450704225,2.9583333333333335,0.5177003226211818,0.0856342899266871,0.996326637397973,-0.1773710237208283,0.984144054467752,-0.5146424141356055,0.768522518383833,1.0293623621081183,0.7321904686436854,0.7303964035101177,0.9102021337553509,0.8877094451851861,1.096107073622189,1.0088190905962897,1.2343937422218019,0.22548345028949307,1.5159769200316895,1.5145816394778486,-0.8879179323663228,-0.3714611952353462,-0.4739532042657392,0.2849930261229109
2025-01-12,0.6808510638297872,1.9583333333333333,0.4218963056822196,0.0537157312386827,0.9985562679275984,-0.0037815376999139,0.9999928499607506,0.4799463081345469,0.9494982218197618,0.568931355928804,0.34656395437915377,0.9022111852081096,-0.2594484715323648,0.8325917688583228,0.7560564209317141,0.7135316328007653,1.2343937422218019,0.22548345028949307,1.440308706437395,1.6859005459906036,-0.3528896351674955,-0.09122041409870801,-0.34070505586975436,0.3445131212824543
2025-01-13,0.5490196078431373,2.125,0.3864610656417962,0.2323138023083866,0.972640888127278,-0.0021816598343364,0.9999976201773518,0.40009413785098946,1.2521087755451643,0.6598248599429931,0.7774146827769961,1.0621669201816635,-0.2594484715323648,0.7118973489482606,0.6090905625815863,1.0895007275182707,0.9684546971986974,-0.12713541216204036,1.2456395281507195,1.5562436190016984,-0.4865282087441705,-0.35809487100843285,-0.35471843206916825,-0.07440256232435985
2025-01-14,0.3666666666666666,1.25,0.3288610534840955,0.4337246116109347,0.901045482360876,-0.0021816598343364,0.9999976201773518,0.647471898234571,0.6438646878460035,0.07244771582971395,0.5836782206833241,0.5448223020231943,0.6357392650091788,0.5739056614256938,-0.051749665097709216,-0.5719151924367537,0.7691300375203899,-0.12713541216204036,1.126060485226176,1.7198263162072112,0.12075791433729051,0.15176473684906291,-0.12685086280259283,-0.011811122885954272
2025-01-15,0.5632183908045977,3.625,0.5340315821284618,0.1287955965775628,0.9916711623830904,-0.1394611523724871,0.990227543031872,0.4018657406753774,0.4990022699085369,1.2572364957257842,1.2933194841750697,0.7303964035101177,1.2491203409772325,0.9893082546959004,0.22252381042116723,1.5860620900163382,0.5476147922890665,1.032775939061843,0.9371066071672254,0.8581820227225052,-1.128114294751509,-0.5893110488762698,-0.5389432846965896,-0.23033383355789291
2025-01-16,0.5851063829787234,3.9166666666666665,0.4837166793577713,0.5356425784503936,0.8444448046799825,-0.0460894479690115,0.9989373167451058,-0.15698542793626177,1.5184730773670805,1.3441525435379114,1.320222405766434,1.2117955174581057,1.3969501483678857,1.4722042690769275,1.2293548403453964,0.7135316328007653,1.6112851658261904,0.5070441742210678,0.9402193877541525,0.8729998777458328,-1.2855897257515425,-0.9555907942683771,-0.5059558200028164,-0.458669347245308
2025-01-17,0.5882352941176471,1.4166666666666667,0.4077138082756881,0.0094537259581004,0.9999553125342696,-0.1904520530545368,0.9816964986630604,-0.21064379082187665,-0.020864113664084694,0.21026056429398238,0.27798476399805644,0.3430917687452825,-0.2594484715323648,-0.1716788839780456,-0.4383164172581281,1.0895007275182707,0.5476147922890665,-0.3434239783961347,0.873322907536429,1.0163356503485657,0.015979123015124774,0.2812466074119724,-0.41267892656375355,0.3988586460419435
2025-01-18,0.5135135135135135,1.5416666666666667,0.3923010823886557,0.0341727100196954,0.9994159423833052,-0.2505208127720943,0.968111213842712,0.2275316435529346,0.4019783202348824,0.3036470716908687,0.5291735227281411,0.5448223020231943,0.23576775924743243,0.7741316392250301,-0.7125898927770046,0.6536880386633723,0.42687573824441677,0.5070441742210678,0.7575963300005588,1.050966650591942,-0.10536323207620321,0.09387503644211724,-0.34070505586975436,0.03314181360840775
2025-01-19,0.5142857142857142,1.4583333333333333,0.435576550945406,0.203072131142242,0.9791637807605774,-0.903615836751513,0.428343810007642,0.31058896687108023,-0.5380669282898515,0.2422503581562684,0.47172122609172795,-0.12215091341171726,0.9102021337553509,0.21930982772975055,0.6090905625815863,-0.838669510338008,0.42687573824441677,0.7414374866335379,0.7143079625402058,1.1037043959601378,-0.2658553413530606,0.053294882303991264,-0.2222032806343674,0.07841841811450538
2025-01-20,0.5230769230769231,2.7083333333333335,0.4715337404703781,0.1181151213432223,0.9929999084139312,-0.0407857550926105,0.9991679149079626,-0.17688351415318468,0.8355165234662524,0.9305554979532482,1.0831081394622637,0.9022111852081096,-0.8728295475004183,0.9893082546959004,1.7569473013014847,-0.05300928173733781,1.3156941916912495,0.5070441742210678,0.7646803252817327,1.1245632651416215,-0.7627287312266544,-0.39228280101704266,-0.4898350949549975,-0.24470837664415626
2025-01-21,0.65,1.6666666666666667,0.487448848226949,0.0210151259309345,0.999779157855427,-0.0245775785815042,0.999697925691091,-0.25649730092412976,0.17808062417907916,0.3899338246214301,0.27798476399805644,0.12212097085718994,1.207953763308792,0.10573202176959423,0.5261347058845063,-0.5719151924367537,0.1609366932213123,0.5070441742210678,0.7995627065776683,1.0539977236461373,-0.1537948797975952,0.3599000815126554,-0.34070505586975436,0.542601999162238
2025-01-22,0.4634146341463415,1.7083333333333333,0.5074101108834322,0.0359169669652674,0.9993547775860262,-0.041149060094568,0.9991530187380376,-0.01173222260827096,0.40364984037583285,0.4172981025781043,0.7321904686436854,0.3430917687452825,-1.4862106234684718,0.64536774282366,0.995657314742005,0.446777314899511,0.42687573824441677,0.06022226599004031,0.6312210568418695,0.8348894324966032,-0.19008351256871833,0.39072909572602843,-0.4276722900459365,1.0221783915947993
2025-01-23,0.4320987654320987,3.375,0.4645419229000861,0.0512465894845762,0.9986860302748805,-0.0611211257842448,0.9981303562074778,0.2385912155591034,1.1166461806017731,1.1770458285732799,1.4915873332773468,1.2117955174581057,1.7781593575981516,0.4128159399136957,1.3088501091439153,0.18002299699825666,1.061103236910934,1.4795978472928706,0.5796542670991431,0.530668592731598,-1.0145172976613124,-0.7068178178974188,-0.44287833243249025,-0.4455412333457886
2025-01-24,0.675,1.6666666666666667,0.5872798070485091,0.78935204219315,0.6139408387503664,-0.2700403288580006,0.9628490124574376,-0.3924202058700941,-1.1719750040837689,0.3899338246214301,0.2046723424357995,-0.7048079795512759,-0.5140246194071121,-0.8400785014334814,-1.0991566449374235,1.4654698222357754,-0.3193579088579942,1.3458682902095551,0.6036949741615283,0.47992573247445536,-0.39373129171498833,0.469016482367048,-0.35471843206916825,1.048327290838445
2025-01-25,0.48,1.0416666666666667,0.2783217855783731,0.2227538806653765,0.9748747143343678,-0.2145222452213078,0.9767191030717116,-0.6102243788557948,0.21320078948161145,-0.12728714400885668,0.2046723424357995,0.3430917687452825,1.0715424606223007,-1.2310672131412774,-0.2255733817364018,-0.5719151924367537,0.1609366932213123,0.22548345028949307,0.5551855131618366,0.6232973354259929,0.35063194273563464,0.2598164644523529,-0.326872502478219,-0.21210884383522727
2025-01-26,0.5555555555555556,1.125,0.3888721736458929,0.4457421850731405,0.8951613845816977,-0.0770815616585272,0.997024790490328,0.1108160022230182,-0.6453122713177024,-0.04313290360121055,0.12592457069411792,-0.39522364730128035,0.09935645656094132,-1.2310672131412774,0.22252381042116723,0.6536880386633723,-0.7190105453386694,0.37331461713775294,0.5218677106668504,0.6986716648871955,0.23373425489923694,0.4667297415564783,-0.19755833286028276,0.10389944377188909
2025-01-27,0.4705882352941176,0.7083333333333334,0.2511743173912788,0.2634521572904598,0.9646724629733155,-0.3739322272936609,0.9274560309746236,-0.18174451974902836,-0.9447006469533351,-0.5448616457955814,-0.1528659643997854,-1.0621968627361917,0.23576775924743243,-1.2310672131412774,0.0952161932524188,-0.3650044686728924,-0.7190105453386694,-0.3434239783961347,0.3029756035856375,0.7304207921840199,0.7969808090590897,0.6824126331236725,-0.5389432846965896,0.1373023661843989
2025-01-28,0.5128205128205128,1.625,0.5337354278217598,0.0699015628156046,0.9975538940407862,-0.035916966965267,0.9993547775860262,-0.043522023233078806,0.40665391559552244,0.36189381764468204,0.5836782206833241,0.12212097085718994,-1.4862106234684718,0.9398462943674001,0.7560564209317141,0.18002299699825666,-0.5091761808010942,0.629129694675668,0.2980231944728438,0.7299350921613221,-0.134355503094138,0.5524564909329077,-0.19755833286028276,1.2711947631754617
2025-01-29,0.7307692307692307,3.25,0.5090287617786031,0.001890772229734,0.99999821248859,-0.6522637875645267,0.7579920523540983,-0.2601924555843848,0.44269246503328946,1.1347218271610104,0.6849556415297764,0.7303964035101177,1.4625299111835395,0.32090863724046487,0.43526684594289394,1.412469461225276,0.1609366932213123,1.5419680425057487,0.4703257184636926,1.0386628087762813,-1.088835531731757,-0.6360831023540541,-0.34070505586975436,-0.0539597108500319
2025-01-30,0.5396825396825397,2.625,0.4784379908553618,0.267728881720095,0.9634942894967812,-0.0033452081605784,0.999994404775528,-0.2444360601716093,0.729457446716198,0.8956123537013384,1.0145289490811664,0.5448223020231943,1.0209617320770987,0.4128159399136957,1.5139353451072692,0.0708082201820057,0.871284964967833,0.37331461713775294,0.3891964058206469,0.8088017929840501,-0.7477436245974585,-0.3509709506735083,-0.5223226724800176,-0.04502656305429903
2025-01-31,0.5094339622641509,2.2083333333333335,0.5614848137851609,0.0018180503026235,0.9999983473451828,-0.91104381562056,-0.4123095512106544,-0.01103888835519589,-0.2740451234040208,0.7026813643355833,0.9025719544895703,-0.39522364730128035,1.207953763308792,0.8325917688583228,-1.759996872616719,0.8227464096170158,-0.7190105453386694,0.845418260909762,0.44826598251665045,0.8366428939064804,-0.9374447843603225,-0.26176676502289115,-0.3689174212919814,-0.09833946290923118
2025-02-01,0.6373626373626373,3.7916666666666665,0.5103456526325081,0.2565002464612176,0.9665441653464856,-0.9474431836058256,0.3199240751160463,-0.4974981672072422,0.9033663412492328,1.3077142541263247,1.1475283865960486,0.9022111852081096,0.712737532528995,1.7047560719868922,-0.2255733817364018,1.4654698222357754,0.9684546971986974,1.1980371233612952,0.7143079625402058,1.108127244543787,-1.4435713170534394,-1.0463161217393289,-0.3833070066596591,-0.5445961461677474
2025-02-02,0.7204301075268817,3.875,0.5628561981519137,0.7065923716929933,0.7076208167269182,-0.0065449379673521,0.9999785816641292,-0.523729585606077,0.2961946826218617,1.332135896114679,0.9025719544895703,0.7303964035101177,0.7835690723998321,1.5009913863137587,0.995657314742005,1.3562550454195248,0.6614506004302578,1.867208507298964,0.9371066071672254,1.1665156582655944,-1.3101014075650492,-0.6913063134144941,-0.5904095524085978,-0.18373169761874522
2025-02-03,0.6929133858267716,5.291666666666667,0.6037686280179244,0.0612662973129218,0.9981214559428953,-0.0475422941411845,0.9988692258087608,-0.8736886416255456,0.8578387927391611,1.682724357653188,1.320222405766434,1.0621669201816635,1.1647782816300982,1.4425312566804662,1.1426231730921332,1.907699518569957,0.871284964967833,2.2464524259887635,1.243147610801444,1.236903058468499,-1.534299925799799,-0.7897691330344476,-0.6081290965655523,0.10027892945636858
2025-02-04,0.6923076923076923,4.875,0.5650721423617066,0.0359896420004983,0.9993521629879408,-0.2362728816506415,0.9716867424208802,-0.10510793423732599,1.1765653101438516,1.5903512930587094,1.237379797962353,1.2117955174581057,1.2884566763459318,1.5009913863137587,1.1426231730921332,1.6302253832407556,1.149632675983902,1.7139911597053406,1.4250989950006565,1.108998956154837,-1.4716037540091331,-0.873108577678152,-0.5389432846965896,0.14456324180269084
2025-02-05,0.6630434782608695,3.8333333333333335,0.4912908143560734,0.0569832055253199,0.9983751370542332,-0.0119261338228933,0.9999288811370728,-0.8521657256375582,1.391721043255398,1.3199907259608785,1.0831081394622637,1.4848682513476679,1.6599945124098954,1.608245911822836,0.33481708706270985,0.5897141308814215,1.5413978389902405,0.7414374866335379,1.455351928244778,1.0855926521726376,-1.1555699695590083,-0.7773139505682037,-0.5223226724800176,0.07996451740013427
2025-02-06,0.6395348837209303,3.5833333333333335,0.5229679557253208,0.2847125429295269,0.9586129395635145,-0.0199245237630599,0.9998014869726968,-0.7643896686347982,0.759668954158371,1.244258496356269,1.0831081394622637,1.0621669201816635,1.3622428828564541,0.5739056614256938,1.7328095330728626,0.5209972261593706,0.7691300375203899,1.2738987529169608,1.5036513482507445,0.9243768820978614,-1.1222244767624006,-0.6237887112069527,-0.4583031742919876,0.16673599561229402
2025-02-07,0.6190476190476191,4.375,0.5795828879535592,0.0107626559281844,0.999942080941377,-0.014253039598382,0.9998984202718828,-1.049419904188939,0.9054444185492019,1.4685672814101196,1.3464609893285227,0.9022111852081096,1.9018377523139856,1.5009913863137587,1.3088501091439153,-0.5719151924367537,1.149632675983902,1.867208507298964,1.6069704844575257,0.2862162378092999,-1.3009486886906105,-0.613726494188429,-0.397892374698681,0.22169406321933371
2025-02-08,0.675,3.3333333333333335,0.5294024659282498,0.1031542141348343,0.9946653749408516,-0.1006945416764348,0.9949173881667628,-0.3138141885519459,0.2966412282471605,1.163112370514898,0.9025719544895703,0.7303964035101177,-1.4862106234684718,1.8919800980215544,0.8833640381004627,0.7135316328007653,0.42687573824441677,1.9607830655601606,1.5857529227253495,0.44249103814071994,-1.0173121023317415,-0.47782845144150105,-0.4898350949549975,-0.1037668329695617
2025-02-09,0.5035460992907801,5.875,0.5505868533300814,0.3209573847597313,0.947093636958983,-0.2310404196949962,0.9729441527997176,0.22396571982308405,1.3784310548565337,1.800592112972536,1.929947694649493,1.3523499795517093,1.842157490258227,1.8919800980215544,0.995657314742005,1.3847881853137947,0.7691300375203899,2.170590796433098,1.676026158611813,0.8507285127737729,-1.7369819442568804,-1.2455882927159738,-0.5904095524085978,-0.5961216392468419
2025-02-10,0.6363636363636364,6.875,0.5853794583594927,0.0550954036831908,0.9984810947098528,-0.0339546704732805,0.999423373927712,0.2377678079702852,1.2996758517259748,1.977922396021629,1.7686373132839432,1.2117955174581057,1.3622428828564541,2.080315705520442,0.0952161932524188,2.1460455876647524,1.3156941916912495,1.1980371233612952,1.7435114185101148,1.325100422776855,-1.8244596599014957,-1.214168171371428,-0.5389432846965896,-0.5445961461677474
2025-02-11,0.70625,6.666666666666667,0.5636338275010631,0.0418029953559629,0.9991258727404017,-0.1872384447149177,0.9823144938464152,-0.9524880792618977,1.3504463461009462,1.9431930047274748,1.5139588678601061,1.6102197830330878,-0.5140246194071121,2.095744783694688,1.3822240669024242,2.095224437716163,0.9684546971986974,2.6315143144290696,1.816081447732638,1.541406632681087,-1.8157377924129396,-1.2900358041798279,-0.5389432846965896,-0.28358100222077526
2025-02-12,0.768,5.208333333333333,0.5842302459252025,0.0424569127102827,0.9990982987489828,-0.0128714477958912,0.9999171594845432,-1.1903367866637269,1.3829396845644797,1.6648411127092684,1.0145289490811664,1.3523499795517093,1.3969501483678857,1.313767360279096,1.7569473013014847,1.4393482672640425,1.3938055540915342,1.3458682902095551,1.8692864937165588,1.4607878149261577,-1.50650600472358,-0.8377638199439551,-0.5904095524085978,0.34072792658019957
2025-02-13,0.6095238095238096,4.375,0.5642345529565488,0.1647607000300298,0.9863335702112216,-0.5671851016141659,0.823590347507138,-0.0082021033636303,0.3614279061927424,1.4685672814101196,1.3720672559167517,0.7303964035101177,1.2884566763459318,0.4967207334773904,0.22252381042116723,2.0275115979325538,0.1609366932213123,2.048505275978498,1.899010530929039,1.334817139058466,-1.44509178043863,-0.8450316550347742,-0.3833070066596591,-0.6577696580434583
2025-02-14,0.6666666666666666,3.375,0.5515561524431979,0.0435467344131728,0.9990513910314868,-0.0453629881292538,0.9989705697907147,-0.5620256274961082,0.4090959748001105,1.1770458285732799,0.9412165275189095,0.5448223020231943,0.6357392650091788,0.21930982772975055,1.6296396841327359,1.2964114512821319,0.7691300375203899,1.032775939061843,1.8613563387546133,1.500950008791711,-1.0101024272103545,-0.38497701193410044,-0.41267892656375355,0.30662878743181166
2025-02-15,0.6029411764705882,2.8333333333333335,0.544232826945375,0.2676588137302323,0.9635137567427488,-0.5010073276223297,0.865443041261949,-0.7944090664934159,0.8379761723769884,0.9810332563537897,0.9412165275189095,0.7303964035101177,-1.4862106234684718,1.3802969664036966,1.1869749335638018,0.8728804503233099,0.6614506004302578,0.94222204582338,1.842135157716991,1.606591584561118,-0.9447188086181343,-0.33736944028528504,-0.41267892656375355,0.3440135965059389
2025-02-16,0.7142857142857143,0.875,0.2329631177417663,0.8828793016492774,-0.4695999773416565,-0.0115625486412296,0.9999331515000986,-1.0107407528101675,-0.8751601393865669,-0.3169875121779153,-0.5318718426473102,-0.39522364730128035,-0.2594484715323648,-0.8400785014334814,0.9411630020258153,-1.8573620176742727,-0.1460674035471263,0.5070441742210678,1.633509362367144,2.0694806296444215,0.17614405564005223,-0.0684473533737489,-0.35471843206916825,-0.8095139824511998
2025-02-17,0.7209302325581395,5.375,0.4518995426782451,0.0429655025374594,0.9990765564218308,-0.0221057030926658,0.999755639089262,-0.9278983093094987,1.8515852411785592,1.7003303317900353,1.237379797962353,1.8422571345325842,1.2884566763459318,1.5289439757499663,1.1426231730921332,1.8414389169532808,1.9858070657136566,1.2738987529169608,1.5642026415771706,1.8988817757452592,-1.5440843019093415,-1.367532933754795,-0.4898350949549975,-0.5166384159029089
2025-02-18,0.5221238938053098,4.708333333333333,0.3879968377020762,0.0627179408115353,0.9980312920446736,-0.0150528962686392,0.9998866987383748,-0.13383481372265416,1.7456833645009695,1.5511900818220332,1.6586140929170567,1.729140135616575,0.712737532528995,1.7047560719868922,1.6020032297051108,1.264976105951198,1.6112851658261904,1.032775939061843,1.4681163423737862,1.6293380999408258,-1.3952020089648314,-1.3991181413698244,-0.3689174212919814,-1.255757593628314
2025-02-19,0.5855855855855856,4.625,0.4532548312821087,0.0284304909763604,0.9995957718912396,-0.0204334744707362,0.9997912147648896,-0.39152024959073845,1.3640927724930232,1.5310911043024884,1.4915873332773468,1.3523499795517093,0.09935645656094132,1.3476058081523339,1.3088501091439153,1.8584532269789107,1.6112851658261904,1.1980371233612952,1.4381461693403637,1.56254557583833,-1.3693800487390937,-1.157897013104653,-0.5059558200028164,-1.116582778572615
2025-02-20,0.6019417475728155,4.291666666666667,0.5747463468912386,0.0728030296370459,0.9973463384780972,-0.001018108554444,0.9999994817273514,-0.08631145760425553,0.7952042108787247,1.4469368638948423,1.3720672559167517,0.5448223020231943,1.9208690629337124,0.8325917688583228,1.5442042657797583,0.3660956779775301,0.7691300375203899,0.94222204582338,1.433810859620298,1.5572450287537523,-1.287690359711011,-0.6176661850927211,-0.41267892656375355,0.20914357829836636
2025-02-21,0.63,4.166666666666667,0.5990120411304836,0.0308292644494393,0.9995246652551936,-0.679761389622236,0.7334333324705434,-0.31283161333546905,1.097326924201347,1.4136985129142225,1.2657177078112511,1.2117955174581057,0.712737532528995,1.5825298061416098,1.1426231730921332,1.412469461225276,0.7691300375203899,0.845418260909762,1.4744543645601942,1.5562436190016977,-1.3910993383930552,-0.6398849993695983,-0.44287833243249025,0.44859693834738773
2025-02-22,0.6139240506329114,6.583333333333333,0.5563084927149616,0.4647776568540786,0.8854274276806837,-0.0097446007636396,0.9999525202508154,-0.8814483056993205,1.5856536851393088,1.9289982875894345,1.7859158833054751,1.4848682513476679,0.8491488352154859,2.18346857953099,1.6020032297051108,1.6723805459996368,1.3156941916912495,1.5419680425057487,1.65215675892952,1.763767478049364,-1.8506568115940727,-1.3605838496209004,-0.44287833243249025,-0.286309844210701
2025-02-23,0.6732673267326733,4.208333333333333,0.5777000327303572,0.0087265354983739,0.9999619230641712,-0.2296250859139464,0.9732791582680752,-0.8491555404069969,1.0001951898009809,1.42488641212853,1.1475283865960486,1.0621669201816635,1.5525996399535906,1.1651203509328263,1.7804890139187612,0.18002299699825666,1.3156941916912495,1.4795978472928706,1.7928721040994222,0.7367059175135087,-1.2961463344120927,-0.6157004404144354,-0.3833070066596591,0.3690511270576196
2025-02-24,0.7044025157232704,6.625,0.476345950068517,0.0391144833721307,0.999234735780603,-0.0019634941468455,0.9999980723435096,-0.6409581780797674,1.7533104034056164,1.936117825548381,1.5139588678601061,1.6102197830330878,1.1193877253618527,1.8728844876222066,2.3688849678910744,0.8227464096170158,1.868621240888318,1.867208507298964,1.842135157716991,1.0744165903359573,-1.774834309788468,-1.558692970304709,-0.5558256495732251,-1.1633215775918135
2025-02-25,0.6774193548387096,5.166666666666667,0.4712088431567872,0.001018108554444,0.9999994817273514,-0.0961352974781567,0.995368275855116,-0.559299512797533,1.6663991239840528,1.6557927573869182,1.3464609893285227,1.6102197830330878,1.2491203409772325,1.9821669777345325,1.0472045125324834,1.326815941720847,1.807336884013345,1.4143256895953897,1.8597648017596122,1.0626045524130292,-1.5049959797353256,-1.2562585602894243,-0.5223226724800176,-0.4950018633117834
2025-02-26,0.6666666666666666,2.5,0.4512795828739092,0.0265404322300818,0.9996477406852078,-0.0769365494660969,0.9970359910034596,-0.21391904154346594,0.6512471353858184,0.8410948806714218,0.6355230708336418,0.7303964035101177,1.5235832097234046,0.7741316392250301,0.6090905625815863,-0.19594609771924862,0.7691300375203899,0.37331461713775294,1.7760506940692957,1.5069237673116627,-0.6564005918766741,-0.33972109728010585,-0.3689174212919814,-0.05752665261040711
2025-02-27,0.704225352112676,2.9583333333333335,0.4960345357156523,0.01330774272378,0.9999114480710768,-0.386308538754416,0.9223696183664268,0.24281697809678146,1.0529221729826268,1.0293623621081183,0.6849556415297764,1.2117955174581057,1.580694756371796,0.64536774282366,0.8833640381004627,0.5209972261593706,1.3156941916912495,0.629129694675668,1.7207953303855463,1.6536938347369539,-0.9165656602481108,-0.48327687592069524,-0.4739532042657392,0.1728823297965493
2025-02-28,0.6237623762376238,4.208333333333333,0.4941698410338546,0.5296725546253197,0.848202207540565,-0.2128172229292209,0.9770920272035252,-0.2369106530445252,1.4967334936403012,1.42488641212853,1.2933194841750697,1.3523499795517093,1.2884566763459318,1.6815188797876177,0.6854025532331482,1.232437543500181,1.2343937422218019,0.5070441742210678,1.7225561147924475,1.6520748721975096,-1.4013789947094646,-1.0545054739765516,-0.41267892656375355,-0.787893204290022
2025-03-01,0.5238095238095238,1.75,0.4439891771927033,0.1303819910301273,0.9914638351523568,-0.5098549221954377,0.8602604014559104,0.007706257284089473,0.8630532312671376,0.444018455037101,0.6355230708336418,0.5448223020231943,0.712737532528995,0.4128159399136957,1.096107073622189,-0.838669510338008,0.9684546971986974,-0.3434239783961347,1.501586295958974,1.6938408072504665,-0.3383049170322014,-0.0009141122314709197,-0.35471843206916825,0.4818656135772215
2025-03-02,0.5454545454545454,4.583333333333333,0.4652227580420834,0.0874455203473987,0.9961693033672402,-0.0901980350408604,0.9959238497369002,-0.4911243526161771,1.2547847139976367,1.5209066182353153,1.5783791149938904,1.4848682513476679,1.8000103896789708,1.2044848701667705,1.096107073622189,1.232437543500181,1.3938055540915342,1.7139911597053406,1.5200610004269381,1.7086547247712363,-1.3827997504345344,-1.1331442661696913,-0.5389432846965896,-1.011092717897684
2025-03-03,0.4230769230769231,4.333333333333333,0.4974441847882435,0.2244550178840256,0.974484450849105,-0.0574914253417506,0.9983460001483324,0.4973142497678529,1.4557080918282304,1.4578035744251465,1.7686373132839432,1.4848682513476679,-0.8728295475004183,1.7712856781114923,1.6564975424213004,1.127353080328488,1.4689686044076429,0.845418260909762,1.4030746127090494,1.2684398999286666,-1.3382066812586724,-0.9687641973398249,-0.5059558200028164,-0.2812449271134582
2025-03-04,0.6375,3.3333333333333335,0.4893883889215533,0.0154891776978627,0.9998800354913804,-0.0199972313262025,0.999800035376718,0.2462536848398577,1.0825140863986995,1.163112370514898,1.0145289490811664,1.0621669201816635,1.2884566763459318,1.556109062640622,-0.4383164172581281,0.9656832255989268,1.3938055540915342,0.629129694675668,1.301740870341693,1.0174874113426267,-0.9854852007523544,-0.586646904584725,-0.41267892656375355,-0.35959728877090447
2025-03-05,0.5384615384615384,2.1666666666666665,0.5089341161381278,0.2181432413965425,0.9759167619387474,-0.058725611181465,0.998274162037345,-0.2849667879656384,0.10616680947907109,0.6814552774582703,0.8207924869874944,0.3430917687452825,1.3261186084970487,0.4128159399136957,-0.2255733817364018,0.7135316328007653,0.013344408322606053,1.4143256895953897,1.2824860258901492,1.0892806353238647,-0.5182424990503116,0.021577359199141652,-0.44287833243249025,0.5663939759274399
2025-03-06,0.4936708860759494,3.2916666666666665,0.5352339789367822,0.241004482973247,0.9705240023754168,-0.1372284471253535,0.9905394254140336,-0.14638254248689245,0.20751618681626985,1.1490058215965313,1.3464609893285227,0.5448223020231943,1.5235832097234046,0.32090863724046487,0.33481708706270985,1.412469461225276,-0.1460674035471263,2.0903919196489595,1.301740870341693,1.0736045186330037,-1.0368047477207556,-0.4785182478061753,-0.4739532042657392,-0.17448362604513082
2025-03-07,0.4428571428571428,2.9166666666666665,0.3874196582893289,0.068450606065886,0.99765450659495,-0.1929501178833972,0.9812085670278176,-0.3322959604809153,1.321388775204037,1.0134801090206862,1.320222405766434,1.2117955174581057,0.712737532528995,0.4967207334773904,0.9411630020258153,1.3847881853137947,1.3938055540915342,0.629129694675668,1.225576514289475,0.9973766822309381,-0.8708328158391593,-0.7946607240159553,-0.4276722900459365,-0.8237181431672695
2025-03-08,0.5294117647058824,2.125,0.4624877820100562,0.073963445252098,0.9972609531945188,-0.0089446931383676,0.9999599954321476,-0.7789961219212301,0.055953279422548984,0.6598248599429931,0.8207924869874944,0.3430917687452825,0.551397205662045,0.7741316392250301,1.2699307902608818,-0.3650044686728924,0.6614506004302578,1.3458682902095551,1.2481269352398838,0.8788445430058783,-0.45678018786563385,-0.0729728385402235,-0.41267892656375355,0.2744569560784571
2025-03-09,0.4594594594594595,3.0833333333333335,0.6007288309190919,0.0084356580007399,0.9999644192040508,-0.0230508487359389,0.999734293886407,0.07085073065527334,-0.3077808753026825,1.0757182917191892,1.3464609893285227,-0.12215091341171726,1.8000103896789708,1.1651203509328263,-1.0991566449374235,0.3660956779775301,0.6614506004302578,1.3458682902095551,1.1556162919061244,0.5325765486793489,-0.9425719837881733,-0.10726084104700738,-0.4276722900459365,0.4428285696481296
2025-03-10,0.4390243902439024,3.4166666666666665,0.4365505191611837,0.0601774794692934,0.9981876932544916,-0.0318468730835494,0.9994927596910348,0.5778129072778374,0.8958534148069289,1.1908103920697792,1.4915873332773468,1.3523499795517093,1.7091694871464111,0.9398462943674001,0.6090905625815863,0.8227464096170158,0.871284964967833,1.2738987529169608,1.0958550486397374,0.05004799726905065,-1.0251207199695562,-0.8134509672218667,-0.4898350949549975,-0.33747038516318917
2025-03-11,0.4086021505376344,3.875,0.4985029110050297,0.005890452161027,0.9999826511361778,-0.5357039867931057,0.844405849419562,-0.19831757842879794,1.0861101862933102,1.332135896114679,1.67776071260202,1.2117955174581057,0.35393260443568864,1.1240802503677574,1.4168966486110097,1.5156038629420694,1.149632675983902,1.3458682902095551,1.1314817626373526,0.2975182363559972,-1.2651120266319797,-0.879439626377712,-0.44287833243249025,-0.3629373418974639
2025-03-12,0.4931506849315068,3.0416666666666665,0.54911852251273,0.1252610846158915,0.9921238131810216,-0.647732152704472,0.7618681371161485,-0.2075031394450101,0.8779439112805775,1.0604756120560015,1.2657177078112511,0.7303964035101177,0.551397205662045,1.1651203509328263,1.1426231730921332,1.0088190905962897,0.42687573824441677,0.94222204582338,1.1871501887618736,0.027068584846866906,-1.0357659570574134,-0.4242453407643276,-0.4898350949549975,0.3558972589517211
2025-03-13,0.3733333333333333,3.125,0.4666390060671321,0.2743088995827392,0.9616416315913672,-0.0021816598343364,0.9999976201773518,-0.1359680743696361,0.3203326006672386,1.0907590756427186,1.5139588678601061,0.7303964035101177,1.2491203409772325,-0.1716788839780456,0.7560564209317141,1.4908756273610482,0.5476147922890665,1.766944552046923,1.1767190795443683,0.010910975614851512,-0.9558546748541953,-0.6317893327805925,-0.4739532042657392,-0.4167275378340238
2025-03-14,0.4137931034482758,2.4166666666666665,0.4712019428361436,0.0002181661547686,0.9999999762017642,-0.0204334744707362,0.9997912147648896,0.09994032932885226,0.2755239664732298,0.8032392891068596,1.1783307938230798,0.3430917687452825,0.7835690723998321,-0.3474909802149713,1.2293548403453964,0.9656832255989268,0.871284964967833,0.5070441742210678,1.144942125300591,0.15986168335688442,-0.5999989746067478,-0.20665061841380314,-0.3833070066596591,-0.09106656909367664
2025-03-15,0.5777777777777777,1.875,0.4070139974218487,0.0079266206771266,0.9999685838488332,-0.0199245237630599,0.9998014869726968,-0.45010101024475285,0.11491394215696088,0.5206022501744748,0.5836782206833241,0.12212097085718994,0.9102021337553509,-0.023031874631775716,-0.7125898927770046,1.0895007275182707,0.29834182317629,0.5070441742210678,1.1287737971472114,0.3176332681845831,-0.294325067259485,-0.07324903863453794,-0.4276722900459365,-0.39088542851141556
2025-03-16,0.4677419354838709,2.5833333333333335,0.4294039737224344,0.0646774485131878,0.9979062218734904,-0.2030009238057878,0.9791785459935264,-0.6670658268627355,0.288867563473483,0.8777291087574186,1.1475283865960486,0.7303964035101177,0.7835690723998321,-0.5626675956858416,0.6854025532331482,1.4654698222357754,0.5476147922890665,1.766944552046923,1.0958550486397374,0.3476287591587908,-0.7276111812749291,-0.49463689510099307,-0.44287833243249025,-0.31400081584290673
2025-03-17,0.4666666666666667,1.25,0.3330885912555352,0.0096718821385945,0.9999532262540568,-0.1950189967819984,0.9807994651783528,1.0033824766472956,0.5130182544917312,0.07244771582971395,0.41098420151293863,0.5448223020231943,1.1193877253618527,-0.8400785014334814,0.0952161932524188,-0.3650044686728924,0.29834182317629,-0.12713541216204036,0.9433251338026836,0.7264448372214332,0.170192913283343,0.22049224567851342,-0.17346725129018284,-0.21145091585058215
2025-03-18,0.4264705882352941,2.8333333333333335,0.5157844545597436,0.3731227269431595,0.9277819952114292,-0.5078516266061316,0.8614445573300155,0.39142435652913443,1.1267153360527247,0.9810332563537897,1.320222405766434,0.9022111852081096,1.0209617320770987,0.9893082546959004,1.096107073622189,0.6536880386633723,1.149632675983902,0.37331461713775294,0.8634947938392942,0.3664374970119601,-0.9703312195298761,-0.47388270498508916,-0.5059558200028164,0.29320682382725954
2025-03-19,0.4936708860759494,3.2916666666666665,0.5435322858959618,0.4387632779319252,0.8986026852499563,-0.0986684661698185,0.9951203614556862,-0.3138763768567863,0.467629829562589,1.1490058215965313,1.3464609893285227,0.7303964035101177,1.2491203409772325,0.7118973489482606,1.1426231730921332,1.127353080328488,0.6614506004302578,1.3458682902095551,0.8830812352223458,0.45482900122837017,-1.0711020703277827,-0.486833982821293,-0.4276722900459365,0.10341708352588436
2025-03-20,0.6057692307692307,4.333333333333333,0.5053082026463366,0.0816485951033362,0.9966611795979872,-0.0309019518527026,0.9995224206448264,-0.2837070761496422,1.3101708430246415,1.4578035744251465,1.3720672559167517,1.3523499795517093,1.1193877253618527,1.556109062640622,0.22252381042116723,1.6723805459996368,0.29834182317629,1.6016833677474707,0.9740025692305072,0.9288408629295755,-1.306029570800905,-0.9029255931499888,-0.4739532042657392,-0.39994417122031195
2025-03-21,0.4318181818181818,1.8333333333333333,0.5108309714771924,0.5725633011881023,0.8198605162663845,-0.0482686797052626,0.9988343879540346,0.3208400762724186,0.29577638905971554,0.49564382605146134,0.8624687557772279,0.12212097085718994,-1.4862106234684718,0.21930982772975055,1.096107073622189,0.8227464096170158,0.42687573824441677,0.22548345028949307,0.9308598144044911,0.9965877811832337,-0.39326770177018205,0.17150863800838925,-0.3132161647547003,0.6388477748692589
2025-03-22,0.4459459459459459,3.0833333333333335,0.5471874441022128,0.0286485682656414,0.9995895455317292,-0.7777862751570894,0.6285288459388801,0.5842684113368701,0.46311248375179287,1.0757182917191892,1.3720672559167517,0.5448223020231943,1.0209617320770987,1.6577078721513363,0.22252381042116723,0.5209972261593706,0.871284964967833,0.7414374866335379,1.0187717410042405,0.945827268969908,-1.0709769705754715,-0.472655646748973,-0.44287833243249025,0.3362192923847438
2025-03-23,0.4852941176470588,2.8333333333333335,0.5303052121452722,0.205848375865793,0.9785838983722424,-0.7797479092159013,0.6260936016870245,-0.10467979688809838,0.486785367191573,0.9810332563537897,1.2082654111748379,0.5448223020231943,1.2491203409772325,1.0812155573691318,0.43526684594289394,0.8227464096170158,0.6614506004302578,0.94222204582338,1.0362788827477585,0.9425582648389867,-1.0114673602428275,-0.4676579539879154,-0.5389432846965896,-0.09133218932343695
2025-03-24,0.4,3.3333333333333335,0.4955271422966692,0.1546385394215419,0.987971114013751,-0.027049303815333,0.9996341006403824,0.22496455514952673,1.0873545981076387,1.163112370514898,1.535869100658665,1.0621669201816635,-0.06198387030600885,0.9893082546959004,1.3462427809124438,1.3847881853137947,0.7691300375203899,1.032775939061843,1.1740988842004416,0.5145737666318845,-1.0131359551581673,-0.5968450391727772,-0.5558256495732251,-0.19721710523550728
2025-03-25,0.5555555555555556,2.625,0.4633451958970156,0.0559667217249039,0.9984326347127116,-0.8479324655261623,0.5301042670142578,-0.33697489008318593,0.6916825444976479,0.8956123537013384,0.9785048672521873,0.7303964035101177,1.0715424606223007,1.608245911822836,-1.0991566449374235,0.18002299699825666,0.42687573824441677,1.032775939061843,1.1609224453765767,0.5443384926965743,-0.913631836073861,-0.5943557445095466,-0.4276722900459365,-0.40593700829459506
2025-03-26,0.4507042253521127,2.9583333333333335,0.389233183280866,0.0098900378587411,0.9999510923795988,-0.3351090058262444,0.9421793641415344,-0.23693805717829927,1.1584394626354066,1.0293623621081183,1.320222405766434,1.2117955174581057,0.712737532528995,0.8325917688583228,1.4168966486110097,0.8227464096170158,1.2343937422218019,0.845418260909762,1.1395737901869363,0.5300315074909312,-0.905031949078856,-0.8282167248301395,-0.4583031742919876,-0.7743105708190602
2025-03-27,0.5686274509803921,2.125,0.4361835606671527,0.0334459052646636,0.9994405292067292,-0.7660911859274089,0.6427318996629436,-0.17275363541525307,0.5269167683162446,0.6598248599429931,0.7321904686436854,0.7303964035101177,0.4581613846542476,1.4119160880650061,0.22252381042116723,-0.05300928173733781,0.5476147922890665,0.22548345028949307,0.9890882535473533,0.02411869386071704,-0.6252876104041997,-0.35486389707285376,-0.397892374698681,0.08638036844255875
2025-03-28,0.3838383838383838,4.125,0.4782966259864061,0.0625002026696348,0.9980449512252716,-0.5239239652540495,0.8517650372212243,1.0488389866620837,0.6677249492466173,1.4023992894917252,1.7859158833054751,0.7303964035101177,1.7327688013299063,0.4967207334773904,1.3822240669024242,1.1637206387781303,1.061103236910934,1.867208507298964,1.144942125300591,0.24343439968726668,-1.3460061985674951,-1.0451321910714055,-0.4276722900459365,-0.8209201413149197
2025-03-29,0.4242424242424242,1.375,0.5167386459471762,0.9601108807584195,0.2796195569864376,-0.9323238012155126,0.3616245700820913,0.49899386552251296,-1.2894728719985495,0.17734340199736645,0.5836782206833241,-0.7048079795512759,-1.4862106234684718,0.8877094451851861,-1.0991566449374235,0.7135316328007653,-0.9535854075245114,0.94222204582338,1.0304679140832806,0.742301109736484,-0.5096442022313981,0.06014776058940289,-0.5558256495732251,0.15853774445823743
2025-03-30,0.4736842105263157,3.1666666666666665,0.4403702437904811,0.4263714082486303,0.90454818679166,-0.098885565404474,0.9950988116537158,0.965860744696456,1.5266949899635598,1.1056032423750846,1.3464609893285227,1.3523499795517093,0.712737532528995,0.9398462943674001,1.6296396841327359,0.5897141308814215,1.149632675983902,0.94222204582338,1.0535658030275263,0.7642662716416774,-1.0228654463490348,-0.7981489069004899,-0.41267892656375355,-0.3106419810845909
2025-03-31,0.6086956521739131,1.9166666666666667,0.426220930374337,0.0029088779843619,0.9999957692054864,-0.6303371332823555,0.7763215174174821,-0.2761488052536666,0.20433970149576114,0.5450238921628292,0.5291735227281411,0.5448223020231943,0.35393260443568864,-0.8400785014334814,0.8218335981033126,1.0895007275182707,0.6614506004302578,0.06022226599004031,0.9526004808780635,0.802664974169521,-0.45293949024629804,-0.19098819419579402,-0.41267892656375355,0.1380138227603267
2025-04-01,0.4516129032258064,2.5833333333333335,0.4967568836518262,0.2448138537289343,0.969570099076074,-0.4474339345909968,0.8943169875253515,0.3905231964634209,0.7952007920870637,0.8777291087574186,1.1783307938230798,1.0621669201816635,0.6357392650091788,1.036356454531456,0.43526684594289394,1.0895007275182707,0.9684546971986974,1.2738987529169608,0.9495156489619584,0.8027383330921641,-0.8172187135866377,-0.36602866242296533,-0.4898350949549975,0.34615354725220526
2025-04-02,0.6129032258064516,1.2916666666666667,0.3839151805589099,0.323711006684668,0.9461560041299736,-0.5809989380723222,0.8139043149896884,-0.023637539944024483,-0.28483030119063457,0.10850034974948909,0.12592457069411792,-0.12215091341171726,0.23576775924743243,-0.8400785014334814,-1.0991566449374235,1.0500371599150817,-0.1460674035471263,0.94222204582338,0.8200749088859862,0.9629620506890716,-0.027197318296910057,0.15567638677745987,-0.35471843206916825,-0.22313750281306616
2025-04-03,0.3611111111111111,1.5,0.3287201936216442,0.0069085399995841,0.999976135752786,-0.3300339039155775,0.9439690790837608,0.1259792000081547,-0.22709899186641355,0.2733636081041511,0.7774146827769961,-0.12215091341171726,-0.2594484715323648,-0.3474909802149713,0.7560564209317141,0.7697460486065164,0.29834182317629,-0.12713541216204036,0.7682086764922027,1.0354073916550723,-0.08285302060321272,-0.07888846002969593,-0.397892374698681,-0.7470488127919008
2025-04-04,0.4827586206896552,1.2083333333333333,0.4564192420580781,0.078604090646171,0.996905911775875,-0.9998952869452216,0.0144711832526936,-0.5234867045737013,-0.4441502367611214,0.035212819872147055,0.34656395437915377,-0.39522364730128035,-0.5140246194071121,0.10573202176959423,-0.7125898927770046,0.8728804503233099,-0.3193579088579942,0.37331461713775294,0.49633833181247794,0.5125097611407395,-0.10927252689646985,0.30197070157985545,-0.5729781437227949,0.5421491670230247
2025-04-05,0.48,1.0416666666666667,0.364392417309241,0.5357653923027473,-0.8443668896935048,-0.9239351817882856,0.382549055486806,-0.32462251593319075,-0.3732316152752654,-0.12728714400885668,0.2046723424357995,-0.39522364730128035,0.551397205662045,0.10573202176959423,0.43526684594289394,-1.8573620176742727,-0.1460674035471263,-0.3434239783961347,0.4615442697891914,0.5994229028086101,-0.6493804619628996,-0.6131955079074441,-0.19755833286028276,-1.0108134403136046
2025-04-06,0.4375,0.6666666666666666,0.4025570059565318,0.2265096459778624,0.9740089220736036,-0.6620207147046976,0.7494855390879009,0.8005898694688803,-1.6350054172980508,-0.6097686019544833,-0.1528659643997854,-1.4848981939021966,0.09935645656094132,-1.8994668305967133,-0.7125898927770046,0.27771894394586744,-0.7190105453386694,0.06022226599004031,0.16803108346005108,0.25894563070371607,0.8083903145486089,1.1589808711109892,-0.18544511907381944,0.8634373503397441
2025-04-07,0.5357142857142857,1.1666666666666667,0.2554810912867609,0.1040221840338676,0.9945749771781032,-0.042529569076554,0.9990952085533004,-1.0247775416169802,1.2054484427184908,-0.0032845137748949873,0.2046723424357995,1.0621669201816635,-1.4862106234684718,-0.023031874631775716,0.6090905625815863,0.446777314899511,0.6614506004302578,-0.5992390559340501,0.06618508711089675,0.19249074671819114,0.2678644503069161,0.09980495585229358,0.6104910799884704,0.19966007875280387
2025-04-08,0.5,0.9166666666666666,0.4149161808012327,0.2534765670688839,0.9673415270456313,-0.974484450849105,-0.224455017884026,-0.8210314252999188,-0.7881416459066674,-0.26650975377737496,0.0408704976938861,-0.39522364730128035,-0.8728295475004183,0.32090863724046487,-1.759996872616719,0.5209972261593706,-0.7190105453386694,-0.12713541216204036,-0.19144376181719566,-0.9700738480210168,0.1225444460557,0.42549081371045017,-0.44287833243249025,0.4049615984096028
2025-04-09,0.5666666666666667,1.25,0.2867240469572691,0.5509056516909013,0.8345675304821194,-0.0130168797149054,0.9999152768322362,-0.09710176580677403,0.7281136141981689,0.07244771582971395,0.2046723424357995,0.5448223020231943,0.35393260443568864,0.32090863724046487,0.22252381042116723,0.0708082201820057,0.5476147922890665,-0.3434239783961347,-0.19854606207711248,-0.9923944526071597,0.09037643875129547,-0.008847548518424331,-0.19755833286028276,-0.23584308107307045
2025-04-10,0.3636363636363636,0.9166666666666666,0.5620886748436966,0.337574474416078,0.9412988230220564,-0.9871013609169476,0.1600965436101289,0.3282838279123945,-0.8349735285689326,-0.26650975377737496,0.27798476399805644,-1.0621968627361917,-1.4862106234684718,-1.8994668305967133,-0.7125898927770046,0.9656832255989268,-0.9535854075245114,0.06022226599004031,-0.30203627641891145,-1.3479393459635356,0.204703741534186,1.048146107851037,-0.34070505586975436,1.4954642401769578
2025-04-11,0.375,2.0,0.3527337057788786,0.1347788721157274,0.990875701403164,-0.0116352658013971,0.9999323080037622,0.5699576311569545,0.8480543419128926,0.5923458469999396,1.049371698222365,0.9022111852081096,0.712737532528995,0.4128159399136957,-0.051749665097709216,1.0500371599150817,0.5476147922890665,0.7414374866335379,-0.16339601195661768,-0.3109235794928097,-0.39562532298662406,-0.36014986832864243,-0.34070505586975436,-0.38524428724478693
2025-04-12,0.4,1.0416666666666667,0.3336103582283882,0.1155150518578795,0.9933057297701808,-0.3689357954595821,0.9294548826213166,-0.18313168476052474,-0.37666295631191876,-0.12728714400885668,0.34656395437915377,-0.12215091341171726,0.4581613846542476,-1.2310672131412774,-0.4383164172581281,0.5897141308814215,-0.3193579088579942,0.22548345028949307,-0.16339601195661768,-0.3109235794928097,0.33968478597409624,0.4133653531219854,-0.4276722900459365,0.09794226383055636
2025-04-13,0.3548387096774194,1.2916666666666667,0.3647403218760808,0.6839107002186183,0.7295657298191021,-0.0360623168453985,0.9993495431047849,-0.23705710309275985,-0.047997016978806366,0.10850034974948909,0.6355230708336418,0.12212097085718994,0.23576775924743243,-0.1716788839780456,0.33481708706270985,0.5209972261593706,0.1609366932213123,0.629129694675668,-0.06303815006969687,-0.5038117516739047,0.008324133238216595,0.13536218421341809,-0.4276722900459365,0.0581283998028623
2025-04-14,0.5294117647058824,0.7083333333333334,0.3496030187831293,0.0510287087739515,0.9986971867792876,-0.1444281609652484,0.989515288573247,-0.46303075819142053,-1.3012631742870284,-0.5448616457955814,-0.2648229589913816,-1.0621968627361917,0.4581613846542476,-1.2310672131412774,-0.4383164172581281,-0.19594609771924862,-0.9535854075245114,0.22548345028949307,-0.13590925487516842,-0.3233390773782562,0.8909829840242919,1.0834567187940791,-0.326872502478219,0.7723552034407459
2025-04-15,0.4722222222222222,1.5,0.2107653906533163,0.6842820002089594,0.7292174875783121,-0.0030543214420703,0.9999953355493856,-0.5035967720307153,1.1253633825963232,0.2733636081041511,0.5836782206833241,1.2117955174581057,-0.5140246194071121,0.10573202176959423,0.8833640381004627,0.5209972261593706,0.7691300375203899,0.06022226599004031,-0.043816969032074125,-0.3186166750501148,-0.16911622692905734,-0.5207929973738822,-0.34070505586975436,-0.868110863148218
2025-04-16,0.3333333333333333,0.5,0.3114085768694484,0.0052359638314195,0.9999862922474267,-0.9961946980917455,0.0871557427476578,0.5699576311569545,-0.9429370357638874,-0.9143991479607064,-0.2648229589913816,-1.0621968627361917,0.09935645656094132,-0.5626675956858416,-0.7125898927770046,-0.838669510338008,-0.9535854075245114,-0.3434239783961347,-0.16339601195661768,-0.05234493765618741,1.0561178266859617,1.1519512782917705,-0.23474152899216838,0.9201297289669904
2025-04-17,0.4285714285714285,0.875,0.4156211708384599,0.4166113723131391,0.9090846849767974,-0.2492533438881746,0.9684383153100476,-0.9701900295904888,-0.23911884233889766,-0.3169875121779153,0.12592457069411792,-0.39522364730128035,-1.4862106234684718,0.4967207334773904,0.22252381042116723,-0.5719151924367537,-0.5091761808010942,-0.5992390559340501,-0.1703544675396615,-0.043034988033941284,0.5199562046413201,0.876805233876365,-0.397892374698681,1.1343770162608555
2025-04-18,0.4545454545454545,0.9166666666666666,0.3166140461967975,0.8643113803111148,0.5029570934629469,-0.6727435315700284,0.739875760334589,0.48311386202389867,0.26088189447225923,-0.26650975377737496,0.12592457069411792,0.12212097085718994,-0.5140246194071121,-1.2310672131412774,0.6090905625815863,0.18002299699825666,0.013344408322606053,-0.3434239783961347,-0.3648719998078013,-0.6396973460732029,0.197417182669881,0.20120239986930827,-0.34070505586975436,-0.5504789915516917
2025-04-19,0.24,1.0416666666666667,0.3523927159322846,0.8650055004089985,0.5017623782849587,-0.1582298735945759,0.9874023025607368,1.003819176743509,0.38202842557044026,-0.12728714400885668,0.5836782206833241,0.5448223020231943,-1.4862106234684718,-0.1716788839780456,0.43526684594289394,0.446777314899511,-0.1460674035471263,-0.12713541216204036,-0.3648719998078013,-0.6396973460732029,0.1820169611534408,0.2932788875114256,-0.4739532042657392,0.4112532616083578
2025-04-20,0.4285714285714285,0.5833333333333334,0.3589776571188099,0.3665012267242973,0.9304175679820246,-0.8092306656380898,-0.5874910465623575,-0.7440417654807372,-2.163865270011753,-0.7518991840797027,-0.2648229589913816,-1.4848981939021966,-0.8728295475004183,-0.8400785014334814,-1.759996872616719,0.446777314899511,-1.2195244525476154,-0.12713541216204036,-0.5087754306795403,-0.6575916180256729,0.5423832124185765,0.720340298587933,-0.01847501533568541,0.21979748277009115
2025-04-21,0.4,0.8333333333333334,0.3311462683402791,0.0533526423907032,0.998575733507444,-0.9855190892735156,0.169564514794518,0.4640578578255594,-0.42773923138780995,-0.36981390137374553,0.12592457069411792,-0.39522364730128035,0.23576775924743243,-0.1716788839780456,-0.7125898927770046,0.0708082201820057,-0.1460674035471263,-0.5992390559340501,-0.48226093542965115,-0.6886019916430345,0.40275678461076175,0.47694486594670604,-0.326872502478219,0.40683040235425116
2025-04-22,0.3333333333333333,2.0,0.4075611185459452,0.3456394218574545,0.9383674067539028,-0.0723678482857912,0.9973780098510718,0.40483040727681496,0.7301102592479728,0.5923458469999396,1.1158063699276182,0.9022111852081096,1.3969501483678857,0.5739056614256938,-0.4383164172581281,0.18002299699825666,0.42687573824441677,0.629129694675668,-0.3810403279611814,-0.09154888405841183,-0.45076450214749747,-0.24961388490852623,-0.5389432846965896,-0.3259998549561495
2025-04-23,0.1538461538461538,1.0833333333333333,0.1782344727568213,0.0351902062293026,0.999380632884958,-0.4868436381648379,0.8734891367260524,1.890555518259385,0.37862268089935985,-0.08443063961626654,0.7321904686436854,0.3430917687452825,-0.2594484715323648,-0.023031874631775716,-0.051749665097709216,0.5209972261593706,0.42687573824441677,-0.12713541216204036,-0.27166394541954286,-0.22793577447399163,0.280021793526076,-0.10641053437760235,-0.27326093084039327,-1.0310208350848151
2025-04-24,0.4444444444444444,1.875,0.2605063720483569,0.5179648041590442,0.8554019298858772,-0.5971002580791349,0.8021666172322496,-0.05270392269189424,1.0931554046598078,0.5206022501744748,0.8624687557772279,1.0621669201816635,1.0209617320770987,0.5739056614256938,0.43526684594289394,0.18002299699825666,0.9684546971986974,0.22548345028949307,-0.1023063084209194,0.028539111598668815,-0.5370159118588222,-0.7952802723990723,-0.27326093084039327,-1.1984101627681398
2025-04-25,0.3043478260869565,1.9166666666666667,0.4491864800238954,0.072005186631508,0.9974042576098028,-0.1005498357434916,0.9949320230709016,1.3173318719022653,0.469142624635333,0.5450238921628292,1.1158063699276182,0.5448223020231943,1.0715424606223007,0.7118973489482606,-0.4383164172581281,0.5209972261593706,0.1609366932213123,0.37331461713775294,0.048452040535508153,0.14907187979076195,-0.3489755451300173,0.004527549454084136,-0.4898350949549975,0.290643600234075
2025-04-26,0.4411764705882353,1.4166666666666667,0.4007829620337686,0.2392396232198052,0.9709605567074524,-0.1134922273117105,0.9935388841609708,0.09761510062183956,0.7531745675374351,0.21026056429398238,0.5836782206833241,0.5448223020231943,0.4581613846542476,0.8325917688583228,-1.0991566449374235,0.27771894394586744,0.42687573824441677,0.06022226599004031,0.10097914913418271,0.11291846551888429,-0.014816782792812207,0.2238447974691294,-0.3833070066596591,0.1675929365303383
2025-04-27,0.45,0.8333333333333334,0.4041424573092972,0.3108146732534625,0.9504705355192992,-0.1585888927354677,0.9873447032829712,0.3592498347346959,0.2721673932044616,-0.36981390137374553,0.0408704976938861,0.3430917687452825,-1.4862106234684718,-0.5626675956858416,0.33481708706270985,0.27771894394586744,-0.1460674035471263,-0.9123314070817621,0.13491401010316934,-0.031788382612281674,0.6257493443837012,0.958448713340155,-0.2997316094230187,1.2694807402709614
2025-04-28,0.4482758620689655,1.2083333333333333,0.4948794600625552,0.1670555542773844,0.9859474842937,-0.2991795777225448,0.9541968247032474,0.009588585285003094,-0.5043182415033393,0.035212819872147055,0.41098420151293863,-0.39522364730128035,-1.4862106234684718,-0.8400785014334814,0.6854025532331482,0.7135316328007653,-0.1460674035471263,0.5070441742210678,0.18429508442084847,-0.19650910449622952,0.1586272140802396,0.7412573924570508,-0.3833070066596591,1.1683933661529269
2025-04-29,0.3333333333333333,0.625,0.3646046721906964,0.0953390293437022,0.99544486009211,0.3734600533232709,-0.9276462626302008,0.9618959675071634,-0.5761209464121676,-0.6786116542023607,-0.05158854355333365,-0.7048079795512759,-0.2594484715323648,-1.8994668305967133,-1.759996872616719,0.5209972261593706,-0.5091761808010942,-0.5992390559340501,-0.006162776857647721,-0.09974636437311,0.05399896502995064,0.18662309767581997,0.5814375940727461,-0.11117512757079318
2025-04-30,0.2307692307692307,0.5416666666666666,0.2810262696653255,0.1373725137929156,0.9905194558685938,-0.7705595955189546,0.6373679547589957,1.1624420886137212,0.26012529925676176,-0.8302449075530604,-0.05158854355333365,-0.12215091341171726,-1.4862106234684718,-0.5626675956858416,-0.2255733817364018,-0.05300928173733781,-0.5091761808010942,-1.315977651467937,-0.08909186005404894,0.10331149997278449,1.0643129362677064,1.0702323481826972,-0.23474152899216838,1.0561163973229528
2025-05-01,0.2307692307692307,1.0833333333333333,0.3314122394900761,0.3079793690053576,0.9513930356414544,-0.6698868616707757,0.7424631927313832,2.2785467575861404,0.06769120097747776,-0.08443063961626654,0.6355230708336418,-0.12215091341171726,0.23576775924743243,-0.1716788839780456,0.43526684594289394,-0.05300928173733781,0.29834182317629,-0.12713541216204036,-0.22007588164154382,-0.13243504293090516,0.16951867618005237,0.2146127262760234,-0.5223226724800176,-0.14917661290380055
2025-05-02,0.5116279069767442,1.7916666666666667,0.4428049775863396,0.5655668934493947,0.8247024245350568,-0.1372284471253535,0.9905394254140336,0.46040176399680954,0.31502894841265827,0.47012449177393395,0.6849556415297764,0.3430917687452825,0.551397205662045,1.036356454531456,-0.051749665097709216,0.27771894394586744,0.1609366932213123,0.06022226599004031,-0.2419483652067057,-0.24204240308152591,-0.38251410568313765,-0.055298676277159994,-0.3833070066596591,0.15289678231549858
2025-05-03,0.2954545454545454,1.8333333333333333,0.513925968435612,0.2276428032337913,0.97374470685897,-0.4335935552707487,0.9011085555179644,0.7525776713910333,-0.031794164426482835,0.49564382605146134,1.0831081394622637,0.12212097085718994,0.8491488352154859,-1.8994668305967133,0.6090905625815863,0.9656832255989268,0.013344408322606053,0.5070441742210678,-0.1703544675396615,-0.014454967767405643,-0.3975447216078473,0.17801588297290555,-0.41267892656375355,0.6349587206938463
2025-05-04,0.48,2.0833333333333335,0.3863058028014761,0.0019634941468452,0.9999980723435096,-0.4314954082899435,0.902115132688004,-0.201473088801426,1.0520137060869437,0.6377744081766807,0.9025719544895703,1.0621669201816635,1.1647782816300982,0.64536774282366,-0.051749665097709216,0.5897141308814215,0.9684546971986974,0.94222204582338,0.02444632900518066,0.21335824064053519,-0.5047682029079433,-0.37938289322788304,-0.4739532042657392,0.06363011310215586
2025-05-05,0.3333333333333333,0.75,0.3703083580547273,0.0059631729359085,0.9999822201262064,-0.6738726575920588,0.738847508860804,1.2049923543984724,-0.9335023468568929,-0.4834649322609811,0.12592457069411792,-1.0621968627361917,0.6357392650091788,-0.1716788839780456,-0.7125898927770046,-1.2146386050555131,-0.9535854075245114,-0.12713541216204036,-0.043816969032074125,0.2981006411171826,0.7027680296696609,0.9366072054322799,-0.19755833286028276,0.626165343665172
2025-05-06,0.2142857142857142,1.1666666666666667,0.4985449540635713,0.714828753722137,0.6992995444386164,-0.7854069661390901,-0.6189797230444549,1.6539096556830013,-0.9325489593076072,-0.0032845137748949873,0.7321904686436854,-1.0621968627361917,0.712737532528995,0.32090863724046487,-1.759996872616719,0.18002299699825666,-0.5091761808010942,-0.12713541216204036,0.036501599654009585,0.16353993005932807,-0.49255565132552953,0.013234345201439677,-0.41267892656375355,0.09649055811343424
2025-05-07,0.125,1.6666666666666667,0.4222826231827649,0.2604342968028436,0.965491572748726,-0.7186827582100719,0.6953381141944999,1.4089676910041289,-1.2175183779845147,0.3899338246214301,1.2082654111748379,-0.12215091341171726,0.35393260443568864,-1.2310672131412774,-0.2255733817364018,1.264976105951198,-0.3193579088579942,1.4143256895953897,0.1896739251094667,-0.12077684622955916,-0.36659106270402425,-0.10555334632631701,-0.5223226724800176,-0.6731850399777846
2025-05-08,0.4333333333333333,1.25,0.2993506399303387,0.5299192642332049,0.848048096156426,-0.4255160700344808,0.9049508683582832,0.2871943188597264,0.5383156417588548,0.07244771582971395,0.47172122609172795,0.5448223020231943,0.9673136804037423,-0.8400785014334814,0.33481708706270985,-0.19594609771924862,0.29834182317629,-0.3434239783961347,0.2109812052771542,-0.17961239140175397,0.002502487573721755,-0.07065042641187595,-0.41267892656375355,-0.5057367908938455
2025-05-09,0.6333333333333333,1.25,0.2567264697263536,0.0360623168453982,0.9993495431047849,-0.3269430106427159,0.9450440560057912,-1.4072020544425725,0.8961628790353134,0.07244771582971395,0.0408704976938861,0.7303964035101177,-0.5140246194071121,-0.023031874631775716,0.8833640381004627,0.0708082201820057,0.1609366932213123,-0.5992390559340501,0.14048923901346488,-0.21292818264266006,0.13746826712804594,-0.043526480725243996,-0.17346725129018284,-0.23869860233747628
2025-05-10,0.32,1.0416666666666667,0.359698851534358,0.5111055805169978,0.8595179378956455,-0.633324595704683,0.7738862684371004,0.0002823556484868502,-0.25495333499773476,-0.12728714400885668,0.47172122609172795,-0.12215091341171726,-0.06198387030600885,-0.023031874631775716,-0.7125898927770046,0.5897141308814215,-0.1460674035471263,0.37331461713775294,0.03048718287049399,-0.27647145742880813,0.1776866434937592,0.3111258543239621,0.07994341320620127,0.09874831615242674
2025-05-11,0.4523809523809524,1.75,0.3126024888866075,0.1149371504928666,0.9933727656003964,-0.4668368796983546,0.8843434444566795,1.6562491204841363,1.1294538130696004,0.444018455037101,0.7774146827769961,1.0621669201816635,0.9102021337553509,0.32090863724046487,-0.2255733817364018,0.7135316328007653,1.4689686044076429,-0.12713541216204036,-0.018599893790360228,-0.6076474099995925,-0.3246425276876649,-0.40143342481733346,-0.4276722900459365,-0.2115448924357221
2025-05-12,0.3958333333333333,2.0,0.4209501618111606,0.7899321008528032,0.6131943215998308,-0.6202354912682599,0.7844156649195758,0.6613917138013268,0.3292670418847237,0.5923458469999396,1.0145289490811664,0.3430917687452825,-0.2594484715323648,0.4967207334773904,0.7560564209317141,1.0088190905962897,0.6614506004302578,0.5070441742210678,0.15708049132515675,-0.5641535532496247,-0.7100605551243442,-0.5023418848821057,-0.4583031742919876,-0.42287482770111806
2025-05-13,0.2352941176470588,2.125,0.2999215693444057,0.9787184162124496,0.2052078501583078,-0.847005968037387,0.5315833802039421,0.948538082211269,0.6836249330310005,0.6598248599429931,1.320222405766434,0.7303964035101177,1.207953763308792,0.4128159399136957,0.7560564209317141,0.18002299699825666,0.9684546971986974,-0.12713541216204036,0.27803313960302195,-0.35833572714724665,-0.9989462702057463,-1.2073585316009352,-0.3833070066596591,-1.6062416019126862
2025-05-14,0.4814814814814814,1.125,0.158863915410964,0.2941098316842095,0.9557716290551242,-0.898794046299167,0.4383711467890774,-0.029898473223049327,0.8356512564992119,-0.04313290360121055,0.27798476399805644,0.7303964035101177,0.4581613846542476,-0.3474909802149713,-0.2255733817364018,0.446777314899511,0.6614506004302578,-0.3434239783961347,0.2109812052771542,-0.2511899880587448,0.034775646637615294,-0.4360912871888969,-0.04985309973324274,-0.9076556906767513
2025-05-15,0.5,1.5,0.4427968652239148,0.490460194835251,0.8714635949264706,-0.0649677249260196,0.9978873657472256,0.7282614160337777,0.41474361471092586,0.2733636081041511,0.5291735227281411,0.3430917687452825,0.712737532528995,-1.8994668305967133,0.6854025532331482,0.5897141308814215,0.013344408322606053,0.06022226599004031,0.2423352353626192,-0.2987139035785059,-0.13101195883903377,0.2308821406677059,-0.4898350949549975,0.5031504446825923
2025-05-16,0.4482758620689655,1.2083333333333333,0.416974680460326,0.5655668934493947,0.8247024245350568,-0.6417285382801602,0.7669318634382125,0.7098146016248273,-0.09763915434109176,0.035212819872147055,0.41098420151293863,-0.12215091341171726,0.4581613846542476,0.9398462943674001,-1.0991566449374235,-0.838669510338008,0.29834182317629,0.06022226599004031,0.237158988032014,-0.28188943984695175,-0.02543996998425176,0.2646234793849425,-0.3689174212919814,0.4821988794489307
2025-05-17,0.3333333333333333,0.375,0.2285547479835029,-0.1740062523837588,-0.9847445476525166,-0.6513262028125245,0.758797850240641,-1.429764892746856,-0.8251507011127058,-1.2123301902590171,-0.5318718426473102,-1.0621968627361917,-1.4862106234684718,-0.1716788839780456,-0.2255733817364018,-1.8573620176742727,-0.7190105453386694,-1.315977651467937,0.15157229941600123,0.1948387687815451,0.528954542303565,0.3159091670066582,0.28475615812591537,-0.4191217131890715
2025-05-18,0.3928571428571428,1.1666666666666667,0.4971513031941462,0.5454316594920487,0.8381552987506252,-0.1872384447149177,0.9823144938464152,-0.5685819053955855,-0.4895144523460872,-0.0032845137748949873,0.47172122609172795,-0.7048079795512759,-1.4862106234684718,0.21930982772975055,1.0472045125324834,-0.838669510338008,-0.3193579088579942,0.06022226599004031,0.07204561642528647,0.17101474381654327,0.1400300719295412,0.7283907242412639,-0.3689174212919814,1.2204714816721822
2025-05-19,0.3333333333333333,0.75,0.3268639894335354,0.9333456752813548,0.3589788997052495,-0.0062540557162272,0.999980443202315,0.22605630539005744,-0.46453669105459117,-0.4834649322609811,0.12592457069411792,-0.7048079795512759,-0.5140246194071121,-1.8994668305967133,0.6090905625815863,-0.19594609771924862,-0.7190105453386694,-0.9123314070817621,-0.11564905440886786,0.07114463217970647,0.5967110146228818,0.68235863598972,-0.09317244867209554,0.44038051840062337
2025-05-20,0.4,1.4583333333333333,0.476427674878016,0.0603952488079503,0.9981745408100858,-0.0640243066120168,0.9979483394258696,0.7373073465981692,-0.19713043906365013,0.2422503581562684,0.6849556415297764,0.12212097085718994,0.712737532528995,-0.1716788839780456,-0.2255733817364018,0.7135316328007653,-0.1460674035471263,0.845418260909762,-0.22732809921824357,-0.40711294803134074,-0.004812794990465235,0.49013535729591284,-0.41267892656375355,0.8010702241576512
2025-05-21,0.5714285714285714,1.4583333333333333,0.422741184924963,0.0202153533795589,0.9997956488641764,-0.4983616494605759,0.8669692418690147,-1.4374591325372565,0.011051135310405502,0.2422503581562684,0.34656395437915377,0.12212097085718994,-1.4862106234684718,-0.5626675956858416,0.6090905625815863,1.0088190905962897,0.1609366932213123,-0.12713541216204036,-0.1703544675396615,-0.31861667505011676,-0.08887549008943525,0.21168875896612807,-0.3689174212919814,0.5023587748633089
2025-05-22,0.4,0.4166666666666667,0.4499188077052435,0.0725129102711694,0.9973674738249716,-0.9071358484698396,-0.4208379170427779,0.6409213967913924,-2.363330275925479,-1.104099516129765,-0.5318718426473102,-2.002242812060666,-1.4862106234684718,-1.2310672131412774,-1.759996872616719,0.27771894394586744,-2.334046553293439,0.06022226599004031,-0.3648719998078013,-0.19055106151392096,1.140739647359192,1.691069445888967,-0.34070505586975436,1.6616019713428871
2025-05-23,0.4761904761904761,0.875,0.2728315927072084,0.9509440916769611,-0.3093627878473413,-0.1905234435348591,0.9816826460030856,1.0323918401813754,0.28256648904161785,-0.3169875121779153,0.0408704976938861,0.12212097085718994,0.09935645656094132,-0.1716788839780456,0.6090905625815863,-1.8573620176742727,0.1609366932213123,-0.5992390559340501,-0.43071894322649323,-0.22526505750872708,0.17448170290022874,0.045165358292761325,-0.5389432846965896,-0.3512208968645126
2025-05-24,0.3181818181818182,0.9166666666666666,0.3812172865879615,0.5582278961377526,0.8296876616978335,-0.6319729454401244,0.7749904491229125,0.10794877936910138,-0.3877323006369043,-0.26650975377737496,0.34656395437915377,-0.39522364730128035,-0.2594484715323648,-1.8994668305967133,0.7560564209317141,-0.05300928173733781,-0.5091761808010942,0.06022226599004031,-0.32526430049337146,-0.4695977964349987,0.3255568208986295,0.5459848274204262,-0.2474281624306916,0.17521148705819023
2025-05-25,0.2666666666666666,0.625,0.2578283356609227,0.6073758397232866,0.7944146205354182,-0.955450236419002,0.2951522416090943,0.9968319752041179,-0.26865503116276435,-0.6786116542023607,0.0408704976938861,-0.39522364730128035,-0.2594484715323648,-0.8400785014334814,-1.0991566449374235,0.27771894394586744,-0.5091761808010942,-0.9123314070817621,-0.43071894322649323,-0.40787166412493936,0.6481040672960939,0.5344914505075824,-0.28641456843091784,-0.03621893039318193
2025-05-26,0.4285714285714285,0.5833333333333334,0.1534923293666404,0.9905892576035796,-0.1368682677627968,-0.5039624247271178,0.8637255782151899,0.05605519650755271,-0.795784920889735,-0.7518991840797027,-0.2648229589913816,-0.7048079795512759,0.551397205662045,-0.3474909802149713,-1.0991566449374235,-1.8573620176742727,-0.5091761808010942,-0.5992390559340501,-0.4648646013492925,-0.34671728439336413,0.6478150673911603,0.23758272210540737,-0.27326093084039327,-0.6474799916791655
2025-05-27,0.46875,1.3333333333333333,0.4047614830618671,0.0817210741336682,0.9966552393091804,-0.3209573847597317,0.9470936369589829,-0.005940620722533118,0.49492146115119795,0.14344349400139897,0.47172122609172795,0.5448223020231943,-1.4862106234684718,-0.1716788839780456,0.6854025532331482,0.7135316328007653,0.29834182317629,-0.12713541216204036,-0.4910423841041523,-0.4404648044756,0.049343411305505305,0.30942968693762185,-0.2222032806343674,0.5120354030903637
2025-05-28,0.3333333333333333,0.5,0.3279115576898615,0.4157517497162237,0.9094781375095822,-0.3451616970696817,0.9385432344202248,0.9575289665450425,-0.43780678870782164,-0.9143991479607064,-0.2648229589913816,-0.7048079795512759,-1.4862106234684718,-0.1716788839780456,-0.051749665097709216,-0.838669510338008,-0.3193579088579942,-1.315977651467937,-0.7102514185307245,-0.7403899110602893,1.2235469839582533,1.3901505510553427,0.4566447639869851,1.4715594049064191
2025-05-29,0.4285714285714285,0.5833333333333334,0.3471836781932744,0.19038066156701,0.981710346131336,-0.9070440142914648,0.4210358133674913,1.1602825826434422,-0.7160645677121511,-0.7518991840797027,-0.2648229589913816,-0.7048079795512759,-1.4862106234684718,-0.8400785014334814,-0.4383164172581281,0.27771894394586744,-0.5091761808010942,-0.5992390559340501,-0.6695286749023142,-0.8535778592681491,0.89333082228494,1.0785811544011186,-0.44287833243249025,1.023300207140025
2025-05-30,0.3809523809523809,1.75,0.4244247276284639,0.7404625580186559,0.6720976120865693,-0.075196277088141,0.9971687519733476,0.27908417421579124,-0.00857104032679634,0.444018455037101,0.9025719544895703,0.12212097085718994,-0.5140246194071121,0.32090863724046487,1.0472045125324834,0.5897141308814215,0.29834182317629,0.629129694675668,-0.4735352423606342,-0.15389642109864518,-0.39093734243188594,-0.12622535503029328,-0.4739532042657392,0.0813468664049118
2025-05-31,0.5555555555555556,0.75,0.2261640593913323,0.1731468345037862,-0.9848960217714956,-0.196659215470176,0.9804719032030724,0.30975715716400987,-0.5702443292397017,-0.4834649322609811,-0.2648229589913816,-0.39522364730128035,-0.8728295475004183,-0.1716788839780456,0.6854025532331482,-1.8573620176742727,-0.5091761808010942,-0.5992390559340501,-0.5087754306795403,-0.14428074545432587,0.010016545424805493,-0.2750885810096654,-0.326872502478219,-1.0599987203908243
2025-06-01,0.3846153846153846,1.625,0.4607777860549711,0.0712798348109514,0.9974563575161188,-0.0448544519443943,0.9989935325820524,0.27560497015256374,0.6935468498443289,0.36189381764468204,0.8207924869874944,0.3430917687452825,0.712737532528995,0.4128159399136957,-0.7125898927770046,0.7697460486065164,0.871284964967833,-0.12713541216204036,-0.30973541163439655,0.025595116199079365,-0.1363556982224543,0.28619596322921526,-0.397892374698681,0.6692682013988982
2025-06-02,0.5,1.4166666666666667,0.3022948265506566,0.0287939523682634,0.9995853681937396,-0.2376152537090624,0.9713593522506374,-0.800188920707986,0.545286616119327,0.21026056429398238,0.47172122609172795,0.7303964035101177,0.7835690723998321,0.5739056614256938,-0.051749665097709216,-0.19594609771924862,0.5476147922890665,-0.12713541216204036,-0.16339601195661768,-0.03133296532602809,0.0025709724155400016,-0.06180177518891961,-0.20980998637238119,-0.28933537106057106
2025-06-03,0.4098360655737705,2.5416666666666665,0.5570443186089811,0.1293003944019697,0.991605469936252,-0.9325340280715216,0.3610821049134148,0.15822461011779276,0.21208153550376765,0.8595597197815638,1.237379797962353,0.12212097085718994,0.9673136804037423,1.6332939905889254,-0.4383164172581281,-0.19594609771924862,0.6614506004302578,1.032775939061843,0.02444632900518066,0.506502194532311,-0.9357366224156817,-0.2772581070279204,-0.3689174212919814,0.4470377115020403
2025-06-04,0.3880597014925373,2.7916666666666665,0.5837945078636972,0.5190840785878216,0.8547231828824068,-0.0006544984227701,0.9999997858158844,0.4048100388021796,0.5630373067117098,0.9644554059492162,1.3720672559167517,0.3430917687452825,-1.4862106234684718,1.1651203509328263,1.6564975424213004,0.27771894394586744,0.29834182317629,0.94222204582338,0.32260868093732425,0.6634564660782406,-0.8753074710332779,-0.09988012033749123,-0.5389432846965896,0.7648369737144876
2025-06-05,0.6666666666666666,3.125,0.5908973337853958,0.0084356580007399,0.9999644192040508,-0.0578544303827261,0.9983250296797584,-0.22418149380444635,0.6653365094491756,1.0907590756427186,0.8624687557772279,0.9022111852081096,0.712737532528995,1.9107048963365656,0.6854025532331482,-1.2146386050555131,0.871284964967833,1.2738987529169608,0.5917271884443022,0.6951994879504864,-0.9150634978768563,-0.116605719009235,-0.3833070066596591,0.9514850555894528
2025-06-06,0.3846153846153846,1.0833333333333333,0.333265179297758,0.7075180395481502,0.7066952834949036,-0.7812027825403154,0.6242773522652162,0.9785241634783102,0.1884119878152604,-0.08443063961626654,0.41098420151293863,0.12212097085718994,-0.8728295475004183,0.4128159399136957,0.5261347058845063,-0.19594609771924862,0.42687573824441677,-0.3434239783961347,0.5260768779437414,0.8082923398926856,0.014144665694735622,0.044685876027853504,-0.17346725129018284,0.10638980396006044
2025-06-07,0.1818181818181818,0.4583333333333333,0.189710524718068,0.757280092105623,0.6530902403959955,-0.5792218930448849,0.8151699200887506,0.715358913191154,-0.3029802052969481,-1.0052926519748957,-0.1528659643997854,-0.7048079795512759,-1.4862106234684718,-0.3474909802149713,-0.4383164172581281,-0.3650044686728924,-0.5091761808010942,-1.315977651467937,0.49633833181247794,0.9104401155014095,1.175020588705044,0.9304273234224874,0.416186829939684,0.6227491408059882
2025-06-08,0.2926829268292683,1.7083333333333333,0.4285802140785024,0.0806338435142716,0.996743790188891,-0.0799814590051989,0.9967963514256056,0.49153801022133575,1.0569165732604056,0.4172981025781043,1.0145289490811664,0.7303964035101177,-1.4862106234684718,0.7741316392250301,0.995657314742005,0.27771894394586744,1.061103236910934,-0.12713541216204036,0.504900926749501,0.9061178935071889,-0.20629445475457964,0.0976937805629551,-0.5059558200028164,0.6001189096843661
2025-06-09,0.44,1.0416666666666667,0.381377726990366,0.5425026285559661,0.8400541042158342,-0.0532074048737367,0.9985834827727736,1.423051269106964,0.40263933526202556,-0.12728714400885668,0.27798476399805644,0.5448223020231943,-1.4862106234684718,0.64536774282366,0.5261347058845063,-0.838669510338008,0.1609366932213123,0.06022226599004031,0.4659420080750153,0.9634929848125496,0.3116651147864455,0.5308113913920495,-0.13831629844742535,0.8539797195768605
2025-06-10,0.5,0.5833333333333334,0.2172387480609187,0.1027925367872468,0.9947028171171742,-0.8334440374164929,0.5526038694172306,-0.23403843883323044,0.12878029141306174,-0.7518991840797027,-0.3899802307039562,-0.12215091341171726,-0.8728295475004183,-0.3474909802149713,-0.7125898927770046,0.0708082201820057,-0.5091761808010942,-0.5992390559340501,0.2423352353626192,1.0169391783479265,0.9506270376247399,0.7570646332628153,0.9596649351666754,0.20057978629185438
2025-06-11,0.3548387096774194,1.2916666666666667,0.3235973760476848,0.5861956191112632,0.8101695477705657,-0.1913086722348889,0.9815299241122116,0.9525984815878127,0.5862635984533825,0.10850034974948909,0.6355230708336418,0.3430917687452825,-0.5140246194071121,0.10573202176959423,-0.051749665097709216,0.8227464096170158,0.42687573824441677,-0.3434239783961347,0.042489809745338045,0.7816806129003769,0.001831433970438889,0.0013749344280664744,-0.5059558200028164,-0.5108532231197758
2025-06-12,0.2972972972972973,1.5416666666666667,0.3723125843776078,0.7452820817097284,0.6667492922249064,-0.0055995687538311,0.9999843222919904,1.1215865702570942,0.15963045683643623,0.3036470716908687,0.9025719544895703,0.12212097085718994,0.8491488352154859,0.21930982772975055,-0.2255733817364018,0.5209972261593706,0.013344408322606053,0.5070441742210678,-0.20568525756882855,-0.18857570972482746,-0.22232646045273638,-0.10230136976254682,-0.35471843206916825,-0.43417621868402134
2025-06-13,0.3846153846153846,1.0833333333333333,0.4021737716012875,0.1960174560346785,0.9806004063479132,-0.1407572373436144,0.9900441404984898,0.263007851992605,0.17427261121936213,-0.08443063961626654,0.41098420151293863,0.12212097085718994,-1.4862106234684718,0.10573202176959423,0.0952161932524188,0.5897141308814215,-0.1460674035471263,0.06022226599004031,-0.20568525756882855,-0.18857570972482746,0.32234474348854325,0.6097600964780583,-0.2222032806343674,0.8701579196928516
2025-06-14,0.4285714285714285,0.5833333333333334,0.2967857847205187,0.6184655428482592,0.7858119191698534,-0.9676358055371116,0.2523508427617103,0.4724799311096479,-0.5951200597367393,-0.7518991840797027,-0.2648229589913816,-0.7048079795512759,-1.4862106234684718,-0.5626675956858416,-0.7125898927770046,0.27771894394586744,-0.1460674035471263,-1.315977651467937,-0.18437797740114106,-0.27742468049032953,0.7214854749543732,0.7319560590535709,-0.18544511907381944,0.39378193134309725
2025-06-15,0.3181818181818182,0.9166666666666666,0.5324872214236221,0.0435467344131728,0.9990513910314868,-0.3824818640128214,-0.9239629990975168,1.0220414807581688,-0.9091261506951075,-0.26650975377737496,0.34656395437915377,-1.0621968627361917,-1.4862106234684718,0.21930982772975055,-1.759996872616719,0.6536880386633723,-0.7190105453386694,0.06022226599004031,-0.32526430049337146,-0.5884839408915544,-0.10777003450272812,0.5779701243837199,-0.41267892656375355,0.8128728737019199
2025-06-16,0.3666666666666666,1.25,0.2827065511566514,0.0156346041897233,0.9998777721060864,-0.0755588528992074,0.9971413439169776,0.9029414545185521,0.7403677405812805,0.07244771582971395,0.5836782206833241,0.7303964035101177,0.4581613846542476,-0.3474909802149713,-0.4383164172581281,0.7135316328007653,0.42687573824441677,-0.12713541216204036,-0.2867662077449361,-0.5392390114719379,0.19267955523838587,0.09471624740877302,-0.14990568714945404,-0.0539597108500319
2025-06-17,0.2307692307692307,1.0833333333333333,0.4500287664797898,0.3544270441529051,0.9350836702525794,-0.1769415929983752,0.984221353490767,1.2103111376215665,-0.4939627060935651,-0.08443063961626654,0.6355230708336418,-0.39522364730128035,0.35393260443568864,-1.8994668305967133,-0.4383164172581281,0.7697460486065164,-0.1460674035471263,0.22548345028949307,-0.19854606207711248,-0.7973835877521128,0.28075426761186617,0.722100881062893,-0.5059558200028164,0.952435655833025
2025-06-18,0.4166666666666667,0.5,0.1971349537082449,0.1451477185357813,0.9894099958075304,-0.9961502020072422,-0.0876628486927637,0.619086391980797,-0.5912127939121601,-0.9143991479607064,-0.3899802307039562,-0.7048079795512759,-0.06198387030600885,-1.2310672131412774,-1.759996872616719,0.0708082201820057,-0.9535854075245114,-0.9123314070817621,-0.3409706662095169,-0.5329149430824313,0.9734177270900516,0.7253895127850148,-0.039291358990369854,0.05318873415986392
2025-06-19,0.3125,0.6666666666666666,0.2145497494152251,0.9999974588783296,0.0022543817076047,-0.3328469748649516,0.942980854165794,0.19466848597482353,-0.7714836022354672,-0.6097686019544833,0.0408704976938861,-0.7048079795512759,0.23576775924743243,-0.1716788839780456,-0.2255733817364018,-1.2146386050555131,-0.3193579088579942,-0.3434239783961347,-0.5177285049604574,-0.8754494195082438,0.5690687379342223,0.32096042949811865,-0.44287833243249025,-0.6597634932803995
2025-06-20,0.2105263157894736,0.7916666666666666,0.2552426902312047,0.7949002320999405,0.6067401593824664,-0.5807029557109397,0.8141155183563192,1.8665546931335675,-1.1517132549297673,-0.42521818630716773,0.34656395437915377,-1.0621968627361917,0.35393260443568864,-0.1716788839780456,-1.0991566449374235,-0.05300928173733781,-0.7190105453386694,-0.12713541216204036,-0.5820883874135812,-0.9547626313484888,0.44668231870094816,0.3004280433111093,-0.44287833243249025,-0.5240852912728555
2025-06-21,0.5384615384615384,0.5416666666666666,0.2418073546117631,0.8720336812299987,0.4894458691218642,-0.0041451451029231,0.999991408849134,1.2329859503094924,-0.5081020826894633,-0.8302449075530604,-0.5318718426473102,-0.7048079795512759,-1.4862106234684718,-0.1716788839780456,-0.2255733817364018,-0.3650044686728924,-0.5091761808010942,-0.9123314070817621,-0.5915337307215541,-0.9204814171918125,1.0536572086539238,0.9433945112649075,-0.4583031742919876,0.7813402753367115
2025-06-22,0.2,1.6666666666666667,0.5227636506308049,0.4691504829534388,0.8831182391642441,-0.0351175291257963,0.9993831893463582,0.7784819270981509,0.28669726962882996,0.3899338246214301,1.1158063699276182,0.3430917687452825,-1.4862106234684718,1.2786981568929823,0.7560564209317141,-1.2146386050555131,0.013344408322606053,0.37331461713775294,-0.43071894322649323,-0.30627986667315354,-0.2489382153349904,0.38049755157093246,-0.4898350949549975,1.0070239400704435
2025-06-23,0.1904761904761904,0.875,0.3722445565973452,0.2817833028459758,0.9594780717854958,-0.5057828476592534,0.8626608319691444,0.6081688895754974,-1.2169528969655652,-0.3169875121779153,0.47172122609172795,-0.7048079795512759,0.35393260443568864,0.4967207334773904,-1.0991566449374235,-0.838669510338008,-0.9535854075245114,0.37331461713775294,-0.5087754306795403,-0.3913578321474713,0.49062332735415076,0.7037298393290746,-0.4276722900459365,0.4299430540404574
2025-06-24,0.1818181818181818,0.4583333333333333,0.2900788430157682,0.6579778428395199,0.7530372888059742,-0.671127773331014,0.7413416971031341,1.2572640325814155,-0.7881416459066674,-1.0052926519748957,-0.1528659643997854,-0.7048079795512759,-1.4862106234684718,-0.3474909802149713,-1.0991566449374235,-0.05300928173733781,-1.5265285493160545,-0.3434239783961347,-0.6496110503077062,-0.3376907216591987,1.180841998583629,1.2279409174087115,-0.3132161647547003,0.9774126805618197
2025-06-25,0.3157894736842105,0.7916666666666666,0.3436954380181968,0.4844279492681819,0.8748311619780264,-0.0015271625018798,0.9999988338866664,0.9701702851195997,-0.3813376715668759,-0.42521818630716773,0.2046723424357995,-0.12215091341171726,-0.5140246194071121,-1.2310672131412774,-1.0991566449374235,0.7135316328007653,-0.3193579088579942,-0.3434239783961347,-0.5820883874135812,-0.40597633733859817,0.6845378984261244,0.8329029839957206,0.07994341320620127,0.6619041281869708
2025-06-26,0.4615384615384615,1.0833333333333333,0.1368810783795654,0.0147620403852184,0.9998910351451628,-0.6588535959104972,0.7522711872428767,-0.24843514530175564,1.2407609961013015,-0.08443063961626654,0.27798476399805644,1.0621669201816635,0.4581613846542476,-0.8400785014334814,-0.051749665097709216,0.446777314899511,0.9684546971986974,-0.9123314070817621,-0.4910423841041523,-0.3947056723786158,0.23939461052499045,-0.2668430164718925,-0.3132161647547003,-0.8523007632354489
2025-06-27,0.4210526315789473,0.7916666666666666,0.2895418923625495,0.967286204016648,-0.2536876022178923,-0.2445318068660376,0.96964127151789,2.318194529479066,0.5712362951753346,-0.42521818630716773,0.0408704976938861,0.3430917687452825,-0.06198387030600885,0.21930982772975055,0.22252381042116723,-1.8573620176742727,0.013344408322606053,-0.9123314070817621,-0.4910423841041523,-0.3947056723786158,0.3020979937785199,0.23828690385287277,-0.13831629844742535,0.11783798945568053
2025-06-28,0.4761904761904761,0.875,0.400670723598103,0.5331224011366227,0.8460381229036443,-0.9991197821734572,0.0419483118809764,2.5920350409382773,-0.3799263188597668,-0.3169875121779153,0.0408704976938861,-0.39522364730128035,-0.06198387030600885,0.7118973489482606,-0.7125898927770046,-1.2146386050555131,-0.3193579088579942,-0.12713541216204036,-0.42231346111187973,-0.5038117516739086,0.1704411246693209,0.4332012629303599,-0.09317244867209554,0.17978433844755845
2025-06-29,0.4166666666666667,0.5,0.3183509598689361,-0.4326759042222134,-0.9015495338058191,-0.1142147191034965,0.9934560875751426,0.9084002057212001,-0.6965239518523667,-0.9143991479607064,-0.3899802307039562,-0.7048079795512759,-1.4862106234684718,0.4128159399136957,-0.7125898927770046,-1.8573620176742727,-0.9535854075245114,-0.9123314070817621,-0.6795967934972118,-1.258398782949328,0.30564786903143176,0.32855301778781676,-0.10428143942122009,-0.11242740339570646
2025-06-30,0.3181818181818182,1.8333333333333333,0.3799026318923849,0.5786289316419518,0.815590926547674,-0.3606073476315153,0.932717717658544,1.3882740614449955,1.055711719399166,0.49564382605146134,1.049371698222365,1.0621669201816635,-0.2594484715323648,0.4128159399136957,1.1426231730921332,0.446777314899511,1.149632675983902,0.7414374866335379,-0.4648646013492925,-0.188857578684537,-0.464580249694739,-0.35384944468257873,-0.2997316094230187,0.020364028637038598
2025-07-01,0.4166666666666667,1.5,0.3990061707599865,0.0521180878318046,0.9986409289232824,-0.8237553001185621,0.5669455049002308,0.09140710905804378,-0.029726574008806548,0.2733636081041511,0.6849556415297764,-0.12215091341171726,0.9673136804037423,-0.3474909802149713,-1.0991566449374235,0.7697460486065164,0.42687573824441677,-0.5992390559340501,-0.2641745969576732,-0.18885757868453634,-0.22743194722875226,-0.02312074661266424,-0.20980998637238119,-0.34458486992687654
2025-07-02,0.5,0.5,0.3677988999198223,0.0764289939960416,0.9970750267039852,-0.3652153016575928,-0.930923081374156,0.5699576311569545,-1.5164662030610867,-0.9143991479607064,-0.5318718426473102,-1.4848981939021966,-0.8728295475004183,-0.5626675956858416,-1.759996872616719,0.18002299699825666,-0.9535854075245114,-0.9123314070817621,-0.3174779224883582,-0.07060482840312834,0.6529819264448489,0.8726262801902334,0.04165334241328809,0.6406354593803496
2025-07-03,0.3157894736842105,0.7916666666666666,0.4387082217576032,0.9992517075729684,0.038678481259051,-0.4579385650571068,0.888983841604243,0.8391602562560199,-1.5324205627428382,-0.42521818630716773,0.2046723424357995,-1.0621968627361917,0.9673136804037423,-0.8400785014334814,-1.0991566449374235,-1.2146386050555131,-1.2195244525476154,0.5070441742210678,-0.3729323867942,-0.05563142284093948,0.32100447931244214,0.7291675998132452,-0.28641456843091784,0.5078281492033843
2025-07-04,0.5625,0.6666666666666666,0.2937145408169392,0.9870897157576208,0.1601683272233919,-0.6943967652111002,-0.7195923376915294,-0.3539360098914171,-0.8504669706906224,-0.6097686019544833,-0.3899802307039562,-0.7048079795512759,0.4581613846542476,0.10573202176959423,-1.759996872616719,-1.2146386050555131,-0.3193579088579942,-0.3434239783961347,-0.3974011407315065,-0.02860635940697204,-0.1048874100823945,-0.20877787917691515,-0.4739532042657392,-0.7920234648484484
2025-07-05,0.5,0.5,0.3626778624494115,0.0500119001780083,0.9987486219467764,-0.999410961593305,-0.0343180688143338,1.3341827995278346,-1.1893501196754077,-0.9143991479607064,-0.5318718426473102,-1.0621968627361917,-1.4862106234684718,0.4128159399136957,-1.759996872616719,-0.838669510338008,-0.7190105453386694,-0.5992390559340501,-0.4735352423606342,0.04882402759355957,1.0131941720606727,1.2617260127760532,-0.16162173834515692,1.2026391271057781
2025-07-06,0.3809523809523809,1.75,0.4254235065562181,0.6998711425870145,0.7142691255919905,-0.6659359190633787,0.7460089488077292,0.8015646464693541,-0.05204492441374712,0.444018455037101,0.9025719544895703,0.3430917687452825,-0.5140246194071121,-0.8400785014334814,0.8833640381004627,1.0895007275182707,0.7691300375203899,-0.3434239783961347,-0.23461879027772478,0.17772924093362236,-0.5300549264266526,-0.28166041963781163,-0.28641456843091784,-0.11475512143912668
2025-07-07,0.4117647058823529,0.7083333333333334,0.079528752437465,0.5440289926047733,0.839066418828352,-0.2239589232597347,0.9745985843886396,0.7584450991543107,0.6207471802492657,-0.5448616457955814,-0.05158854355333365,0.3430917687452825,-0.2594484715323648,-0.1716788839780456,-0.7125898927770046,0.0708082201820057,0.1609366932213123,-0.9123314070817621,-0.44768572714384264,-0.07349174472142019,0.7639815206160668,0.16406154613214835,-0.028832661263288723,-0.6308703415301985
2025-07-08,0.1428571428571428,0.875,0.3892912753788835,0.6465679009249913,0.7628564409464277,-0.2255887298335179,0.9742226259803762,1.500284800408446,-0.07967813598372762,-0.3169875121779153,0.5291735227281411,-0.12215091341171726,-1.4862106234684718,0.7741316392250301,-1.0991566449374235,-0.19594609771924862,0.1609366932213123,-0.5992390559340501,-0.5820883874135812,-0.29544844230955913,0.46501148924751146,0.729174870465504,-0.12685086280259283,0.6675665056491487
2025-07-09,0.125,0.3333333333333333,0.0853906790788492,0.468443889044954,0.8834932500118147,-0.9334500585210016,0.3587073852698589,1.7053778813079787,-0.007788236343385485,-1.3319736497474306,-0.3899802307039562,-0.39522364730128035,-0.8728295475004183,-0.5626675956858416,-1.0991566449374235,-0.5719151924367537,-0.9535854075245114,-1.315977651467937,-0.6202656212847453,-0.21292818264266136,1.5538722834589016,1.0643049954222397,-0.35471843206916825,0.4647956853484411
2025-07-10,0.4634146341463415,1.7083333333333333,0.3380779994547657,0.0211605376922899,0.9997760907546116,-0.6208627802404341,0.7839192612202602,0.9468777446862161,1.2909570156696883,0.4172981025781043,0.7321904686436854,1.2117955174581057,0.09935645656094132,-0.023031874631775716,0.5261347058845063,0.9656832255989268,1.061103236910934,-0.3434239783961347,-0.42231346111187973,0.11310559041387554,-0.31427633600093907,-0.3126994835722507,-0.09317244867209554,-0.002299477781992214
2025-07-11,0.2,1.0416666666666667,0.2930243742418868,0.335451569750255,0.9420574527872968,-0.8356476217451619,0.5492659212727974,0.9147323571162748,0.21910674751346337,-0.12728714400885668,0.6355230708336418,0.3430917687452825,-1.4862106234684718,0.7118973489482606,-0.2255733817364018,0.0708082201820057,0.1609366932213123,0.06022226599004031,-0.3488916797318148,0.08215386441836933,0.15148491757871113,0.07877111568403548,-0.2222032806343674,0.04269306963435146
2025-07-12,0.5,0.25,0.2703940151494566,0.9034911983595282,0.4286066430736506,-0.1032988812578316,-0.994650361248052,-0.9421164519768644,-2.2230973025856215,-1.6173569115049098,-1.126524415787066,-2.002242812060666,-0.8728295475004183,-1.2310672131412774,-1.759996872616719,-0.3650044686728924,-1.8896373265700228,-0.9123314070817621,-0.3974011407315065,0.19080899331544118,1.0210122878082657,0.9902207708581147,0.5576142133440835,0.18226020325374026
2025-07-13,0.34375,1.3333333333333333,0.3198509389055111,0.032864448706932,0.9994598181073562,-0.3825490554868064,0.9239351817882856,1.109691656318889,0.4750793767060612,0.14344349400139897,0.6849556415297764,0.5448223020231943,-0.2594484715323648,0.10573202176959423,0.0952161932524188,0.7697460486065164,0.29834182317629,-0.12713541216204036,-0.48226093542965115,-0.009134683990840477,0.045892262057405486,0.039850452295568335,-0.3833070066596591,0.0712420540567457
2025-07-14,0.4444444444444444,1.875,0.3594587893287938,0.0130895955713444,0.999914327574007,-0.0746161351312598,0.9972123306388032,-0.2637756358609955,0.48218430442855315,0.5206022501744748,0.8624687557772279,0.7303964035101177,0.8491488352154859,0.4967207334773904,0.0952161932524188,0.7135316328007653,0.871284964967833,0.629129694675668,-0.2567258413696855,0.26200905856912055,-0.30578828457407276,-0.23724072089477136,-0.3132161647547003,-0.0921292597727002
2025-07-15,0.1904761904761904,0.875,0.238860790119969,0.4799683256532052,0.8772858179462716,-0.922313422311312,-0.386442687890967,0.2307352349923271,0.0009515359998805696,-0.3169875121779153,0.47172122609172795,-0.12215091341171726,0.09935645656094132,-0.1716788839780456,-1.759996872616719,0.446777314899511,0.013344408322606053,-0.9123314070817621,-0.2567258413696855,0.26200905856912055,0.057206052399567844,-0.1855732010359793,-0.4276722900459365,-0.7616824591544702
2025-07-16,0.4571428571428571,1.4583333333333333,0.2866627161058032,0.1933068826233219,0.9811383435226928,-0.0149074684846054,0.9998888775175871,-0.38563575794680155,0.9109432969604315,0.2422503581562684,0.5836782206833241,0.7303964035101177,0.6357392650091788,-0.3474909802149713,0.22252381042116723,0.6536880386633723,1.061103236910934,-0.12713541216204036,-0.06950541867099726,0.06975683497795827,-0.021458060544335255,-0.13531809173269976,-0.326872502478219,-0.609354207930755
2025-07-17,0.4230769230769231,1.0833333333333333,0.3668816307919468,0.0746886542610211,0.9972069017634594,-0.8147484825274893,0.5798145481265138,0.1521532121849586,-0.17481694673009146,-0.08443063961626654,0.34656395437915377,-0.12215091341171726,-0.2594484715323648,-0.8400785014334814,0.33481708706270985,0.5897141308814215,0.29834182317629,-0.5992390559340501,-0.1703544675396615,-0.04953957543490586,0.17411984294355576,0.32958782797845365,-0.039291358990369854,0.20563070173153072
2025-07-18,0.3714285714285714,1.4583333333333333,0.333886828856679,0.0711347599110064,0.9974667141977236,-0.507037001571273,0.8619242884601946,0.3012311076665391,0.32553802059210274,0.2422503581562684,0.7321904686436854,0.12212097085718994,0.35393260443568864,0.8325917688583228,0.33481708706270985,-0.3650044686728924,0.6614506004302578,0.06022226599004031,-0.1023063084209194,-0.01534543011885672,-0.10165949336147373,-0.0844544702216914,-0.397892374698681,-0.6437512600894808
2025-07-19,0.4782608695652174,0.9583333333333334,0.4801382599753046,0.9255680376746868,0.3785813091464362,-0.3148208663321459,0.9491511060531284,-0.18643541592317212,-0.786926119985216,-0.21818064802304588,0.12592457069411792,-0.7048079795512759,-1.4862106234684718,-1.2310672131412774,1.1869749335638018,-1.2146386050555131,-0.1460674035471263,0.06022226599004031,0.006162794923297285,-0.6036755846265044,0.21377159034737783,0.7510224978453764,-0.28641456843091784,1.0590734038419114
2025-07-20,0.4736842105263157,0.7916666666666666,0.2458158826873329,0.2580462771831173,0.9661325575882088,-0.3732576634174769,0.9277277168976495,0.4495778020037947,0.6505722304914662,-0.42521818630716773,-0.05158854355333365,0.5448223020231943,-1.4862106234684718,0.32090863724046487,-0.2255733817364018,-0.05300928173733781,0.1609366932213123,-0.9123314070817621,-0.0760032654880948,-0.42205075580238066,0.655623278559047,0.5080343575329493,-0.3689174212919814,0.5092096211360514
2025-07-21,0.3235294117647059,1.4166666666666667,0.3723131086224978,0.3464581701858543,0.9380654221915812,-0.1943770233090142,0.9809268947324908,1.1880809291039909,0.5977296610421889,0.21026056429398238,0.7774146827769961,0.7303964035101177,-0.8728295475004183,0.32090863724046487,0.33481708706270985,0.7697460486065164,0.5476147922890665,0.06022226599004031,-0.1495839153778545,-0.8633749919976867,-0.05470046520982786,0.08777741493448163,-0.326872502478219,0.29846952918493935
2025-07-22,0.4193548387096774,1.2916666666666667,0.4370920880873413,0.989261706889492,0.1461549700902729,-0.6640349684530099,0.7477015184360736,0.16653830840633355,-0.13095616749521036,0.10850034974948909,0.5291735227281411,-0.39522364730128035,-0.06198387030600885,0.7741316392250301,-0.051749665097709216,0.0708082201820057,-0.3193579088579942,0.06022226599004031,-0.08253198105198611,-0.9857101314453331,-0.3317912130282723,-0.016694475567361724,-0.17346725129018284,-0.34368164493009307
2025-07-23,0.3636363636363636,1.375,0.3919084335597688,0.3744043043646216,0.927265558981484,-0.2742389663045624,0.9616615773546352,0.6538238996340181,0.6506031482457568,0.17734340199736645,0.6849556415297764,0.7303964035101177,0.4581613846542476,0.5739056614256938,0.0952161932524188,0.0708082201820057,0.42687573824441677,0.22548345028949307,-0.09568320142585704,-1.048172141174965,-0.04150102995347088,0.16501449994270287,-0.26026673520955357,0.5153162300708387
2025-07-24,0.3703703703703703,1.125,0.176532623638679,0.9924839849203722,-0.1223745875440584,-0.3254993935451548,0.9455422490834222,1.4985518635187163,0.28806662558472157,-0.04313290360121055,0.47172122609172795,0.3430917687452825,-0.06198387030600885,-0.023031874631775716,0.995657314742005,-1.8573620176742727,0.5476147922890665,-0.5992390559340501,-0.08909186005404894,-1.062802513382524,-0.1254517011956417,-0.5674281284848522,-0.3833070066596591,-1.6975394635468084
2025-07-25,0.4285714285714285,0.2916666666666667,0.3553308646551751,0.9907478404714436,0.1357155724343041,-0.4888115789675449,-0.872389385691536,-0.7300049766739255,-3.1988286366616574,-1.4657236581542106,-0.8894101494828957,-2.6692160274955774,-1.4862106234684718,-1.2310672131412774,-1.759996872616719,-0.05300928173733781,-2.334046553293439,-0.9123314070817621,-0.2867662077449361,-0.40597633733859684,0.855904503209971,1.061860359986537,-0.3689174212919814,0.3961480170513089
2025-07-26,0.3181818181818182,0.9166666666666666,0.2778893894664195,0.5745291745494561,0.8184841034446061,-0.539138322911001,0.8422172337162861,1.4329365712848525,-0.1356281996194883,-0.26650975377737496,0.34656395437915377,-0.12215091341171726,0.712737532528995,-0.1716788839780456,-0.7125898927770046,-0.3650044686728924,0.1609366932213123,-0.12713541216204036,-0.29438003354411196,-0.39994386065467685,0.3481976359282036,0.2558011393141467,-0.2997316094230187,-0.24356227753783635
2025-07-27,0.3448275862068966,1.2083333333333333,0.4197048907918291,0.9582602241261676,0.2858974341571936,-0.0939635137053929,0.99557564157232,2.2932289159932653,-0.3388758598002257,0.035212819872147055,0.5836782206833241,-0.12215091341171726,-1.4862106234684718,0.5739056614256938,0.6854025532331482,-0.19594609771924862,0.1609366932213123,0.37331461713775294,-0.22007588164154382,-0.43848383614119013,-0.04410931280318829,0.2524455171058095,-0.23474152899216838,0.25851179602139723
2025-07-28,0.5,1.0833333333333333,0.2849092938159514,0.0438373448362024,0.9990386815322576,-0.1452196700772404,0.9893994377513348,0.34866825548032837,0.9067213545564753,-0.08443063961626654,0.2046723424357995,0.7303964035101177,-0.8728295475004183,0.64536774282366,0.33481708706270985,-0.3650044686728924,0.6614506004302578,-0.9123314070817621,-0.2791943316120265,-0.5437896813871907,0.35218137256314647,0.2810031586266454,-0.4583031742919876,0.48366459603398154
2025-07-29,0.1666666666666666,0.5,0.2478039488351074,0.954305546386806,0.2988326021962458,-0.785496984782947,-0.6188654836851856,3.812455845530554,-0.43780678870782164,-0.9143991479607064,-0.05158854355333365,-0.7048079795512759,-0.5140246194071121,-0.1716788839780456,-1.759996872616719,-0.19594609771924862,-0.9535854075245114,-0.9123314070817621,-0.43071894322649323,-0.4239879572945717,0.39487381001756,0.2205516623371758,-0.2474281624306916,-0.43722165752130254
2025-07-30,0.3181818181818182,1.8333333333333333,0.4773686583837924,0.7466381822853914,0.6652303546543608,-0.9431985000143466,0.3322297240926625,0.2672450644645918,-0.4500305751746769,0.49564382605146134,1.049371698222365,-0.39522364730128035,0.6357392650091788,1.4425312566804662,-1.0991566449374235,-0.838669510338008,-0.5091761808010942,0.37331461713775294,-0.3409706662095169,-0.0660568945271525,-0.7363339797139686,-0.34159775591568153,-0.19755833286028276,-0.7508507335664424
2025-07-31,0.2727272727272727,0.4583333333333333,0.1899988549301776,0.8406453828701931,0.5415859490967491,-0.8285899851383554,0.5598559069335788,0.6022138882635164,-0.3029802052969481,-1.0052926519748957,-0.2648229589913816,-0.39522364730128035,-0.8728295475004183,-0.8400785014334814,-0.7125898927770046,-0.05300928173733781,-0.7190105453386694,-0.9123314070817621,-0.4735352423606342,0.02706858484687541,1.0419716939544472,0.7820704413594447,0.54550099955762,0.19297963876758534
2025-08-01,0.2758620689655172,1.2083333333333333,0.2457829882927324,0.8250313184315738,0.5650870053425924,-0.0917912826996322,0.9957782687026044,0.7278849504335965,0.1146906004727196,0.035212819872147055,0.6849556415297764,0.12212097085718994,0.09935645656094132,0.4967207334773904,-0.051749665097709216,0.18002299699825666,0.1609366932213123,-0.3434239783961347,-0.29438003354411196,-0.1617347277009763,0.029942333771366014,-0.19641741894866585,-0.4276722900459365,-0.7635345874962292
2025-08-02,0.5094339622641509,2.2083333333333335,0.3787460280675526,0.3593182500314721,0.9332150851729308,-0.1739346392793421,0.9847571991403592,0.47097914236929567,1.1211985264129185,0.7026813643355833,0.9025719544895703,1.0621669201816635,-0.5140246194071121,0.7118973489482606,0.995657314742005,0.9656832255989268,0.7691300375203899,0.22548345028949307,-0.0760032654880948,0.28990476506332913,-0.5943005417578706,-0.5054309028079541,-0.4739532042657392,-0.20048574474243966
2025-08-03,0.4406779661016949,2.4583333333333335,0.4276348153844986,0.9970415833508076,0.0768640427593709,-0.5685020251242325,0.8226818628301261,0.8857325100491834,0.33447921496591376,0.8223248238239963,1.1475283865960486,0.5448223020231943,1.0715424606223007,1.5289439757499663,0.0952161932524188,-0.838669510338008,0.29834182317629,1.1980371233612952,0.1066934693903377,0.6048169399477865,-1.0920091976048132,-0.9202097239378565,-0.5059558200028164,-1.2168815811218223
2025-08-04,0.4523809523809524,1.75,0.3083929250640857,0.5227465655766405,0.8524881396112366,-0.5530280661244021,0.833162624028889,0.06229376931058263,0.7803869054762228,0.444018455037101,0.7774146827769961,0.7303964035101177,0.09935645656094132,0.8325917688583228,0.995657314742005,-0.3650044686728924,0.5476147922890665,0.22548345028949307,0.19503179560572162,0.5986490911067509,-0.4421841048589908,-0.5474112575206954,-0.17346725129018284,-1.0151465905604136
2025-08-05,0.5,3.1666666666666665,0.469626801757927,0.0568379971455238,0.9983834143656862,-0.6047728763433561,0.7963979960041234,-0.045157438573144144,0.8545990513082102,1.1056032423750846,1.2933194841750697,0.9022111852081096,0.8491488352154859,1.1651203509328263,-0.7125898927770046,1.5396897334956352,0.7691300375203899,0.845418260909762,0.5006262979794213,0.7442891361614027,-1.0570719402244848,-0.7386106383771083,-0.4276722900459365,-0.425485268509296
2025-08-06,0.3928571428571428,1.1666666666666667,0.3047287850410063,0.2162976151510037,0.9763274766593372,-0.3677188261300319,0.92993702201254,0.41165384628012763,0.5253174667626023,-0.0032845137748949873,0.47172122609172795,0.5448223020231943,0.09935645656094132,-0.8400785014334814,-0.2255733817364018,0.8227464096170158,0.29834182317629,-0.3434239783961347,0.4303596439617637,0.8098922930096394,0.17665692946385303,0.14205549535692447,-0.09317244867209554,-0.22749011141798978
2025-08-07,0.3417721518987341,3.2916666666666665,0.4183077413175755,0.1804476174374756,0.9835845959352648,-0.1678442021114158,0.9858135340000066,0.40916631408651527,0.8613886324362102,1.1490058215965313,1.6192537174738424,1.0621669201816635,-0.8728295475004183,1.853403081333162,0.33481708706270985,1.0500371599150817,0.9684546971986974,1.2738987529169608,0.7069587897240148,0.7207274089219667,-1.0307274468667307,-0.879815207242172,-0.35471843206916825,-0.8691519296385356
2025-08-08,0.3181818181818182,2.75,0.4141351859261852,0.10510703493071,0.9944609148720096,-0.0487771344344828,0.9988096871558468,0.07519627215320643,0.907718403603481,0.9476319488421111,1.4687346537267953,1.0621669201816635,0.7835690723998321,1.2423052788811297,1.3822240669024242,-0.5719151924367537,0.871284964967833,0.94222204582338,0.8369375994844759,0.543191584281075,-0.7799509298701945,-0.6047364554920563,-0.4583031742919876,-0.6921740854616318
2025-08-09,0.325,1.6666666666666667,0.4328951372491523,0.0424569127102827,0.9990982987489828,-0.4972263627363066,0.8676208527922913,0.6556600250385447,0.27226881544959025,0.3899338246214301,0.9412165275189095,0.3430917687452825,0.7835690723998321,-1.2310672131412774,0.6090905625815863,0.7697460486065164,0.013344408322606053,0.7414374866335379,0.7926567018864343,0.6337057656957855,-0.2571253429219768,0.05426401191880463,-0.4276722900459365,0.10903746105475821
2025-08-10,0.4285714285714285,2.9166666666666665,0.5015080670478644,0.9999226805278972,0.0124351504174584,-0.1564344650402311,0.9876883405951375,0.49587457912099986,0.34810755921068864,1.0134801090206862,1.3464609893285227,0.5448223020231943,1.6849235365903543,0.21930982772975055,1.3462427809124438,-0.838669510338008,0.6614506004302578,0.845418260909762,0.8302173316111803,0.6884626848128931,-1.1913896506068755,-0.7826245306123499,-0.4898350949549975,-0.480669467147356
2025-08-11,0.3796296296296296,4.5,0.431993018601972,0.1952329693888073,0.980756895292421,-0.0400591289595794,0.9991973109386352,0.3510010551395816,1.641606762567374,1.5002594569809036,1.8840725716791586,1.729140135616575,1.6849235365903543,1.036356454531456,1.4826738257826082,1.127353080328488,1.6788029689452182,1.2738987529169608,1.0362788827477585,1.0786653389206595,-1.3727056573625764,-1.2322618859801269,-0.44287833243249025,-0.5947576903092174
2025-08-12,0.3369565217391304,3.8333333333333335,0.4414318181989418,0.0633711372848671,0.9979900294888836,-0.3637254648730855,0.9315061922514836,0.5355437648793829,1.0350848866630873,1.3199907259608785,1.7859158833054751,1.6102197830330878,0.8491488352154859,1.4722042690769275,0.8833640381004627,1.3847881853137947,1.3156941916912495,2.0053296121336457,1.0819027253334834,1.1646331688504308,-1.2256295434530797,-1.029697517595427,-0.5389432846965896,-0.527928976941868
2025-08-13,0.2857142857142857,1.75,0.444052119853572,0.0549501799124457,0.998489097450538,-0.649005552189431,0.7607836704525747,0.27908417421579124,0.173986972306559,0.444018455037101,1.049371698222365,0.12212097085718994,0.9102021337553509,0.64536774282366,-0.2255733817364018,0.446777314899511,0.013344408322606053,0.06022226599004031,1.1206177373533948,0.9919500285752181,-0.35869633111425975,-0.023939553382827387,-0.19755833286028276,0.2732007512674787
2025-08-14,0.3292682926829268,3.4166666666666665,0.4238321090821205,0.5675444066920352,0.8233427879277171,-0.0029815997211005,0.9999955550216728,0.8486202230385312,0.8016493680746339,1.1908103920697792,1.67776071260202,1.2117955174581057,1.430347388715607,0.7741316392250301,0.5261347058845063,1.3562550454195248,0.871284964967833,1.4795978472928706,1.1287737971472114,1.0029313543036253,-1.1256224699565878,-0.9715650437995946,-0.4583031742919876,-0.7084564112925742
2025-08-15,0.3958333333333333,2.0,0.4279322081444495,0.0083629385138401,0.9999650300182572,-0.0335185865424625,0.999438094309095,0.2820085052172088,0.12319988621087172,0.5923458469999396,1.0145289490811664,0.9022111852081096,-1.4862106234684718,0.21930982772975055,0.6090905625815863,1.2964114512821319,0.9684546971986974,1.1178382465771568,1.0790951818818995,1.0901252725525936,-0.37547684165582335,-0.09699868952434562,-0.41267892656375355,0.3352160047465506
2025-08-16,0.54,2.0833333333333335,0.5508978743533353,0.1691344848430915,0.985592981933649,-0.9776764028291638,0.2101162805472878,-0.2656680029445804,0.37497117815728226,0.6377744081766807,0.7774146827769961,0.3430917687452825,-1.4862106234684718,1.4119160880650061,0.22252381042116723,0.5897141308814215,0.29834182317629,0.7414374866335379,1.1069158088809548,0.9993452458614622,-0.746448786885097,-0.0824148087293768,-0.4276722900459365,0.5854810202265103
2025-08-17,0.2142857142857142,0.5833333333333334,0.3685586612431701,0.9774312596744238,0.2112537162070034,-0.5861956191112633,0.8101695477705656,0.4584431423028353,-1.745861799369142,-0.7518991840797027,0.0408704976938861,-1.4848981939021966,-1.4862106234684718,-0.023031874631775716,-1.0991566449374235,0.0708082201820057,-1.5265285493160545,0.06022226599004031,0.9433251338026836,1.4013552494320096,0.7209731655433814,0.9515746401394297,0.00194480232447785,0.520619880335327
2025-08-18,0.625,1.3333333333333333,0.3474384621483073,0.8667517080553433,0.4987398887026633,-0.1711410144641749,0.9852465443573872,0.35228992695131806,0.26300593662360483,0.14344349400139897,0.12592457069411792,0.3430917687452825,0.551397205662045,-0.8400785014334814,1.1426231730921332,-1.2146386050555131,0.29834182317629,-0.12713541216204036,0.6846724844470584,1.1291926817303075,-0.1288714853984935,-0.07373873924812083,-0.326872502478219,-0.12157465005994997
2025-08-19,0.391304347826087,0.9583333333333334,0.273223698356044,0.5349668997909148,0.8448730177536132,-0.1022861656793798,0.994755015222648,-0.30035718015237106,0.04477852291356006,-0.21818064802304588,0.27798476399805644,-0.12215091341171726,-0.2594484715323648,0.10573202176959423,0.6090905625815863,-0.838669510338008,0.013344408322606053,-0.5992390559340501,0.39845093265527187,0.8234960176758918,0.40799371569342385,0.3094209696828558,-0.35471843206916825,0.2621569059072337
2025-08-20,0.5365853658536586,1.7083333333333333,0.4978684723586171,0.6803478766149673,0.7328893277879718,-0.9192212621730524,0.3937413759931515,-0.8233553282509364,-0.7666036550706087,0.4172981025781043,0.5836782206833241,-0.39522364730128035,0.551397205662045,0.21930982772975055,-1.0991566449374235,1.0895007275182707,-0.5091761808010942,1.4143256895953897,0.3938314592584314,0.8234960176758918,-0.6069798511814221,-0.120303852949634,-0.4739532042657392,-0.21803986471892314
2025-08-21,0.5454545454545454,1.8333333333333333,0.4859256823853524,0.0887494276260804,0.996053984026992,-0.9394934825175304,-0.342566776420427,0.4012325939841612,0.04484058258455302,0.49564382605146134,0.6355230708336418,0.12212097085718994,1.1647782816300982,0.4128159399136957,-1.759996872616719,0.7135316328007653,-0.1460674035471263,0.94222204582338,0.2056852756344775,0.10008112820339453,-0.7180898406496729,-0.29051477699597417,-0.44287833243249025,-0.22313750281306616
2025-08-22,0.3461538461538461,1.0833333333333333,0.428147843857135,0.9974355808525908,-0.0715699800842142,-0.8637255782151906,0.5039624247271167,1.9031526364193438,-0.5368890501122652,-0.08443063961626654,0.47172122609172795,-0.39522364730128035,0.9673136804037423,-0.3474909802149713,0.22252381042116723,-1.8573620176742727,-0.5091761808010942,0.629129694675668,0.08369222885441426,0.020520726675051792,-0.2796758188353235,0.012803081553049532,0.021982918711615822,0.07564875532625111
2025-08-23,0.3571428571428571,1.1666666666666667,0.4841246845849931,0.980213636959572,0.1979424813386154,-0.0991026599325246,0.9950772144885534,1.5650099932398576,-1.8869086244285906,-0.0032845137748949873,0.5291735227281411,-0.7048079795512759,-1.4862106234684718,-0.5626675956858416,1.3088501091439153,-1.2146386050555131,-0.9535854075245114,1.4143256895953897,-0.05019420572652742,-0.28799237405562694,-0.024165934211792996,0.49539048040518713,-0.4739532042657392,0.7999886500555417
2025-08-24,0.45,0.8333333333333334,0.4693147881094461,0.3337383075274736,0.9426657637194096,-0.1199202499236948,0.9927835280957468,0.6409213967913924,-1.0584632599177495,-0.36981390137374553,0.0408704976938861,-0.7048079795512759,-1.4862106234684718,-0.5626675956858416,-0.7125898927770046,0.7135316328007653,-0.9535854075245114,-0.12713541216204036,-0.01236726613919189,-0.49180411435660043,0.6288371053930929,1.181905883685331,-0.35471843206916825,1.5418497563222844
2025-08-25,0.7894736842105263,0.7916666666666666,0.3271972009218009,0.0451450454817564,0.9989804426856664,-0.7774204802912914,0.6289812372588374,0.4254443756341891,-0.21468128300821962,-0.42521818630716773,-0.8894101494828957,-0.12215091341171726,-1.4862106234684718,0.32090863724046487,0.0952161932524188,-0.3650044686728924,0.29834182317629,-1.315977651467937,-0.09568320142585704,-0.34671728439335564,0.5912327091892721,0.677207607487846,-0.18544511907381944,0.7724706501003905
2025-08-26,0.3541666666666667,2.0,0.4128538485583396,0.2086940861214399,0.9779809703761811,-0.8697821460722456,0.4934359313770723,1.658978496085462,0.804001976812828,0.5923458469999396,1.0831081394622637,0.9022111852081096,0.09935645656094132,0.64536774282366,0.6090905625815863,0.9204423565646266,1.2343937422218019,0.22548345028949307,0.06029945909333263,-0.09105498725349408,-0.6337642384249674,-0.4414116240906438,-0.5389432846965896,-0.09469974078498988
2025-08-27,0.4,1.0416666666666667,0.3952180105394342,0.5974502124438051,0.8019060067432169,-0.9786287842323,-0.2056348770807388,1.003819176743509,-0.47833259948717943,-0.12728714400885668,0.34656395437915377,-0.39522364730128035,0.4581613846542476,-0.1716788839780456,-1.759996872616719,0.5209972261593706,-0.1460674035471263,-0.12713541216204036,-0.037469188501238516,-0.14428074545431868,-0.14559004610322065,0.05760669416832327,-0.4276722900459365,-0.340874193182682
2025-08-28,0.5217391304347826,0.9583333333333334,0.2876341733954083,0.995004881883726,-0.0998262742345538,-0.1148649100829279,0.9933811214391186,0.8587967708797359,0.5339389516345765,-0.21818064802304588,0.0408704976938861,0.3430917687452825,0.35393260443568864,-0.3474909802149713,0.6854025532331482,-1.8573620176742727,0.29834182317629,-0.5992390559340501,-0.17734833526287214,-0.3708619403384072,0.14034685016587561,0.0502352065557199,-0.4583031742919876,-0.21013570280270438
2025-08-29,0.4354838709677419,2.5833333333333335,0.5167303782461263,0.2672383760782569,0.963630453208623,-0.904455145454368,0.4265687399014582,0.7117090736773588,-0.28352536404070505,0.8777291087574186,1.2082654111748379,0.12212097085718994,1.2884566763459318,1.3802969664036966,-0.7125898927770046,0.27771894394586744,0.1609366932213123,2.0903919196489595,0.054388516468778354,0.3827047758212463,-0.9714841334736574,-0.47173953601921453,-0.4739532042657392,-0.16877102539039437
2025-08-30,0.3225806451612903,5.166666666666667,0.5435393220341402,0.5950565940645048,0.8036837996751901,-0.6225146366376197,0.7826081568524138,0.44968901595019906,0.8870795578703462,1.6557927573869182,2.1211868379833287,0.9022111852081096,0.8491488352154859,1.6332939905889254,1.2699307902608818,1.788438555942781,0.9684546971986974,1.7139911597053406,0.530273192781464,1.6220668742757127,-1.7490478898806572,-1.2868298155857654,-0.4739532042657392,-1.0274980651731564
2025-08-31,0.3414634146341463,3.4166666666666665,0.5814216201740905,0.4827729768809212,0.8757455411211258,-0.5877264173622062,0.8090597371854478,0.7974943581161585,0.9129755435077126,1.1908103920697792,1.6586140929170567,0.7303964035101177,-1.4862106234684718,1.2786981568929823,1.2699307902608818,1.412469461225276,1.2343937422218019,1.032775939061843,0.7682086764922027,1.6295052366186666,-1.2375704719867018,-0.5318085199805289,-0.5389432846965896,0.31772188827160736
2025-09-01,0.4333333333333333,2.5,0.5297637320454225,0.219917146645442,0.9755185536991734,-0.0418029953559637,0.9991258727404017,0.7064264112231823,-0.02859817993606536,0.8410948806714218,1.1783307938230798,0.3430917687452825,-0.8728295475004183,0.9398462943674001,0.6090905625815863,1.326815941720847,0.42687573824441677,1.4795978472928706,0.9055847656105723,1.4933494031375496,-0.6872979211282382,-0.09515970390232319,-0.3689174212919814,0.602380823661392
2025-09-02,0.5094339622641509,2.2083333333333335,0.5757286791884876,0.1081439479597311,0.9941352455876832,-0.98146029743231,-0.1916655539320552,0.8256949752357797,0.1457547765593255,0.7026813643355833,0.9025719544895703,-0.12215091341171726,1.493582986355234,1.1240802503677574,-1.759996872616719,-0.5719151924367537,0.42687573824441677,0.37331461713775294,0.9214360606220361,1.4827906775645423,-0.9037443788894707,-0.16573618077798405,-0.4583031742919876,0.5225153358478202
2025-09-03,0.2666666666666666,1.25,0.4215422217226863,0.0867210625280238,0.9962326321266588,-0.1388850377713814,0.9903085106587955,1.49467008488572,0.025113718361900687,0.07244771582971395,0.7321904686436854,0.3430917687452825,-0.8728295475004183,-0.023031874631775716,-0.051749665097709216,0.8728804503233099,0.1609366932213123,0.845418260909762,0.9371066071672254,1.447122848688025,0.1661858158801854,0.49672870122261437,-0.07129397472744692,0.7687152501116858
2025-09-04,0.4375,2.0,0.4091931240383383,0.0383878090875199,0.9992629164106211,-0.2207683633329719,0.9753262683590967,0.23560911999469222,0.3960779675985228,0.5923458469999396,0.9412165275189095,0.5448223020231943,0.551397205662045,0.8325917688583228,0.0952161932524188,0.8227464096170158,0.7691300375203899,0.37331461713775294,1.0128861129866757,1.2776589118051418,-0.4179293716753935,-0.20688826624601728,-0.35471843206916825,-0.42872691010673386
2025-09-05,0.3902439024390244,1.7083333333333333,0.3810680536540995,0.7727335734973511,0.6347305132022675,-0.5456145036303652,0.838036284076167,0.4132515295589522,0.3153601159849994,0.4172981025781043,0.8624687557772279,0.5448223020231943,0.551397205662045,0.5739056614256938,-1.0991566449374235,0.9204423565646266,0.6614506004302578,0.22548345028949307,0.9495156489619584,1.3455666598654124,-0.49003885511227685,-0.37917871966617595,-0.3132161647547003,-0.6983841836320862
2025-09-06,0.2272727272727272,0.9166666666666666,0.3155635751922392,0.5760162703230083,0.8174382278332541,-0.4479541513745154,0.8940565296816179,1.3019265424212727,1.074036030491612,-0.26650975377737496,0.47172122609172795,0.7303964035101177,-1.4862106234684718,-0.023031874631775716,0.33481708706270985,0.18002299699825666,0.5476147922890665,-1.315977651467937,0.5917271884443022,0.6654920408421958,0.37233460332171686,0.39531280668632734,-0.5223226724800176,0.5487375557131636
2025-09-07,0.5714285714285714,1.4583333333333333,0.450572773902765,0.4024138465963483,0.915457861437396,-0.1980850455389586,0.9801848370250524,0.9899695451207868,0.12046236604470345,0.2422503581562684,0.34656395437915377,0.12212097085718994,0.09935645656094132,0.10573202176959423,0.22252381042116723,0.7697460486065164,-0.1460674035471263,-0.12713541216204036,0.3891964058206469,0.08215386441837261,-0.10389778602383948,0.28807342833290517,-0.5059558200028164,0.5325511475307453
2025-09-08,0.6,1.875,0.4479615004947705,0.1562908099400731,0.9877110826189388,-0.6385439812354656,0.7695853325187281,0.3039344892145175,0.43756904703975275,0.5206022501744748,0.5291735227281411,0.5448223020231943,-0.06198387030600885,0.21930982772975055,0.8218335981033126,0.9204423565646266,0.7691300375203899,0.37331461713775294,0.31772664368391357,-0.22585771381326478,-0.46168861248854326,-0.128213658741561,0.012010679228561123,-0.07712639892885102
2025-09-09,0.4411764705882353,1.4166666666666667,0.3271842130354644,0.0669995045158664,0.9977530087123908,-0.6496692139794251,0.7602170166520583,1.2285399086059783,0.3653051014208694,0.21026056429398238,0.5836782206833241,0.3430917687452825,0.551397205662045,0.64536774282366,-0.7125898927770046,0.3660956779775301,0.1609366932213123,0.37331461713775294,0.22151223030709843,-0.49478772091302503,-0.10257002042533071,-0.10586863665974976,-0.11550675679559733,-0.5997633481337018
2025-09-10,0.4444444444444444,1.875,0.4144730736873581,0.5127298195578723,0.8585500172594207,-0.1895952888366613,0.9818623256093204,0.8599992783910447,-0.49809107376557865,0.5206022501744748,0.8624687557772279,0.3430917687452825,0.6357392650091788,-0.5626675956858416,-0.051749665097709216,1.232437543500181,0.1609366932213123,1.6016833677474707,0.2980231944728438,-0.49478772091302436,-0.4356861882683353,-0.20992387861324135,-0.35471843206916825,-0.2066639016963909
2025-09-11,0.2,0.625,0.1439058531846107,0.9218349682221968,0.3875826252075564,-0.8051526485628583,0.593067628953237,1.704286131067448,0.09951938132764676,-0.6786116542023607,0.12592457069411792,-0.12215091341171726,-0.2594484715323648,-0.5626675956858416,-0.4383164172581281,-0.05300928173733781,-0.3193579088579942,-0.9123314070817621,0.12369523725875241,-0.1342652409188482,0.5956811208143654,0.15247230769826875,-0.12685086280259283,-0.5458157051002047
2025-09-12,0.1666666666666666,1.25,0.3232761540559026,0.4014816025562958,0.915867087960272,-0.0113443967953718,0.99993565026023,1.256668532450218,0.34610680632284796,0.07244771582971395,0.8624687557772279,0.3430917687452825,0.8491488352154859,-0.3474909802149713,0.0952161932524188,0.0708082201820057,0.6614506004302578,-0.5992390559340501,0.06029945909333263,-0.18492119590052095,0.126169393891578,0.14091290142102073,-0.34070505586975436,-0.22900626470990867
2025-09-13,0.5405405405405406,1.5416666666666667,0.4611862904861042,0.0459441579387171,0.9989440096178076,-0.0086538161922296,0.9999625550315928,-0.28057481974230086,-0.24262024126120757,0.3036470716908687,0.47172122609172795,0.12212097085718994,-0.2594484715323648,1.0812155573691318,0.33481708706270985,-0.19594609771924862,-0.1460674035471263,0.22548345028949307,0.14604194168493093,-0.3082664453090275,-0.059775104411606925,0.3746001705118442,-0.41267892656375355,0.7767951408790147
2025-09-14,0.5,2.4166666666666665,0.4748047125890902,0.1874527480348688,0.9822736213775548,-0.9903991985886108,0.1382368526661293,-0.12029204677802839,0.010593275237609725,0.8032392891068596,1.0145289490811664,-0.12215091341171726,1.1647782816300982,0.5739056614256938,-0.051749665097709216,1.0500371599150817,0.013344408322606053,0.94222204582338,0.267928005533297,0.10633896147980135,-0.9462014469169243,-0.5923906740291695,-0.5729781437227949,-0.6095831180130176
2025-09-15,0.4722222222222222,1.5,0.3230864404580452,0.6628378825665431,0.7487629407460693,-0.0329371313889965,0.9994574254943848,-0.3361950684828076,0.5494513395792264,0.2733636081041511,0.5836782206833241,0.5448223020231943,0.23576775924743243,0.32090863724046487,0.5261347058845063,0.446777314899511,0.29834182317629,-0.12713541216204036,0.22151223030709843,0.06437927276176202,-0.16930487729473465,-0.19384020708842853,-0.2474281624306916,-0.37829150763587865
2025-09-16,0.2222222222222222,0.75,0.3493611033149485,0.0041451451029234,0.999991408849134,-0.8056268109459752,-0.5924233633855251,1.6890016277000313,-1.299449686077661,-0.4834649322609811,0.27798476399805644,-1.0621968627361917,0.7835690723998321,-1.2310672131412774,-1.759996872616719,-0.19594609771924862,-0.5091761808010942,-0.3434239783961347,0.13491401010316934,0.2474988508701038,0.3317941699942464,0.45296755742081063,-0.326872502478219,-0.12076587076983901
2025-09-17,0.53125,1.3333333333333333,0.4788915100637648,0.4763277251607845,0.8792678194060967,-0.7759546707806952,0.6307886721348306,0.6368273333894056,-0.37989114265805174,0.14344349400139897,0.34656395437915377,-0.12215091341171726,1.0209617320770987,-0.5626675956858416,-1.0991566449374235,0.5209972261593706,-0.5091761808010942,0.5070441742210678,0.06029945909333263,0.16841585762413788,-0.16824434924992893,0.3131146997017652,-0.326872502478219,0.21310730924596374
2025-09-18,0.4,1.4583333333333333,0.380417097086763,0.8130160860931585,0.5822412247116843,-0.6476767463773446,0.7619152395129375,0.048568909143920536,0.1654785588300307,0.2422503581562684,0.6849556415297764,0.12212097085718994,0.4581613846542476,0.5739056614256938,-1.0991566449374235,0.6536880386633723,-0.1460674035471263,0.5070441742210678,0.1734738313328323,-0.08124597151767943,-0.3457348729494967,-0.21695030776028035,-0.3689174212919814,-0.5754208882009373
2025-09-19,0.3773584905660377,2.2083333333333335,0.4356842797263321,0.5886086147821173,0.808418145890032,-0.268709684741833,0.963221213079293,0.46479942402667557,0.38565678699233885,0.7026813643355833,1.1475283865960486,0.3430917687452825,1.1647782816300982,0.5739056614256938,0.43526684594289394,0.5897141308814215,0.42687573824441677,0.845418260909762,0.29305287425737525,0.08371326387924723,-0.6704717933695843,-0.40828292371502434,-0.14990568714945404,-0.4297737123149444
2025-09-20,0.3846153846153846,1.0833333333333333,0.2859764403641247,0.2697602360126419,0.9629275232676672,-0.5222505196435461,0.8527921169499905,0.6207660077354571,-0.12251949210662122,-0.08443063961626654,0.41098420151293863,0.12212097085718994,-0.8728295475004183,-0.1716788839780456,0.8218335981033126,-0.05300928173733781,0.013344408322606053,0.37331461713775294,0.237158988032014,0.17049569969166078,0.22002494414889137,0.13520764887502776,-0.19755833286028276,-0.07317364619865246
2025-09-21,0.24,1.0416666666666667,0.2026070621199547,0.9106836608061772,-0.4131044298245416,-0.3463899512272257,0.9380906148602064,1.7479561406886426,0.7153053953103664,-0.12728714400885668,0.5836782206833241,0.7303964035101177,-0.5140246194071121,0.7741316392250301,0.33481708706270985,-1.8573620176742727,0.7691300375203899,-0.9123314070817621,0.054388516468778354,-0.18156381763003507,-0.12478477544528466,-0.4937671070055774,-0.4583031742919876,-0.8547548665001935
2025-09-22,0.5,0.25,0.0817685870417281,0.1330492633670799,0.9911094256021772,-0.0179613809877442,0.9998386813846588,-1.149548997677532,-1.4234591243539045,-1.6173569115049098,-1.126524415787066,-1.4848981939021966,-1.4862106234684718,-1.2310672131412774,-1.0991566449374235,-0.3650044686728924,-1.5265285493160545,-1.315977651467937,-0.13590925487516842,0.21629162752260478,2.3182160977574617,1.9093584492569762,1.1243242465873737,1.115910199139775
2025-09-23,0.3,0.8333333333333334,0.4880589061915813,0.1458671993449917,0.9893041797926704,-0.4543144488354796,-0.8908413896869153,1.2173655237911436,-0.7522918404401132,-0.36981390137374553,0.27798476399805644,-1.0621968627361917,0.23576775924743243,-0.3474909802149713,-1.759996872616719,0.3660956779775301,-0.9535854075245114,-0.12713541216204036,-0.12236932228216278,0.19550825964253027,0.003929066462269279,0.5413081656884678,-0.5059558200028164,0.6316192721710895
2025-09-24,0.25,0.1666666666666666,0.0972764938368406,0.3540190032062099,0.935238229206271,-0.9696056955524956,0.2446728328853886,-0.12876252278213923,-1.8558863656797893,-1.999442194210867,-1.126524415787066,-2.002242812060666,-1.4862106234684718,-1.8994668305967133,-0.7125898927770046,-0.838669510338008,-1.8896373265700228,-1.8848850801535646,-0.32526430049337146,0.4233421642547532,2.5909821823524695,2.2572024673912896,1.5006311141938935,1.7666903613868763
2025-09-25,0.3125,0.6666666666666666,0.2956007631503787,0.1212196974118941,0.992625702346745,-0.9637275601201548,-0.2668879724994247,0.653203586997353,-0.6564290983322135,-0.6097686019544833,0.0408704976938861,-0.7048079795512759,-1.4862106234684718,-0.3474909802149713,-1.759996872616719,0.5209972261593706,-0.7190105453386694,-0.5992390559340501,-0.48226093542965115,0.37762707854406313,0.5538773244287514,0.5398664261701813,-0.44287833243249025,0.02697180661712705
2025-09-26,0.3,0.8333333333333334,0.4858941219403405,0.7392394270225959,0.6734426995189005,-0.3449569304869037,0.9386185146847752,0.9520702153423946,-1.4386172717041048,-0.36981390137374553,0.27798476399805644,-1.4848981939021966,0.7835690723998321,-1.8994668305967133,-0.7125898927770046,-0.05300928173733781,-1.2195244525476154,0.37331461713775294,-0.8065447122084128,-0.5447031991262969,0.4683609002947599,1.0594070316276227,-0.09317244867209554,1.231307320374252
2025-09-27,0.4705882352941176,0.7083333333333334,0.3707077693523301,0.1703528191344199,0.9853831320927692,-0.9977187730465944,0.0675074063373676,0.7160595015807981,-0.9143904856421802,-0.5448616457955814,-0.1528659643997854,-1.0621968627361917,-1.4862106234684718,-0.8400785014334814,-0.4383164172581281,0.5209972261593706,-1.2195244525476154,-0.3434239783961347,-0.9100968441480056,-0.7203952286362164,0.5538785965483003,0.7701688998613484,-0.35471843206916825,0.6792065732911428
2025-09-28,0.3235294117647059,1.4166666666666667,0.4865612202391522,0.4429407974723645,0.8965508629935871,-0.9946353265144312,0.1034435461956458,0.4713790064973485,-0.8833912075952148,0.21026056429398238,0.7774146827769961,-0.7048079795512759,-0.06198387030600885,1.0812155573691318,-0.2255733817364018,-0.19594609771924862,-0.5091761808010942,0.7414374866335379,-0.8065447122084128,-0.34427615285985536,-0.38228882724076335,0.09635369795050501,-0.4276722900459365,-0.025905967922322942
2025-09-29,0.3,0.4166666666666667,0.4316395545639923,0.0242140765412683,0.9997067962644116,-0.2069157226230013,0.9783587704576482,0.2871943188597264,-1.5816651258046301,-1.104099516129765,-0.3899802307039562,-1.4848981939021966,-1.4862106234684718,-1.8994668305967133,-0.7125898927770046,0.18002299699825666,-1.5265285493160545,-0.3434239783961347,-0.762912728783877,-0.4376929382582404,1.5838438022038095,2.1266524402332254,-0.34070505586975436,2.314484271569443
2025-09-30,0.4186046511627907,1.7916666666666667,0.4932789807247991,0.3565341790319599,0.9342822802461824,-0.9907675690221172,0.135571472567072,0.7620295048687709,-0.6376187723072719,0.47012449177393395,0.8624687557772279,-0.7048079795512759,0.712737532528995,0.32090863724046487,0.33481708706270985,0.7135316328007653,0.013344408322606053,0.37331461713775294,-0.535811555877885,0.1038800977231485,-0.6338989463547743,-0.1676602096904309,-0.3689174212919814,-0.24193975014859603
2025-10-01,0.4814814814814814,2.25,0.4896144262392833,0.5821229701572894,0.8131007610470276,-0.3336011988203198,0.9427142940178884,0.4480455209644555,0.32650867297316566,0.7235179596691274,0.9785048672521873,0.3430917687452825,-1.4862106234684718,0.8877094451851861,1.0472045125324834,0.9204423565646266,0.1609366932213123,0.845418260909762,-0.14272957677213918,0.3710655778407211,-0.7061095144828134,-0.2636581606783389,-0.4739532042657392,0.18125474936352684
2025-10-02,0.4029850746268656,2.7916666666666665,0.6031387868739678,0.4532127770962872,0.8914023663176305,-0.3438645649890672,0.9390192548318056,0.26011239498270444,-0.026339663953779405,0.9644554059492162,1.3464609893285227,0.12212097085718994,0.35393260443568864,0.10573202176959423,1.1869749335638018,1.3847881853137947,-0.1460674035471263,1.7139911597053406,0.16803108346005108,0.7390290849714304,-0.932653790164773,-0.0855016403577215,-0.5059558200028164,0.7811103877303246
2025-10-03,0.625,0.6666666666666666,0.5152764371420472,0.8274074411415104,0.561602106783493,0.2254470325107113,-0.974255426226672,0.5140054313297994,-1.486266739812509,-0.6097686019544833,-0.5318718426473102,-1.4848981939021966,0.23576775924743243,-1.8994668305967133,-1.759996872616719,0.3660956779775301,-1.8896373265700228,0.22548345028949307,0.14604194168493093,0.7755409858896464,-0.4070193730149021,0.1721735536873079,-0.12685086280259283,-0.10849429231342844
2025-10-04,0.3823529411764705,1.4166666666666667,0.5007597688198752,0.0863588163959881,0.9962640989369655,-0.0386784812590511,0.9992517075729684,-0.2588092426099574,-0.8086269386131282,0.21026056429398238,0.6849556415297764,-0.39522364730128035,-0.5140246194071121,-1.2310672131412774,0.5261347058845063,1.0088190905962897,-0.5091761808010942,1.1178382465771568,0.237158988032014,0.6774148397040282,0.030858417493875138,0.6176461348516096,-0.44287833243249025,0.7479055245628307
2025-10-05,0.3454545454545454,2.2916666666666665,0.4825502623128242,0.0197791083210475,0.9998043743023052,-0.1595222442557846,0.9871943342562284,0.6248428932490427,-0.11753090387910554,0.7439791003506397,1.237379797962353,0.3430917687452825,1.207953763308792,-0.3474909802149713,-0.2255733817364018,1.232437543500181,0.42687573824441677,1.1178382465771568,0.3419652268646485,0.7520308614432617,-0.566571543335626,-0.12859203295984267,-0.41267892656375355,-0.03759798126282912
2025-10-06,0.35,1.6666666666666667,0.5660614967426112,0.0315561310818315,0.9995019812842524,-0.5630453490919658,-0.826426000840914,0.1005050277291255,-0.49900377240294286,0.3899338246214301,0.9025719544895703,-0.12215091341171726,0.09935645656094132,0.9398462943674001,-1.759996872616719,0.8227464096170158,-0.3193579088579942,1.1178382465771568,0.4790514115327095,0.3988744245319513,-0.770212011371058,-0.05011546531325646,-0.41267892656375355,0.4389511163725192
2025-10-07,0.2807017543859649,2.375,0.4047012647370433,0.0053814058861471,0.999985520130511,-0.101128646682471,0.9948733571767676,0.6472420560786706,-0.24694508783317964,0.7838274901769543,1.3720672559167517,0.5448223020231943,-0.06198387030600885,1.1240802503677574,0.43526684594289394,1.0500371599150817,0.1609366932213123,1.3458682902095551,0.5386275774246888,0.4569435930771279,-0.5954326614149691,-0.4239995602116399,-0.4583031742919876,-0.8197766209948458
2025-10-08,0.4545454545454545,0.9166666666666666,0.4242328411921147,0.199225408038009,0.979953691146724,-0.9982570372147886,-0.0590159948755601,0.4384513521840415,-1.0942644212144004,-0.26650975377737496,0.12592457069411792,-0.7048079795512759,1.1193877253618527,-0.8400785014334814,-1.759996872616719,-0.838669510338008,-0.7190105453386694,0.22548345028949307,0.39845093265527187,0.5967109975399558,0.18432498097221506,0.5261696203337314,-0.26026673520955357,0.2394353614915209
2025-10-09,0.2978723404255319,1.9583333333333333,0.4592117771707192,0.1737197944484867,0.984795122356308,-0.1065533080197132,0.9943069910998596,1.0485855823509374,0.5324294718345851,0.568931355928804,1.1475283865960486,0.3430917687452825,-0.5140246194071121,0.8877094451851861,0.0952161932524188,1.0500371599150817,0.42687573824441677,-0.12713541216204036,0.3029756035856375,0.3224365463214306,-0.39641180751196003,-0.015324099438786775,-0.326872502478219,-0.11995741537292497
2025-10-10,0.3846153846153846,1.625,0.4399555728630269,0.4151564086622589,0.9097500515782648,-0.3762242631393658,0.9265286308718372,0.2638476598699346,-0.25346150274957924,0.36189381764468204,0.8207924869874944,0.12212097085718994,-0.5140246194071121,-0.5626675956858416,0.6090905625815863,1.0895007275182707,0.1609366932213123,1.1980371233612952,0.4122169112776356,-0.04860682421607384,-0.27963716230474805,0.052304282152553117,-0.3689174212919814,-0.07791787906879295
2025-10-11,0.3,0.8333333333333334,0.1620555558464381,0.2184271148420275,0.9758532653538584,-0.0197791083210469,0.9998043743023054,0.38217658978582203,0.2556957731224423,-0.36981390137374553,0.27798476399805644,0.12212097085718994,0.4581613846542476,-0.3474909802149713,-0.051749665097709216,-0.5719151924367537,0.1609366932213123,-0.9123314070817621,0.3467620625952952,0.21694190773942543,0.6738371103941471,0.29063931537413834,-0.09317244867209554,-0.5599496842605255
2025-10-12,0.3684210526315789,1.5833333333333333,0.4729594272856557,0.3340125037591935,0.9425686433000594,-0.14428424027327,0.989536284331588,1.0615325420902548,-0.05128096944324406,0.3331438621704576,0.8207924869874944,-0.12215091341171726,-0.2594484715323648,-0.5626675956858416,0.995657314742005,0.7135316328007653,-0.1460674035471263,0.22548345028949307,0.2628474376709371,0.05025179460924506,-0.17824411107079735,0.28089653519812813,-0.4739532042657392,0.540466329210096
2025-10-13,0.2857142857142857,0.5833333333333334,0.3190548525936404,0.997728581047945,-0.0673622933105327,0.6883018231607714,-0.7254244276515358,1.1181722162230041,-2.3022132691103105,-0.7518991840797027,-0.05158854355333365,-2.002242812060666,0.9102021337553509,-1.8994668305967133,-1.759996872616719,-1.8573620176742727,-1.5265285493160545,0.22548345028949307,0.12369523725875241,0.31819998829159585,-1.3579008260239191,-1.5644640877406142,0.17008118869510833,-2.797421561802763
