time_of_day,day_total
1132,1
2686,2
5223,3
5496,4
5950,5
8550,6
19906,7
20783,8
21005,9
21683,10
23009,11
23290,12
24054,13
24145,14
24461,15
24608,16
24721,17
24872,18
25077,19
25114,20
25270,21
52049,22
52094,23
54035,24
57060,25
60700,26
61966,27
63777,28
63866,29
65403,30
65533,31
65564,32
65631,33
67381,34
67800,35
68074,36
68406,37
68577,38
70267,39
72109,40
72164,41
72185,42
72487,43
72685,44
72783,45
72822,46
72873,47
72923,48
73006,49
73092,50
73942,51
74017,52
74140,53
75418,54
75746,55
76040,56
76563,57
76752,58
76880,59
76931,60
77180,61
77770,62
77844,63
77874,64
78844,65
78990,66
79429,67
82123,68
82531,69
82732,70
83175,71
83361,72
83538,73
85026,74
208,1
217,2
999,3
1105,4
1451,5
1523,6
1768,7
1806,8
33213,9
33265,10
33286,11
41843,12
41898,13
42001,14
42456,15
42656,16
42666,17
42713,18
43110,19
43194,20
43343,21
43623,22
44083,23
44119,24
44198,25
44257,26
44328,27
44518,28
45110,29
45196,30
45322,31
45594,32
45775,33
45918,34
45985,35
46072,36
46154,37
46265,38
46395,39
46561,40
46724,41
49373,42
49757,43
49876,44
57407,45
57631,46
57910,47
58760,48
63394,49
65199,50
65556,51
65756,52
66043,53
66094,54
66208,55
66245,56
66828,57
66862,58
67051,59
68083,60
68978,61
69033,62
69211,63
70090,64
70118,65
70567,66
70703,67
70750,68
75309,69
75823,70
77141,71
80383,72
81865,73
81908,74
82083,75
82307,76
82682,77
83620,78
86015,79
86327,80
102,1
1134,2
1219,3
1429,4
1754,5
1855,6
21432,7
21600,8
21653,9
21773,10
21817,11
21871,12
22008,13
22122,14
22218,15
22387,16
22595,17
22833,18
23912,19
24021,20
24147,21
24201,22
24266,23
24345,24
24375,25
24409,26
24531,27
24635,28
24646,29
24756,30
24873,31
24934,32
25219,33
26029,34
26044,35
26399,36
26457,37
26513,38
26559,39
26786,40
26792,41
26897,42
26955,43
27328,44
27475,45
27515,46
27533,47
27722,48
30949,49
33883,50
34044,51
34102,52
35412,53
35651,54
35874,55
37033,56
37176,57
37540,58
37704,59
37819,60
38002,61
38202,62
38326,63
38416,64
38789,65
47417,66
47495,67
47529,68
47546,69
47838,70
48179,71
48306,72
48407,73
48470,74
48778,75
49077,76
53669,77
54771,78
56040,79
59424,80
59650,81
60405,82
61174,83
61185,84
62085,85
62993,86
63246,87
63701,88
67246,89
67484,90
68365,91
73656,92
74150,93
74306,94
75566,95
75630,96
75739,97
75831,98
75979,99
76154,100
76204,101
76800,102
584,1
1509,2
26921,3
27167,4
27405,5
27509,6
28339,7
28370,8
28802,9
31220,10
31344,11
36544,12
36792,13
37201,14
37547,15
37583,16
38602,17
38950,18
40201,19
40490,20
41132,21
41188,22
41434,23
42112,24
42144,25
42173,26
42619,27
47779,28
47883,29
47915,30
48328,31
48341,32
50325,33
51010,34
75374,35
75531,36
75555,37
75927,38
76490,39
77361,40
77986,41
78947,42
78986,43
80905,44
81362,45
82278,46
82418,47
83043,48
83076,49
83124,50
84206,51
86165,52
86219,53
1109,1
2439,2
2499,3
2574,4
2696,5
2718,6
2895,7
3250,8
4256,9
4543,10
5789,11
6524,12
6624,13
6637,14
6691,15
6726,16
7304,17
7447,18
7750,19
8069,20
8575,21
9023,22
9074,23
10572,24
10603,25
30582,26
31018,27
31635,28
31977,29
32292,30
32518,31
32559,32
35994,33
36030,34
36183,35
36397,36
36419,37
36586,38
36852,39
37036,40
37077,41
37170,42
37246,43
37577,44
37991,45
38075,46
38649,47
38673,48
38747,49
39061,50
39393,51
39495,52
39544,53
41492,54
50675,55
51163,56
51459,57
54380,58
54472,59
54663,60
60980,61
61143,62
61193,63
74753,64
74914,65
75324,66
80599,67
80643,68
81052,69
83038,70
83166,71
83407,72
83542,73
83603,74
83621,75
83688,76
83756,77
85250,78
85851,79
86019,80
86123,81
3,1
80,2
324,3
606,4
2686,5
3282,6
3321,7
3387,8
3543,9
3684,10
3762,11
4619,12
5334,13
5546,14
5581,15
5676,16
5814,17
6153,18
6906,19
7061,20
7219,21
7570,22
8211,23
8605,24
9730,25
9796,26
10056,27
10174,28
10319,29
10429,30
10548,31
11232,32
11379,33
11554,34
11574,35
11634,36
11670,37
12132,38
12307,39
12662,40
25570,41
25674,42
25812,43
25923,44
26056,45
26197,46
26328,47
26583,48
27267,49
27584,50
27672,51
27693,52
27819,53
27930,54
28205,55
40445,56
45100,57
45153,58
46164,59
46217,60
46649,61
46926,62
47558,63
47816,64
47870,65
47929,66
47991,67
49131,68
58412,69
69032,70
70257,71
70391,72
70669,73
70770,74
71346,75
71410,76
71452,77
71843,78
71878,79
71942,80
72354,81
72435,82
72536,83
72583,84
72797,85
72872,86
72956,87
73110,88
73142,89
73264,90
74504,91
74530,92
74607,93
74622,94
74705,95
74774,96
75041,97
75082,98
76581,99
76761,100
76870,101
77069,102
77213,103
77349,104
77562,105
79253,106
79279,107
79482,108
79631,109
80406,110
80691,111
80714,112
80845,113
81313,114
81645,115
81954,116
82090,117
82193,118
84113,119
84339,120
84372,121
84507,122
84658,123
85042,124
85112,125
85160,126
85271,127
85420,128
85584,129
85939,130
86182,131
86236,132
86351,133
424,1
717,2
1035,3
1097,4
1423,5
1751,6
2286,7
2922,8
4610,9
7590,10
11744,11
11844,12
13368,13
13743,14
14519,15
18195,16
18502,17
18708,18
18756,19
19042,20
19345,21
19363,22
19456,23
19981,24
20250,25
21063,26
21257,27
21304,28
21372,29
21958,30
21984,31
22548,32
22609,33
39027,34
39418,35
39890,36
40597,37
40711,38
48567,39
49304,40
55992,41
56068,42
56499,43
56509,44
56563,45
56636,46
78251,47
78949,48
79100,49
79128,50
79352,51
79432,52
79821,53
79952,54
80156,55
80233,56
81085,57
81409,58
81450,59
81655,60
82589,61
82777,62
84402,63
84892,64
85083,65
85601,66
85700,67
85749,68
85865,69
85967,70
86004,71
86019,72
86108,73
86271,74
114,1
204,2
369,3
399,4
2930,5
3101,6
3738,7
3993,8
4081,9
4411,10
4534,11
4655,12
4694,13
4809,14
4896,15
4932,16
5276,17
5403,18
5463,19
5618,20
5772,21
7280,22
7679,23
8056,24
8433,25
8768,26
8791,27
8977,28
9716,29
9771,30
10886,31
10914,32
11512,33
11988,34
12990,35
26494,36
26578,37
26733,38
27177,39
27808,40
27859,41
28365,42
28634,43
28715,44
28781,45
29082,46
29158,47
29353,48
29987,49
30107,50
30265,51
30337,52
30419,53
30524,54
30848,55
31514,56
31775,57
31899,58
31967,59
32060,60
32099,61
32799,62
33210,63
33259,64
33340,65
33440,66
33574,67
33728,68
33884,69
34024,70
34077,71
34181,72
34397,73
34649,74
35147,75
35185,76
35384,77
35425,78
35543,79
39871,80
39961,81
40127,82
40248,83
40355,84
40412,85
40681,86
40924,87
40987,88
41058,89
41548,90
41566,91
41699,92
41874,93
41931,94
41941,95
42045,96
42171,97
42300,98
42506,99
42712,100
42835,101
43094,102
43212,103
43551,104
43588,105
43702,106
43727,107
44978,108
45063,109
45893,110
46000,111
46084,112
46136,113
46293,114
46433,115
46453,116
46888,117
47892,118
48139,119
48522,120
61567,121
61661,122
62243,123
62309,124
62436,125
63119,126
63236,127
63306,128
63337,129
63591,130
63834,131
63967,132
64059,133
64154,134
64723,135
65110,136
65132,137
65301,138
65347,139
65477,140
66719,141
67350,142
75020,143
75050,144
75723,145
75953,146
76187,147
76305,148
76752,149
86352,150
216,1
799,2
1066,3
1126,4
1146,5
1169,6
1181,7
1254,8
1355,9
1542,10
1565,11
1782,12
2636,13
4503,14
4560,15
4589,16
4682,17
4746,18
5523,19
5585,20
5657,21
5864,22
7101,23
7238,24
7801,25
7889,26
8912,27
9006,28
34610,29
34655,30
35006,31
35120,32
35690,33
36979,34
37003,35
37070,36
37156,37
38238,38
38905,39
39611,40
39671,41
41171,42
41227,43
41827,44
41985,45
42351,46
43363,47
43541,48
43597,49
43711,50
46305,51
46624,52
46908,53
51518,54
51542,55
51572,56
51698,57
51741,58
51806,59
51866,60
51889,61
51961,62
52035,63
52103,64
52130,65
52266,66
52308,67
53058,68
63208,69
63297,70
63471,71
63522,72
66472,73
66511,74
66616,75
66666,76
66759,77
66790,78
66959,79
67502,80
67953,81
68965,82
71177,83
75644,84
76317,85
81593,86
81830,87
81897,88
83282,89
83511,90
83713,91
1986,1
2375,2
2496,3
4128,4
5011,5
5027,6
5097,7
5375,8
5527,9
5581,10
5602,11
6319,12
6444,13
6511,14
6549,15
9117,16
9590,17
10752,18
11670,19
12555,20
12816,21
13461,22
13555,23
13988,24
15117,25
15597,26
15900,27
16365,28
30603,29
30809,30
31114,31
31173,32
31612,33
31907,34
31983,35
32123,36
32303,37
32500,38
35211,39
36688,40
38691,41
38828,42
49179,43
49699,44
50224,45
50255,46
50377,47
50913,48
51297,49
51405,50
51516,51
52216,52
52512,53
56506,54
59651,55
1179,1
1248,2
2038,3
2152,4
2222,5
3057,6
3144,7
3173,8
3796,9
4180,10
5071,11
5225,12
5346,13
5395,14
5403,15
5447,16
5582,17
5896,18
20719,19
20907,20
20979,21
22006,22
22060,23
22233,24
22256,25
22705,26
22984,27
23141,28
24252,29
24325,30
24351,31
24410,32
24574,33
25001,34
52412,35
52488,36
52531,37
52595,38
52760,39
54790,40
54834,41
55085,42
55988,43
56119,44
56151,45
56968,46
58386,47
58443,48
61953,49
64481,50
70789,51
71656,52
71826,53
75645,54
75829,55
76001,56
77817,57
79348,58
79424,59
79495,60
79852,61
79959,62
80484,63
81337,64
82470,65
82596,66
82659,67
82786,68
83948,69
739,1
1967,2
2749,3
2919,4
2957,5
3156,6
3204,7
3417,8
3602,9
7398,10
7639,11
7891,12
7992,13
8037,14
9360,15
37593,16
38206,17
38925,18
53998,19
54451,20
55594,21
55880,22
57931,23
58294,24
59717,25
60842,26
61500,27
61713,28
61911,29
62149,30
62192,31
62726,32
62768,33
63312,34
68733,35
69210,36
71167,37
71621,38
71638,39
73292,40
75979,41
77172,42
80364,43
82110,44
83156,45
83240,46
86348,47
3224,1
3279,2
3439,3
4852,4
4925,5
5026,6
6036,7
6751,8
6768,9
6880,10
8283,11
8323,12
8398,13
8693,14
13044,15
14018,16
14562,17
14605,18
14650,19
14718,20
15041,21
15660,22
15722,23
38653,24
38730,25
38833,26
43293,27
46546,28
49909,29
49950,30
52090,31
52506,32
52814,33
55604,34
55704,35
55962,36
56028,37
57576,38
57751,39
58790,40
68824,41
68887,42
68934,43
77579,44
85223,45
85308,46
85658,47
85815,48
86095,49
86354,50
86370,51
8112,1
8824,2
27542,3
28574,4
29994,5
30058,6
30140,7
30958,8
31211,9
32145,10
32819,11
39563,12
47283,13
49340,14
49395,15
49429,16
50009,17
50474,18
50534,19
57961,20
59505,21
59547,22
61242,23
62545,24
86200,25
86250,26
86288,27
86324,28
86370,29
1776,1
1840,2
2866,3
2945,4
2964,5
3104,6
3164,7
3200,8
3239,9
3572,10
3731,11
3801,12
5390,13
5505,14
5550,15
5591,16
5702,17
5747,18
5773,19
5945,20
6318,21
6375,22
6392,23
6426,24
6453,25
6483,26
6559,27
7190,28
7231,29
7258,30
7277,31
7509,32
7659,33
7962,34
8021,35
8104,36
8108,37
8211,38
8283,39
8397,40
29619,41
29635,42
29753,43
30212,44
30406,45
30495,46
30549,47
31616,48
32037,49
32057,50
32346,51
32997,52
33172,53
33193,54
33495,55
33795,56
34665,57
34693,58
34762,59
41185,60
41356,61
46265,62
46370,63
47247,64
55635,65
55687,66
55707,67
55978,68
56062,69
56083,70
56232,71
56380,72
56442,73
56560,74
56575,75
56615,76
56691,77
56700,78
57208,79
57947,80
70589,81
84231,82
84238,83
84375,84
84386,85
84402,86
84476,87
7773,1
9000,2
9368,3
9490,4
9531,5
9753,6
9771,7
9787,8
11357,9
11513,10
11649,11
11757,12
12248,13
12271,14
31217,15
31439,16
31516,17
31911,18
31917,19
31989,20
32148,21
32414,22
32698,23
32713,24
33798,25
34423,26
34514,27
38867,28
39439,29
39747,30
40059,31
40182,32
40244,33
41364,34
41909,35
41928,36
42764,37
42963,38
43194,39
43513,40
43547,41
43675,42
44818,43
45006,44
45103,45
45140,46
45204,47
46029,48
46098,49
46209,50
46348,51
47165,52
47814,53
48378,54
48520,55
48826,56
49099,57
49183,58
56608,59
56688,60
58256,61
59208,62
60222,63
60915,64
61002,65
62521,66
63152,67
64250,68
64314,69
64349,70
64401,71
67865,72
67983,73
68236,74
68267,75
69759,76
69825,77
70816,78
71459,79
71674,80
71755,81
71972,82
72064,83
72843,84
73261,85
73440,86
73487,87
85058,88
85346,89
85529,90
85684,91
85691,92
85766,93
130,1
425,2
602,3
993,4
1041,5
1726,6
1756,7
1790,8
1802,9
2951,10
3020,11
3109,12
3729,13
4680,14
7366,15
7502,16
8362,17
8418,18
10600,19
10739,20
10758,21
10785,22
10920,23
39925,24
39950,25
40116,26
52549,27
53393,28
60427,29
63437,30
64518,31
65104,32
83446,33
83765,34
470,1
642,2
9715,3
11885,4
12014,5
12119,6
12354,7
12623,8
12792,9
12993,10
13296,11
13409,12
13513,13
14430,14
38619,15
38670,16
39245,17
40432,18
42333,19
42483,20
43750,21
44090,22
44155,23
46044,24
46337,25
46495,26
46512,27
48148,28
48345,29
48647,30
58774,31
59068,32
59228,33
59937,34
60588,35
80124,36
82918,37
2812,1
3624,2
28363,3
28527,4
29736,5
29799,6
30076,7
30556,8
30653,9
30679,10
30976,11
31113,12
31140,13
31240,14
31345,15
31711,16
48815,17
49517,18
50132,19
54601,20
54901,21
55536,22
56808,23
59589,24
68471,25
68517,26
68761,27
68788,28
68861,29
69020,30
69070,31
69813,32
70443,33
70887,34
1628,1
2331,2
4747,3
4986,4
5009,5
6590,6
47084,7
50017,8
50200,9
50475,10
50698,11
51061,12
52896,13
55775,14
55824,15
56712,16
56773,17
56815,18
58619,19
58675,20
58789,21
58830,22
60625,23
61753,24
61829,25
71876,26
73495,27
74416,28
74491,29
74924,30
75680,31
75985,32
76237,33
76484,34
76605,35
77279,36
77455,37
77569,38
77694,39
78489,40
78839,41
79037,42
79212,43
79458,44
79643,45
79780,46
79988,47
80050,48
80907,49
80930,50
81601,51
82228,52
82235,53
82797,54
82915,55
83205,56
83244,57
83354,58
83542,59
83700,60
84770,61
85201,62
85839,63
289,1
306,2
1192,3
32342,4
32452,5
33021,6
33308,7
33400,8
33778,9
34037,10
34349,11
34405,12
34513,13
35181,14
37738,15
38143,16
38394,17
42331,18
42430,19
42697,20
42722,21
42866,22
42980,23
43930,24
44206,25
44238,26
45055,27
45923,28
47699,29
47778,30
73450,31
73511,32
84353,33
84781,34
84936,35
85199,36
85490,37
85525,38
85763,39
86062,40
494,1
2207,2
2300,3
2446,4
2976,5
3481,6
5600,7
6126,8
7313,9
7994,10
8025,11
47544,12
47578,13
47643,14
48082,15
48913,16
49682,17
49701,18
49821,19
49841,20
49932,21
56448,22
56468,23
56780,24
71687,25
71722,26
71804,27
71815,28
71873,29
72098,30
72191,31
76639,32
77858,33
77911,34
77961,35
78429,36
78479,37
78627,38
81194,39
85751,40
85834,41
705,1
808,2
927,3
1757,4
2172,5
2778,6
3015,7
4451,8
23521,9
23583,10
23636,11
23656,12
23753,13
24253,14
24402,15
24554,16
24753,17
24946,18
25027,19
25090,20
25339,21
25479,22
25620,23
25685,24
25748,25
25874,26
25993,27
26074,28
26104,29
27188,30
27244,31
27269,32
27407,33
27990,34
28110,35
28181,36
29052,37
29062,38
29145,39
29513,40
30743,41
34644,42
34905,43
35359,44
40270,45
40495,46
42356,47
56769,48
56787,49
56832,50
60707,51
60733,52
61279,53
61302,54
61332,55
61353,56
70946,57
71295,58
72038,59
72125,60
72171,61
75902,62
76516,63
76550,64
77011,65
77148,66
77542,67
77820,68
77867,69
78092,70
79144,71
79166,72
79200,73
79297,74
83084,75
83224,76
84873,77
85169,78
85559,79
12510,1
12736,2
14004,3
14397,4
15387,5
16117,6
16305,7
16502,8
16583,9
16819,10
17020,11
17631,12
17705,13
17754,14
17981,15
18023,16
18155,17
18270,18
18306,19
18633,20
18688,21
18704,22
19069,23
19102,24
19341,25
19413,26
19436,27
19785,28
19887,29
20066,30
20815,31
20854,32
20927,33
21183,34
22022,35
22058,36
62093,37
63081,38
82640,39
3089,1
3107,2
3642,3
25057,4
25604,5
26000,6
26764,7
27615,8
28057,9
31204,10
31412,11
31435,12
31580,13
31883,14
32039,15
32158,16
32251,17
33027,18
34932,19
39850,20
64873,21
66876,22
83374,23
83427,24
6353,1
6696,2
7279,3
7339,4
7508,5
7609,6
7650,7
7874,8
8099,9
8885,10
9081,11
9313,12
9483,13
9704,14
28594,15
28870,16
28994,17
29076,18
29695,19
54749,20
75143,21
75210,22
75238,23
83953,24
84230,25
84388,26
85339,27
3666,1
5562,2
6116,3
7020,4
32493,5
32534,6
42399,7
42511,8
42566,9
43090,10
61209,11
79700,12
79812,13
79816,14
80353,15
80602,16
81130,17
962,1
1405,2
1978,3
2694,4
3606,5
3779,6
4401,7
49116,8
49153,9
49237,10
49268,11
49682,12
53017,13
53363,14
53391,15
53477,16
53638,17
62421,18
62915,19
63478,20
63567,21
63755,22
63941,23
64451,24
64751,25
64923,26
65078,27
65234,28
74853,29
75107,30
75216,31
75478,32
75519,33
75703,34
83057,35
83189,36
83381,37
85906,38
26,1
141,2
172,3
204,4
318,5
993,6
1252,7
1300,8
1896,9
1999,10
2080,11
2236,12
2562,13
3759,14
4285,15
4338,16
4421,17
4564,18
5016,19
5033,20
5054,21
5203,22
5247,23
5407,24
5617,25
5701,26
5856,27
5902,28
6023,29
6084,30
6405,31
6596,32
29761,33
29882,34
29981,35
30042,36
30117,37
30203,38
30660,39
31015,40
31305,41
31843,42
32203,43
32511,44
32597,45
32699,46
32835,47
33026,48
33163,49
33362,50
33556,51
33721,52
33829,53
33864,54
40636,55
40709,56
40769,57
41133,58
41351,59
48630,60
56978,61
60390,62
60436,63
60493,64
60596,65
60715,66
60789,67
64616,68
67971,69
68068,70
68679,71
68837,72
69055,73
69134,74
76069,75
76576,76
76629,77
3727,1
3995,2
4329,3
4630,4
4777,5
5465,6
5803,7
29071,8
29132,9
29363,10
29431,11
29795,12
29857,13
30651,14
34230,15
34335,16
34368,17
34461,18
36400,19
36563,20
37419,21
54613,22
54704,23
60295,24
60378,25
61063,26
61739,27
62024,28
62156,29
62782,30
65107,31
65213,32
66652,33
75962,34
76012,35
78000,36
78245,37
78421,38
78492,39
78559,40
78574,41
78770,42
79040,43
79362,44
81520,45
81544,46
82057,47
82564,48
82936,49
83044,50
83413,51
85082,52
85374,53
85392,54
85435,55
85491,56
85637,57
85713,58
86250,59
86354,60
25,1
213,2
261,3
370,4
508,5
1031,6
1152,7
1249,8
1402,9
1458,10
1724,11
5144,12
5236,13
5325,14
5444,15
5568,16
5590,17
23947,18
24294,19
24600,20
24683,21
24703,22
24793,23
24832,24
25472,25
25610,26
25768,27
25831,28
25856,29
25873,30
25950,31
26108,32
26247,33
26290,34
26367,35
26386,36
26413,37
49073,38
49506,39
49652,40
50381,41
50408,42
50474,43
50519,44
50693,45
50747,46
50769,47
50798,48
50863,49
50961,50
50976,51
52003,52
58956,53
3567,1
4863,2
4883,3
5010,4
5135,5
5180,6
5541,7
6019,8
6318,9
6387,10
6774,11
6960,12
7095,13
7376,14
7637,15
8652,16
9343,17
9422,18
9478,19
9780,20
9934,21
10021,22
10145,23
10193,24
19572,25
19767,26
20241,27
20332,28
20544,29
20607,30
20826,31
20957,32
20994,33
21509,34
21724,35
21790,36
21958,37
21999,38
22169,39
22230,40
22374,41
40528,42
40548,43
41914,44
42190,45
45046,46
45094,47
46892,48
46964,49
46978,50
46995,51
47790,52
47817,53
48070,54
48117,55
48166,56
48913,57
50118,58
50160,59
50300,60
50969,61
51053,62
51298,63
51385,64
51412,65
53468,66
53518,67
53585,68
53768,69
53816,70
53850,71
54382,72
56051,73
56220,74
56425,75
56447,76
56525,77
56776,78
56797,79
57182,80
57196,81
57212,82
58169,83
58213,84
59859,85
59917,86
66974,87
69122,88
69157,89
69278,90
10790,1
11176,2
11234,3
11305,4
11400,5
11479,6
11513,7
11662,8
11808,9
12105,10
12254,11
12292,12
12370,13
12404,14
12420,15
12443,16
12457,17
12539,18
12632,19
12677,20
12928,21
13044,22
13223,23
13260,24
13280,25
13305,26
13432,27
13442,28
15494,29
16184,30
16229,31
33056,32
39839,33
39985,34
40169,35
41262,36
41389,37
41793,38
42041,39
42323,40
42381,41
42539,42
42601,43
43468,44
43618,45
43680,46
44014,47
44083,48
44181,49
44231,50
44335,51
44432,52
44534,53
44921,54
46252,55
46467,56
46550,57
46707,58
46864,59
46942,60
50642,61
50772,62
50841,63
51684,64
51704,65
52078,66
52348,67
52381,68
52931,69
53092,70
54250,71
54300,72
59118,73
60152,74
60153,75
81872,76
82133,77
82160,78
82766,79
82886,80
82905,81
83062,82
83083,83
83216,84
83287,85
84419,86
84708,87
84758,88
84904,89
85055,90
85202,91
86310,92
843,1
1697,2
2714,3
2894,4
2992,5
3076,6
3774,7
3927,8
4367,9
4661,10
5223,11
5307,12
5453,13
5603,14
5622,15
5670,16
5786,17
5870,18
5993,19
6096,20
6160,21
6204,22
6244,23
6330,24
6494,25
6542,26
6739,27
6884,28
7051,29
7457,30
7834,31
7895,32
7940,33
8257,34
8348,35
8883,36
8938,37
9047,38
9125,39
9280,40
9324,41
9393,42
10258,43
10297,44
10340,45
10476,46
10609,47
10761,48
10813,49
10918,50
11018,51
11171,52
11205,53
11290,54
11322,55
36331,56
39627,57
39741,58
40464,59
40673,60
40761,61
40899,62
41368,63
41427,64
41570,65
41861,66
41895,67
42191,68
42480,69
42587,70
42698,71
42734,72
42762,73
42933,74
45721,75
45739,76
45901,77
45980,78
46086,79
48604,80
51086,81
51381,82
51381,83
51449,84
52162,85
52186,86
52203,87
52209,88
52250,89
52304,90
52392,91
52411,92
52422,93
52441,94
52498,95
52526,96
52570,97
53102,98
60785,99
60974,100
61027,101
63891,102
63896,103
64219,104
65134,105
65175,106
65275,107
81420,108
81755,109
81974,110
82182,111
82256,112
82389,113
82439,114
82569,115
82777,116
83290,117
83376,118
83750,119
83860,120
84640,121
85537,122
85625,123
85746,124
495,1
556,2
560,3
1243,4
1341,5
1371,6
1478,7
1506,8
2440,9
3023,10
7264,11
8140,12
8175,13
8263,14
8285,15
8488,16
8599,17
8969,18
9153,19
9295,20
9319,21
9349,22
9556,23
9817,24
9966,25
10952,26
10981,27
12908,28
12987,29
13472,30
13864,31
13991,32
14014,33
14392,34
14435,35
14474,36
14604,37
14651,38
14673,39
14848,40
14880,41
40445,42
40608,43
40743,44
40823,45
40992,46
41033,47
41201,48
41289,49
41505,50
41744,51
41942,52
42149,53
42457,54
42519,55
42586,56
42709,57
42806,58
43000,59
43021,60
43060,61
43115,62
43226,63
43461,64
43554,65
44431,66
44461,67
44533,68
47258,69
47573,70
47689,71
47790,72
47832,73
47884,74
48180,75
48288,76
48408,77
48420,78
48996,79
49177,80
49196,81
50943,82
51149,83
53602,84
54143,85
54214,86
54329,87
54514,88
54752,89
54790,90
55018,91
55128,92
55228,93
56532,94
62917,95
65163,96
66773,97
66872,98
66901,99
66936,100
67182,101
67262,102
70305,103
70546,104
70754,105
71499,106
72183,107
72267,108
79453,109
79501,110
82661,111
82741,112
82769,113
82824,114
784,1
1703,2
2909,3
4769,4
4774,5
7118,6
7921,7
7936,8
8059,9
8115,10
8364,11
8441,12
8655,13
33413,14
33442,15
34264,16
34345,17
34461,18
34600,19
34654,20
34736,21
34792,22
36630,23
36667,24
36801,25
36890,26
37164,27
37570,28
37621,29
37719,30
37774,31
38322,32
38498,33
38517,34
39160,35
39332,36
39430,37
40323,38
40464,39
40524,40
40730,41
41599,42
42069,43
42130,44
42153,45
42185,46
43161,47
43232,48
43317,49
43431,50
43508,51
43569,52
43740,53
43778,54
43814,55
46180,56
46244,57
46307,58
46353,59
47914,60
48469,61
48500,62
48748,63
49317,64
50627,65
50680,66
50713,67
51246,68
51253,69
51315,70
53676,71
53742,72
54157,73
54495,74
54919,75
56582,76
60546,77
60738,78
60853,79
61968,80
62082,81
62123,82
65464,83
65673,84
71086,85
76178,86
80697,87
81694,88
86236,89
3970,1
3999,2
4365,3
4384,4
4503,5
4620,6
4646,7
4658,8
4668,9
5164,10
5391,11
5832,12
31680,13
31934,14
32717,15
33756,16
33830,17
33921,18
40013,19
40075,20
40200,21
40426,22
40452,23
40468,24
40530,25
41000,26
41068,27
41180,28
41246,29
41413,30
41490,31
41881,32
41907,33
41967,34
41976,35
42146,36
44169,37
44893,38
50492,39
50510,40
51108,41
51201,42
57317,43
58363,44
58425,45
58453,46
58479,47
58502,48
66579,49
70763,50
73039,51
73068,52
73187,53
73484,54
73715,55
73738,56
76875,57
77364,58
78481,59
78746,60
79167,61
79676,62
79771,63
79895,64
80052,65
80200,66
80221,67
80459,68
80491,69
80830,70
80855,71
81076,72
82110,73
82156,74
82277,75
82341,76
82352,77
84697,78
85262,79
85353,80
85454,81
85476,82
85705,83
86126,84
148,1
277,2
923,3
28611,4
28644,5
29249,6
29403,7
30402,8
30495,9
30804,10
31302,11
31525,12
31569,13
31607,14
31689,15
31921,16
31964,17
32013,18
32039,19
32242,20
32265,21
32302,22
32597,23
32667,24
32724,25
32754,26
32779,27
32792,28
32948,29
32993,30
33084,31
33101,32
33296,33
33400,34
34056,35
34113,36
34188,37
34366,38
34386,39
34498,40
36981,41
37503,42
37612,43
37761,44
37821,45
38396,46
54786,47
54810,48
56565,49
56629,50
56836,51
56935,52
58102,53
58256,54
59681,55
59884,56
59967,57
60069,58
60087,59
60122,60
60159,61
60310,62
60370,63
60903,64
60927,65
60946,66
61203,67
61532,68
61773,69
61922,70
62205,71
62298,72
62315,73
62335,74
62443,75
62492,76
62522,77
62836,78
65325,79
65397,80
65448,81
66387,82
69854,83
70011,84
70142,85
70387,86
70457,87
71315,88
73362,89
73468,90
73543,91
73589,92
73711,93
74211,94
75482,95
76361,96
83614,97
83915,98
83979,99
86065,100
86204,101
1421,1
1522,2
18761,3
20264,4
20322,5
20445,6
20662,7
20727,8
20772,9
20854,10
21011,11
21320,12
21346,13
21570,14
44169,15
44906,16
45913,17
46440,18
46624,19
46686,20
47114,21
47231,22
47263,23
47356,24
47640,25
47689,26
47703,27
47717,28
51777,29
51784,30
51919,31
53517,32
53544,33
53722,34
54171,35
54492,36
54559,37
54717,38
54755,39
54789,40
54834,41
54849,42
54922,43
54956,44
54978,45
55046,46
55067,47
55079,48
55176,49
55207,50
55238,51
55390,52
55620,53
55651,54
55667,55
55683,56
55754,57
56027,58
56114,59
56127,60
56317,61
57844,62
57885,63
57918,64
67737,65
69101,66
69266,67
69279,68
69308,69
69348,70
69369,71
72893,72
74686,73
74705,74
74717,75
75052,76
75069,77
76533,78
85013,79
4493,1
4680,2
4804,3
6016,4
6287,5
7184,6
7206,7
7290,8
7578,9
7671,10
7691,11
7775,12
7911,13
8056,14
8172,15
8238,16
8395,17
8495,18
8660,19
8678,20
9819,21
9831,22
10343,23
10359,24
10436,25
10620,26
10936,27
10973,28
11024,29
11129,30
28954,31
29085,32
29110,33
29254,34
29336,35
29488,36
29554,37
29788,38
29860,39
30126,40
30698,41
30830,42
30965,43
31155,44
31267,45
31336,46
31591,47
31745,48
31882,49
32035,50
32251,51
32285,52
32290,53
32491,54
32585,55
32661,56
33033,57
33204,58
33227,59
33344,60
33392,61
33453,62
33596,63
33655,64
34049,65
34747,66
34951,67
35032,68
35138,69
42847,70
43017,71
43108,72
43535,73
43651,74
43817,75
43883,76
43953,77
43981,78
44083,79
44624,80
44697,81
49671,82
49776,83
49787,84
49831,85
50151,86
50193,87
50219,88
50262,89
50296,90
50322,91
50409,92
50536,93
50572,94
50594,95
50605,96
50630,97
53845,98
54014,99
54120,100
54137,101
56373,102
57054,103
57060,104
58062,105
58108,106
58359,107
58414,108
63401,109
63430,110
63468,111
63469,112
63486,113
63537,114
63656,115
63664,116
63736,117
64097,118
64406,119
64418,120
64451,121
64704,122
64848,123
64954,124
69895,125
69916,126
70392,127
70409,128
70443,129
71187,130
71431,131
81348,132
81415,133
81539,134
82386,135
82547,136
83100,137
83160,138
83194,139
758,1
796,2
828,3
947,4
1150,5
1432,6
1466,7
1512,8
2638,9
2658,10
2671,11
2720,12
3167,13
3269,14
3984,15
4016,16
4489,17
4501,18
4531,19
4565,20
4973,21
5038,22
5086,23
5833,24
5968,25
6335,26
6622,27
6897,28
7287,29
7550,30
10638,31
10792,32
10914,33
11029,34
11114,35
11291,36
11354,37
11805,38
11836,39
11852,40
12134,41
12152,42
12190,43
12243,44
12263,45
12309,46
12381,47
13339,48
13362,49
13418,50
13652,51
13674,52
13693,53
13720,54
13755,55
13927,56
13974,57
14239,58
14296,59
14325,60
16451,61
16497,62
16530,63
16535,64
16911,65
17011,66
17385,67
17545,68
17696,69
18205,70
18247,71
18470,72
36624,73
36875,74
36953,75
37013,76
37834,77
37903,78
38115,79
38371,80
38465,81
38485,82
38513,83
38550,84
38859,85
39144,86
39219,87
39374,88
40724,89
41521,90
41650,91
41693,92
41715,93
41786,94
41800,95
41814,96
43420,97
43523,98
43815,99
44448,100
44528,101
44751,102
44825,103
44868,104
44915,105
44980,106
44993,107
45124,108
45362,109
45401,110
45634,111
45684,112
45736,113
46039,114
46070,115
46325,116
48693,117
48745,118
48805,119
49068,120
49281,121
51387,122
51407,123
51446,124
51511,125
52168,126
53249,127
53573,128
53603,129
53635,130
53645,131
53670,132
53753,133
53785,134
54416,135
54495,136
54577,137
54644,138
54812,139
54844,140
54876,141
55876,142
56240,143
56533,144
57235,145
57573,146
57684,147
59226,148
59587,149
59773,150
59869,151
60180,152
60506,153
60567,154
60707,155
60888,156
60909,157
70930,158
71026,159
71180,160
85918,161
85922,162
85933,163
575,1
682,2
884,3
1007,4
1029,5
1078,6
2508,7
2648,8
2879,9
3583,10
3735,11
3825,12
4158,13
4362,14
4624,15
4769,16
5013,17
5044,18
5112,19
5296,20
9484,21
9559,22
9600,23
9623,24
9639,25
9753,26
10215,27
10336,28
10409,29
10552,30
11025,31
11189,32
12277,33
12539,34
12593,35
12629,36
12681,37
12726,38
13018,39
13041,40
13201,41
13570,42
13638,43
14220,44
14257,45
14276,46
14318,47
14419,48
14507,49
14864,50
15342,51
15479,52
15584,53
15603,54
15649,55
15681,56
15957,57
16085,58
16202,59
17181,60
17289,61
17327,62
18035,63
18327,64
19553,65
19853,66
19893,67
20204,68
20411,69
20646,70
41314,71
41318,72
45487,73
45648,74
45717,75
45973,76
46024,77
46093,78
46260,79
46738,80
46765,81
46862,82
46869,83
47004,84
47104,85
47195,86
47317,87
47425,88
47432,89
47539,90
47680,91
47993,92
48102,93
48292,94
48312,95
48443,96
48515,97
48590,98
48665,99
48692,100
48782,101
48798,102
48883,103
49089,104
49120,105
49456,106
49503,107
49516,108
49535,109
49629,110
49726,111
49773,112
49891,113
49924,114
49964,115
50117,116
50302,117
50320,118
50364,119
50614,120
52201,121
53141,122
53166,123
53185,124
53297,125
53512,126
53672,127
54033,128
54053,129
60585,130
63221,131
63285,132
68653,133
71800,134
71834,135
71873,136
71980,137
72228,138
72308,139
72336,140
72569,141
72666,142
78040,143
78055,144
78117,145
78158,146
78190,147
80414,148
82491,149
82692,150
82814,151
82889,152
82897,153
83017,154
83057,155
83080,156
83188,157
83810,158
607,1
747,2
896,3
993,4
2123,5
2622,6
2714,7
2917,8
3172,9
3217,10
3876,11
4040,12
4324,13
4561,14
4644,15
4733,16
4758,17
4780,18
4882,19
4980,20
5746,21
5839,22
6703,23
6775,24
7047,25
7258,26
7497,27
7675,28
7691,29
7750,30
7980,31
8032,32
36212,33
36280,34
36388,35
36622,36
36961,37
37261,38
37501,39
37585,40
37734,41
38120,42
38629,43
38833,44
38886,45
38887,46
38978,47
39006,48
39342,49
39867,50
40386,51
41015,52
41783,53
41891,54
42006,55
42051,56
42959,57
43415,58
44396,59
44851,60
45113,61
45140,62
45374,63
45819,64
45842,65
46080,66
46306,67
46326,68
46374,69
46412,70
48248,71
48253,72
48623,73
48792,74
49431,75
51663,76
55880,77
56063,78
56358,79
56411,80
56456,81
56814,82
56903,83
63423,84
65323,85
65484,86
67762,87
67820,88
68584,89
68636,90
68658,91
68714,92
68809,93
71370,94
71462,95
71792,96
71888,97
72056,98
72216,99
74991,100
76745,101
76963,102
80912,103
81006,104
81034,105
81054,106
81306,107
81412,108
81614,109
81692,110
81794,111
81991,112
82161,113
82426,114
83508,115
83908,116
84236,117
85090,118
85204,119
85358,120
85779,121
85998,122
86223,123
2276,1
2706,2
2824,3
2884,4
2920,5
3048,6
3381,7
3776,8
3809,9
3850,10
3887,11
4111,12
4154,13
4169,14
4215,15
4814,16
5062,17
5116,18
5203,19
5450,20
5593,21
5980,22
6075,23
6192,24
6255,25
6369,26
12653,27
12938,28
13358,29
13927,30
13971,31
14006,32
14264,33
14519,34
14607,35
14673,36
14733,37
14811,38
15015,39
15079,40
15192,41
15471,42
15619,43
15639,44
15669,45
15802,46
15832,47
15867,48
15961,49
16002,50
16163,51
16312,52
16414,53
16428,54
16649,55
17554,56
17680,57
17759,58
18479,59
35640,60
37294,61
37567,62
37661,63
38075,64
38133,65
38303,66
38387,67
38451,68
38512,69
38536,70
38563,71
38723,72
38800,73
38901,74
38939,75
39014,76
39084,77
39758,78
39866,79
39951,80
40075,81
55700,82
55732,83
55766,84
55782,85
55892,86
56010,87
56031,88
56204,89
56295,90
64625,91
65499,92
65544,93
65671,94
66129,95
66836,96
77379,97
78107,98
599,1
806,2
855,3
886,4
972,5
1095,6
1363,7
1417,8
1480,9
1498,10
1684,11
1979,12
2083,13
2151,14
2243,15
3188,16
3288,17
3418,18
3645,19
4219,20
5069,21
5475,22
5549,23
5633,24
5682,25
6154,26
6181,27
6310,28
6455,29
34162,30
36411,31
36487,32
36573,33
36591,34
36738,35
36750,36
38661,37
38937,38
39062,39
54579,40
54983,41
56312,42
56817,43
57028,44
58144,45
62515,46
63017,47
74166,48
75010,49
75247,50
76912,51
76972,52
77496,53
77906,54
78902,55
80029,56
80177,57
80197,58
80526,59
80550,60
81087,61
81139,62
81930,63
82157,64
82580,65
83027,66
84058,67
84479,68
84560,69
84912,70
85022,71
85046,72
85175,73
85322,74
85454,75
85595,76
85762,77
85776,78
3726,1
3775,2
3809,3
4088,4
4285,5
4399,6
17791,7
17819,8
17834,9
17870,10
18092,11
18465,12
18576,13
18595,14
18648,15
18694,16
18722,17
46948,18
47060,19
47125,20
50111,21
51274,22
51292,23
53730,24
54333,25
54345,26
54385,27
54522,28
54537,29
57908,30
58042,31
58103,32
59130,33
61048,34
61092,35
61199,36
62391,37
63579,38
63717,39
63736,40
63751,41
63838,42
63861,43
63907,44
64012,45
64384,46
65588,47
65618,48
65748,49
66301,50
66384,51
66508,52
66925,53
67002,54
67080,55
67471,56
67526,57
67647,58
67737,59
67849,60
71944,61
72090,62
77663,63
77780,64
79084,65
79184,66
28322,1
29373,2
42029,3
57943,4
60844,5
64921,6
65028,7
76070,8
76696,9
76723,10
76840,11
77158,12
77295,13
77439,14
77612,15
77964,16
78241,17
78257,18
84166,19
86143,20
86241,21
591,1
762,2
1141,3
1171,4
1928,5
2248,6
2320,7
2607,8
2935,9
3091,10
3290,11
3316,12
3411,13
3466,14
6706,15
6799,16
7055,17
7234,18
7388,19
7455,20
7585,21
7710,22
7717,23
7749,24
7792,25
8026,26
8253,27
8341,28
8460,29
8513,30
8656,31
8735,32
9344,33
10221,34
10294,35
10607,36
11132,37
11761,38
11895,39
12272,40
13016,41
13145,42
13266,43
13394,44
13626,45
13690,46
13761,47
14403,48
14601,49
14616,50
14926,51
15024,52
15303,53
33711,54
35032,55
35101,56
35549,57
35698,58
35739,59
35896,60
37146,61
37229,62
37312,63
37370,64
39103,65
39411,66
40086,67
40281,68
40847,69
41071,70
41573,71
41783,72
42552,73
42785,74
42947,75
43607,76
43654,77
44526,78
45076,79
45166,80
45255,81
45692,82
45728,83
45836,84
45873,85
45925,86
46387,87
47954,88
48418,89
48647,90
49017,91
49035,92
49701,93
49926,94
50771,95
51137,96
52673,97
54919,98
54979,99
56629,100
58054,101
58258,102
58265,103
58666,104
59363,105
59673,106
59784,107
64718,108
65343,109
66796,110
67148,111
69449,112
70229,113
70311,114
70597,115
70628,116
74637,117
74941,118
74953,119
75503,120
75641,121
75679,122
75748,123
78879,124
80186,125
82780,126
83065,127
86096,128
863,1
1028,2
1144,3
1227,4
4774,5
5531,6
10231,7
11076,8
13062,9
13517,10
13788,11
13906,12
14260,13
14283,14
14372,15
14832,16
14903,17
16370,18
16610,19
17513,20
17594,21
18161,22
18408,23
18509,24
18910,25
18925,26
31671,27
31897,28
31975,29
32242,30
40960,31
41966,32
42075,33
42300,34
42437,35
42765,36
42981,37
43920,38
44490,39
44534,40
44703,41
44855,42
44899,43
45062,44
45253,45
45331,46
45506,47
45652,48
45931,49
45965,50
46087,51
46935,52
47903,53
48352,54
48414,55
48879,56
49563,57
49904,58
51880,59
52045,60
52179,61
52247,62
52296,63
52332,64
52396,65
52432,66
56290,67
57593,68
57772,69
57875,70
59312,71
59438,72
59590,73
59819,74
60276,75
63480,76
65098,77
65282,78
65304,79
65446,80
68972,81
74575,82
74616,83
74680,84
74969,85
80130,86
80584,87
80776,88
80872,89
80898,90
81626,91
81666,92
81746,93
81821,94
81951,95
82050,96
82161,97
82703,98
82754,99
84297,100
84439,101
84454,102
84476,103
85688,104
85898,105
85953,106
86067,107
86094,108
86193,109
391,1
798,2
856,3
928,4
1152,5
1199,6
1502,7
1633,8
1756,9
1789,10
2495,11
2562,12
3146,13
4888,14
5157,15
5896,16
6196,17
7047,18
7246,19
7959,20
8104,21
8200,22
8295,23
10238,24
10664,25
11241,26
11522,27
12861,28
13088,29
14285,30
15152,31
15349,32
15459,33
15506,34
15584,35
15663,36
17261,37
18145,38
18238,39
18548,40
18622,41
18692,42
18863,43
18898,44
19079,45
19824,46
19862,47
19954,48
20034,49
20106,50
20285,51
21093,52
21349,53
21380,54
35040,55
36015,56
36469,57
37776,58
39979,59
49564,60
49840,61
49946,62
50268,63
50332,64
50400,65
50467,66
50547,67
51241,68
51524,69
52931,70
53016,71
53594,72
53713,73
53801,74
54152,75
54158,76
54209,77
54338,78
56350,79
58848,80
58934,81
58961,82
59007,83
59065,84
59147,85
59201,86
70700,87
79587,88
80285,89
80549,90
80886,91
80951,92
81002,93
81089,94
81173,95
81739,96
82560,97
82724,98
82812,99
82963,100
83002,101
83119,102
83210,103
83310,104
85926,105
85967,106
86030,107
86054,108
86119,109
1002,1
1068,2
1122,3
1275,4
1447,5
1953,6
2133,7
2855,8
3279,9
3371,10
29769,11
30046,12
30072,13
30155,14
30413,15
30502,16
30641,17
30821,18
30908,19
30927,20
31015,21
31099,22
31283,23
31411,24
32042,25
32188,26
32478,27
33087,28
33144,29
33365,30
33648,31
33939,32
34506,33
34538,34
34848,35
35425,36
35880,37
35955,38
36335,39
36402,40
36533,41
39987,42
40291,43
40303,44
40434,45
40478,46
40766,47
40785,48
41014,49
41710,50
41754,51
41783,52
41951,53
42401,54
42414,55
43449,56
43549,57
45071,58
47340,59
47446,60
47504,61
47535,62
59080,63
59118,64
59231,65
60363,66
60387,67
60500,68
60780,69
60836,70
66563,71
66626,72
66811,73
66906,74
67066,75
67126,76
67323,77
67369,78
67947,79
80502,80
80767,81
80830,82
80965,83
81186,84
81235,85
81298,86
81355,87
81612,88
81698,89
81729,90
83162,91
83204,92
83257,93
83458,94
83524,95
83681,96
83945,97
84602,98
84792,99
85734,100
86386,101
424,1
893,2
2025,3
2044,4
3987,5
4122,6
4220,7
5846,8
5878,9
5921,10
5965,11
6128,12
6148,13
6190,14
6263,15
6716,16
6740,17
6793,18
7298,19
7470,20
8564,21
8607,22
8670,23
8847,24
9211,25
9381,26
9444,27
9496,28
9537,29
9566,30
9617,31
9693,32
9782,33
39512,34
39546,35
39936,36
40270,37
40840,38
40921,39
41294,40
42298,41
42759,42
42787,43
42816,44
43240,45
43873,46
44038,47
44327,48
44543,49
44796,50
45107,51
45169,52
45338,53
45367,54
45419,55
45449,56
46032,57
46052,58
46710,59
46894,60
46974,61
47000,62
52600,63
52701,64
52900,65
56786,66
56990,67
57217,68
57512,69
57793,70
57876,71
58063,72
60152,73
60204,74
60225,75
60289,76
60309,77
60319,78
60848,79
64665,80
65187,81
66037,82
66116,83
66177,84
67931,85
68156,86
68211,87
68281,88
68314,89
68839,90
69387,91
69572,92
69636,93
70809,94
71238,95
71750,96
72144,97
73870,98
76122,99
6647,1
8951,2
8972,3
10856,4
11006,5
11293,6
11305,7
11446,8
11846,9
11927,10
12111,11
12254,12
12451,13
14795,14
14833,15
14901,16
14955,17
15138,18
15216,19
15347,20
15536,21
15841,22
15872,23
16194,24
16429,25
16459,26
16625,27
17403,28
17438,29
17570,30
17615,31
17797,32
17823,33
17846,34
17945,35
17996,36
18140,37
18346,38
18596,39
18946,40
19037,41
19081,42
19315,43
19488,44
40128,45
40295,46
41582,47
41974,48
42040,49
42079,50
42171,51
42286,52
42384,53
42570,54
42660,55
42809,56
43072,57
43409,58
43425,59
43723,60
44283,61
45015,62
45279,63
45404,64
45424,65
45446,66
45558,67
45669,68
45959,69
49068,70
49129,71
49184,72
49629,73
49705,74
49866,75
49934,76
50054,77
50160,78
50345,79
50496,80
50522,81
50559,82
51053,83
51531,84
51577,85
51635,86
52115,87
52493,88
52884,89
53185,90
54336,91
54764,92
54798,93
54817,94
55935,95
56516,96
56570,97
56679,98
56838,99
57110,100
57146,101
57413,102
57530,103
57879,104
58034,105
58983,106
59034,107
61718,108
61859,109
63212,110
63248,111
63369,112
63478,113
63785,114
63799,115
64153,116
64236,117
64279,118
64291,119
64327,120
64436,121
64490,122
64665,123
64799,124
65098,125
65780,126
65903,127
66074,128
66275,129
66939,130
74100,131
75116,132
75198,133
77801,134
78100,135
78128,136
78807,137
78826,138
78912,139
80573,140
80602,141
81023,142
81038,143
81410,144
81758,145
81818,146
82044,147
83088,148
83435,149
83616,150
84703,151
85096,152
85642,153
85841,154
85921,155
86256,156
86266,157
120,1
759,2
1087,3
1142,4
1271,5
1326,6
2177,7
2330,8
30909,9
31400,10
31547,11
31605,12
31660,13
31757,14
32705,15
32786,16
32875,17
33177,18
33244,19
33283,20
33480,21
33529,22
33815,23
33920,24
34027,25
34041,26
34225,27
34271,28
34300,29
34395,30
34532,31
34922,32
35172,33
35268,34
36035,35
36917,36
37047,37
43340,38
43364,39
54338,40
58162,41
58381,42
58960,43
59107,44
59159,45
60230,46
60295,47
60984,48
61010,49
61128,50
61223,51
61280,52
61480,53
61562,54
62893,55
62931,56
63107,57
63404,58
63487,59
63628,60
67872,61
68002,62
68636,63
69126,64
69141,65
69275,66
69398,67
69479,68
69626,69
69655,70
69750,71
70482,72
70795,73
70966,74
71496,75
71823,76
73191,77
74065,78
74092,79
74712,80
74799,81
74968,82
75142,83
76558,84
76807,85
76893,86
79291,87
79409,88
79924,89
80321,90
80370,91
80572,92
80846,93
81785,94
82080,95
82110,96
82932,97
83012,98
83114,99
83214,100
538,1
948,2
1773,3
2033,4
2281,5
2534,6
2605,7
3790,8
3828,9
6496,10
19749,11
20292,12
20596,13
20816,14
20886,15
20949,16
21339,17
22694,18
23177,19
23213,20
23902,21
23916,22
24404,23
37750,24
37869,25
37950,26
38600,27
38647,28
39195,29
39299,30
40046,31
40402,32
42076,33
42653,34
43132,35
43561,36
43569,37
45055,38
45586,39
45646,40
45716,41
45812,42
45871,43
46011,44
46014,45
46110,46
46670,47
47660,48
47684,49
48313,50
48321,51
48430,52
48491,53
48511,54
48547,55
48708,56
49099,57
49158,58
49383,59
49404,60
49442,61
49528,62
50882,63
51040,64
51065,65
51277,66
51493,67
52165,68
52587,69
53439,70
55230,71
55500,72
56239,73
57921,74
58275,75
59325,76
59340,77
59450,78
59686,79
60087,80
60266,81
60843,82
60860,83
63250,84
66129,85
66158,86
66164,87
66650,88
67363,89
67880,90
67943,91
68083,92
68306,93
68327,94
68442,95
68506,96
68538,97
68794,98
68971,99
69491,100
69534,101
69568,102
69604,103
69656,104
69847,105
69871,106
70174,107
70465,108
70593,109
70720,110
70757,111
70831,112
71051,113
71214,114
71251,115
72053,116
72186,117
72257,118
72380,119
73723,120
73781,121
73809,122
74018,123
74538,124
74624,125
74900,126
74983,127
76046,128
76214,129
76372,130
76438,131
77623,132
77748,133
79407,134
79485,135
79636,136
79777,137
80217,138
80284,139
80429,140
80667,141
80926,142
81027,143
81290,144
81311,145
81439,146
81934,147
82390,148
82877,149
83042,150
84873,151
84952,152
85215,153
85270,154
85423,155
86172,156
86336,157
86373,158
14,1
124,2
1931,3
2001,4
5323,5
5337,6
5444,7
7894,8
8025,9
8068,10
8111,11
8680,12
9252,13
9376,14
10152,15
10221,16
10538,17
12763,18
12990,19
13053,20
13338,21
14062,22
14214,23
14888,24
15116,25
15324,26
16051,27
18263,28
18452,29
19299,30
37906,31
39182,32
39212,33
39239,34
39345,35
39528,36
39569,37
39767,38
39795,39
39903,40
40191,41
40306,42
40336,43
40663,44
40776,45
41506,46
41563,47
41846,48
42188,49
42207,50
42883,51
43479,52
46231,53
46264,54
46447,55
46486,56
47528,57
47609,58
48065,59
48230,60
48421,61
48622,62
48684,63
48843,64
48960,65
49075,66
49240,67
49451,68
51144,69
51198,70
51247,71
51624,72
51629,73
51721,74
51900,75
51932,76
52033,77
52140,78
52516,79
52552,80
52562,81
52771,82
52824,83
53322,84
53397,85
53512,86
54242,87
56080,88
57743,89
57932,90
58053,91
59276,92
59325,93
59714,94
61574,95
61616,96
61697,97
62063,98
62211,99
62391,100
62690,101
63175,102
64586,103
64755,104
65224,105
65294,106
65363,107
65395,108
65410,109
66360,110
66478,111
69241,112
70328,113
70824,114
71459,115
71713,116
71734,117
74139,118
74160,119
83323,120
83361,121
85076,122
365,1
1054,2
1291,3
1560,4
6913,5
30037,6
30074,7
30586,8
30771,9
31176,10
31784,11
31825,12
31922,13
31994,14
32037,15
32125,16
32184,17
33211,18
33276,19
33291,20
33527,21
34037,22
34091,23
34107,24
34152,25
34193,26
36157,27
36329,28
36426,29
36584,30
36664,31
36703,32
36732,33
37611,34
52145,35
52285,36
52316,37
52410,38
52462,39
52499,40
52703,41
53194,42
56996,43
59941,44
61723,45
61769,46
61798,47
61883,48
63804,49
76003,50
76266,51
76315,52
78537,53
78967,54
79049,55
79461,56
80740,57
80873,58
82776,59
85341,60
183,1
865,2
2004,3
2441,4
2681,5
2978,6
3410,7
4100,8
4549,9
4645,10
30572,11
30580,12
30836,13
32760,14
32924,15
32940,16
33047,17
33219,18
33995,19
34033,20
34740,21
35005,22
35092,23
35274,24
35381,25
35758,26
36594,27
37305,28
37562,29
38202,30
38353,31
38462,32
38557,33
38903,34
39108,35
39284,36
39314,37
39510,38
39553,39
42016,40
45245,41
45516,42
46517,43
46556,44
46627,45
47589,46
50312,47
50387,48
51180,49
51381,50
51875,51
63848,52
63861,53
66105,54
66216,55
66355,56
66760,57
66854,58
67087,59
67774,60
68496,61
75268,62
75740,63
76121,64
78989,65
80142,66
80499,67
80946,68
7676,1
8272,2
8331,3
8625,4
9166,5
9652,6
12447,7
12570,8
12704,9
12716,10
12866,11
12899,12
12993,13
15058,14
15111,15
15235,16
15346,17
15426,18
15457,19
15623,20
15789,21
17018,22
17434,23
18942,24
19141,25
35227,26
35582,27
36609,28
36663,29
36817,30
36983,31
37596,32
37872,33
38078,34
38108,35
38429,36
38665,37
40420,38
41559,39
41621,40
42014,41
42162,42
42186,43
42533,44
42710,45
43039,46
43287,47
43533,48
44295,49
44330,50
44366,51
45932,52
46027,53
46055,54
46118,55
46297,56
47060,57
47218,58
47240,59
47391,60
47420,61
47452,62
47471,63
53374,64
53436,65
53491,66
54645,67
54756,68
54963,69
55628,70
55836,71
56110,72
57046,73
57124,74
57604,75
57671,76
57786,77
58016,78
58218,79
58309,80
60175,81
60354,82
60508,83
61680,84
62017,85
65508,86
65897,87
65983,88
67343,89
67364,90
67489,91
67670,92
68504,93
68576,94
68663,95
68738,96
83451,97
1798,1
1858,2
32083,3
32188,4
32295,5
33220,6
33319,7
33812,8
34366,9
35863,10
36095,11
36914,12
36952,13
47007,14
48068,15
49595,16
51063,17
53500,18
56370,19
56469,20
57430,21
57536,22
64949,23
65929,24
66004,25
70547,26
70861,27
71257,28
72348,29
72375,30
72559,31
73954,32
73970,33
74126,34
74214,35
74594,36
77087,37
77623,38
77733,39
78957,40
79043,41
1204,1
1326,2
1330,3
1751,4
2416,5
2440,6
2608,7
3895,8
3961,9
18357,10
19524,11
19690,12
19740,13
19748,14
20116,15
20179,16
20278,17
20309,18
20328,19
20364,20
20480,21
20559,22
20992,23
21178,24
21224,25
21469,26
21578,27
21605,28
21896,29
22022,30
22419,31
22464,32
22809,33
22855,34
34976,35
35548,36
36268,37
36364,38
36815,39
36914,40
38069,41
38190,42
38315,43
38459,44
38522,45
38667,46
39529,47
39667,48
40058,49
40538,50
40648,51
40881,52
40979,53
41069,54
41101,55
41160,56
41844,57
41904,58
41931,59
41942,60
42062,61
42068,62
42214,63
42275,64
44323,65
44414,66
44546,67
45454,68
45671,69
45724,70
46209,71
47829,72
51417,73
51544,74
54631,75
54815,76
55231,77
55258,78
55269,79
55386,80
55434,81
56303,82
59498,83
59775,84
61024,85
63963,86
64081,87
64206,88
64842,89
73459,90
81147,91
81178,92
81390,93
81667,94
81740,95
82691,96
82874,97
82939,98
83891,99
83918,100
83998,101
84066,102
84459,103
84555,104
84595,105
85021,106
85158,107
3113,1
3884,2
3899,3
4145,4
4158,5
4293,6
6992,7
7193,8
7412,9
7504,10
7691,11
7901,12
8668,13
8810,14
8908,15
8980,16
8986,17
9168,18
9415,19
9662,20
9834,21
10263,22
10658,23
11735,24
23266,25
43958,26
46410,27
46536,28
47126,29
47531,30
47553,31
47565,32
47725,33
48682,34
48961,35
49016,36
49635,37
49701,38
51059,39
51125,40
51148,41
51389,42
51474,43
52035,44
52052,45
52147,46
52221,47
52236,48
52542,49
52638,50
54499,51
55751,52
56191,53
57814,54
58020,55
58311,56
58645,57
58660,58
58803,59
63689,60
63767,61
63912,62
64124,63
64132,64
64260,65
64446,66
64641,67
64753,68
64826,69
64969,70
65012,71
65472,72
66259,73
66572,74
66860,75
69828,76
70547,77
71001,78
71020,79
71180,80
72483,81
72577,82
72700,83
72799,84
75153,85
75199,86
75327,87
75366,88
76084,89
79203,90
79274,91
80519,92
80600,93
80708,94
80933,95
83804,96
84441,97
84511,98
84649,99
84892,100
85080,101
85480,102
85609,103
213,1
489,2
1070,3
1500,4
4778,5
4859,6
5283,7
5401,8
5437,9
6063,10
6203,11
6814,12
6928,13
7133,14
8210,15
11500,16
13083,17
13152,18
13351,19
13738,20
33640,21
33893,22
34119,23
34356,24
34423,25
34843,26
36174,27
36246,28
37007,29
37228,30
37332,31
38490,32
39481,33
40997,34
41018,35
41050,36
41195,37
41630,38
42187,39
42478,40
42510,41
42689,42
43380,43
44667,44
44701,45
44866,46
46316,47
46348,48
46411,49
46499,50
48109,51
48201,52
48307,53
48404,54
48444,55
49277,56
49302,57
49355,58
49404,59
49604,60
49967,61
50075,62
50455,63
50523,64
50628,65
50672,66
51544,67
52934,68
53204,69
53287,70
53758,71
53770,72
54904,73
55159,74
57187,75
57512,76
57784,77
65406,78
66605,79
86125,80
3024,1
3294,2
3600,3
4211,4
4553,5
4789,6
4912,7
5083,8
5548,9
5575,10
6398,11
6522,12
6973,13
7341,14
7648,15
39168,16
39230,17
39283,18
39362,19
39403,20
39447,21
39613,22
39669,23
39767,24
39811,25
39966,26
39978,27
40030,28
40059,29
40156,30
40265,31
40300,32
40378,33
40388,34
40440,35
42714,36
42757,37
42876,38
44028,39
44341,40
44562,41
58119,42
59969,43
63247,44
63835,45
63921,46
64113,47
64476,48
74047,49
84188,50
85592,51
3347,1
3633,2
3684,3
3777,4
3793,5
4287,6
4484,7
4703,8
5160,9
5450,10
5466,11
5512,12
5661,13
5771,14
5963,15
6122,16
6261,17
6270,18
6504,19
6548,20
6573,21
6590,22
6635,23
6823,24
7087,25
7238,26
7268,27
7485,28
7725,29
7904,30
8244,31
30063,32
31348,33
31548,34
31615,35
31721,36
31745,37
31937,38
32085,39
32093,40
32285,41
32343,42
32370,43
32941,44
33047,45
33147,46
33225,47
33392,48
33462,49
33814,50
33869,51
34076,52
34149,53
34254,54
37545,55
37717,56
37828,57
37923,58
38111,59
55958,60
56401,61
56496,62
56532,63
56589,64
56600,65
62600,66
62691,67
62826,68
66626,69
73751,70
84171,71
84430,72
84460,73
84493,74
84507,75
942,1
1141,2
1498,3
1771,4
1809,5
2433,6
2513,7
2600,8
3114,9
3535,10
4030,11
4132,12
4483,13
4546,14
4573,15
5750,16
5769,17
5780,18
5865,19
15491,20
15929,21
17712,22
17866,23
18473,24
19090,25
19597,26
20488,27
20778,28
21001,29
21162,30
21432,31
21884,32
22292,33
38094,34
38123,35
38411,36
38465,37
38477,38
38502,39
41091,40
43122,41
43179,42
43280,43
44610,44
44669,45
45253,46
45324,47
46891,48
46953,49
48625,50
56367,51
57321,52
59088,53
70406,54
71285,55
71395,56
74512,57
74574,58
80495,59
80524,60
81352,61
81957,62
82355,63
82380,64
82520,65
83336,66
83418,67
83564,68
83730,69
1018,1
1030,2
1082,3
2275,4
29543,5
31496,6
32134,7
32166,8
32193,9
32226,10
32388,11
32408,12
35523,13
43876,14
47151,15
49855,16
49870,17
49945,18
56277,19
56729,20
57419,21
57465,22
57868,23
60547,24
62381,25
63529,26
63583,27
63855,28
65350,29
65665,30
65683,31
83541,32
83943,33
83973,34
84405,35
84592,36
84736,37
84795,38
84867,39
84899,40
84919,41
85057,42
85102,43
85139,44
85189,45
85217,46
85707,47
85736,48
85914,49
86030,50
86277,51
116,1
405,2
514,3
606,4
705,5
1452,6
1749,7
2040,8
2970,9
36427,10
36563,11
36663,12
37267,13
37343,14
37362,15
37454,16
37539,17
37712,18
37764,19
38017,20
38144,21
38238,22
38480,23
38638,24
38725,25
38763,26
39009,27
39081,28
39098,29
39194,30
39261,31
39952,32
39986,33
40084,34
40181,35
40263,36
40645,37
40700,38
41114,39
41179,40
41208,41
41224,42
41438,43
42164,44
42181,45
42194,46
42213,47
42231,48
43727,49
44868,50
44929,51
45905,52
47137,53
47148,54
47198,55
47347,56
47485,57
48635,58
48763,59
48848,60
49463,61
49968,62
49999,63
50605,64
52237,65
52283,66
52301,67
61201,68
61299,69
86083,70
828,1
1354,2
1388,3
1502,4
7175,5
8507,6
8674,7
9004,8
9032,9
9127,10
9146,11
9262,12
9281,13
9337,14
9392,15
9483,16
9527,17
29649,18
29759,19
29890,20
30007,21
30043,22
30129,23
30280,24
30296,25
31209,26
31248,27
31265,28
31358,29
31700,30
31745,31
32003,32
32808,33
32841,34
32848,35
32879,36
33043,37
33122,38
33140,39
33219,40
33546,41
33880,42
34051,43
34337,44
34674,45
34779,46
34810,47
34827,48
35037,49
38060,50
38187,51
38350,52
45313,53
47526,54
48046,55
48133,56
48302,57
51538,58
51808,59
58398,60
58497,61
58528,62
59104,63
60999,64
61012,65
61039,66
61068,67
62923,68
63209,69
67783,70
74427,71
78384,72
79977,73
80050,74
80099,75
80129,76
80291,77
80590,78
85205,79
85962,80
81,1
338,2
1314,3
1395,4
1484,5
1555,6
1619,7
1677,8
2021,9
2084,10
2406,11
2565,12
2645,13
2819,14
2898,15
3064,16
3188,17
3203,18
3225,19
3275,20
3375,21
5412,22
5914,23
6030,24
6071,25
6100,26
6638,27
7148,28
7356,29
7378,30
19087,31
19188,32
19896,33
20390,34
20458,35
20482,36
20598,37
21637,38
41506,39
41681,40
42523,41
42543,42
42596,43
42650,44
43490,45
43618,46
48101,47
48198,48
48254,49
50560,50
50759,51
50879,52
52594,53
63628,54
63787,55
63840,56
64497,57
64512,58
64540,59
64576,60
64643,61
64686,62
64701,63
64717,64
64864,65
64904,66
64921,67
65012,68
65363,69
65458,70
65530,71
65757,72
68648,73
68706,74
68719,75
70291,76
70369,77
70406,78
71638,79
71711,80
71833,81
72015,82
72472,83
74631,84
77109,85
78514,86
78527,87
78556,88
78626,89
1881,1
2176,2
2318,3
2382,4
2426,5
3160,6
3752,7
3885,8
3920,9
3940,10
3947,11
4034,12
4318,13
4431,14
4674,15
4789,16
4905,17
4986,18
6258,19
34651,20
34663,21
34842,22
34912,23
35250,24
39039,25
39204,26
39386,27
43130,28
43540,29
43676,30
43743,31
44000,32
44226,33
44927,34
45515,35
45777,36
45965,37
45990,38
46200,39
46223,40
55266,41
56822,42
56870,43
56994,44
57181,45
57207,46
58428,47
58531,48
58611,49
58622,50
59122,51
66734,52
66778,53
66796,54
67312,55
68243,56
68261,57
68349,58
68524,59
68612,60
71701,61
71855,62
74162,63
74448,64
74659,65
74978,66
75562,67
75994,68
76398,69
76711,70
3821,1
3913,2
3927,3
4016,4
4041,5
4412,6
4577,7
7308,8
7356,9
7498,10
7529,11
7780,12
7794,13
7922,14
8207,15
8597,16
8612,17
9149,18
9194,19
9249,20
9274,21
9331,22
9454,23
9481,24
9562,25
9722,26
9986,27
10068,28
10129,29
10346,30
10362,31
10416,32
10660,33
11612,34
11759,35
12085,36
31430,37
31621,38
31930,39
32314,40
32379,41
32465,42
33107,43
33337,44
33584,45
33679,46
33881,47
34559,48
34681,49
35076,50
35196,51
35984,52
42851,53
42925,54
42998,55
43011,56
44137,57
44160,58
49814,59
49836,60
59352,61
65399,62
65565,63
65573,64
66630,65
66690,66
66715,67
73416,68
85611,69
85955,70
86021,71
86083,72
86330,73
86370,74
3,1
61,2
127,3
510,4
781,5
1468,6
1766,7
1846,8
1974,9
1988,10
2015,11
2105,12
2606,13
2896,14
2943,15
5854,16
6344,17
6380,18
7787,19
21636,20
21657,21
22542,22
22763,23
22905,24
22935,25
23864,26
42080,27
42195,28
42377,29
42801,30
42905,31
45642,32
45662,33
45701,34
45776,35
68518,36
68600,37
70278,38
78236,39
80224,40
81778,41
82569,42
82602,43
82634,44
82684,45
82824,46
83509,47
83530,48
84332,49
85090,50
85158,51
85260,52
85275,53
85797,54
85949,55
86043,56
86119,57
109,1
991,2
2752,3
2829,4
2868,5
2890,6
3680,7
3877,8
4021,9
4103,10
5005,11
5038,12
5049,13
5158,14
5276,15
5553,16
5779,17
5977,18
20549,19
20599,20
20936,21
21362,22
21757,23
21837,24
22201,25
22703,26
22779,27
23836,28
24981,29
25163,30
39697,31
39751,32
39859,33
39907,34
40202,35
59797,36
60631,37
60842,38
62156,39
62583,40
71307,41
86126,42
2899,1
5947,2
6280,3
6663,4
7127,5
7175,6
7191,7
7822,8
17799,9
17908,10
18040,11
18250,12
18282,13
18496,14
18852,15
18878,16
18905,17
19000,18
19180,19
19196,20
19320,21
19534,22
19567,23
19930,24
19982,25
20094,26
20530,27
20938,28
20963,29
21159,30
21396,31
22047,32
22493,33
22851,34
26696,35
39789,36
41816,37
41902,38
42013,39
42028,40
42046,41
42200,42
62558,43
64564,44
64713,45
69752,46
69876,47
69946,48
70097,49
70179,50
70222,51
77697,52
77797,53
83104,54
83310,55
83379,56
83589,57
133,1
3487,2
9222,3
11551,4
30432,5
30497,6
30869,7
31203,8
31297,9
31468,10
33602,11
34070,12
35699,13
36203,14
39102,15
39132,16
39839,17
40045,18
41082,19
42933,20
42998,21
43080,22
43567,23
61347,24
82769,25
83105,26
83401,27
83670,28
83701,29
5258,1
5342,2
5385,3
5562,4
6167,5
6843,6
7069,7
7089,8
7868,9
8052,10
8566,11
8868,12
8902,13
36579,14
37122,15
37568,16
37594,17
37616,18
37647,19
37747,20
37914,21
40124,22
40723,23
41266,24
41306,25
42900,26
42927,27
42970,28
45988,29
46101,30
46147,31
46461,32
46575,33
46878,34
48758,35
50838,36
50873,37
53295,38
55253,39
55431,40
55492,41
56009,42
56131,43
56462,44
56801,45
64549,46
67543,47
67549,48
69990,49
70162,50
70381,51
70624,52
71859,53
71928,54
73010,55
73519,56
74728,57
75574,58
76150,59
76174,60
76228,61
78695,62
78878,63
79013,64
79075,65
6246,1
6474,2
6661,3
6720,4
7547,5
8318,6
8432,7
8836,8
9412,9
9593,10
9625,11
9850,12
9904,13
9916,14
9988,15
10134,16
10155,17
10197,18
10208,19
10359,20
10768,21
10913,22
35961,23
36031,24
36703,25
36861,26
37122,27
38344,28
39716,29
40850,30
41223,31
41298,32
41333,33
41743,34
41774,35
42305,36
42344,37
42403,38
42461,39
42478,40
42582,41
43076,42
43118,43
43218,44
43425,45
43456,46
44251,47
44504,48
44611,49
46779,50
46804,51
47052,52
47077,53
49812,54
54263,55
68735,56
68748,57
72283,58
72462,59
72509,60
72556,61
72837,62
73545,63
73567,64
73685,65
73779,66
73794,67
73853,68
73869,69
74040,70
74950,71
84856,72
84978,73
85009,74
85041,75
1124,1
1146,2
1360,3
1578,4
1945,5
2049,6
2148,7
2174,8
2229,9
2433,10
2516,11
2607,12
3117,13
3214,14
3515,15
3663,16
3730,17
4278,18
4724,19
5005,20
5498,21
5655,22
6303,23
6521,24
6755,25
7032,26
7435,27
7472,28
7707,29
8088,30
8113,31
8172,32
17028,33
17193,34
17681,35
17817,36
18081,37
18102,38
18120,39
18622,40
18732,41
18807,42
18892,43
38399,44
38456,45
38680,46
39076,47
39593,48
39613,49
39688,50
39971,51
40023,52
40255,53
40614,54
40647,55
40672,56
40854,57
40888,58
41431,59
41479,60
41590,61
49073,62
49097,63
49126,64
49146,65
49338,66
49363,67
49427,68
49554,69
53487,70
56576,71
56672,72
56695,73
56731,74
56799,75
60500,76
60564,77
60606,78
60706,79
60815,80
60875,81
60908,82
61003,83
61113,84
61190,85
62096,86
62104,87
62264,88
62296,89
62894,90
63121,91
63151,92
63479,93
63511,94
63700,95
65461,96
65507,97
75259,98
78357,99
85460,100
85834,101
85975,102
8383,1
9231,2
9793,3
10387,4
10579,5
11722,6
11795,7
12004,8
12962,9
13491,10
16189,11
16285,12
16427,13
18285,14
50959,15
51185,16
51300,17
51418,18
51507,19
51546,20
51565,21
51720,22
69177,23
69264,24
69487,25
70003,26
70295,27
71828,28
72065,29
72127,30
80640,31
81556,32
82160,33
83357,34
83448,35
83661,36
83779,37
83832,38
83922,39
85056,40
85736,41
394,1
518,2
1146,3
3100,4
3175,5
3230,6
3251,7
3315,8
3566,9
3586,10
5087,11
5289,12
33406,13
33699,14
33746,15
33837,16
33989,17
34220,18
34246,19
34327,20
34588,21
34745,22
35475,23
35486,24
35652,25
41770,26
42613,27
42712,28
44041,29
44086,30
44335,31
44400,32
44449,33
44459,34
45249,35
45338,36
45373,37
45470,38
46312,39
46338,40
46363,41
54220,42
54309,43
54748,44
54791,45
55080,46
55549,47
57075,48
57105,49
57466,50
57624,51
57872,52
57896,53
58050,54
58206,55
58252,56
58603,57
58655,58
58781,59
60895,60
60968,61
60990,62
61026,63
61449,64
62169,65
62264,66
62336,67
65803,68
68846,69
72234,70
72246,71
72678,72
72743,73
74146,74
2851,1
3154,2
3794,3
3890,4
4317,5
4372,6
4407,7
4789,8
4858,9
5024,10
5065,11
5099,12
5434,13
5929,14
6300,15
6383,16
6995,17
29734,18
29829,19
29941,20
30870,21
31007,22
32519,23
32960,24
33038,25
33184,26
35707,27
36301,28
36719,29
36734,30
37599,31
37769,32
38050,33
38226,34
38254,35
38363,36
38933,37
39744,38
44957,39
45281,40
45378,41
45458,42
46088,43
46135,44
46441,45
46691,46
47636,47
47682,48
47686,49
47701,50
47843,51
47873,52
47907,53
47959,54
48058,55
48594,56
48629,57
48706,58
66113,59
66472,60
66600,61
66752,62
66813,63
70156,64
70881,65
72565,66
74103,67
2135,1
2160,2
2390,3
2462,4
2571,5
4487,6
4555,7
4591,8
5158,9
5237,10
5627,11
6017,12
7743,13
7758,14
8043,15
8117,16
8150,17
8196,18
9252,19
9265,20
9288,21
9562,22
9990,23
10140,24
10471,25
10555,26
10685,27
10716,28
10883,29
11056,30
11684,31
12040,32
33614,33
33646,34
34657,35
37075,36
52754,37
52865,38
54280,39
54323,40
59640,41
59703,42
59717,43
60229,44
60712,45
60806,46
60898,47
61217,48
61300,49
61345,50
61348,51
61536,52
61927,53
62088,54
62140,55
68008,56
68018,57
75915,58
75967,59
75996,60
78130,61
78482,62
81036,63
81184,64
81303,65
81406,66
81421,67
81453,68
81689,69
81768,70
83716,71
83789,72
83948,73
84092,74
84140,75
85067,76
85878,77
85976,78
86028,79
770,1
1742,2
2295,3
2373,4
2562,5
2851,6
5111,7
7144,8
26593,9
26619,10
26737,11
26856,12
26973,13
27312,14
30086,15
30117,16
30371,17
30932,18
30995,19
31146,20
37205,21
39116,22
39579,23
39615,24
46084,25
46239,26
46384,27
46509,28
46520,29
46546,30
46662,31
48313,32
48652,33
48875,34
48911,35
49082,36
49170,37
49184,38
49306,39
49338,40
49666,41
49754,42
49785,43
49867,44
49969,45
50589,46
50775,47
54056,48
54189,49
54303,50
55021,51
55070,52
55378,53
55420,54
55883,55
55967,56
57416,57
57919,58
57969,59
58253,60
72483,61
136,1
1670,2
3603,3
8949,4
8971,5
9010,6
9019,7
9056,8
9206,9
9251,10
10111,11
10200,12
10212,13
10293,14
20123,15
20278,16
21230,17
22124,18
22312,19
22358,20
22412,21
22723,22
22981,23
24387,24
24746,25
26368,26
26579,27
42774,28
44682,29
44735,30
45042,31
50467,32
51514,33
51527,34
54285,35
54301,36
54712,37
54751,38
63821,39
63848,40
63870,41
64043,42
64098,43
66162,44
66358,45
66373,46
66547,47
66830,48
66926,49
67147,50
67344,51
69331,52
70008,53
76890,54
78491,55
78613,56
78789,57
79296,58
79442,59
79586,60
79737,61
79996,62
80073,63
80090,64
80115,65
80164,66
80201,67
81639,68
81701,69
460,1
1002,2
8770,3
12300,4
12323,5
12679,6
37516,7
37899,8
37967,9
37990,10
38024,11
38070,12
38124,13
38168,14
43400,15
43666,16
43967,17
44013,18
44088,19
44134,20
44163,21
44299,22
45157,23
47053,24
47280,25
47325,26
47435,27
47469,28
47514,29
48339,30
48457,31
48595,32
48675,33
48805,34
50498,35
52232,36
55794,37
59206,38
59294,39
59424,40
60110,41
60123,42
60530,43
60610,44
66264,45
69540,46
69560,47
69640,48
69667,49
69682,50
74399,51
860,1
923,2
1533,3
1566,4
1630,5
2351,6
2781,7
2889,8
2910,9
2977,10
3436,11
3510,12
3602,13
4145,14
4163,15
4191,16
4266,17
12137,18
12713,19
12736,20
12771,21
12807,22
12995,23
13077,24
13130,25
28954,26
29041,27
29182,28
29488,29
30121,30
30142,31
30307,32
31174,33
31190,34
31512,35
31536,36
31649,37
31660,38
31796,39
31821,40
31931,41
32109,42
32235,43
32490,44
32582,45
32719,46
32832,47
33128,48
33578,49
33696,50
33787,51
34155,52
34176,53
34201,54
34250,55
34423,56
34448,57
34992,58
35122,59
35498,60
37567,61
38523,62
48494,63
48507,64
49288,65
49473,66
49925,67
57746,68
59747,69
59845,70
61989,71
62923,72
64713,73
64838,74
72640,75
72929,76
73615,77
73856,78
74658,79
74946,80
74973,81
75022,82
75355,83
75617,84
75833,85
76152,86
76167,87
76307,88
76431,89
76899,90
77708,91
77812,92
77956,93
78257,94
78474,95
78796,96
17703,1
18343,2
18547,3
18642,4
18696,5
18887,6
18974,7
19010,8
19602,9
19763,10
19853,11
19875,12
20006,13
20433,14
20507,15
46250,16
46341,17
46516,18
46519,19
47195,20
62430,21
62852,22
63037,23
63086,24
63165,25
63363,26
63461,27
63855,28
64557,29
64665,30
64693,31
64783,32
69888,33
6057,1
6874,2
6916,3
7793,4
7961,5
8239,6
8281,7
8328,8
8826,9
8862,10
13148,11
13669,12
13683,13
34075,14
34147,15
34192,16
34402,17
38793,18
41060,19
41110,20
41360,21
41508,22
41555,23
41665,24
47875,25
48617,26
52430,27
57078,28
57330,29
57347,30
57361,31
57441,32
58422,33
58711,34
59475,35
59573,36
59593,37
60308,38
61244,39
62304,40
62323,41
64748,42
64804,43
64938,44
65534,45
65769,46
65800,47
66192,48
66207,49
66671,50
69323,51
69421,52
70249,53
70319,54
70440,55
72901,56
73053,57
73531,58
73657,59
73738,60
73981,61
82467,62
82693,63
82770,64
82782,65
83163,66
83436,67
83526,68
83918,69
84021,70
84048,71
84117,72
84157,73
84322,74
85038,75
40,1
107,2
224,3
337,4
359,5
432,6
1319,7
1454,8
1488,9
1830,10
1969,11
2062,12
3061,13
3313,14
4295,15
4592,16
5136,17
6110,18
6252,19
12309,20
38312,21
39388,22
40643,23
40915,24
40946,25
40984,26
41187,27
47887,28
56348,29
66710,30
69832,31
73135,32
73837,33
73868,34
73885,35
76527,36
76553,37
76573,38
76585,39
76626,40
76693,41
77022,42
3401,1
3684,2
3767,3
5705,4
5872,5
6810,6
7239,7
7312,8
7736,9
7793,10
7909,11
8053,12
8210,13
8242,14
8251,15
8262,16
8297,17
8389,18
8683,19
8743,20
8870,21
8880,22
9065,23
37321,24
37373,25
37422,26
38722,27
38937,28
39186,29
39199,30
39668,31
39724,32
42315,33
43723,34
45936,35
45956,36
46891,37
47608,38
47749,39
47804,40
48002,41
48232,42
48676,43
48687,44
48753,45
48778,46
51215,47
53623,48
53649,49
54112,50
56221,51
58514,52
60161,53
67358,54
67382,55
67496,56
72817,57
72824,58
72850,59
73611,60
77486,61
80021,62
4533,1
4638,2
4714,3
4986,4
7557,5
8560,6
9375,7
9546,8
9728,9
9996,10
10583,11
10741,12
10795,13
10898,14
11410,15
11709,16
11773,17
11969,18
12109,19
12793,20
19470,21
39192,22
40027,23
40064,24
42617,25
42695,26
43156,27
56561,28
56577,29
77875,30
95,1
893,2
923,3
1029,4
1049,5
1086,6
2379,7
2548,8
2565,9
2621,10
19037,11
19220,12
19520,13
20080,14
21239,15
34997,16
35339,17
35401,18
51003,19
61477,20
61802,21
62295,22
66687,23
66868,24
67307,25
67320,26
68068,27
68103,28
68167,29
68266,30
68286,31
70830,32
80502,33
81337,34
81775,35
1082,1
1084,2
1163,3
1353,4
1480,5
1749,6
3506,7
3655,8
3862,9
3903,10
4293,11
4409,12
4541,13
4798,14
4859,15
6517,16
9406,17
9756,18
40899,19
40967,20
46422,21
51782,22
51804,23
52528,24
52622,25
52635,26
52672,27
64905,28
64999,29
35425,1
35454,2
35482,3
35558,4
35731,5
36903,6
37014,7
39859,8
44238,9
44344,10
44405,11
45584,12
45739,13
45801,14
60199,15
66706,16
67508,17
68601,18
68722,19
68753,20
69586,21
69624,22
69742,23
70198,24
3142,1
4334,2
4363,3
4580,4
5095,5
5138,6
5262,7
5294,8
5939,9
37487,10
38119,11
38479,12
38851,13
39452,14
75978,15
76451,16
1433,1
9202,2
12289,3
13287,4
13441,5
13695,6
13962,7
16972,8
17830,9
17957,10
18220,11
44494,12
52451,13
61106,14
62307,15
63224,16
63429,17
71078,18
71276,19
71501,20
72264,21
74484,22
75059,23
78515,24
78760,25
81214,26
81420,27
85815,28
3524,1
5300,2
5483,3
5692,4
5725,5
6436,6
6721,7
6744,8
7087,9
7187,10
7287,11
36380,12
50682,13
50707,14
52634,15
52685,16
55630,17
55661,18
55671,19
55694,20
61687,21
8023,1
8523,2
10594,3
15381,4
15410,5
15438,6
17484,7
38648,8
39871,9
41399,10
41444,11
41534,12
41579,13
42005,14
43479,15
43524,16
46419,17
46521,18
49164,19
49286,20
50616,21
50665,22
61075,23
65284,24
65707,25
66051,26
82173,27
84687,28
85041,29
86221,30
4735,1
4995,2
5616,3
5661,4
8039,5
8158,6
8175,7
8225,8
13004,9
13072,10
13107,11
16066,12
16119,13
16230,14
16750,15
16771,16
16796,17
16987,18
66963,19
67011,20
1859,1
2204,2
2721,3
2758,4
3312,5
3442,6
3841,7
4014,8
4331,9
4444,10
4592,11
4661,12
6069,13
6125,14
6381,15
6473,16
6904,17
7268,18
7451,19
7468,20
7828,21
27478,22
27531,23
29124,24
29171,25
29194,26
29221,27
29462,28
39937,29
40047,30
40188,31
43247,32
43264,33
50797,34
51933,35
52066,36
52135,37
52907,38
53044,39
54230,40
59955,41
70334,42
75891,43
76563,44
84993,45
86240,46
1592,1
2081,2
2143,3
2316,4
2400,5
2484,6
2511,7
2524,8
3241,9
3351,10
3764,11
4332,12
9634,13
34614,14
34842,15
35296,16
36436,17
36699,18
37349,19
37360,20
37426,21
55854,22
70471,23
81102,24
81204,25
10356,1
11738,2
12027,3
12039,4
12445,5
12461,6
12479,7
12550,8
12579,9
12626,10
12789,11
37280,12
37383,13
37472,14
38377,15
39576,16
39962,17
46858,18
46945,19
49720,20
62828,21
62924,22
67640,23
69161,24
69172,25
69213,26
83700,27
85155,28
85676,29
85904,30
702,1
991,2
1175,3
2895,4
2983,5
33740,6
33916,7
34359,8
34494,9
34670,10
35034,11
35405,12
35514,13
47857,14
82769,15
84389,16
84407,17
10363,1
10636,2
11615,3
11954,4
12054,5
12121,6
12207,7
12703,8
16477,9
16518,10
16643,11
32100,12
42495,13
45635,14
48158,15
54651,16
57438,17
59683,18
59700,19
63524,20
65075,21
66577,22
66677,23
67761,24
67779,25
71122,26
75514,27
76234,28
84424,29
84715,30
84901,31
85108,32
85285,33
86358,34
72,1
1346,2
38914,3
38987,4
39442,5
39503,6
39558,7
43434,8
43480,9
63303,10
65975,11
66000,12
5909,1
6032,2
6045,3
47826,4
48822,5
48845,6
48898,7
52258,8
52533,9
52836,10
52940,11
53698,12
53716,13
54039,14
66930,15
67921,16
68301,17
73409,18
73486,19
73703,20
82936,21
14353,1
14370,2
14522,3
14552,4
15204,5
15840,6
16750,7
18003,8
36104,9
36362,10
49950,11
67950,12
68835,13
68913,14
68959,15
71756,16
75099,17
75399,18
75643,19
75794,20
76161,21
76253,22
14372,1
14415,2
14496,3
15404,4
15680,5
15859,6
16614,7
16641,8
18289,9
18765,10
47949,11
48368,12
48380,13
52554,14
58033,15
67000,16
71700,17
71744,18
71804,19
72370,20
72413,21
80912,22
84215,23
5160,1
5311,2
5421,3
5880,4
6635,5
6679,6
6749,7
6849,8
6902,9
6963,10
9731,11
36269,12
55934,13
56165,14
734,1
3969,2
5050,3
5282,4
6339,5
6597,6
7203,7
36323,8
36577,9
37785,10
38091,11
38479,12
38505,13
49652,14
54830,15
54850,16
54905,17
67125,18
67143,19
4853,1
4883,2
5451,3
5472,4
5486,5
5664,6
6526,7
7392,8
24072,9
24868,10
25097,11
25119,12
25374,13
25812,14
25837,15
25873,16
26107,17
26487,18
26764,19
27280,20
27941,21
28020,22
28127,23
28145,24
28192,25
29386,26
29426,27
29699,28
37118,29
37148,30
37180,31
37287,32
40971,33
51317,34
51366,35
51387,36
51391,37
56844,38
56960,39
57052,40
57108,41
57350,42
60472,43
62009,44
62129,45
82366,46
82873,47
85404,48
783,1
15037,2
15324,3
15428,4
15865,5
16083,6
16488,7
17678,8
18873,9
20122,10
20144,11
34105,12
35059,13
35082,14
46400,15
56067,16
61254,17
61293,18
61862,19
62480,20
70720,21
76683,22
76889,23
79029,24
7487,1
7557,2
8516,3
8616,4
8683,5
17887,6
19430,7
20083,8
23296,9
23824,10
23863,11
24035,12
24237,13
24635,14
24692,15
24762,16
25752,17
25774,18
38889,19
38941,20
38995,21
39202,22
42829,23
42879,24
44527,25
44680,26
45403,27
45478,28
45553,29
46057,30
46637,31
46681,32
50827,33
57588,34
58035,35
60732,36
66141,37
66483,38
66651,39
73114,40
73933,41
74076,42
75817,43
76966,44
77601,45
991,1
4642,2
5972,3
6327,4
6719,5
7039,6
7143,7
7271,8
7309,9
7530,10
7721,11
10145,12
37633,13
37752,14
37759,15
37897,16
38002,17
38063,18
38077,19
40035,20
40316,21
40628,22
40653,23
40766,24
41019,25
41380,26
41394,27
41452,28
42107,29
44306,30
44389,31
44874,32
44949,33
45022,34
45068,35
45308,36
45411,37
47560,38
48155,39
51453,40
56316,41
56508,42
56542,43
66920,44
67452,45
85015,46
3322,1
9506,2
12055,3
12548,4
13378,5
15055,6
15077,7
16185,8
16385,9
38893,10
39013,11
39446,12
39530,13
39656,14
39670,15
39729,16
40933,17
48204,18
48862,19
51773,20
51835,21
52015,22
52139,23
54489,24
54979,25
55006,26
56641,27
58847,28
58864,29
58932,30
58977,31
84836,32
4346,1
4826,2
4913,3
5564,4
5629,5
5869,6
6965,7
7213,8
7874,9
52551,10
54649,11
55208,12
65448,13
65468,14
69961,15
70110,16
72561,17
79163,18
79530,19
84210,20
2308,1
5752,2
6371,3
6418,4
6471,5
7536,6
7629,7
7950,8
8329,9
8378,10
8595,11
8887,12
9258,13
9277,14
9421,15
51913,16
51927,17
70405,18
71091,19
71901,20
71974,21
72201,22
80003,23
80116,24
80180,25
80255,26
80500,27
82112,28
82222,29
1313,1
5377,2
5642,3
7020,4
7979,5
8810,6
8984,7
9106,8
9623,9
11377,10
11521,11
11706,12
34222,13
36469,14
37937,15
1895,1
4345,2
4574,3
13208,4
13233,5
15488,6
55678,7
63181,8
70891,9
70949,10
74262,11
74303,12
4305,1
5905,2
6815,3
10508,4
10758,5
10766,6
32861,7
33508,8
33556,9
33579,10
34277,11
38029,12
46099,13
46112,14
46624,15
46643,16
54166,17
73803,18
74811,19
75425,20
75440,21
75445,22
75562,23
75602,24
75655,25
76306,26
8266,1
8355,2
8468,3
8959,4
9247,5
10424,6
10511,7
36182,8
36209,9
36610,10
37182,11
37276,12
37521,13
41868,14
43186,15
43265,16
43372,17
43578,18
43690,19
45933,20
46161,21
46462,22
48595,23
50900,24
57639,25
57653,26
58436,27
58467,28
61280,29
61324,30
61418,31
61704,32
61929,33
62231,34
66824,35
67274,36
67320,37
67348,38
84507,39
3158,1
15912,2
16609,3
16641,4
16810,5
17201,6
17246,7
17272,8
17374,9
17413,10
17514,11
18312,12
18346,13
18438,14
18676,15
18745,16
19098,17
19279,18
19359,19
34189,20
34511,21
34624,22
35569,23
36029,24
36518,25
36834,26
37043,27
37132,28
37637,29
37975,30
37987,31
38055,32
70666,33
75410,34
76074,35
76378,36
76707,37
76744,38
77360,39
77418,40
77756,41
80001,42
80233,43
27,1
2573,2
3168,3
3227,4
3324,5
8083,6
8107,7
8125,8
9291,9
9346,10
9441,11
33999,12
34548,13
34933,14
35496,15
35624,16
35700,17
35899,18
35928,19
35983,20
36557,21
36844,22
37102,23
37141,24
37255,25
39417,26
39425,27
40265,28
40558,29
41714,30
43995,31
44284,32
46829,33
49791,34
49814,35
51350,36
51632,37
52145,38
52620,39
55290,40
56287,41
63603,42
64033,43
65033,44
66182,45
73091,46
76373,47
80265,48
82,1
27648,2
27785,3
28297,4
28469,5
28946,6
29762,7
29835,8
30260,9
30338,10
62807,11
62835,12
64118,13
64155,14
64204,15
76194,16
76232,17
11658,1
11835,2
12037,3
12247,4
12842,5
12854,6
24116,7
24219,8
24365,9
24482,10
24504,11
24590,12
25259,13
25333,14
25509,15
25745,16
25796,17
50758,18
51689,19
51779,20
52250,21
52461,22
52609,23
53279,24
53366,25
55622,26
3623,1
3636,2
3867,3
3883,4
3893,5
3995,6
4025,7
4034,8
4042,9
4066,10
4115,11
4136,12
4181,13
4268,14
4289,15
4422,16
4434,17
4455,18
4584,19
4599,20
5206,21
5225,22
5944,23
5977,24
5987,25
7288,26
7423,27
24453,28
24671,29
24676,30
25277,31
25349,32
42194,33
51977,34
66969,35
72287,36
72878,37
75373,38
7680,1
7716,2
7758,3
8206,4
8630,5
25151,6
25385,7
25417,8
25506,9
26220,10
26676,11
26865,12
26919,13
29071,14
29130,15
29195,16
29617,17
31112,18
39503,19
42508,20
49583,21
49595,22
68103,23
69570,24
73044,25
73069,26
79830,27
80336,28
80356,29
496,1
3186,2
3659,3
14666,4
21080,5
21193,6
21391,7
21876,8
43010,9
49633,10
49717,11
55509,12
55656,13
55744,14
67709,15
67974,16
72966,17
73447,18
73619,19
73704,20
77198,21
77249,22
77597,23
77860,24
79611,25
80916,26
81089,27
81482,28
81820,29
7377,1
7640,2
9696,3
9797,4
10508,5
10644,6
10725,7
11188,8
11439,9
11851,10
11944,11
12124,12
12387,13
37377,14
38107,15
38308,16
41377,17
44310,18
44397,19
45039,20
45093,21
45190,22
48831,23
68082,24
76969,25
1584,1
2784,2
5017,3
6896,4
7709,5
7720,6
7805,7
8606,8
9435,9
10313,10
10793,11
10999,12
11353,13
12548,14
12715,15
34136,16
35012,17
35062,18
36120,19
36901,20
37114,21
38166,22
38223,23
38957,24
39176,25
39748,26
39989,27
40042,28
46864,29
49935,30
50373,31
52821,32
54742,33
56882,34
56944,35
58336,36
60043,37
65790,38
66787,39
76493,40
79721,41
12523,1
14086,2
14176,3
15134,4
15415,5
17027,6
17198,7
17483,8
17613,9
17655,10
17782,11
18272,12
18432,13
18530,14
18630,15
19434,16
19864,17
20098,18
20876,19
20902,20
21129,21
21612,22
40898,23
42922,24
50658,25
50768,26
60902,27
61417,28
61426,29
62243,30
62521,31
63399,32
63504,33
64513,34
64524,35
72964,36
73058,37
73108,38
73285,39
73963,40
74014,41
74160,42
75842,43
75911,44
75935,45
76028,46
76594,47
77200,48
18758,1
18798,2
18819,3
18870,4
18987,5
19010,6
20935,7
20976,8
25754,9
27085,10
27107,11
27415,12
28124,13
28411,14
28507,15
28539,16
28583,17
32373,18
32447,19
33613,20
35221,21
35309,22
36190,23
36757,24
36976,25
38305,26
46100,27
46468,28
46498,29
49038,30
49229,31
49504,32
49695,33
60400,34
63121,35
67295,36
67453,37
68727,38
68823,39
69671,40
69700,41
70611,42
70645,43
70659,44
70917,45
71015,46
71124,47
72507,48
4105,1
4328,2
10821,3
12147,4
12259,5
13825,6
13968,7
15239,8
18632,9
18873,10
18914,11
22540,12
27455,13
27688,14
27781,15
27975,16
28449,17
30588,18
40859,19
56015,20
57280,21
60459,22
60919,23
67745,24
68991,25
70332,26
71040,27
7049,1
7207,2
12440,3
12458,4
12673,5
13358,6
13613,7
15659,8
15866,9
15916,10
17615,11
17977,12
20762,13
29336,14
29422,15
30012,16
34696,17
35836,18
36063,19
36106,20
36132,21
36604,22
67150,23
67286,24
67321,25
67443,26
84295,27
84414,28
84764,29
84830,30
84859,31
84892,32
85079,33
85506,34
8266,1
8421,2
38651,3
38723,4
39203,5
39273,6
40817,7
41486,8
41586,9
42806,10
45721,11
50890,12
51001,13
51035,14
51072,15
51146,16
51371,17
51429,18
52825,19
53466,20
54181,21
56204,22
56414,23
62980,24
63004,25
64396,26
76819,27
45605,1
47499,2
54319,3
55867,4
75189,5
75267,6
76349,7
76646,8
7933,1
9392,2
52996,3
53235,4
59376,5
59593,6
59608,7
59785,8
60103,9
60288,10
69808,11
70716,12
70948,13
71372,14
71428,15
71508,16
71835,17
71857,18
80086,19
80628,20
81063,21
81241,22
82163,23
82904,24
82973,25
83021,26
83039,27
83810,28
16551,1
16854,2
16947,3
17664,4
17828,5
37838,6
37981,7
67590,8
67774,9
67858,10
76554,11
77026,12
77076,13
86176,14
86213,15
86275,16
86314,17
831,1
945,2
987,3
1028,4
1070,5
1082,6
1308,7
1457,8
1815,9
1842,10
1861,11
1993,12
8721,13
8853,14
31810,15
35996,16
36688,17
37407,18
37700,19
38196,20
38444,21
38791,22
39111,23
43078,24
44223,25
44344,26
44396,27
44643,28
49905,29
85318,30
85331,31
85367,32
85519,33
278,1
570,2
814,3
1212,4
1912,5
2672,6
2896,7
3010,8
4558,9
4634,10
4684,11
4820,12
5658,13
10823,14
11125,15
11415,16
11963,17
11995,18
12123,19
12747,20
12820,21
43354,22
50326,23
60569,24
65913,25
65961,26
66012,27
66032,28
66149,29
78399,30
78633,31
78648,32
78736,33
79179,34
79226,35
998,1
1136,2
1263,3
1408,4
1516,5
1612,6
1629,7
4464,8
4559,9
58827,10
25925,1
27176,2
28178,3
28405,4
48485,5
50134,6
50518,7
50586,8
50892,9
65018,10
71591,11
75244,12
75279,13
77728,14
77732,15
78847,16
79058,17
80642,18
83617,19
83764,20
8144,1
12838,2
12862,3
13014,4
13135,5
14230,6
39109,7
39296,8
40726,9
66683,10
67015,11
70376,12
70580,13
70765,14
71364,15
71889,16
71937,17
76429,18
76480,19
76572,20
76993,21
9061,1
9468,2
10382,3
11381,4
13040,5
13162,6
15613,7
38983,8
40592,9
41086,10
49305,11
49780,12
68920,13
23488,1
24252,2
25184,3
39892,4
40358,5
42058,6
42080,7
42669,8
42708,9
49553,10
51183,11
51293,12
61888,13
79137,14
1125,1
3685,2
4830,3
6824,4
7048,5
7074,6
7332,7
12572,8
12718,9
12770,10
13312,11
13391,12
14340,13
14743,14
15883,15
46564,16
46680,17
47211,18
47678,19
51080,20
69157,21
69321,22
75873,23
75971,24
79935,25
79983,26
80124,27
80300,28
80363,29
80457,30
81838,31
81907,32
5896,1
6357,2
55744,3
57707,4
58382,5
61007,6
64491,7
72098,8
74995,9
79240,10
79342,11
81554,12
2634,1
4618,2
4641,3
4746,4
4765,5
6522,6
6575,7
7866,8
9516,9
49057,10
49706,11
66607,12
66617,13
70776,14
11465,1
12579,2
12756,3
12945,4
14961,5
15249,6
15535,7
15573,8
15684,9
15745,10
15955,11
17649,12
42594,13
44225,14
44557,15
46186,16
47435,17
47551,18
47719,19
47843,20
55929,21
60905,22
71072,23
71193,24
71278,25
71482,26
71595,27
82834,28
83285,29
83418,30
83435,31
83465,32
83602,33
83876,34
83914,35
84155,36
84371,37
85124,38
85365,39
40807,1
54857,2
60854,3
62292,4
62573,5
63502,6
73805,7
73939,8
74043,9
74062,10
76022,11
76060,12
76116,13
76134,14
78131,15
78163,16
78279,17
83678,18
981,1
1453,2
1801,3
3580,4
3662,5
3726,6
3823,7
3868,8
4112,9
15566,10
16235,11
16329,12
16607,13
18479,14
19262,15
19634,16
37383,17
38043,18
38063,19
38076,20
38545,21
38586,22
38684,23
39960,24
40946,25
42384,26
42506,27
43285,28
45976,29
48448,30
49117,31
49864,32
50795,33
50872,34
50982,35
51082,36
51207,37
84378,38
85783,39
396,1
8364,2
8558,3
8594,4
8621,5
29230,6
29762,7
29923,8
30032,9
30318,10
30609,11
31766,12
32336,13
33245,14
34012,15
42854,16
43098,17
43228,18
48924,19
48972,20
52923,21
54941,22
55616,23
55890,24
55987,25
56594,26
57131,27
57377,28
57416,29
73807,30
76545,31
77192,32
77706,33
83101,34
1783,1
2706,2
4424,3
5875,4
6395,5
36102,6
36541,7
37202,8
37220,9
37887,10
38175,11
38710,12
38791,13
39273,14
39288,15
39316,16
39457,17
40171,18
41318,19
41598,20
43506,21
43710,22
43778,23
44041,24
44144,25
44505,26
44734,27
45002,28
45688,29
46332,30
46781,31
46810,32
46915,33
47143,34
47210,35
47723,36
47796,37
48020,38
48091,39
48691,40
48916,41
49132,42
49171,43
49212,44
55785,45
55856,46
55945,47
56104,48
56955,49
57056,50
57472,51
57545,52
57604,53
57637,54
57803,55
57980,56
58031,57
60418,58
69584,59
69640,60
69880,61
7505,1
7675,2
7822,3
7827,4
7857,5
7934,6
8057,7
8145,8
8893,9
43675,10
44311,11
44345,12
44387,13
44468,14
49632,15
49654,16
49723,17
49816,18
49848,19
49949,20
50223,21
50250,22
50400,23
50526,24
50559,25
50588,26
50602,27
50800,28
53459,29
53864,30
53921,31
54415,32
66448,33
66500,34
66591,35
66666,36
66670,37
73458,38
73472,39
73489,40
73603,41
73666,42
75734,43
76293,44
76390,45
76612,46
76705,47
79792,48
79817,49
79933,50
80882,51
81021,52
81041,53
81080,54
81351,55
81584,56
81719,57
81859,58
82024,59
82068,60
82097,61
84427,62
84486,63
84509,64
84557,65
86219,66
86391,67
116,1
38273,2
38398,3
38496,4
38793,5
38992,6
39150,7
40497,8
40816,9
41296,10
41550,11
42388,12
43814,13
43890,14
44001,15
44376,16
44510,17
44737,18
44760,19
44815,20
45872,21
48584,22
48714,23
48838,24
48857,25
49067,26
49113,27
49149,28
49199,29
49361,30
49377,31
49462,32
49506,33
49526,34
49631,35
49690,36
49775,37
50156,38
50245,39
50936,40
51002,41
51176,42
51676,43
51814,44
51941,45
52035,46
52509,47
52586,48
52635,49
53141,50
53155,51
53305,52
53389,53
54647,54
55200,55
57923,56
58180,57
58293,58
58311,59
58444,60
59040,61
59168,62
60234,63
65203,64
67287,65
73594,66
73781,67
75362,68
76616,69
76873,70
77344,71
78510,72
79737,73
79786,74
85604,75
10808,1
11250,2
11405,3
12569,4
14093,5
39178,6
46864,7
47294,8
48435,9
49524,10
50433,11
53466,12
54042,13
54340,14
61855,15
62242,16
65326,17
65778,18
66639,19
67195,20
67350,21
67681,22
68770,23
73889,24
74071,25
11814,1
12430,2
15090,3
17441,4
49855,5
49951,6
54139,7
54260,8
69442,9
77606,10
77905,11
1110,1
13527,2
13646,3
13739,4
14227,5
15046,6
15668,7
15712,8
15832,9
47884,10
47970,11
48216,12
50265,13
54964,14
55175,15
55195,16
55731,17
56292,18
56669,19
58232,20
58238,21
58923,22
61329,23
64647,24
68661,25
69934,26
70274,27
71230,28
71264,29
73187,30
75470,31
76717,32
77123,33
77270,34
79238,35
79454,36
79720,37
79788,38
84384,39
85020,40
85299,41
7885,1
15139,2
51494,3
51603,4
51972,5
52322,6
52432,7
52580,8
53075,9
54718,10
60636,11
62532,12
63292,13
63449,14
63482,15
67011,16
70907,17
77011,18
80991,19
81495,20
81742,21
85079,22
85206,23
85440,24
85668,25
1416,1
1647,2
3148,3
3670,4
4085,5
4611,6
7961,7
34247,8
47877,9
48618,10
50686,11
50885,12
71984,13
72851,14
8613,1
8712,2
9894,3
10029,4
10206,5
11086,6
11196,7
11635,8
11819,9
17644,10
17999,11
18005,12
18087,13
18123,14
19027,15
19462,16
21270,17
39731,18
41820,19
43349,20
44002,21
44150,22
44303,23
47569,24
47887,25
63534,26
79512,27
79694,28
82570,29
82880,30
83753,31
11564,1
12865,2
14211,3
14788,4
14931,5
15024,6
15553,7
15967,8
16156,9
16283,10
16418,11
16875,12
36053,13
36340,14
36362,15
36709,16
37328,17
39140,18
39475,19
39624,20
39640,21
39702,22
40028,23
40242,24
40573,25
49199,26
51018,27
51125,28
63418,29
63684,30
63916,31
64253,32
64355,33
81018,34
83480,35
83523,36
86323,37
2713,1
2804,2
6217,3
6280,4
7031,5
7356,6
7658,7
8144,8
8535,9
8926,10
8952,11
10564,12
10747,13
47395,14
47720,15
48467,16
50785,17
51310,18
53519,19
53566,20
67853,21
68447,22
80809,23
84458,24
9169,1
15983,2
16251,3
17257,4
18132,5
18798,6
19806,7
19873,8
20760,9
49692,10
50954,11
51112,12
68279,13
68308,14
599,1
949,2
1476,3
2104,4
2470,5
2578,6
3049,7
3346,8
3754,9
4388,10
5968,11
9355,12
10161,13
10229,14
45850,15
46107,16
46166,17
46178,18
46215,19
46445,20
46908,21
48597,22
215,1
1820,2
1874,3
5150,4
6413,5
6852,6
7421,7
12293,8
12572,9
13624,10
13656,11
13728,12
14051,13
14354,14
14703,15
37868,16
38300,17
39477,18
40466,19
40513,20
40653,21
40998,22
41159,23
43302,24
43468,25
55488,26
56132,27
70032,28
75549,29
85360,30
4982,1
5207,2
5427,3
5531,4
5849,5
5897,6
6079,7
6123,8
12769,9
13495,10
13512,11
13527,12
13983,13
14335,14
14341,15
15670,16
36842,17
36890,18
38041,19
38690,20
39003,21
39613,22
40027,23
78202,24
83530,25
83954,26
2003,1
2193,2
2235,3
8383,4
13287,5
13510,6
16779,7
41210,8
42111,9
42408,10
42590,11
63593,12
21569,1
27317,2
27944,3
28013,4
28045,5
28265,6
44122,7
61266,8
61276,9
63409,10
64035,11
64940,12
80186,13
80739,14
81734,15
12635,1
12953,2
13210,3
13486,4
13662,5
21816,6
22971,7
23235,8
23348,9
23456,10
24775,11
24934,12
43274,13
45751,14
46586,15
63935,16
77880,17
14567,1
15957,2
17522,3
17646,4
52714,5
52772,6
56692,7
56916,8
57136,9
65633,10
71246,11
86334,12
86343,13
6715,1
45938,2
47391,3
47548,4
47994,5
48085,6
50753,7
56783,8
56827,9
56945,10
57026,11
57033,12
57082,13
57098,14
57139,15
57440,16
58552,17
58950,18
59561,19
59605,20
61169,21
61371,22
61740,23
61750,24
61831,25
62468,26
62549,27
69429,28
69563,29
69622,30
69690,31
69782,32
82021,33
82147,34
82230,35
82336,36
82371,37
82420,38
82447,39
85917,40
3928,1
10279,2
34945,3
34973,4
35475,5
35540,6
35618,7
36467,8
36478,9
47179,10
47193,11
47940,12
48300,13
48312,14
48460,15
48582,16
48775,17
48865,18
49313,19
49652,20
79108,21
9875,1
10996,2
11037,3
11056,4
11442,5
11476,6
50127,7
50203,8
50720,9
57378,10
76283,11
6954,1
7500,2
7574,3
7750,4
8137,5
9160,6
9244,7
9566,8
11186,9
12279,10
12333,11
12528,12
12910,13
14826,14
15747,15
24512,16
28314,17
53329,18
86379,19
203,1
436,2
10502,3
16181,4
16320,5
16374,6
17014,7
18297,8
18954,9
20041,10
20165,11
23811,12
23830,13
25271,14
37586,15
39496,16
40399,17
40759,18
41646,19
57225,20
60002,21
66507,22
67257,23
68517,24
72055,25
76509,26
25127,1
27277,2
27483,3
28182,4
53410,5
54303,6
55756,7
56190,8
59599,9
61729,10
61859,11
67381,12
67439,13
74984,14
82117,15
82653,16
82773,17
83003,18
7732,1
33748,2
36410,3
36659,4
36696,5
56182,6
57308,7
57660,8
57710,9
59630,10
60253,11
60697,12
60887,13
61464,14
61558,15
61949,16
63600,17
64012,18
64270,19
65110,20
65377,21
49353,1
52033,2
52205,3
54120,4
55174,5
55245,6
55483,7
57858,8
57894,9
80396,10
84826,11
8485,1
9355,2
9408,3
11751,4
12149,5
13387,6
13782,7
14281,8
14511,9
14583,10
15563,11
39599,12
39646,13
42200,14
44025,15
44387,16
46017,17
47431,18
47457,19
48330,20
54499,21
56160,22
57752,23
64770,24
64966,25
66188,26
66453,27
67497,28
67822,29
68323,30
68359,31
68780,32
68800,33
68865,34
68962,35
69452,36
69514,37
69764,38
69901,39
71272,40
75836,41
77162,42
78098,43
81327,44
717,1
895,2
922,3
1064,4
1890,5
2462,6
2959,7
3145,8
3847,9
3979,10
4769,11
5565,12
5879,13
6030,14
6186,15
6856,16
23695,17
24286,18
24502,19
25364,20
26025,21
29431,22
29748,23
29996,24
30052,25
30726,26
31290,27
31534,28
34279,29
34762,30
54813,31
54843,32
54950,33
57497,34
73089,35
1052,1
1108,2
3762,3
3965,4
5041,5
5091,6
5373,7
6590,8
39293,9
47985,10
48134,11
48341,12
21068,1
21684,2
21745,3
21766,4
22040,5
22069,6
22330,7
22539,8
23101,9
23271,10
23502,11
24461,12
26071,13
26122,14
26364,15
26573,16
57190,17
57240,18
79859,19
19388,1
22030,2
30315,3
32232,4
33013,5
33239,6
33748,7
33898,8
33993,9
50046,10
51949,11
52861,12
53564,13
53573,14
53581,15
53755,16
688,1
13588,2
56808,3
57249,4
57280,5
57391,6
58993,7
62600,8
63259,9
64136,10
64269,11
64328,12
53700,1
10660,2
12055,3
14346,4
14821,5
15815,6
15836,7
15881,8
15934,9
16044,10
16664,11
16778,12
16811,13
17160,14
17862,15
17945,16
18778,17
18926,18
19240,19
19644,20
19800,21
20648,22
20813,23
26329,24
26361,25
66350,26
67117,27
67904,28
68668,29
69312,30
69675,31
70078,32
70189,33
70284,34
71144,35
71234,36
71264,37
71548,38
71786,39
76379,40
7910,1
11578,2
13808,3
14101,4
14571,5
16869,6
20709,7
24946,8
26699,9
26742,10
44134,11
45615,12
59720,13
60483,14
60736,15
75565,16
83294,17
9668,1
9730,2
9808,3
9953,4
10838,5
43981,6
47912,7
48521,8
51182,9
51675,10
52436,11
52722,12
54439,13
54660,14
58299,15
58333,16
59462,17
60153,18
83271,19
6704,1
9036,2
11804,3
41774,4
43923,5
43939,6
49141,7
69845,8
291,1
4813,2
8203,3
8758,4
8849,5
8886,6
12411,7
12759,8
13162,9
13261,10
14160,11
14821,12
15017,13
15237,14
15412,15
15658,16
17221,17
18864,18
19822,19
20033,20
22120,21
24008,22
25641,23
25680,24
25808,25
49575,26
53541,27
53693,28
53867,29
56101,30
60317,31
67620,32
67761,33
72078,34
72125,35
72180,36
72415,37
73390,38
73620,39
77136,40
77189,41
4704,1
12656,2
15894,3
18223,4
18522,5
18575,6
18926,7
43230,8
43765,9
46217,10
47224,11
47312,12
47338,13
47538,14
47613,15
47645,16
47731,17
49364,18
59841,19
61760,20
62291,21
65767,22
65805,23
67170,24
72796,25
15509,1
16203,2
16321,3
16459,4
42507,5
44623,6
452,1
4236,2
4762,3
6315,4
6402,5
6556,6
6679,7
7294,8
7814,9
8212,10
8652,11
8719,12
9128,13
10602,14
10649,15
10799,16
35450,17
35860,18
36306,19
43812,20
43826,21
54496,22
54850,23
62522,24
62577,25
62905,26
65022,27
65782,28
67093,29
69058,30
69657,31
81002,32
180,1
4538,2
4717,3
5141,4
5589,5
6179,6
13939,7
14074,8
15767,9
15798,10
17091,11
17539,12
18007,13
18827,14
19178,15
22085,16
22184,17
23269,18
23524,19
23555,20
23599,21
23731,22
24265,23
24458,24
24479,25
24561,26
24723,27
25004,28
47734,29
48256,30
49259,31
49533,32
49614,33
49648,34
50341,35
57466,36
58544,37
63668,38
76956,39
77398,40
83465,41
84166,42
85315,43
85373,44
6884,1
12630,2
16676,3
17006,4
17232,5
17854,6
18999,7
19071,8
19240,9
20443,10
20454,11
22826,12
22893,13
23493,14
24169,15
32072,16
48369,17
48571,18
48589,19
59307,20
59344,21
2675,1
2808,2
10430,3
10534,4
16839,5
17804,6
17840,7
18153,8
18276,9
18359,10
19353,11
20098,12
21059,13
22735,14
23875,15
24300,16
24581,17
26249,18
30824,19
31573,20
32838,21
33214,22
33273,23
50852,24
51956,25
53848,26
54414,27
69251,28
69503,29
83806,30
84704,31
84754,32
85705,33
86195,34
1028,1
4104,2
5376,3
6395,4
10906,5
11186,6
11341,7
11701,8
12387,9
12555,10
12757,11
12799,12
14245,13
40597,14
41083,15
42027,16
62705,17
64721,18
64986,19
66497,20
66706,21
67146,22
67262,23
70633,24
70770,25
73305,26
979,1
1205,2
1364,3
10470,4
26652,5
27282,6
28205,7
28304,8
29141,9
29382,10
30400,11
47681,12
48364,13
48525,14
48814,15
48827,16
49093,17
50156,18
50305,19
50542,20
50860,21
50970,22
51022,23
51317,24
61996,25
62800,26
62907,27
65035,28
65073,29
65111,30
65245,31
66583,32
67423,33
78761,34
79088,35
16261,1
56510,2
67274,3
67398,4
74126,5
74269,6
74444,7
74537,8
74815,9
74840,10
74861,11
76373,12
76836,13
77545,14
78323,15
78353,16
79975,17
80761,18
80853,19
81121,20
81230,21
81849,22
81996,23
3589,1
4333,2
12299,3
12956,4
13187,5
13569,6
44207,7
44222,8
44267,9
46071,10
46821,11
50088,12
52223,13
55337,14
64756,15
65287,16
65361,17
72892,18
81140,19
4865,1
8386,2
8428,3
8458,4
8534,5
10004,6
10114,7
10841,8
10950,9
11308,10
11901,11
12046,12
12305,13
12478,14
13615,15
13725,16
41320,17
43593,18
46208,19
46787,20
48162,21
48208,22
51232,23
55379,24
56623,25
67713,26
67768,27
70592,28
82280,29
82476,30
82618,31
82636,32
83710,33
19583,1
20027,2
20195,3
20678,4
20792,5
20875,6
21144,7
22422,8
22452,9
22512,10
23228,11
43288,12
43390,13
43536,14
46472,15
47041,16
47586,17
47927,18
48448,19
48520,20
48863,21
49778,22
50431,23
50791,24
56495,25
56658,26
75638,27
75710,28
75762,29
75943,30
76414,31
5277,1
5641,2
5674,3
5742,4
8389,5
9325,6
9367,7
40098,8
40511,9
40819,10
40877,11
41229,12
41310,13
41362,14
41413,15
43754,16
43801,17
46530,18
48391,19
52397,20
52607,21
52653,22
52930,23
53799,24
53980,25
54198,26
58837,27
68599,28
69820,29
72285,30
72308,31
76495,32
82580,33
23287,1
29650,2
30245,3
38258,4
46645,5
47454,6
47867,7
49062,8
49193,9
59422,10
69309,11
72289,12
73410,13
73424,14
73885,15
73923,16
75616,17
75688,18
76532,19
78150,20
78287,21
80083,22
80251,23
81197,24
81236,25
81311,26
81841,27
19728,1
20299,2
20318,3
21140,4
21242,5
21257,6
50223,7
8416,1
8534,2
17889,3
22137,4
22575,5
22982,6
23136,7
23214,8
23234,9
24039,10
24959,11
26153,12
26258,13
26390,14
44097,15
44985,16
45806,17
56172,18
56392,19
78570,20
17613,1
17686,2
18593,3
60985,4
62019,5
62094,6
62322,7
62390,8
62493,9
62529,10
62892,11
62917,12
62996,13
64562,14
65287,15
65486,16
66092,17
66133,18
66483,19
67380,20
68004,21
84523,22
84616,23
85014,24
85106,25
603,1
5844,2
5986,3
7733,4
37985,5
44397,6
49462,7
51629,8
51692,9
52168,10
54678,11
55363,12
55372,13
61268,14
61442,15
61622,16
62440,17
64555,18
68751,19
68809,20
68964,21
72488,22
72617,23
74926,24
84310,25
84396,26
17427,1
17640,2
18920,3
19164,4
19188,5
38337,6
39421,7
49825,8
50186,9
50331,10
51299,11
55624,12
11592,1
12232,2
28281,3
28321,4
28727,5
28755,6
28828,7
29368,8
29522,9
29796,10
29911,11
30687,12
43510,13
43539,14
43579,15
44099,16
44446,17
44620,18
44650,19
45103,20
45280,21
46412,22
46567,23
47057,24
47357,25
47464,26
47587,27
47678,28
47846,29
47919,30
49271,31
49533,32
49631,33
49787,34
50018,35
50184,36
50331,37
50768,38
50869,39
52702,40
52740,41
53021,42
53072,43
69457,44
13730,1
13846,2
15201,3
15863,4
16308,5
16777,6
42964,7
43859,8
61446,9
71869,10
72971,11
13342,1
13786,2
13965,3
14566,4
16776,5
16795,6
17168,7
17451,8
26788,9
26834,10
26923,11
27225,12
27251,13
43533,14
44205,15
44225,16
44241,17
44593,18
45708,19
46223,20
46260,21
51798,22
62246,23
62257,24
70837,25
74699,26
84580,27
84923,28
85136,29
5054,1
5235,2
5350,3
5646,4
5732,5
5740,6
5789,7
5920,8
11049,9
11534,10
16279,11
16375,12
16419,13
17008,14
17440,15
18582,16
18938,17
19354,18
19506,19
19889,20
24066,21
26400,22
47939,23
48585,24
48735,25
48756,26
48983,27
49276,28
52902,29
53342,30
53610,31
53640,32
53663,33
53817,34
57972,35
60796,36
70135,37
70871,38
70913,39
70965,40
71817,41
71898,42
72228,43
72613,44
72925,45
73254,46
73487,47
78459,48
82705,49
82834,50
82958,51
83996,52
20542,1
21486,2
21863,3
22062,4
22148,5
23786,6
26112,7
27241,8
27337,9
27676,10
28137,11
28205,12
28331,13
29188,14
29266,15
42261,16
42475,17
42494,18
42979,19
43433,20
43613,21
43873,22
44935,23
45286,24
45465,25
45471,26
45604,27
45621,28
45660,29
45783,30
45798,31
46743,32
46764,33
46785,34
46802,35
46991,36
46997,37
47018,38
47136,39
47335,40
47403,41
47578,42
47617,43
47639,44
47802,45
47956,46
48244,47
48396,48
59107,49
59339,50
59416,51
59715,52
60103,53
65609,54
74444,55
76519,56
77006,57
77196,58
78085,59
7564,1
10954,2
12959,3
15290,4
28342,5
28415,6
28453,7
42820,8
43179,9
43703,10
43733,11
43859,12
44206,13
44284,14
44389,15
48349,16
48451,17
49591,18
54269,19
54379,20
54548,21
55074,22
55193,23
55513,24
56042,25
65305,26
69046,27
69105,28
69135,29
69172,30
69955,31
70588,32
70973,33
75051,34
75229,35
75314,36
75741,37
75897,38
76141,39
76272,40
78187,41
78342,42
782,1
1015,2
8513,3
8742,4
9561,5
9610,6
10057,7
10818,8
10880,9
11045,10
11370,11
11532,12
12675,13
12821,14
13295,15
13373,16
13495,17
14245,18
14287,19
14371,20
14790,21
14826,22
14886,23
15077,24
15254,25
15381,26
15615,27
15872,28
15922,29
16104,30
17078,31
17228,32
17396,33
17505,34
17749,35
18042,36
18252,37
18341,38
37602,39
37718,40
37761,41
37796,42
38190,43
39944,44
39955,45
40126,46
41094,47
41223,48
41601,49
42007,50
42483,51
47896,52
47922,53
48514,54
48910,55
50409,56
50527,57
50905,58
51130,59
51257,60
55931,61
56934,62
57031,63
57355,64
57650,65
58064,66
58147,67
58324,68
58609,69
59296,70
59372,71
59859,72
59948,73
61077,74
74324,75
77469,76
2998,1
3597,2
8868,3
10589,4
11342,5
12074,6
12172,7
12317,8
13514,9
13708,10
14116,11
14240,12
14545,13
19621,14
20422,15
21387,16
21461,17
21970,18
22055,19
22155,20
39561,21
41469,22
62721,23
63148,24
67430,25
67535,26
67572,27
81222,28
2495,1
7785,2
8282,3
10537,4
11460,5
11510,6
11882,7
12939,8
13411,9
13458,10
13664,11
13986,12
14130,13
14220,14
14315,15
14801,16
15241,17
15259,18
15332,19
15513,20
15730,21
15797,22
29169,23
44618,24
44716,25
44822,26
44854,27
45132,28
45739,29
45930,30
45953,31
46376,32
46659,33
47447,34
47470,35
47487,36
47808,37
48074,38
48245,39
48515,40
48630,41
48762,42
49021,43
49368,44
49384,45
49471,46
49674,47
49807,48
49850,49
50135,50
50290,51
52148,52
52726,53
52914,54
52983,55
53530,56
53609,57
54281,58
54743,59
56046,60
56119,61
56678,62
56780,63
57890,64
57916,65
58124,66
58433,67
59853,68
60743,69
61066,70
67661,71
67763,72
67870,73
73352,74
77384,75
77829,76
83797,77
84081,78
1448,1
13394,2
21283,3
23094,4
23343,5
24754,6
24941,7
26397,8
26575,9
27090,10
27251,11
28042,12
28729,13
28846,14
28899,15
45769,16
45821,17
46244,18
46799,19
47259,20
47457,21
47570,22
47606,23
47734,24
48802,25
48849,26
49265,27
49363,28
49419,29
49428,30
49576,31
49637,32
50184,33
50670,34
50829,35
51326,36
51349,37
51585,38
52298,39
63221,40
73352,41
73367,42
73507,43
73927,44
76132,45
76199,46
76232,47
76369,48
76429,49
79430,50
79559,51
79760,52
79808,53
81803,54
83599,55
83701,56
83715,57
83729,58
83770,59
84452,60
84844,61
84867,62
84913,63
85060,64
85729,65
584,1
2132,2
2272,3
2469,4
2719,5
3187,6
3200,7
5821,8
5846,9
5892,10
7813,11
7857,12
7876,13
7904,14
8437,15
15692,16
40810,17
40854,18
41347,19
41809,20
41997,21
42009,22
42119,23
42144,24
42345,25
42403,26
42514,27
42760,28
46140,29
65972,30
65989,31
66099,32
70164,33
71614,34
71932,35
79021,36
79118,37
79189,38
79200,39
79244,40
21429,1
21436,2
21919,3
22329,4
22478,5
22649,6
23022,7
23237,8
23348,9
23697,10
24069,11
24079,12
24136,13
25418,14
25556,15
25721,16
25880,17
26138,18
26615,19
26766,20
26894,21
27157,22
27195,23
27253,24
27988,25
28032,26
28089,27
28411,28
28469,29
28596,30
28797,31
41416,32
41914,33
42590,34
42814,35
42921,36
43197,37
43357,38
44223,39
44352,40
44457,41
44484,42
45896,43
46046,44
64786,45
65292,46
65299,47
65447,48
65502,49
65704,50
65918,51
65991,52
66006,53
66026,54
67546,55
67618,56
67673,57
73429,58
76100,59
76194,60
76291,61
76305,62
76971,63
77640,64
77698,65
80185,66
81282,67
83880,68
83955,69
84240,70
3157,1
4095,2
4262,3
4322,4
7383,5
7981,6
8091,7
8306,8
8844,9
9177,10
9491,11
10035,12
10341,13
10642,14
10674,15
10724,16
10866,17
10876,18
11017,19
11218,20
11540,21
11866,22
18861,23
23327,24
23376,25
23622,26
23711,27
24117,28
25583,29
25868,30
25911,31
26025,32
26039,33
26145,34
26315,35
27006,36
27151,37
27369,38
27603,39
27669,40
28173,41
28496,42
28514,43
28552,44
28705,45
29171,46
29299,47
29669,48
30024,49
30156,50
30286,51
30638,52
30869,53
32179,54
32229,55
33619,56
33799,57
34158,58
51865,59
52003,60
54999,61
55435,62
56882,63
57912,64
58068,65
58316,66
58374,67
58427,68
60658,69
61495,70
61512,71
63038,72
63122,73
63276,74
63915,75
64529,76
64590,77
64674,78
65601,79
66383,80
66563,81
68846,82
69575,83
69691,84
69749,85
69848,86
70451,87
74215,88
74984,89
75024,90
75169,91
75183,92
75790,93
75860,94
76048,95
76076,96
76263,97
76507,98
77541,99
77724,100
77750,101
77846,102
78030,103
78449,104
82539,105
82623,106
85849,107
872,1
889,2
2416,3
2464,4
5916,5
8833,6
13856,7
17473,8
17983,9
18025,10
18490,11
18512,12
18526,13
18877,14
19200,15
19624,16
19663,17
19725,18
19903,19
20012,20
20143,21
20372,22
20412,23
20440,24
20525,25
20701,26
20840,27
20849,28
20988,29
21047,30
21068,31
21486,32
21741,33
21751,34
21763,35
21969,36
22074,37
22136,38
22875,39
23173,40
23199,41
23369,42
24141,43
42446,44
42496,45
43212,46
43288,47
43402,48
43866,49
44963,50
45030,51
45139,52
45155,53
45182,54
45303,55
45436,56
45497,57
45601,58
45770,59
45787,60
45830,61
45955,62
46051,63
47476,64
50683,65
53329,66
53646,67
53812,68
53926,69
54858,70
56840,71
57000,72
57061,73
58873,74
58899,75
59449,76
59453,77
68118,78
68308,79
68322,80
68477,81
72846,82
75080,83
75134,84
75169,85
76494,86
76500,87
76531,88
81063,89
81237,90
81281,91
756,1
1148,2
1405,3
1933,4
1996,5
2454,6
3086,7
3290,8
3549,9
9328,10
9452,11
36703,12
36758,13
36838,14
36972,15
37267,16
37557,17
38157,18
39657,19
39715,20
39767,21
39866,22
40436,23
40607,24
54036,25
54874,26
54905,27
54957,28
55185,29
55288,30
60715,31
60788,32
60951,33
60979,34
61078,35
61173,36
61227,37
64975,38
66550,39
67679,40
76688,41
8299,1
8310,2
14073,3
14385,4
14394,5
14430,6
14501,7
14548,8
14807,9
15210,10
15260,11
15300,12
15352,13
15471,14
16339,15
16760,16
16927,17
17225,18
17253,19
17283,20
17383,21
17572,22
17670,23
17753,24
17777,25
17985,26
18316,27
18761,28
18800,29
19083,30
35817,31
35955,32
37073,33
37220,34
37236,35
37264,36
37701,37
37914,38
37948,39
38000,40
38166,41
38284,42
38403,43
38508,44
38845,45
39061,46
39394,47
39438,48
39482,49
39650,50
39729,51
39749,52
40001,53
41645,54
42369,55
50624,56
56818,57
56858,58
58080,59
58150,60
58202,61
61635,62
61679,63
61978,64
62105,65
62555,66
62671,67
64114,68
64267,69
69054,70
69283,71
69991,72
73556,73
73614,74
79559,75
83322,76
83394,77
85960,78
86359,79
115,1
815,2
854,3
1022,4
1542,5
1563,6
2028,7
2051,8
2232,9
2418,10
2463,11
2480,12
2498,13
2618,14
3209,15
3349,16
3409,17
6956,18
15104,19
15119,20
15158,21
15321,22
15382,23
15464,24
15742,25
16636,26
17086,27
17169,28
18457,29
46560,30
47191,31
47306,32
49195,33
50048,34
50396,35
51122,36
64390,37
66107,38
71075,39
74385,40
78224,41
78406,42
83232,43
84084,44
84383,45
84395,46
85389,47
85939,48
2337,1
2357,2
3303,3
3714,4
4195,5
6421,6
13103,7
13279,8
13310,9
13493,10
13534,11
13545,12
13869,13
45689,14
46512,15
46704,16
46826,17
46878,18
46969,19
46997,20
47176,21
47236,22
47452,23
47809,24
48019,25
48101,26
50302,27
50316,28
50558,29
50700,30
50810,31
51706,32
51806,33
52074,34
53582,35
54970,36
56499,37
57092,38
57326,39
57435,40
64676,41
65358,42
65519,43
65539,44
65628,45
65729,46
65828,47
67711,48
18673,1
19017,2
19117,3
19361,4
19605,5
19703,6
19759,7
43798,8
43914,9
43960,10
44647,11
45183,12
46975,13
77787,14
14420,1
36820,2
36838,3
39066,4
39111,5
39286,6
42784,7
42991,8
43036,9
43160,10
51252,11
64488,12
71185,13
72349,14
72931,15
73234,16
73263,17
73946,18
74752,19
77512,20
77716,21
77738,22
77783,23
78143,24
78593,25
79361,26
79950,27
80281,28
80451,29
81869,30
81963,31
84035,32
7762,1
34932,2
35048,3
35485,4
44079,5
49725,6
55517,7
56512,8
56545,9
56561,10
56961,11
66062,12
66231,13
66726,14
73079,15
73680,16
73701,17
73752,18
73869,19
84924,20
84991,21
10289,1
10982,2
11068,3
12062,4
12251,5
12355,6
12547,7
12947,8
13408,9
13437,10
13659,11
13667,12
13722,13
13763,14
13955,15
14031,16
14093,17
14152,18
14210,19
14422,20
14531,21
14745,22
14803,23
36155,24
36180,25
36326,26
36448,27
36643,28
37563,29
37616,30
37743,31
39322,32
56186,33
56358,34
56651,35
56731,36
56919,37
57912,38
58204,39
58282,40
70365,41
1222,1
9476,2
9867,3
9998,4
10040,5
10537,6
10712,7
10811,8
10869,9
10879,10
10921,11
11022,12
11275,13
11322,14
11409,15
25968,16
26573,17
28468,18
28600,19
28654,20
28732,21
28828,22
29093,23
29203,24
29378,25
29816,26
29923,27
29959,28
30066,29
30255,30
30424,31
31439,32
32000,33
32425,34
53723,35
55874,36
55904,37
56065,38
56340,39
58746,40
59053,41
59853,42
59903,43
59992,44
22585,1
22934,2
23255,3
23303,4
24842,5
24944,6
25072,7
25262,8
25747,9
25976,10
26028,11
26693,12
26763,13
27095,14
51800,15
54170,16
54231,17
57049,18
65082,19
65145,20
65609,21
66374,22
69229,23
72063,24
18860,1
54254,2
54519,3
54541,4
65815,5
65899,6
65984,7
66489,8
66582,9
66841,10
66865,11
66907,12
67085,13
67197,14
67302,15
67450,16
67552,17
67844,18
67874,19
67882,20
67963,21
68087,22
68139,23
78278,24
80767,25
85035,26
4679,1
5098,2
5295,3
5406,4
6033,5
6255,6
6796,7
7365,8
8846,9
8883,10
8924,11
9270,12
9533,13
9549,14
60688,15
61107,16
63222,17
79867,18
84747,19
621,1
1806,2
5236,3
9545,4
44459,5
44584,6
45319,7
45521,8
46247,9
46276,10
50248,11
50344,12
57620,13
69443,14
72250,15
72913,16
73389,17
74022,18
74154,19
2891,1
3777,2
3985,3
4396,4
5009,5
6005,6
6195,7
6331,8
6592,9
6687,10
7504,11
8320,12
8921,13
9479,14
10660,15
11141,16
11647,17
34348,18
41114,19
41761,20
42628,21
43012,22
43662,23
43702,24
44194,25
45967,26
46110,27
47170,28
56362,29
58705,30
60215,31
60260,32
60815,33
62442,34
62518,35
65278,36
67743,37
69201,38
69228,39
69490,40
69554,41
69792,42
69796,43
70038,44
70158,45
71896,46
8805,1
8816,2
9051,3
9211,4
9331,5
9999,6
10134,7
14942,8
15796,9
17658,10
17812,11
18640,12
36100,13
38156,14
38363,15
38896,16
39132,17
39262,18
39302,19
40180,20
60268,21
60455,22
60497,23
60673,24
61952,25
22975,1
25097,2
25551,3
25851,4
26365,5
27295,6
27320,7
48756,8
63370,9
63379,10
63653,11
65763,12
67383,13
69986,14
70008,15
72320,16
72350,17
72751,18
75019,19
76689,20
79397,21
84697,22
84817,23
3720,1
13894,2
15113,3
16201,4
16832,5
16920,6
17115,7
17977,8
39858,9
39999,10
40037,11
40184,12
40881,13
41157,14
41194,15
41279,16
41592,17
41628,18
42169,19
42243,20
42259,21
42347,22
42379,23
42427,24
42456,25
42468,26
42516,27
43012,28
43089,29
43172,30
43666,31
44043,32
44129,33
44186,34
44383,35
44612,36
44715,37
45307,38
45712,39
45891,40
45907,41
45923,42
46225,43
46740,44
46832,45
47443,46
47513,47
47575,48
48173,49
48575,50
55945,51
56017,52
56990,53
57059,54
57218,55
57532,56
58083,57
58345,58
70852,59
70860,60
8764,1
8994,2
9051,3
10779,4
11529,5
11784,6
11843,7
11995,8
12327,9
13101,10
13426,11
13513,12
13884,13
13982,14
14152,15
14488,16
14769,17
14842,18
14943,19
15061,20
15181,21
15774,22
15860,23
15913,24
16010,25
16202,26
16251,27
16278,28
16357,29
16480,30
16574,31
16724,32
17055,33
17233,34
18773,35
18795,36
18815,37
19213,38
19250,39
19287,40
19351,41
19443,42
19539,43
19600,44
19811,45
19838,46
20095,47
20175,48
20304,49
22069,50
27915,51
27942,52
28025,53
28033,54
28078,55
28144,56
28199,57
28243,58
28278,59
28379,60
28408,61
42687,62
43355,63
43445,64
44537,65
45455,66
45475,67
46673,68
46909,69
47877,70
48025,71
48071,72
48130,73
48322,74
48347,75
48450,76
48522,77
48624,78
48799,79
49237,80
62912,81
63033,82
63187,83
63233,84
63309,85
63373,86
63409,87
63454,88
63497,89
63531,90
63604,91
63627,92
63755,93
63867,94
64023,95
64055,96
64313,97
64551,98
64729,99
64774,100
69154,101
69299,102
69309,103
70224,104
72940,105
73010,106
73055,107
73081,108
73214,109
73315,110
73361,111
73491,112
73574,113
73610,114
74614,115
75080,116
75154,117
75184,118
76685,119
76738,120
76886,121
76990,122
77160,123
6928,1
7049,2
7671,3
7878,4
8147,5
8326,6
9778,7
9848,8
9891,9
9956,10
9989,11
10092,12
10130,13
10243,14
10402,15
11120,16
11182,17
12532,18
13912,19
13971,20
14122,21
14144,22
14867,23
14998,24
15028,25
15093,26
15128,27
15799,28
16417,29
17043,30
17323,31
17858,32
17948,33
45808,34
45829,35
45906,36
48040,37
49255,38
49285,39
49374,40
49593,41
49763,42
50196,43
50307,44
50338,45
50358,46
50386,47
50425,48
50690,49
50796,50
50825,51
50882,52
62167,53
62240,54
62654,55
62663,56
62829,57
64378,58
64416,59
65706,60
66271,61
66414,62
66418,63
67240,64
68343,65
68401,66
70498,67
70536,68
70608,69
70740,70
70767,71
70857,72
71540,73
71590,74
71641,75
72083,76
74108,77
74161,78
74348,79
77718,80
77761,81
3049,1
3212,2
3850,3
3911,4
5485,5
5639,6
5715,7
5962,8
6042,9
6750,10
6765,11
7066,12
7295,13
7390,14
7431,15
7516,16
7619,17
7651,18
7846,19
8076,20
8646,21
9049,22
9079,23
9145,24
9508,25
9608,26
9815,27
9972,28
10086,29
42174,30
44262,31
44883,32
46008,33
46149,34
57697,35
57793,36
58305,37
58465,38
58551,39
58881,40
58975,41
59308,42
59381,43
60097,44
60168,45
60482,46
61176,47
69208,48
69237,49
69268,50
69409,51
69726,52
71680,53
75019,54
75174,55
76384,56
85825,57
1490,1
1636,2
1999,3
32840,4
32906,5
33070,6
33838,7
33898,8
34128,9
36163,10
36364,11
36427,12
36560,13
36610,14
37253,15
37355,16
37374,17
39495,18
39871,19
40808,20
40876,21
41070,22
41301,23
41644,24
41813,25
41915,26
42081,27
42165,28
42806,29
43084,30
43184,31
43652,32
43674,33
44511,34
44738,35
44931,36
45091,37
45167,38
48239,39
49753,40
49897,41
50505,42
50540,43
50991,44
51267,45
51584,46
53147,47
61364,48
61373,49
61555,50
61564,51
61615,52
62148,53
1194,1
3427,2
3469,3
4108,4
4176,5
5054,6
5156,7
5556,8
6144,9
6695,10
6750,11
6789,12
6920,13
7000,14
7194,15
7272,16
7434,17
7615,18
42464,19
43434,20
43874,21
44067,22
49504,23
58101,24
64689,25
65446,26
65810,27
66712,28
84396,29
84484,30
528,1
14419,2
15579,3
15704,4
15790,5
16412,6
16886,7
16965,8
17402,9
17682,10
17819,11
17919,12
18171,13
18889,14
19616,15
19772,16
39002,17
39555,18
40242,19
40358,20
42148,21
42298,22
42505,23
42887,24
43665,25
43811,26
46232,27
46447,28
46559,29
46627,30
46784,31
46832,32
62116,33
62265,34
62694,35
62719,36
62782,37
64489,38
64528,39
64616,40
67100,41
79381,42
80403,43
82712,44
82728,45
83339,46
12144,1
12569,2
12617,3
12979,4
13040,5
13169,6
13426,7
13616,8
14461,9
14708,10
14799,11
14965,12
16417,13
16436,14
17245,15
17333,16
17402,17
17999,18
18153,19
34745,20
35653,21
36570,22
36765,23
37115,24
37358,25
38677,26
40714,27
45950,28
51181,29
51519,30
52402,31
53256,32
54512,33
54842,34
55921,35
56003,36
56349,37
61646,38
78464,39
8441,1
10666,2
12549,3
12868,4
14318,5
15805,6
16594,7
17098,8
48343,9
51333,10
51465,11
54713,12
54718,13
63330,14
66998,15
67086,16
70366,17
73134,18
73587,19
78908,20
79916,21
80013,22
5695,1
5701,2
5878,3
7065,4
7117,5
7168,6
7529,7
7568,8
7587,9
8199,10
9509,11
9773,12
9948,13
10407,14
10906,15
10939,16
41934,17
42197,18
42224,19
42673,20
43089,21
43311,22
61878,23
64172,24
64440,25
64573,26
64616,27
64645,28
70510,29
73025,30
73585,31
73926,32
75414,33
75534,34
83658,35
2158,1
5049,2
5456,3
6604,4
7391,5
7450,6
7820,7
7895,8
8009,9
8434,10
8601,11
8743,12
8811,13
9987,14
10041,15
10819,16
12315,17
12541,18
12692,19
35592,20
36363,21
38905,22
43049,23
52551,24
53262,25
54046,26
54128,27
54323,28
54454,29
54853,30
55016,31
73523,32
74280,33
74477,34
74541,35
74623,36
75579,37
75651,38
75853,39
75900,40
76054,41
76139,42
76379,43
76483,44
76876,45
922,1
4682,2
5201,3
5236,4
5406,5
5445,6
5605,7
5777,8
5933,9
6283,10
23946,11
24033,12
24270,13
24520,14
24932,15
25773,16
25848,17
27178,18
27287,19
44350,20
44404,21
45483,22
45521,23
47080,24
49942,25
50047,26
51925,27
52166,28
56929,29
56993,30
57037,31
57242,32
68191,33
76676,34
7403,1
7894,2
7989,3
10005,4
10996,5
11223,6
11810,7
12024,8
12046,9
12066,10
12143,11
12293,12
12324,13
12378,14
12755,15
12771,16
12815,17
12884,18
12918,19
13076,20
13186,21
13333,22
13400,23
13711,24
13771,25
14105,26
35578,27
36978,28
37007,29
38609,30
38709,31
38966,32
39440,33
40939,34
41426,35
41955,36
55566,37
55723,38
57784,39
67178,40
67748,41
79689,42
82804,43
16127,1
16161,2
17894,3
19404,4
19673,5
19992,6
38135,7
39227,8
47726,9
60657,10
61215,11
65743,12
73469,13
73530,14
5681,1
7693,2
8684,3
15368,4
15914,5
15931,6
34013,7
34334,8
34456,9
35307,10
35657,11
35865,12
36848,13
37089,14
38400,15
39037,16
39126,17
60362,18
60505,19
61341,20
64220,21
79721,22
84074,23
84265,24
85412,25
86039,26
86244,27
632,1
1134,2
1503,3
1755,4
36744,5
42714,6
42872,7
44847,8
51079,9
51278,10
51290,11
51376,12
51412,13
51956,14
52750,15
52995,16
53260,17
53322,18
53668,19
54044,20
54067,21
54098,22
54993,23
56247,24
57721,25
70346,26
70455,27
70490,28
70643,29
70699,30
70850,31
70953,32
86281,33
2593,1
3348,2
3691,3
3789,4
4139,5
4168,6
4263,7
4302,8
4840,9
4899,10
5168,11
5262,12
5322,13
5413,14
5640,15
6549,16
6923,17
6955,18
11999,19
12100,20
12143,21
12153,22
29730,23
30248,24
31313,25
31857,26
32120,27
32450,28
32479,29
32614,30
32701,31
32836,32
32951,33
33552,34
33701,35
33739,36
33887,37
34364,38
34501,39
44907,40
45319,41
45397,42
45728,43
45797,44
58404,45
58406,46
59141,47
59281,48
59349,49
60006,50
60063,51
65831,52
65912,53
65978,54
66085,55
66707,56
9964,1
10257,2
11248,3
11419,4
11637,5
12765,6
12902,7
13546,8
13689,9
13730,10
33448,11
33709,12
33733,13
35000,14
36083,15
36583,16
45720,17
46197,18
55324,19
55361,20
55646,21
55834,22
55934,23
56091,24
68576,25
73821,26
74430,27
74553,28
74686,29
76263,30
82304,31
82421,32
82683,33
85947,34
57,1
1842,2
2052,3
3386,4
6437,5
28846,6
29642,7
29955,8
32893,9
33203,10
33574,11
34425,12
34444,13
34788,14
34806,15
34825,16
56081,17
6827,1
6845,2
6871,3
6938,4
7888,5
8221,6
8494,7
9234,8
9387,9
9502,10
9533,11
33358,12
35161,13
35463,14
36058,15
37346,16
38117,17
38682,18
38736,19
38980,20
39157,21
39181,22
39269,23
39360,24
39531,25
39653,26
46691,27
47577,28
47736,29
74186,30
13054,1
13080,2
13322,3
14569,4
14733,5
14748,6
14821,7
14960,8
15153,9
15368,10
15483,11
15759,12
15776,13
17150,14
35028,15
35498,16
35826,17
37510,18
37698,19
38131,20
38188,21
39102,22
50113,23
50382,24
50497,25
51220,26
51264,27
51515,28
60975,29
61144,30
61218,31
61247,32
61299,33
63857,34
76712,35
8654,1
8923,2
9687,3
12585,4
12635,5
13288,6
13413,7
13644,8
14594,9
14909,10
15483,11
15911,12
16065,13
35285,14
35773,15
36052,16
36108,17
36326,18
36730,19
37411,20
37498,21
37545,22
37898,23
37941,24
37975,25
38116,26
38365,27
38594,28
38989,29
39069,30
39101,31
39262,32
43854,33
46084,34
46787,35
46837,36
46889,37
47426,38
47546,39
54419,40
54788,41
55100,42
56696,43
66127,44
66194,45
66292,46
81768,47
81855,48
81920,49
82059,50
82587,51
82659,52
3756,1
4364,2
10517,3
12764,4
12823,5
35768,6
43211,7
43609,8
43741,9
43950,10
56140,11
67244,12
67313,13
67972,14
75505,15
75603,16
75631,17
75909,18
75948,19
75979,20
76272,21
76440,22
76963,23
78784,24
78844,25
27456,1
43016,2
44706,3
44835,4
44844,5
45558,6
45704,7
46361,8
48039,9
48236,10
48523,11
49548,12
51346,13
56991,14
57010,15
64630,16
65971,17
67962,18
70602,19
72480,20
77858,21
81443,22
81536,23
1835,1
2077,2
3012,3
3766,4
44753,5
86153,6
2013,1
2058,2
2090,3
3341,4
5219,5
5260,6
5386,7
5404,8
5944,9
6159,10
38716,11
38859,12
39148,13
39154,14
40050,15
40133,16
47966,17
48009,18
48101,19
49685,20
4976,1
10659,2
67830,3
68199,4
1671,1
13922,2
13997,3
15401,4
16263,5
16273,6
17527,7
17638,8
17702,9
18064,10
19506,11
19615,12
43730,13
43853,14
43959,15
61085,16
11440,1
12075,2
12361,3
12569,4
12649,5
13156,6
35678,7
35742,8
36535,9
36746,10
36845,11
37112,12
37154,13
37483,14
37540,15
37633,16
37681,17
81520,18
81557,19
2354,1
2449,2
14677,3
14898,4
15015,5
15152,6
15427,7
17811,8
17890,9
18311,10
18702,11
18876,12
52211,13
52227,14
65455,15
65678,16
65729,17
6310,1
9262,2
9386,3
9626,4
9695,5
30052,6
30409,7
30420,8
30571,9
54061,10
55101,11
55283,12
55352,13
55371,14
55389,15
55424,16
55444,17
55530,18
55590,19
55649,20
55671,21
55738,22
56480,23
56606,24
57146,25
63597,26
63614,27
63698,28
63887,29
63972,30
64969,31
65227,32
65323,33
66225,34
333,1
382,2
568,3
585,4
1068,5
5146,6
5210,7
6612,8
81624,9
83534,10
5013,1
5263,2
5311,3
5329,4
5355,5
5393,6
5428,7
5443,8
5494,9
6206,10
6233,11
6263,12
6344,13
6381,14
6406,15
27506,16
27579,17
27618,18
27952,19
28146,20
28214,21
28440,22
28588,23
30258,24
32343,25
50750,26
51821,27
52016,28
52683,29
53025,30
53128,31
54187,32
56958,33
57101,34
65680,35
65701,36
65763,37
65848,38
65869,39
65965,40
65999,41
66670,42
8544,1
8692,2
12409,3
12663,4
12906,5
12967,6
13362,7
13428,8
13596,9
13604,10
13623,11
13937,12
14080,13
14097,14
19346,15
19519,16
19554,17
19584,18
45619,19
45780,20
46069,21
48471,22
48490,23
48594,24
48651,25
48719,26
48944,27
49339,28
49542,29
49719,30
49791,31
61843,32
61863,33
61887,34
62109,35
65106,36
65461,37
66132,38
66182,39
67006,40
67896,41
67978,42
68002,43
68134,44
68484,45
69990,46
70399,47
73008,48
73203,49
73242,50
73348,51
81723,52
6468,1
6494,2
9497,3
9632,4
9663,5
9691,6
9706,7
9728,8
9773,9
9832,10
9845,11
9887,12
9938,13
10023,14
10063,15
10069,16
10144,17
10317,18
10439,19
10487,20
10616,21
10775,22
11173,23
11210,24
11283,25
11326,26
11397,27
12209,28
12230,29
12316,30
13540,31
13789,32
26752,33
26800,34
27059,35
27113,36
27264,37
27291,38
62355,39
62531,40
62881,41
62928,42
63501,43
63532,44
63791,45
64944,46
64973,47
65329,48
65453,49
65523,50
65572,51
65654,52
65686,53
66002,54
66447,55
67281,56
67308,57
67401,58
67966,59
71323,60
71357,61
71649,62
72134,63
72565,64
79828,65
81573,66
13400,1
13636,2
14933,3
15227,4
15327,5
15735,6
15769,7
16158,8
16263,9
16426,10
38972,11
39033,12
39617,13
39787,14
39945,15
40073,16
1189,1
1737,2
2356,3
2557,4
2726,5
3179,6
3617,7
3627,8
4033,9
4532,10
4548,11
4568,12
4775,13
5043,14
5160,15
5416,16
5703,17
6522,18
7678,19
7838,20
35905,21
36130,22
50239,23
84730,24
84751,25
85414,26
85487,27
85585,28
85623,29
85638,30
85706,31
85743,32
85868,33
272,1
531,2
1748,3
1767,4
1876,5
2172,6
2214,7
2237,8
2376,9
2577,10
2688,11
2730,12
2757,13
2914,14
2984,15
3003,16
3040,17
4018,18
4111,19
4133,20
4164,21
4202,22
4415,23
4859,24
4944,25
4982,26
28336,27
30024,28
30300,29
31219,30
31277,31
32242,32
32338,33
32353,34
32390,35
32440,36
32948,37
33370,38
33460,39
33547,40
33563,41
34252,42
34310,43
34494,44
35698,45
42526,46
57789,47
57975,48
58062,49
64935,50
82741,51
84047,52
84197,53
434,1
3449,2
3647,3
3733,4
3785,5
3798,6
3910,7
4025,8
4170,9
4232,10
4282,11
4371,12
4962,13
4974,14
4997,15
5100,16
5259,17
34847,18
37594,19
39655,20
39740,21
39791,22
45363,23
46546,24
46649,25
48560,26
48622,27
49013,28
50313,29
50438,30
50542,31
50783,32
50924,33
50958,34
51139,35
51171,36
51198,37
51215,38
51350,39
51424,40
74,1
821,2
978,3
1546,4
1625,5
1971,6
2064,7
2131,8
2140,9
2174,10
2238,11
2322,12
2341,13
2387,14
2499,15
2789,16
2854,17
2872,18
2949,19
4324,20
18230,21
34063,22
35013,23
35045,24
41219,25
47457,26
47496,27
47704,28
47895,29
47930,30
48043,31
48158,32
48345,33
48433,34
48498,35
48592,36
48633,37
48718,38
48817,39
48918,40
48944,41
49084,42
53557,43
53606,44
54122,45
54217,46
62494,47
74235,48
74250,49
74535,50
84225,51
84553,52
84739,53
84841,54
84915,55
85007,56
2758,1
2825,2
29623,3
29997,4
30057,5
30093,6
30282,7
30314,8
30345,9
30856,10
31544,11
31633,12
31669,13
31717,14
35461,15
35878,16
38556,17
38582,18
38608,19
41064,20
63965,21
63988,22
2401,1
2721,2
3082,3
3237,4
3281,5
3865,6
6183,7
6213,8
6515,9
6855,10
7412,11
9111,12
9664,13
10803,14
10926,15
12026,16
12443,17
13187,18
13398,19
13422,20
13616,21
36034,22
42598,23
44574,24
44656,25
45085,26
45996,27
46072,28
46218,29
47223,30
47241,31
47380,32
47491,33
48103,34
48125,35
62940,36
63013,37
63068,38
63097,39
63176,40
84189,41
84365,42
84553,43
84706,44
84832,45
84932,46
5887,1
6638,2
6932,3
7211,4
7785,5
8094,6
8765,7
9056,8
9322,9
9337,10
9366,11
9466,12
9883,13
10009,14
10394,15
10630,16
10672,17
10732,18
10750,19
10765,20
10961,21
11017,22
11187,23
34078,24
41424,25
44490,26
44648,27
45405,28
65829,29
65872,30
66153,31
67232,32
67797,33
68814,34
69870,35
80907,36
80973,37
80991,38
81096,39
3028,1
3140,2
4598,3
22614,4
23745,5
23873,6
24886,7
25034,8
31109,9
31750,10
31847,11
46463,12
53168,13
53205,14
53253,15
66393,16
82210,17
86035,18
86091,19
86128,20
4683,1
4768,2
5051,3
11517,4
11770,5
11829,6
13129,7
13212,8
13296,9
13648,10
13982,11
18679,12
18719,13
18753,14
18784,15
39078,16
39919,17
41020,18
46485,19
46607,20
46655,21
77772,22
77785,23
77800,24
77865,25
77894,26
78040,27
78058,28
78067,29
84039,30
84059,31
84091,32
84120,33
84156,34
84249,35
84257,36
84349,37
84409,38
22527,1
23715,2
23878,3
24186,4
25302,5
25996,6
26075,7
26347,8
26476,9
26586,10
26667,11
26790,12
26854,13
32761,14
46780,15
58536,16
58723,17
69348,18
74676,19
79203,20
82419,21
82430,22
83526,23
84725,24
84772,25
84909,26
8339,1
10361,2
11199,3
11566,4
13391,5
13487,6
13559,7
14086,8
15197,9
15236,10
15339,11
15929,12
16110,13
16889,14
17936,15
19655,16
20350,17
20379,18
20425,19
36473,20
38224,21
40997,22
56164,23
68968,24
3487,1
5017,2
5487,3
5724,4
7785,5
7974,6
8427,7
29255,8
38849,9
38878,10
39570,11
39990,12
40190,13
40221,14
40626,15
41717,16
46767,17
47187,18
48195,19
48368,20
48861,21
48932,22
49410,23
49441,24
49467,25
51304,26
6554,1
7197,2
7288,3
8845,4
9251,5
9493,6
10027,7
10883,8
11743,9
18046,10
43688,11
43743,12
44613,13
45004,14
46200,15
47437,16
3950,1
4193,2
4211,3
4232,4
5441,5
5562,6
33394,7
33509,8
33596,9
33727,10
33829,11
34028,12
34064,13
34156,14
34657,15
34920,16
35620,17
38939,18
43633,19
56052,20
56146,21
7849,1
7855,2
8028,3
8108,4
8121,5
8148,6
8301,7
8340,8
8609,9
8621,10
8747,11
8756,12
8872,13
25485,14
26394,15
26714,16
26782,17
26805,18
27308,19
27332,20
27632,21
27738,22
27858,23
28214,24
28749,25
28816,26
28916,27
29455,28
29525,29
29670,30
29754,31
29816,32
30353,33
30542,34
30611,35
30686,36
30725,37
30812,38
30847,39
31338,40
32598,41
32623,42
32648,43
33191,44
33284,45
33322,46
33396,47
33621,48
34087,49
34424,50
34468,51
34709,52
44690,53
45322,54
53417,55
53441,56
53970,57
56521,58
56589,59
56699,60
68541,61
69040,62
72363,63
73126,64
82087,65
82991,66
83207,67
83633,68
10409,1
10503,2
18903,3
19807,4
19895,5
21436,6
21632,7
22222,8
22368,9
22659,10
22668,11
22822,12
22939,13
23325,14
23361,15
24095,16
24331,17
24622,18
24661,19
24950,20
25372,21
25389,22
25559,23
27753,24
27785,25
27979,26
28012,27
28085,28
28172,29
28251,30
40383,31
55674,32
56540,33
56770,34
56773,35
59024,36
59065,37
59140,38
59268,39
59462,40
64903,41
76842,42
6057,1
6289,2
6412,3
6427,4
6740,5
6938,6
17152,7
17222,8
17946,9
18023,10
18043,11
18243,12
18708,13
19157,14
19320,15
19347,16
19401,17
19640,18
19642,19
19769,20
20004,21
20127,22
20255,23
20290,24
20445,25
20666,26
21258,27
21500,28
22520,29
22750,30
22823,31
22875,32
23312,33
23449,34
23546,35
23669,36
23877,37
23892,38
23944,39
24100,40
24141,41
24163,42
24311,43
24393,44
44921,45
44958,46
45779,47
48751,48
48900,49
51464,50
51576,51
52078,52
52193,53
52316,54
52443,55
52508,56
52559,57
60991,58
61163,59
61658,60
61870,61
62056,62
62064,63
63884,64
63944,65
64162,66
64501,67
74270,68
75313,69
75338,70
85320,71
85582,72
1565,1
3885,2
3956,3
38507,4
39318,5
39336,6
40683,7
40725,8
40835,9
40849,10
40948,11
41350,12
41758,13
41835,14
42071,15
42201,16
42273,17
42654,18
42689,19
43143,20
44128,21
44534,22
44598,23
46102,24
57185,25
57208,26
57224,27
57343,28
67347,29
3425,1
3469,2
5251,3
5633,4
5659,5
6420,6
6608,7
6645,8
40033,9
40353,10
44259,11
46250,12
46622,13
46742,14
46955,15
47156,16
47234,17
47284,18
47414,19
47485,20
47693,21
49141,22
70142,23
72301,24
72377,25
72403,26
73286,27
74621,28
74742,29
75013,30
75077,31
75159,32
75226,33
75296,34
75506,35
76105,36
2141,1
3705,2
4614,3
4733,4
4746,5
4758,6
5023,7
6456,8
6590,9
41222,10
73046,11
84272,12
84291,13
1003,1
1879,2
1902,3
2079,4
2162,5
2219,6
37179,7
37379,8
39201,9
39261,10
40472,11
42774,12
46037,13
56042,14
57839,15
63633,16
78486,17
78504,18
78631,19
81187,20
81201,21
81449,22
81500,23
4667,1
4703,2
5755,3
5803,4
5828,5
6279,6
29528,7
29570,8
30107,9
30230,10
30561,11
30579,12
30650,13
30728,14
30804,15
30886,16
37996,17
38022,18
38202,19
46175,20
51105,21
51183,22
51205,23
58238,24
58312,25
71634,26
71773,27
2183,1
2710,2
5293,3
5430,4
5570,5
10856,6
11206,7
11564,8
11840,9
34320,10
36245,11
40736,12
49659,13
50001,14
50060,15
50536,16
77622,17
77797,18
80169,19
36536,1
36554,2
36668,3
36800,4
36898,5
38465,6
41393,7
41481,8
50436,9
56617,10
56654,11
56907,12
74908,13
74970,14
74979,15
74999,16
75063,17
77372,18
77446,19
79335,20
79386,21
80872,22
83359,23
83571,24
84372,25
84387,26
23522,1
23557,2
23599,3
23618,4
23750,5
24057,6
24133,7
24196,8
24411,9
24843,10
25025,11
25081,12
25140,13
25194,14
25205,15
25340,16
25478,17
25510,18
25690,19
25737,20
25823,21
25863,22
25897,23
25929,24
26015,25
26027,26
26305,27
27087,28
27111,29
43858,30
46666,31
47458,32
50359,33
51041,34
54828,35
60480,36
61414,37
61863,38
70469,39
70656,40
70741,41
70805,42
70876,43
70898,44
70932,45
71113,46
8128,1
10125,2
10669,3
11555,4
12010,5
12153,6
12491,7
12650,8
13412,9
13809,10
14550,11
14704,12
14805,13
15046,14
15109,15
15465,16
15759,17
15864,18
18641,19
18663,20
18681,21
18733,22
18780,23
18866,24
18897,25
18911,26
19169,27
19186,28
39039,29
40024,30
40118,31
40369,32
40550,33
41436,34
41547,35
41644,36
41674,37
41705,38
42045,39
42081,40
42253,41
47495,42
51486,43
52294,44
60481,45
70771,46
74730,47
1334,1
15356,2
15556,3
15697,4
15879,5
60992,6
66127,7
68795,8
69184,9
69344,10
70792,11
81326,12
7506,1
7942,2
14604,3
15118,4
15140,5
15286,6
15299,7
15563,8
15585,9
15629,10
15718,11
15762,12
15821,13
15862,14
15912,15
34203,16
36234,17
36921,18
36947,19
41446,20
41834,21
41983,22
42097,23
44521,24
44809,25
44935,26
45111,27
45477,28
46958,29
48055,30
48116,31
48276,32
60654,33
63000,34
63308,35
63643,36
74084,37
40293,1
42522,2
58694,3
58785,4
58796,5
4320,1
4332,2
3683,3
5340,4
9587,5
31578,6
39371,7
39392,8
43866,9
47872,10
47935,11
50603,12
52204,13
55319,14
61076,15
64448,16
75212,17
84551,18
84821,19
85022,20
85051,21
85492,22
85627,23
85856,24
86246,25
409,1
439,2
698,3
843,4
15684,5
15844,6
16416,7
16968,8
17123,9
17148,10
17536,11
18061,12
18081,13
18178,14
18698,15
21216,16
21400,17
21428,18
21464,19
21494,20
22034,21
22062,22
22088,23
38739,24
43335,25
43650,26
48228,27
48373,28
51474,29
51719,30
51758,31
51967,32
53153,33
54576,34
58909,35
59175,36
59184,37
59493,38
59766,39
59964,40
74717,41
74827,42
81878,43
82167,44
85119,45
85135,46
2295,1
26535,2
26589,3
27148,4
27167,5
27446,6
28030,7
28585,8
28634,9
28790,10
28999,11
29204,12
29303,13
30185,14
41121,15
41258,16
41323,17
41353,18
50923,19
51009,20
51553,21
66340,22
68000,23
74993,24
80555,25
85999,26
86375,27
1952,1
39798,2
40087,3
40498,4
40619,5
40791,6
51403,7
64854,8
70478,9
70705,10
71188,11
71259,12
8235,1
8343,2
8664,3
8691,4
42231,5
57990,6
58854,7
59731,8
60071,9
60086,10
72892,11
73389,12
79004,13
80814,14
80830,15
780,1
962,2
1938,3
2349,4
2413,5
2888,6
2940,7
3137,8
3228,9
22381,10
23340,11
23349,12
24604,13
27027,14
34903,15
40153,16
40189,17
40201,18
41383,19
41519,20
42111,21
53968,22
70290,23
10292,1
14153,2
14343,3
14437,4
14620,5
15603,6
15699,7
16550,8
16640,9
16759,10
17420,11
17480,12
18560,13
50396,14
50417,15
59867,16
59919,17
59992,18
60078,19
60103,20
68311,21
68368,22
72833,23
73043,24
73252,25
78093,26
79745,27
80929,28
83952,29
2774,1
3538,2
3815,3
4396,4
5961,5
6517,6
34667,7
48319,8
53499,9
53541,10
53824,11
55389,12
56145,13
56608,14
83391,15
85874,16
85975,17
552,1
1134,2
2080,3
2935,4
33118,5
33602,6
33786,7
35458,8
35687,9
35924,10
36024,11
44711,12
44817,13
51419,14
59026,15
59227,16
74104,17
75941,18
76391,19
78163,20
78696,21
1043,1
2177,2
6925,3
8058,4
12072,5
36577,6
36716,7
36792,8
36856,9
36934,10
37903,11
38104,12
38246,13
45093,14
48357,15
48673,16
49922,17
56124,18
59858,19
62899,20
64911,21
64969,22
64987,23
72821,24
73499,25
73590,26
73649,27
74772,28
80044,29
81843,30
81878,31
86135,32
86146,33
257,1
4487,2
5362,3
5731,4
6338,5
6485,6
6596,7
6715,8
35394,9
35753,10
35960,11
36797,12
36868,13
36932,14
37652,15
38036,16
38058,17
43431,18
43552,19
43693,20
45578,21
50021,22
50117,23
50436,24
50519,25
52560,26
52780,27
52936,28
54344,29
54451,30
54486,31
56236,32
56243,33
57416,34
78250,35
78344,36
82321,37
82957,38
1004,1
6745,2
6790,3
7121,4
7153,5
7513,6
7670,7
7687,8
8946,9
9484,10
9524,11
9548,12
9739,13
10671,14
11221,15
11679,16
11825,17
12047,18
35964,19
36039,20
36217,21
36264,22
36459,23
36622,24
37055,25
37141,26
37230,27
37351,28
37788,29
38305,30
38684,31
39236,32
39353,33
39429,34
39561,35
39600,36
39722,37
39935,38
40420,39
40465,40
41011,41
41120,42
48484,43
52778,44
54603,45
62527,46
63207,47
63215,48
65422,49
71863,50
71899,51
72842,52
73104,53
73266,54
73288,55
74025,56
74966,57
81771,58
4212,1
4250,2
4266,3
4277,4
4289,5
4376,6
5137,7
5778,8
5998,9
7356,10
7358,11
16285,12
16310,13
17780,14
17866,15
18034,16
18063,17
18746,18
19359,19
20018,20
35247,21
35339,22
35466,23
35722,24
36426,25
36530,26
36713,27
36767,28
36957,29
37005,30
37838,31
37997,32
38085,33
38188,34
39385,35
39458,36
39730,37
39932,38
39958,39
40338,40
47221,41
51302,42
51368,43
52917,44
52966,45
52978,46
59134,47
60146,48
60214,49
71329,50
85832,51
85900,52
85993,53
86379,54
6114,1
10759,2
11177,3
11430,4
12228,5
12573,6
