date,time,char_count,is_RT
Apr 18 2024,6:41:57 PM EDT,23,0
Apr 18 2024,6:43:32 PM EDT,81,0
Apr 18 2024,6:58:08 PM EDT,125,0
Apr 18 2024,7:13:47 PM EDT,47,0
Apr 18 2024,7:22:19 PM EDT,44,0
Apr 18 2024,8:18:52 PM EDT,108,1
Apr 18 2024,8:19:17 PM EDT,140,1
Apr 18 2024,11:15:04 PM EDT,109,1
Apr 18 2024,11:15:19 PM EDT,23,0
Apr 18 2024,11:16:01 PM EDT,47,0
Apr 18 2024,11:51:07 PM EDT,89,0
Apr 19 2024,12:49:14 AM EDT,76,0
Apr 19 2024,1:10:10 PM EDT,138,1
Apr 19 2024,2:10:01 PM EDT,163,0
Apr 19 2024,2:20:41 PM EDT,206,0
Apr 19 2024,2:32:34 PM EDT,106,0
Apr 19 2024,2:43:42 PM EDT,90,0
Apr 19 2024,2:47:25 PM EDT,95,0
Apr 19 2024,2:48:49 PM EDT,30,0
Apr 19 2024,2:50:17 PM EDT,140,1
Apr 19 2024,3:55:35 PM EDT,101,1
Apr 19 2024,5:25:37 PM EDT,28,0
Apr 19 2024,11:53:55 PM EDT,59,0
Apr 20 2024,12:03:49 AM EDT,234,0
Apr 20 2024,12:35:46 AM EDT,90,1
Apr 20 2024,12:36:43 AM EDT,77,0
Apr 20 2024,12:43:52 AM EDT,23,0
Apr 20 2024,12:45:03 AM EDT,77,0
Apr 20 2024,12:46:38 AM EDT,126,0
Apr 20 2024,1:00:26 AM EDT,140,1
Apr 20 2024,1:44:05 AM EDT,140,1
Apr 20 2024,1:55:47 AM EDT,45,0
Apr 20 2024,4:59:01 AM EDT,28,0
Apr 20 2024,5:01:07 AM EDT,37,0
Apr 20 2024,5:07:51 AM EDT,70,0
Apr 20 2024,5:32:10 AM EDT,31,0
Apr 20 2024,5:42:06 AM EDT,84,1
Apr 20 2024,10:40:26 AM EDT,45,0
Apr 20 2024,1:21:36 PM EDT,95,0
Apr 20 2024,1:26:17 PM EDT,125,0
Apr 20 2024,1:27:28 PM EDT,23,0
Apr 20 2024,1:36:43 PM EDT,125,1
Apr 20 2024,1:42:33 PM EDT,32,0
Apr 20 2024,1:52:06 PM EDT,54,1
Apr 20 2024,4:36:56 PM EDT,111,0
Apr 20 2024,7:48:28 PM EDT,140,1
Apr 20 2024,7:57:13 PM EDT,92,0
Apr 20 2024,9:47:21 PM EDT,23,0
Apr 21 2024,10:34:09 AM EDT,136,1
Apr 21 2024,11:11:56 AM EDT,140,1
Apr 21 2024,11:15:54 AM EDT,140,1
Apr 21 2024,1:01:18 PM EDT,94,0
Apr 21 2024,1:29:47 PM EDT,90,1
Apr 21 2024,5:54:15 PM EDT,105,0
Apr 21 2024,8:19:42 PM EDT,27,0
Apr 22 2024,12:05:48 AM EDT,68,0
Apr 22 2024,12:16:15 AM EDT,140,1
Apr 22 2024,12:45:30 AM EDT,66,1
Apr 22 2024,1:24:36 AM EDT,32,0
Apr 22 2024,3:48:37 AM EDT,139,1
Apr 22 2024,10:38:29 AM EDT,23,0
Apr 22 2024,11:28:39 AM EDT,134,0
Apr 22 2024,11:59:50 AM EDT,144,1
Apr 22 2024,12:07:09 PM EDT,78,0
Apr 22 2024,4:17:58 PM EDT,140,1
Apr 22 2024,6:35:38 PM EDT,140,1
Apr 22 2024,7:21:32 PM EDT,255,0
Apr 22 2024,7:28:12 PM EDT,28,0
Apr 22 2024,7:30:07 PM EDT,64,0
Apr 22 2024,7:53:36 PM EDT,140,1
Apr 22 2024,8:24:35 PM EDT,23,0
Apr 22 2024,8:31:47 PM EDT,132,0
Apr 22 2024,8:54:44 PM EDT,39,0
Apr 22 2024,9:38:34 PM EDT,162,0
Apr 22 2024,11:47:50 PM EDT,140,1
Apr 23 2024,12:25:01 AM EDT,140,1
Apr 23 2024,1:51:14 AM EDT,58,1
Apr 23 2024,11:08:41 AM EDT,23,0
Apr 23 2024,11:16:34 AM EDT,79,1
Apr 23 2024,11:18:35 AM EDT,140,1
Apr 23 2024,11:22:12 AM EDT,49,0
Apr 23 2024,11:31:05 AM EDT,140,1
Apr 23 2024,11:59:00 AM EDT,140,1
Apr 23 2024,12:20:14 PM EDT,110,0
Apr 23 2024,12:28:31 PM EDT,61,0
Apr 23 2024,12:52:25 PM EDT,28,0
Apr 23 2024,1:18:28 PM EDT,29,0
Apr 23 2024,1:37:35 PM EDT,91,0
Apr 23 2024,1:48:07 PM EDT,87,1
Apr 23 2024,2:31:43 PM EDT,140,1
Apr 23 2024,2:42:04 PM EDT,36,1
Apr 23 2024,3:08:10 PM EDT,38,0
Apr 23 2024,3:22:13 PM EDT,27,0
Apr 23 2024,7:50:16 PM EDT,72,1
Apr 23 2024,7:53:23 PM EDT,69,0
Apr 24 2024,12:41:46 AM EDT,67,1
Apr 24 2024,3:36:27 AM EDT,83,1
Apr 24 2024,4:42:08 AM EDT,239,0
Apr 24 2024,5:01:19 AM EDT,140,1
Apr 24 2024,1:35:47 PM EDT,45,0
Apr 25 2024,1:05:25 AM EDT,140,1
Apr 25 2024,5:53:27 AM EDT,140,1
Apr 25 2024,6:43:11 AM EDT,34,0
Apr 25 2024,7:24:03 AM EDT,61,0
Apr 25 2024,4:54:50 PM EDT,101,0
Apr 25 2024,6:06:44 PM EDT,45,0
Apr 25 2024,7:14:43 PM EDT,254,0
Apr 25 2024,7:43:24 PM EDT,255,0
Apr 26 2024,1:19:26 AM EDT,241,0
Apr 26 2024,1:20:32 AM EDT,255,0
Apr 26 2024,2:01:07 AM EDT,49,0
Apr 26 2024,3:33:06 AM EDT,51,0
Apr 26 2024,11:43:14 AM EDT,148,1
Apr 26 2024,2:35:43 PM EDT,140,1
Apr 26 2024,2:45:09 PM EDT,60,0
Apr 26 2024,4:02:21 PM EDT,74,0
Apr 26 2024,5:28:12 PM EDT,88,0
Apr 26 2024,6:23:08 PM EDT,23,0
Apr 26 2024,6:40:05 PM EDT,47,0
Apr 26 2024,7:01:41 PM EDT,63,1
Apr 26 2024,7:02:20 PM EDT,140,1
Apr 26 2024,7:03:23 PM EDT,130,1
Apr 27 2024,3:30:54 PM EDT,140,1
Apr 27 2024,3:35:01 PM EDT,25,0
Apr 27 2024,3:56:55 PM EDT,140,1
Apr 27 2024,4:09:32 PM EDT,120,1
Apr 27 2024,7:34:50 PM EDT,23,0
Apr 27 2024,8:13:59 PM EDT,87,0
Apr 27 2024,9:07:05 PM EDT,255,0
Apr 27 2024,9:48:01 PM EDT,56,0
Apr 27 2024,9:49:36 PM EDT,91,0
Apr 27 2024,9:55:06 PM EDT,86,0
Apr 27 2024,9:56:03 PM EDT,23,0
Apr 27 2024,11:12:08 PM EDT,56,0
Apr 27 2024,11:42:43 PM EDT,255,0
Apr 28 2024,12:41:59 AM EDT,76,0
Apr 28 2024,3:49:03 AM EDT,140,1
Apr 28 2024,3:49:10 AM EDT,76,1
Apr 28 2024,3:49:13 AM EDT,140,1
Apr 28 2024,9:03:07 AM EDT,52,0
Apr 28 2024,9:27:13 AM EDT,135,0
Apr 28 2024,9:58:08 AM EDT,44,0
Apr 28 2024,2:58:32 PM EDT,49,0
Apr 28 2024,10:11:36 PM EDT,106,1
Apr 28 2024,10:15:49 PM EDT,87,0
Apr 28 2024,10:22:58 PM EDT,66,1
Apr 28 2024,10:28:23 PM EDT,125,1
Apr 29 2024,11:25:13 AM EDT,23,0
Apr 29 2024,12:24:44 PM EDT,23,0
Apr 29 2024,12:37:05 PM EDT,32,1
Apr 29 2024,12:38:20 PM EDT,116,1
Apr 29 2024,1:34:22 PM EDT,64,0
Apr 29 2024,1:49:36 PM EDT,140,1
Apr 29 2024,1:53:07 PM EDT,23,0
Apr 29 2024,2:16:29 PM EDT,255,0
Apr 29 2024,2:26:41 PM EDT,95,0
Apr 29 2024,3:21:43 PM EDT,140,1
Apr 29 2024,3:47:21 PM EDT,166,0
Apr 29 2024,4:04:24 PM EDT,28,0
Apr 29 2024,4:18:35 PM EDT,75,0
Apr 29 2024,10:25:04 PM EDT,78,0
Apr 29 2024,10:26:24 PM EDT,140,1
Apr 30 2024,3:23:30 AM EDT,115,0
Apr 30 2024,4:17:25 AM EDT,139,1
Apr 30 2024,4:30:38 AM EDT,148,1
Apr 30 2024,4:34:37 AM EDT,26,0
Apr 30 2024,4:29:19 PM EDT,27,0
Apr 30 2024,4:32:06 PM EDT,157,0
May 2 2024,12:16:35 AM EDT,140,1
May 2 2024,2:10:37 AM EDT,40,0
May 2 2024,11:25:52 AM EDT,174,0
May 2 2024,12:41:15 PM EDT,118,0
May 2 2024,1:21:24 PM EDT,238,0
May 2 2024,1:22:12 PM EDT,137,1
May 2 2024,1:42:03 PM EDT,140,1
May 2 2024,2:16:36 PM EDT,57,1
May 2 2024,3:38:40 PM EDT,140,1
May 2 2024,8:07:39 PM EDT,89,1
May 2 2024,10:43:21 PM EDT,23,0
May 2 2024,11:34:12 PM EDT,37,0
May 2 2024,11:35:20 PM EDT,27,0
May 2 2024,11:35:53 PM EDT,50,0
May 2 2024,11:36:25 PM EDT,140,1
May 2 2024,11:50:54 PM EDT,54,0
May 3 2024,1:43:13 AM EDT,81,0
May 3 2024,7:43:46 AM EDT,31,0
May 3 2024,12:30:46 PM EDT,140,1
May 3 2024,3:24:59 PM EDT,140,1
May 3 2024,5:52:17 PM EDT,99,0
May 3 2024,6:21:05 PM EDT,34,1
May 3 2024,6:28:39 PM EDT,139,1
May 3 2024,10:17:42 PM EDT,114,1
May 4 2024,1:59:40 AM EDT,23,0
May 4 2024,2:08:16 AM EDT,140,1
May 4 2024,3:16:17 AM EDT,39,0
May 4 2024,10:54:38 AM EDT,144,1
May 4 2024,10:54:41 AM EDT,127,1
May 4 2024,11:19:55 AM EDT,36,0
May 4 2024,12:04:13 PM EDT,54,0
May 4 2024,12:07:45 PM EDT,108,0
May 4 2024,2:35:06 PM EDT,228,0
May 4 2024,2:53:21 PM EDT,94,0
May 4 2024,2:56:21 PM EDT,140,1
May 4 2024,3:03:12 PM EDT,116,0
May 4 2024,3:04:37 PM EDT,126,0
May 4 2024,3:22:30 PM EDT,110,0
May 4 2024,4:54:25 PM EDT,69,0
May 4 2024,4:54:47 PM EDT,139,1
May 4 2024,8:44:17 PM EDT,115,1
May 4 2024,11:45:38 PM EDT,139,1
May 5 2024,10:59:14 AM EDT,70,1
May 5 2024,1:01:50 PM EDT,137,0
May 5 2024,1:14:58 PM EDT,66,1
May 5 2024,1:25:41 PM EDT,128,1
May 5 2024,8:48:16 PM EDT,38,1
May 5 2024,11:37:32 PM EDT,139,1
May 6 2024,12:44:19 PM EDT,183,0
May 6 2024,1:13:24 PM EDT,255,0
May 6 2024,3:04:05 PM EDT,140,1
May 6 2024,4:50:40 PM EDT,20,1
May 6 2024,5:14:45 PM EDT,147,0
May 6 2024,7:35:08 PM EDT,63,0
May 6 2024,7:59:17 PM EDT,23,0
May 6 2024,8:01:27 PM EDT,48,0
May 6 2024,8:19:26 PM EDT,23,0
May 6 2024,9:23:30 PM EDT,58,0
May 6 2024,9:23:56 PM EDT,138,1
May 6 2024,9:26:21 PM EDT,138,1
May 6 2024,9:29:17 PM EDT,140,1
May 6 2024,9:30:18 PM EDT,128,1
May 7 2024,1:55:25 AM EDT,138,1
May 7 2024,1:59:15 AM EDT,56,0
May 7 2024,3:04:07 AM EDT,46,0
May 7 2024,3:33:11 AM EDT,53,0
May 7 2024,3:52:12 AM EDT,38,0
May 7 2024,4:08:23 AM EDT,136,1
May 7 2024,4:20:09 AM EDT,100,1
May 7 2024,4:26:31 AM EDT,59,1
May 7 2024,4:39:04 AM EDT,139,1
May 7 2024,4:42:49 AM EDT,34,0
May 7 2024,4:55:05 AM EDT,231,0
May 7 2024,4:58:45 AM EDT,26,0
May 7 2024,2:07:59 PM EDT,138,1
May 7 2024,2:13:03 PM EDT,120,0
May 7 2024,2:21:01 PM EDT,86,0
May 7 2024,2:37:29 PM EDT,70,0
May 7 2024,2:40:35 PM EDT,136,1
May 7 2024,2:43:45 PM EDT,53,0
May 7 2024,10:08:54 PM EDT,99,0
May 7 2024,10:19:05 PM EDT,98,1
May 8 2024,12:38:34 AM EDT,85,0
May 8 2024,3:59:40 AM EDT,109,1
May 8 2024,1:56:18 PM EDT,78,1
May 8 2024,9:41:17 PM EDT,82,0
May 8 2024,10:08:04 PM EDT,140,1
May 9 2024,1:36:30 AM EDT,36,0
May 9 2024,1:45:11 AM EDT,76,1
May 9 2024,1:51:28 AM EDT,140,1
May 9 2024,1:52:21 AM EDT,89,1
May 9 2024,1:54:27 AM EDT,25,0
May 9 2024,9:38:42 AM EDT,255,0
May 9 2024,2:12:44 PM EDT,139,1
May 9 2024,4:45:18 PM EDT,91,0
May 9 2024,6:52:36 PM EDT,140,1
May 9 2024,7:02:30 PM EDT,121,0
May 9 2024,7:17:35 PM EDT,88,1
May 9 2024,7:20:04 PM EDT,140,1
May 10 2024,2:17:13 AM EDT,140,1
May 10 2024,3:07:31 AM EDT,111,0
May 10 2024,3:34:00 AM EDT,230,0
May 10 2024,3:37:55 AM EDT,67,0
May 10 2024,3:49:31 AM EDT,62,0
May 10 2024,4:23:00 AM EDT,136,1
May 10 2024,10:17:37 AM EDT,40,0
May 10 2024,10:24:31 AM EDT,140,1
May 10 2024,10:44:28 AM EDT,139,1
May 10 2024,1:18:16 PM EDT,123,1
May 10 2024,2:10:42 PM EDT,140,1
May 10 2024,2:13:19 PM EDT,140,1
May 10 2024,2:16:04 PM EDT,34,0
May 10 2024,3:25:41 PM EDT,140,1
May 10 2024,5:06:03 PM EDT,96,0
May 10 2024,5:46:05 PM EDT,35,0
May 10 2024,10:22:25 PM EDT,140,1
May 11 2024,2:01:14 AM EDT,170,0
May 11 2024,2:41:49 AM EDT,140,1
May 11 2024,2:44:06 AM EDT,60,0
May 11 2024,8:37:49 AM EDT,140,1
May 11 2024,2:44:39 PM EDT,59,0
May 11 2024,3:18:22 PM EDT,68,0
May 11 2024,3:23:02 PM EDT,34,1
May 11 2024,4:15:46 PM EDT,140,1
May 11 2024,4:33:25 PM EDT,49,0
May 11 2024,4:37:26 PM EDT,53,0
May 11 2024,5:02:59 PM EDT,98,1
May 12 2024,11:19:42 AM EDT,22,0
May 12 2024,11:25:38 AM EDT,23,0
May 12 2024,2:55:51 PM EDT,27,0
May 12 2024,3:35:54 PM EDT,140,1
May 12 2024,6:22:00 PM EDT,93,1
May 13 2024,2:49:15 AM EDT,44,1
May 13 2024,2:49:31 AM EDT,109,1
May 13 2024,3:18:55 PM EDT,140,1
May 13 2024,4:33:36 PM EDT,39,0
May 13 2024,4:35:26 PM EDT,70,0
May 13 2024,4:58:16 PM EDT,70,0
May 14 2024,12:53:20 AM EDT,115,1
May 14 2024,12:57:25 AM EDT,23,0
May 14 2024,10:03:01 AM EDT,23,0
May 14 2024,10:40:37 AM EDT,186,0
May 14 2024,11:12:00 AM EDT,139,0
May 14 2024,11:21:31 AM EDT,25,0
May 14 2024,12:53:18 PM EDT,28,0
May 14 2024,1:07:34 PM EDT,27,0
May 15 2024,1:47:37 AM EDT,25,0
May 15 2024,2:27:14 AM EDT,23,0
May 15 2024,2:28:05 AM EDT,58,1
May 15 2024,2:28:23 AM EDT,80,1
May 15 2024,9:26:11 AM EDT,138,0
May 15 2024,10:16:39 AM EDT,114,1
May 15 2024,9:26:27 PM EDT,44,0
May 16 2024,1:30:23 AM EDT,41,0
May 16 2024,4:50:15 AM EDT,131,0
May 16 2024,4:51:52 AM EDT,36,0
May 16 2024,4:54:28 AM EDT,45,0
May 16 2024,5:00:53 AM EDT,60,0
May 16 2024,5:20:06 AM EDT,52,0
May 16 2024,5:26:41 AM EDT,101,0
May 16 2024,5:37:31 AM EDT,70,0
May 16 2024,5:44:28 AM EDT,62,0
May 16 2024,7:54:45 AM EDT,33,0
May 17 2024,12:58:53 AM EDT,255,0
May 17 2024,2:14:14 AM EDT,75,0
May 17 2024,2:19:09 AM EDT,140,1
May 17 2024,10:44:57 AM EDT,39,0
May 17 2024,9:07:30 PM EDT,64,0
May 17 2024,9:24:20 PM EDT,255,0
May 17 2024,11:23:41 PM EDT,53,0
May 17 2024,11:27:04 PM EDT,28,0
May 17 2024,11:28:13 PM EDT,23,0
May 17 2024,11:29:45 PM EDT,57,0
May 17 2024,11:42:38 PM EDT,28,0
May 18 2024,12:13:55 AM EDT,139,1
May 18 2024,12:35:27 AM EDT,57,0
May 18 2024,12:48:23 AM EDT,28,0
May 18 2024,12:59:26 AM EDT,80,0
May 18 2024,1:01:12 AM EDT,101,0
May 18 2024,1:02:12 AM EDT,52,0
May 18 2024,1:10:10 AM EDT,44,1
May 18 2024,1:32:25 AM EDT,44,0
May 18 2024,1:48:22 AM EDT,138,0
May 18 2024,2:11:10 AM EDT,27,0
May 18 2024,2:28:12 AM EDT,139,1
May 18 2024,11:53:47 AM EDT,95,0
May 18 2024,2:02:57 PM EDT,49,0
May 18 2024,3:40:38 PM EDT,30,0
May 18 2024,8:45:41 PM EDT,28,0
May 18 2024,9:24:28 PM EDT,51,0
May 19 2024,2:11:41 AM EDT,138,0
May 19 2024,2:15:30 AM EDT,80,0
May 19 2024,5:44:03 AM EDT,79,0
May 19 2024,5:47:18 AM EDT,65,0
May 19 2024,5:42:35 PM EDT,134,0
May 19 2024,6:29:12 PM EDT,82,0
May 19 2024,6:48:58 PM EDT,45,0
May 19 2024,11:54:30 PM EDT,61,0
May 20 2024,2:06:54 AM EDT,74,0
May 20 2024,8:44:21 AM EDT,62,0
May 20 2024,8:48:04 AM EDT,96,1
May 20 2024,9:00:54 AM EDT,117,1
May 20 2024,11:01:37 AM EDT,43,0
May 20 2024,11:04:11 AM EDT,110,0
May 20 2024,11:08:48 AM EDT,140,1
May 20 2024,11:17:51 AM EDT,139,1
May 20 2024,1:52:10 PM EDT,140,1
May 20 2024,2:51:07 PM EDT,242,0
May 20 2024,3:10:08 PM EDT,140,1
May 20 2024,3:30:42 PM EDT,35,0
May 20 2024,4:03:34 PM EDT,134,0
May 20 2024,4:09:22 PM EDT,62,0
May 20 2024,4:17:36 PM EDT,72,0
May 20 2024,4:31:16 PM EDT,59,0
May 20 2024,6:49:32 PM EDT,255,0
May 20 2024,6:53:25 PM EDT,124,0
May 20 2024,6:56:47 PM EDT,96,0
May 20 2024,7:22:25 PM EDT,70,0
May 20 2024,7:30:47 PM EDT,53,0
May 20 2024,11:00:14 PM EDT,140,1
May 21 2024,12:45:16 AM EDT,140,1
May 21 2024,12:46:26 AM EDT,117,0
May 21 2024,12:21:39 PM EDT,51,0
May 21 2024,8:41:17 PM EDT,140,1
May 22 2024,9:02:51 PM EDT,74,0
May 22 2024,9:43:33 PM EDT,55,0
May 22 2024,9:51:27 PM EDT,73,0
May 22 2024,10:20:45 PM EDT,53,0
May 23 2024,2:28:18 AM EDT,46,0
May 23 2024,2:35:00 AM EDT,66,0
May 23 2024,2:36:01 AM EDT,54,0
May 23 2024,2:53:47 AM EDT,93,0
May 23 2024,2:55:11 AM EDT,60,0
May 23 2024,2:55:44 AM EDT,140,1
May 23 2024,3:10:41 AM EDT,61,0
May 23 2024,3:47:44 AM EDT,23,0
May 23 2024,3:56:25 AM EDT,140,1
May 23 2024,11:23:33 AM EDT,71,0
May 23 2024,11:36:19 AM EDT,65,0
May 23 2024,12:47:21 PM EDT,141,0
May 23 2024,4:57:09 PM EDT,29,0
May 23 2024,5:38:34 PM EDT,42,0
May 23 2024,5:54:52 PM EDT,140,1
May 23 2024,11:07:58 PM EDT,49,0
May 24 2024,10:44:39 AM EDT,140,1
May 24 2024,11:06:23 AM EDT,23,0
May 24 2024,11:09:39 AM EDT,76,0
May 24 2024,1:02:20 PM EDT,43,0
May 24 2024,1:10:35 PM EDT,127,1
May 24 2024,6:41:11 PM EDT,140,1
May 24 2024,6:55:51 PM EDT,89,0
May 24 2024,7:06:17 PM EDT,255,0
May 24 2024,7:12:41 PM EDT,64,0
May 24 2024,7:26:12 PM EDT,51,0
May 24 2024,7:36:00 PM EDT,40,1
May 24 2024,8:19:20 PM EDT,35,0
May 24 2024,9:08:35 PM EDT,140,1
May 24 2024,9:15:46 PM EDT,108,0
May 24 2024,9:51:03 PM EDT,112,0
May 25 2024,1:27:57 AM EDT,202,0
May 25 2024,11:39:14 AM EDT,23,0
May 25 2024,12:59:37 PM EDT,81,0
May 25 2024,3:08:01 PM EDT,255,0
May 26 2024,1:43:34 AM EDT,23,0
May 26 2024,2:22:50 AM EDT,127,1
May 27 2024,2:00:43 AM EDT,61,1
May 27 2024,2:40:15 AM EDT,203,0
May 27 2024,4:22:32 PM EDT,140,1
May 27 2024,6:44:17 PM EDT,70,1
May 27 2024,7:34:06 PM EDT,35,0
May 28 2024,11:04:57 AM EDT,100,0
May 28 2024,11:07:14 AM EDT,136,0
May 28 2024,11:10:41 AM EDT,140,1
May 28 2024,1:38:54 PM EDT,140,1
May 29 2024,8:19:33 AM EDT,28,0
May 29 2024,8:44:13 AM EDT,30,0
May 29 2024,9:30:07 AM EDT,34,0
May 29 2024,10:00:52 AM EDT,121,0
May 29 2024,12:35:47 PM EDT,140,1
May 29 2024,1:26:10 PM EDT,40,0
May 30 2024,1:29:00 AM EDT,38,0
May 30 2024,7:09:07 AM EDT,140,1
May 30 2024,12:12:31 PM EDT,248,0
May 30 2024,12:31:26 PM EDT,69,0
May 31 2024,3:16:39 AM EDT,255,0
May 31 2024,3:19:02 AM EDT,140,1
May 31 2024,3:42:38 AM EDT,132,1
May 31 2024,3:49:14 AM EDT,28,0
May 31 2024,11:57:25 AM EDT,34,0
May 31 2024,12:16:24 PM EDT,23,0
May 31 2024,12:21:10 PM EDT,53,0
May 31 2024,12:26:50 PM EDT,48,0
May 31 2024,12:52:59 PM EDT,61,0
May 31 2024,8:01:13 PM EDT,104,0
May 31 2024,10:52:20 PM EDT,86,1
May 31 2024,10:52:28 PM EDT,115,1
Jun 1 2024,2:01:18 AM EDT,98,0
Jun 1 2024,2:45:24 AM EDT,26,0
Jun 1 2024,9:02:48 PM EDT,214,0
Jun 2 2024,3:52:40 AM EDT,69,1
Jun 2 2024,3:53:23 AM EDT,44,0
Jun 2 2024,10:33:13 AM EDT,132,1
Jun 2 2024,11:00:55 AM EDT,131,0
Jun 2 2024,11:17:00 AM EDT,50,0
Jun 2 2024,5:48:54 PM EDT,53,0
Jun 2 2024,5:51:07 PM EDT,49,0
Jun 2 2024,6:21:01 PM EDT,36,0
Jun 2 2024,9:39:01 PM EDT,49,0
Jun 2 2024,11:56:24 PM EDT,32,0
Jun 3 2024,12:32:04 AM EDT,25,0
Jun 3 2024,12:50:32 AM EDT,26,0
Jun 3 2024,1:24:04 AM EDT,48,0
Jun 3 2024,1:30:07 AM EDT,27,0
Jun 3 2024,2:23:23 AM EDT,23,0
Jun 3 2024,9:31:33 AM EDT,27,0
Jun 3 2024,10:12:45 AM EDT,25,0
Jun 3 2024,10:48:53 AM EDT,10,0
Jun 3 2024,11:31:49 AM EDT,205,0
Jun 3 2024,12:03:10 PM EDT,105,0
Jun 3 2024,3:47:55 PM EDT,90,0
Jun 4 2024,1:12:55 PM EDT,136,1
Jun 4 2024,11:58:24 PM EDT,140,1
Jun 5 2024,1:04:03 AM EDT,30,1
Jun 5 2024,1:06:09 AM EDT,62,0
Jun 5 2024,1:21:25 AM EDT,63,0
Jun 5 2024,1:23:06 AM EDT,23,0
Jun 5 2024,1:24:02 AM EDT,140,1
Jun 5 2024,1:25:26 AM EDT,140,1
Jun 5 2024,1:27:36 AM EDT,45,0
Jun 5 2024,8:58:35 AM EDT,116,0
Jun 5 2024,9:11:46 AM EDT,140,1
Jun 5 2024,9:39:15 AM EDT,84,0
Jun 5 2024,10:08:05 AM EDT,35,0
Jun 5 2024,10:26:47 AM EDT,179,0
Jun 5 2024,11:10:32 AM EDT,63,0
Jun 5 2024,11:12:47 AM EDT,140,1
Jun 5 2024,12:56:22 PM EDT,140,1
Jun 5 2024,1:09:04 PM EDT,66,0
Jun 5 2024,6:46:23 PM EDT,44,0
Jun 5 2024,7:13:59 PM EDT,25,0
Jun 5 2024,7:14:46 PM EDT,68,0
Jun 5 2024,7:17:07 PM EDT,53,0
Jun 5 2024,7:56:30 PM EDT,45,0
Jun 5 2024,11:24:50 PM EDT,62,0
Jun 6 2024,8:49:13 AM EDT,23,0
Jun 6 2024,9:10:14 AM EDT,119,0
Jun 6 2024,9:13:24 AM EDT,39,0
Jun 6 2024,9:19:05 AM EDT,91,0
Jun 6 2024,9:24:27 AM EDT,87,1
Jun 6 2024,9:24:50 AM EDT,54,1
Jun 6 2024,9:24:57 AM EDT,139,1
Jun 6 2024,9:25:03 AM EDT,56,1
Jun 6 2024,10:08:15 AM EDT,186,0
Jun 6 2024,11:06:17 AM EDT,66,1
Jun 6 2024,11:16:33 AM EDT,28,0
Jun 6 2024,11:52:32 AM EDT,240,0
Jun 6 2024,11:55:36 AM EDT,159,0
Jun 6 2024,11:56:42 AM EDT,34,0
Jun 6 2024,12:20:32 PM EDT,150,0
Jun 6 2024,4:49:56 PM EDT,23,0
Jun 6 2024,4:50:07 PM EDT,116,1
Jun 6 2024,4:55:38 PM EDT,37,0
Jun 6 2024,4:57:04 PM EDT,140,1
Jun 6 2024,4:57:20 PM EDT,139,1
Jun 6 2024,5:29:11 PM EDT,131,1
Jun 6 2024,6:01:12 PM EDT,57,0
Jun 6 2024,6:02:16 PM EDT,55,0
Jun 6 2024,6:05:05 PM EDT,62,0
Jun 6 2024,6:35:29 PM EDT,93,0
Jun 6 2024,6:44:20 PM EDT,152,0
Jun 7 2024,12:39:16 AM EDT,124,0
Jun 7 2024,1:17:32 AM EDT,135,0
Jun 7 2024,12:40:32 PM EDT,152,0
Jun 7 2024,12:47:08 PM EDT,160,0
Jun 7 2024,11:25:09 PM EDT,27,0
Jun 7 2024,11:27:45 PM EDT,28,0
Jun 7 2024,11:28:49 PM EDT,99,1
Jun 7 2024,11:30:23 PM EDT,27,0
Jun 8 2024,1:37:01 AM EDT,140,1
Jun 8 2024,8:26:40 AM EDT,23,0
Jun 8 2024,1:43:20 PM EDT,115,0
Jun 8 2024,2:15:57 PM EDT,44,0
Jun 8 2024,2:28:40 PM EDT,25,0
Jun 8 2024,3:35:37 PM EDT,31,0
Jun 8 2024,7:03:12 PM EDT,156,0
Jun 8 2024,8:24:34 PM EDT,23,0
Jun 8 2024,9:56:41 PM EDT,197,0
Jun 8 2024,11:13:33 PM EDT,93,0
Jun 8 2024,11:14:22 PM EDT,105,1
Jun 8 2024,11:26:19 PM EDT,67,0
Jun 8 2024,11:36:55 PM EDT,140,1
Jun 8 2024,11:52:38 PM EDT,255,0
Jun 9 2024,4:31:09 PM EDT,136,0
Jun 10 2024,12:48:14 AM EDT,53,0
Jun 10 2024,1:06:16 AM EDT,36,0
Jun 10 2024,1:11:20 AM EDT,23,0
Jun 10 2024,1:49:58 AM EDT,77,1
Jun 10 2024,7:04:29 AM EDT,38,0
Jun 10 2024,8:17:53 AM EDT,23,0
Jun 10 2024,4:35:00 PM EDT,138,0
Jun 10 2024,4:37:01 PM EDT,108,0
Jun 10 2024,4:50:11 PM EDT,255,0
Jun 10 2024,5:02:30 PM EDT,23,0
Jun 10 2024,5:09:36 PM EDT,89,0
Jun 10 2024,5:43:20 PM EDT,127,0
Jun 10 2024,6:01:24 PM EDT,32,0
Jun 11 2024,9:04:21 AM EDT,25,0
Jun 11 2024,9:23:29 AM EDT,120,1
Jun 11 2024,10:34:17 AM EDT,52,0
Jun 11 2024,10:50:32 AM EDT,74,1
Jun 11 2024,2:51:49 PM EDT,102,0
Jun 11 2024,2:58:51 PM EDT,31,0
Jun 11 2024,3:10:48 PM EDT,42,0
Jun 11 2024,3:54:24 PM EDT,140,1
Jun 12 2024,12:58:13 AM EDT,139,1
Jun 12 2024,12:58:42 AM EDT,64,0
Jun 12 2024,1:17:16 AM EDT,48,0
Jun 12 2024,1:17:46 AM EDT,28,0
Jun 12 2024,10:55:07 AM EDT,35,0
Jun 12 2024,10:57:49 AM EDT,68,0
Jun 12 2024,11:11:07 AM EDT,130,1
Jun 12 2024,11:13:15 AM EDT,61,0
Jun 12 2024,11:33:40 AM EDT,107,0
Jun 12 2024,12:13:25 PM EDT,198,0
Jun 12 2024,12:31:39 PM EDT,106,1
Jun 12 2024,8:12:53 PM EDT,43,0
Jun 12 2024,8:14:57 PM EDT,79,0
Jun 12 2024,10:50:48 PM EDT,134,0
Jun 12 2024,10:59:01 PM EDT,144,1
Jun 12 2024,11:25:31 PM EDT,138,1
Jun 13 2024,12:05:12 AM EDT,123,1
Jun 13 2024,11:21:01 AM EDT,66,0
Jun 13 2024,12:16:51 PM EDT,139,1
Jun 13 2024,4:05:20 PM EDT,56,0
Jun 13 2024,4:12:37 PM EDT,139,1
Jun 13 2024,7:04:17 PM EDT,78,1
Jun 13 2024,9:14:45 PM EDT,62,0
Jun 14 2024,1:02:58 AM EDT,63,1
Jun 14 2024,1:25:13 AM EDT,73,0
Jun 14 2024,1:46:49 AM EDT,144,1
Jun 14 2024,2:00:40 AM EDT,138,1
Jun 14 2024,2:02:12 AM EDT,140,1
Jun 14 2024,12:15:24 PM EDT,140,1
Jun 15 2024,9:54:08 AM EDT,135,0
Jun 15 2024,9:58:01 AM EDT,145,0
Jun 15 2024,10:16:18 AM EDT,140,1
Jun 15 2024,12:06:43 PM EDT,27,0
Jun 15 2024,12:09:06 PM EDT,25,0
Jun 15 2024,12:11:06 PM EDT,16,0
Jun 15 2024,12:33:41 PM EDT,26,0
Jun 16 2024,6:52:20 AM EDT,125,1
Jun 16 2024,12:54:00 PM EDT,19,0
Jun 16 2024,1:52:00 PM EDT,28,0
Jun 16 2024,2:14:07 PM EDT,56,0
Jun 16 2024,2:35:06 PM EDT,29,0
Jun 16 2024,2:40:10 PM EDT,140,1
Jun 16 2024,8:42:25 PM EDT,81,1
Jun 17 2024,10:42:32 AM EDT,55,0
Jun 17 2024,10:44:06 AM EDT,140,1
Jun 17 2024,10:48:10 AM EDT,139,1
Jun 17 2024,2:06:01 PM EDT,68,0
Jun 17 2024,2:07:24 PM EDT,44,1
Jun 17 2024,2:10:29 PM EDT,255,0
Jun 17 2024,3:37:22 PM EDT,52,0
Jun 18 2024,2:32:42 AM EDT,117,1
Jun 18 2024,2:39:44 AM EDT,107,1
Jun 18 2024,10:44:00 AM EDT,140,1
Jun 18 2024,10:46:01 AM EDT,80,0
Jun 18 2024,10:49:01 AM EDT,55,0
Jun 18 2024,11:11:49 AM EDT,134,1
Jun 18 2024,3:46:08 PM EDT,28,0
Jun 19 2024,4:05:31 AM EDT,103,1
Jun 19 2024,6:49:03 AM EDT,94,0
Jun 19 2024,7:17:01 AM EDT,140,1
Jun 19 2024,9:13:05 AM EDT,47,0
Jun 19 2024,10:54:16 AM EDT,23,0
Jun 19 2024,11:42:50 AM EDT,135,0
Jun 19 2024,8:54:27 PM EDT,140,1
Jun 20 2024,12:18:28 AM EDT,82,0
Jun 20 2024,9:08:19 AM EDT,23,0
Jun 20 2024,9:30:09 AM EDT,140,1
Jun 20 2024,9:34:16 AM EDT,65,0
Jun 20 2024,9:54:09 AM EDT,93,0
Jun 20 2024,11:33:00 AM EDT,55,0
Jun 20 2024,1:40:23 PM EDT,41,0
Jun 20 2024,1:56:19 PM EDT,206,0
Jun 20 2024,7:14:05 PM EDT,134,1
Jun 20 2024,7:18:51 PM EDT,59,0
Jun 21 2024,10:40:13 AM EDT,26,0
Jun 21 2024,11:20:55 AM EDT,100,1
Jun 21 2024,12:22:40 PM EDT,23,0
Jun 21 2024,1:28:26 PM EDT,35,0
Jun 21 2024,2:17:59 PM EDT,28,0
Jun 21 2024,6:19:43 PM EDT,140,1
Jun 22 2024,8:46:33 AM EDT,23,0
Jun 22 2024,9:39:14 AM EDT,39,0
Jun 22 2024,10:59:31 AM EDT,255,0
Jun 22 2024,11:09:31 AM EDT,79,0
Jun 23 2024,9:46:52 AM EDT,165,0
Jun 23 2024,11:49:39 PM EDT,160,0
Jun 24 2024,12:37:56 AM EDT,148,1
Jun 24 2024,1:51:40 AM EDT,103,1
Jun 24 2024,2:56:13 AM EDT,126,0
Jun 24 2024,4:36:10 AM EDT,105,1
Jun 24 2024,4:46:14 AM EDT,28,0
Jun 24 2024,2:56:17 PM EDT,89,0
Jun 24 2024,8:44:47 PM EDT,110,1
Jun 24 2024,9:12:36 PM EDT,139,1
Jun 25 2024,10:08:56 AM EDT,78,0
Jun 25 2024,12:44:57 PM EDT,107,0
Jun 25 2024,1:11:54 PM EDT,12,0
Jun 25 2024,1:56:10 PM EDT,28,0
Jun 25 2024,10:59:28 PM EDT,130,1
Jun 25 2024,11:00:17 PM EDT,57,0
Jun 25 2024,11:00:28 PM EDT,140,1
Jun 25 2024,11:02:56 PM EDT,83,0
Jun 25 2024,11:20:32 PM EDT,140,1
Jun 25 2024,11:23:44 PM EDT,23,0
Jun 26 2024,1:07:07 PM EDT,30,0
Jun 26 2024,7:29:15 PM EDT,140,1
Jun 26 2024,7:29:29 PM EDT,140,1
Jun 26 2024,7:34:31 PM EDT,140,1
Jun 27 2024,12:44:45 AM EDT,26,0
Jun 27 2024,1:29:59 AM EDT,71,0
Jun 27 2024,1:40:31 AM EDT,23,0
Jun 27 2024,2:52:54 AM EDT,140,1
Jun 27 2024,3:16:07 AM EDT,140,1
Jun 27 2024,3:19:07 AM EDT,45,0
Jun 27 2024,6:52:14 AM EDT,140,1
Jun 27 2024,7:11:54 AM EDT,90,1
Jun 27 2024,7:26:18 AM EDT,140,1
Jun 27 2024,1:33:45 PM EDT,25,0
Jun 27 2024,5:48:03 PM EDT,61,0
Jun 27 2024,5:50:49 PM EDT,65,0
Jun 27 2024,6:30:29 PM EDT,38,0
Jun 28 2024,12:38:01 AM EDT,83,1
Jun 28 2024,1:06:56 AM EDT,39,0
Jun 28 2024,1:17:23 AM EDT,36,0
Jun 28 2024,1:50:10 AM EDT,86,1
Jun 28 2024,10:32:06 AM EDT,79,0
Jun 28 2024,10:43:36 AM EDT,28,0
Jun 28 2024,10:57:57 AM EDT,27,0
Jun 28 2024,1:10:18 PM EDT,76,1
Jun 28 2024,2:03:22 PM EDT,28,0
Jun 28 2024,2:44:30 PM EDT,196,0
Jun 28 2024,2:52:30 PM EDT,35,0
Jun 28 2024,2:53:50 PM EDT,64,0
Jun 28 2024,3:16:14 PM EDT,23,0
Jun 28 2024,3:47:27 PM EDT,140,1
Jun 28 2024,3:48:43 PM EDT,28,0
Jun 28 2024,4:21:14 PM EDT,71,0
Jun 28 2024,9:01:39 PM EDT,140,1
Jun 29 2024,12:58:53 AM EDT,63,0
Jun 29 2024,1:01:16 AM EDT,46,1
Jun 29 2024,2:46:44 AM EDT,105,0
Jun 29 2024,3:49:27 AM EDT,140,1
Jun 29 2024,3:50:54 AM EDT,69,0
Jun 29 2024,10:54:03 AM EDT,25,0
Jun 29 2024,8:02:41 PM EDT,44,1
Jun 29 2024,8:54:32 PM EDT,34,0
Jun 30 2024,5:17:48 AM EDT,58,0
Jun 30 2024,5:20:52 AM EDT,94,0
Jun 30 2024,11:10:22 AM EDT,126,0
Jun 30 2024,11:15:42 AM EDT,51,0
Jun 30 2024,2:32:07 PM EDT,140,1
Jun 30 2024,2:39:08 PM EDT,54,0
Jun 30 2024,3:08:01 PM EDT,29,0
Jun 30 2024,3:10:23 PM EDT,114,0
Jun 30 2024,4:28:52 PM EDT,23,0
Jun 30 2024,4:42:58 PM EDT,32,0
Jun 30 2024,4:47:45 PM EDT,107,1
Jun 30 2024,4:48:47 PM EDT,52,0
Jun 30 2024,4:52:20 PM EDT,28,0
Jun 30 2024,9:32:20 PM EDT,98,0
Jun 30 2024,9:45:39 PM EDT,27,0
Jun 30 2024,9:47:09 PM EDT,46,0
Jun 30 2024,11:07:10 PM EDT,255,0
Jun 30 2024,11:19:15 PM EDT,64,0
Jun 30 2024,11:40:59 PM EDT,79,0
Jul 1 2024,12:19:05 AM EDT,114,1
Jul 1 2024,12:30:12 AM EDT,23,0
Jul 1 2024,1:02:15 AM EDT,73,0
Jul 1 2024,1:56:23 AM EDT,43,0
Jul 1 2024,2:19:52 AM EDT,139,1
Jul 1 2024,8:46:52 AM EDT,224,0
Jul 1 2024,9:03:22 AM EDT,149,0
Jul 1 2024,9:04:09 AM EDT,33,0
Jul 1 2024,10:10:36 AM EDT,62,0
Jul 1 2024,12:35:37 PM EDT,25,0
Jul 1 2024,2:20:17 PM EDT,140,1
Jul 1 2024,11:58:12 PM EDT,25,0
Jul 2 2024,10:51:13 AM EDT,96,0
Jul 2 2024,10:53:22 AM EDT,144,1
Jul 2 2024,10:59:38 AM EDT,46,0
Jul 2 2024,11:02:19 AM EDT,120,0
Jul 2 2024,11:17:10 AM EDT,142,0
Jul 2 2024,11:59:23 AM EDT,81,0
Jul 2 2024,12:18:49 PM EDT,80,0
Jul 2 2024,12:39:26 PM EDT,138,1
Jul 2 2024,2:27:30 PM EDT,92,1
Jul 3 2024,12:14:23 AM EDT,152,1
Jul 3 2024,12:14:43 AM EDT,56,1
Jul 3 2024,12:20:10 AM EDT,40,0
Jul 3 2024,10:15:59 AM EDT,95,0
Jul 3 2024,10:16:21 AM EDT,140,1
Jul 4 2024,12:28:12 AM EDT,140,1
Jul 4 2024,12:28:35 AM EDT,139,1
Jul 4 2024,12:52:29 AM EDT,140,1
Jul 4 2024,12:58:45 AM EDT,30,0
Jul 4 2024,12:06:38 PM EDT,44,1
Jul 4 2024,12:50:08 PM EDT,71,1
Jul 4 2024,1:37:57 PM EDT,33,0
Jul 4 2024,1:38:45 PM EDT,112,1
Jul 4 2024,11:44:35 PM EDT,63,0
Jul 5 2024,12:02:34 AM EDT,139,1
Jul 5 2024,1:03:26 AM EDT,47,0
Jul 5 2024,11:44:07 AM EDT,87,0
Jul 5 2024,7:50:04 PM EDT,91,0
Jul 5 2024,7:53:05 PM EDT,120,0
Jul 5 2024,8:04:41 PM EDT,255,0
Jul 5 2024,8:08:19 PM EDT,37,0
Jul 5 2024,8:10:08 PM EDT,51,0
Jul 5 2024,8:20:02 PM EDT,43,0
Jul 6 2024,11:02:18 AM EDT,140,1
Jul 6 2024,11:03:06 AM EDT,114,1
Jul 7 2024,8:44:37 AM EDT,59,1
Jul 7 2024,2:03:12 PM EDT,32,0
Jul 8 2024,7:37:02 AM EDT,31,0
Jul 8 2024,8:25:13 AM EDT,140,1
Jul 8 2024,8:29:13 AM EDT,66,0
Jul 8 2024,1:15:10 PM EDT,25,0
Jul 8 2024,1:15:37 PM EDT,140,1
Jul 8 2024,1:16:27 PM EDT,140,1
Jul 8 2024,1:17:36 PM EDT,96,0
Jul 8 2024,2:01:57 PM EDT,23,0
Jul 8 2024,2:17:18 PM EDT,155,0
Jul 8 2024,2:18:32 PM EDT,36,0
Jul 8 2024,2:21:42 PM EDT,136,1
Jul 8 2024,5:07:07 PM EDT,27,0
Jul 8 2024,5:13:29 PM EDT,140,1
Jul 8 2024,5:13:43 PM EDT,36,1
Jul 8 2024,7:21:43 PM EDT,255,0
Jul 8 2024,7:22:12 PM EDT,42,0
Jul 9 2024,1:59:27 AM EDT,28,0
Jul 9 2024,2:27:05 AM EDT,140,1
Jul 9 2024,2:56:49 AM EDT,254,0
Jul 9 2024,3:48:52 AM EDT,148,0
Jul 9 2024,3:50:05 AM EDT,99,1
Jul 9 2024,5:40:33 AM EDT,113,1
Jul 9 2024,6:28:27 AM EDT,58,0
Jul 9 2024,11:26:36 AM EDT,140,1
Jul 9 2024,11:27:35 AM EDT,82,0
Jul 9 2024,11:30:10 AM EDT,56,0
Jul 9 2024,11:36:31 AM EDT,93,0
Jul 9 2024,12:04:43 PM EDT,34,0
Jul 9 2024,12:20:26 PM EDT,57,0
Jul 9 2024,12:23:08 PM EDT,97,0
Jul 9 2024,12:24:35 PM EDT,50,0
Jul 9 2024,12:50:54 PM EDT,140,1
Jul 9 2024,6:51:07 PM EDT,51,0
Jul 10 2024,12:03:39 AM EDT,105,0
Jul 10 2024,10:49:54 AM EDT,45,0
Jul 10 2024,11:54:59 AM EDT,64,0
Jul 10 2024,12:22:03 PM EDT,69,1
Jul 10 2024,1:09:52 PM EDT,55,0
Jul 10 2024,1:12:34 PM EDT,69,0
Jul 10 2024,1:21:09 PM EDT,70,0
Jul 10 2024,2:53:20 PM EDT,41,0
Jul 10 2024,3:36:42 PM EDT,89,0
Jul 10 2024,7:46:03 PM EDT,23,0
Jul 11 2024,1:59:11 AM EDT,144,1
Jul 11 2024,2:46:03 AM EDT,255,0
Jul 11 2024,4:36:35 AM EDT,55,0
Jul 11 2024,4:40:41 AM EDT,76,0
Jul 11 2024,4:54:00 AM EDT,61,0
Jul 11 2024,5:13:04 AM EDT,229,0
Jul 11 2024,5:20:06 AM EDT,174,0
Jul 11 2024,6:40:04 AM EDT,62,0
Jul 11 2024,7:22:02 AM EDT,249,0
Jul 11 2024,11:26:45 AM EDT,140,0
Jul 11 2024,11:27:43 AM EDT,28,0
Jul 11 2024,1:25:14 PM EDT,37,0
Jul 11 2024,2:36:17 PM EDT,140,1
Jul 11 2024,11:22:50 PM EDT,140,1
Jul 12 2024,1:43:48 AM EDT,140,1
Jul 12 2024,2:58:39 AM EDT,93,1
Jul 12 2024,2:59:49 AM EDT,45,1
Jul 12 2024,10:23:44 AM EDT,102,0
Jul 12 2024,10:38:14 AM EDT,64,0
Jul 12 2024,10:54:20 AM EDT,79,0
Jul 12 2024,11:22:59 AM EDT,214,0
Jul 12 2024,11:23:43 AM EDT,140,1
Jul 12 2024,12:27:31 PM EDT,31,0
Jul 12 2024,12:49:28 PM EDT,121,0
Jul 12 2024,3:44:08 PM EDT,23,0
Jul 12 2024,3:47:48 PM EDT,102,1
Jul 12 2024,3:48:26 PM EDT,14,0
Jul 12 2024,8:43:08 PM EDT,135,0
Jul 12 2024,10:34:57 PM EDT,111,1
Jul 12 2024,10:35:27 PM EDT,32,0
Jul 13 2024,12:49:06 AM EDT,140,1
Jul 13 2024,1:15:13 AM EDT,97,1
Jul 13 2024,1:18:01 AM EDT,121,1
Jul 13 2024,1:21:31 AM EDT,23,0
Jul 13 2024,1:49:06 AM EDT,140,1
Jul 13 2024,2:07:17 AM EDT,34,0
Jul 13 2024,8:29:36 AM EDT,66,0
Jul 13 2024,12:58:55 PM EDT,28,0
Jul 13 2024,1:04:02 PM EDT,57,0
Jul 13 2024,1:22:46 PM EDT,97,0
Jul 13 2024,1:27:05 PM EDT,23,0
Jul 13 2024,6:17:49 PM EDT,132,1
Jul 13 2024,6:45:13 PM EDT,87,0
Jul 13 2024,6:51:28 PM EDT,23,0
Jul 13 2024,6:59:41 PM EDT,67,0
Jul 13 2024,8:01:31 PM EDT,106,0
Jul 13 2024,8:11:48 PM EDT,107,0
Jul 13 2024,8:51:19 PM EDT,140,1
Jul 13 2024,9:00:48 PM EDT,31,0
Jul 13 2024,9:11:29 PM EDT,114,1
Jul 13 2024,9:12:16 PM EDT,54,1
Jul 13 2024,9:14:46 PM EDT,140,1
Jul 13 2024,9:22:52 PM EDT,109,0
Jul 13 2024,9:26:50 PM EDT,117,0
Jul 13 2024,11:04:10 PM EDT,140,1
Jul 13 2024,11:04:19 PM EDT,140,1
Jul 13 2024,11:07:38 PM EDT,139,1
Jul 14 2024,3:08:08 PM EDT,140,1
Jul 14 2024,3:19:40 PM EDT,140,1
Jul 14 2024,5:39:53 PM EDT,159,0
Jul 14 2024,5:41:56 PM EDT,100,0
Jul 14 2024,6:19:58 PM EDT,23,0
Jul 14 2024,6:56:47 PM EDT,139,1
Jul 14 2024,8:47:08 PM EDT,140,1
Jul 14 2024,10:17:31 PM EDT,107,0
Jul 14 2024,10:18:49 PM EDT,23,0
Jul 14 2024,10:46:30 PM EDT,26,0
Jul 14 2024,10:56:07 PM EDT,43,0
Jul 14 2024,11:02:07 PM EDT,23,0
Jul 15 2024,11:07:59 AM EDT,42,0
Jul 15 2024,11:17:38 AM EDT,26,0
Jul 15 2024,11:18:53 AM EDT,121,0
Jul 15 2024,11:37:10 AM EDT,153,0
Jul 15 2024,11:38:58 AM EDT,23,0
Jul 15 2024,12:02:57 PM EDT,253,0
Jul 15 2024,12:18:00 PM EDT,114,0
Jul 15 2024,12:20:40 PM EDT,243,0
Jul 15 2024,2:59:28 PM EDT,183,0
Jul 15 2024,3:02:00 PM EDT,58,0
Jul 15 2024,3:26:54 PM EDT,67,0
Jul 15 2024,3:30:35 PM EDT,50,0
Jul 15 2024,3:36:04 PM EDT,139,1
Jul 15 2024,4:00:21 PM EDT,93,1
Jul 15 2024,4:01:52 PM EDT,80,0
Jul 15 2024,4:03:23 PM EDT,85,0
Jul 15 2024,8:22:19 PM EDT,107,0
Jul 15 2024,8:23:33 PM EDT,103,0
Jul 16 2024,3:19:15 AM EDT,23,0
Jul 16 2024,10:31:50 AM EDT,140,1
Jul 16 2024,10:33:31 AM EDT,140,1
Jul 16 2024,10:40:20 AM EDT,70,0
Jul 16 2024,10:47:39 AM EDT,194,0
Jul 16 2024,10:51:39 AM EDT,140,1
Jul 16 2024,10:59:50 AM EDT,72,0
Jul 16 2024,11:02:37 AM EDT,43,0
Jul 16 2024,11:13:28 AM EDT,170,0
Jul 16 2024,3:13:33 PM EDT,223,0
Jul 16 2024,3:14:37 PM EDT,28,0
Jul 16 2024,3:17:37 PM EDT,43,0
Jul 16 2024,3:24:36 PM EDT,161,0
Jul 16 2024,3:31:48 PM EDT,52,0
Jul 16 2024,3:33:13 PM EDT,95,0
Jul 16 2024,3:43:56 PM EDT,23,0
Jul 16 2024,3:55:26 PM EDT,127,0
Jul 16 2024,3:57:45 PM EDT,84,1
Jul 16 2024,4:30:15 PM EDT,87,0
Jul 16 2024,4:30:36 PM EDT,40,0
Jul 16 2024,4:46:25 PM EDT,67,0
Jul 16 2024,4:48:55 PM EDT,149,0
Jul 16 2024,6:20:13 PM EDT,120,1
Jul 16 2024,6:39:19 PM EDT,192,0
Jul 16 2024,9:43:19 PM EDT,35,0
Jul 17 2024,12:56:40 AM EDT,23,0
Jul 17 2024,1:16:12 AM EDT,61,0
Jul 17 2024,1:18:27 AM EDT,43,0
Jul 17 2024,1:34:34 AM EDT,68,1
Jul 17 2024,10:20:48 AM EDT,95,0
Jul 17 2024,10:37:32 AM EDT,28,0
Jul 17 2024,10:46:40 AM EDT,65,0
Jul 17 2024,10:54:23 AM EDT,127,0
Jul 17 2024,11:25:33 AM EDT,49,0
Jul 17 2024,11:27:23 AM EDT,77,0
Jul 17 2024,11:48:19 AM EDT,228,0
Jul 17 2024,11:55:55 AM EDT,29,0
Jul 17 2024,12:11:42 PM EDT,118,1
Jul 17 2024,12:21:05 PM EDT,59,0
Jul 17 2024,12:22:18 PM EDT,28,0
Jul 17 2024,12:24:40 PM EDT,65,0
Jul 17 2024,12:31:19 PM EDT,104,0
Jul 17 2024,12:33:18 PM EDT,139,1
Jul 17 2024,1:34:04 PM EDT,140,1
Jul 17 2024,1:41:47 PM EDT,139,1
Jul 17 2024,2:03:30 PM EDT,140,1
Jul 17 2024,6:30:56 PM EDT,130,1
Jul 17 2024,6:34:13 PM EDT,157,0
Jul 17 2024,6:36:39 PM EDT,98,0
Jul 17 2024,10:44:49 PM EDT,47,0
Jul 18 2024,12:47:11 AM EDT,140,1
Jul 18 2024,10:03:46 AM EDT,40,0
Jul 18 2024,10:04:34 AM EDT,71,0
Jul 18 2024,10:09:48 AM EDT,31,0
Jul 18 2024,10:13:30 AM EDT,61,0
Jul 18 2024,10:17:43 AM EDT,142,0
Jul 18 2024,10:28:51 AM EDT,110,0
Jul 18 2024,11:05:54 AM EDT,136,1
Jul 18 2024,12:02:33 PM EDT,140,1
Jul 18 2024,12:19:21 PM EDT,72,1
Jul 18 2024,12:21:51 PM EDT,49,0
Jul 18 2024,1:11:03 PM EDT,49,0
Jul 18 2024,1:13:31 PM EDT,30,0
Jul 18 2024,1:19:07 PM EDT,59,0
Jul 18 2024,1:23:49 PM EDT,50,0
Jul 18 2024,1:31:33 PM EDT,67,0
Jul 18 2024,1:37:35 PM EDT,23,0
Jul 18 2024,5:29:45 PM EDT,23,0
Jul 18 2024,5:52:21 PM EDT,91,0
Jul 18 2024,5:58:13 PM EDT,30,0
Jul 18 2024,6:25:29 PM EDT,36,0
Jul 18 2024,6:53:34 PM EDT,27,0
Jul 18 2024,6:57:56 PM EDT,28,0
Jul 19 2024,1:06:41 AM EDT,27,0
Jul 19 2024,1:08:43 AM EDT,77,1
Jul 19 2024,2:28:32 AM EDT,116,1
Jul 19 2024,2:33:13 AM EDT,68,1
Jul 19 2024,2:38:37 AM EDT,113,1
Jul 19 2024,3:30:31 AM EDT,25,0
Jul 19 2024,3:39:40 AM EDT,25,0
Jul 19 2024,6:56:11 AM EDT,78,0
Jul 19 2024,10:14:27 AM EDT,68,1
Jul 19 2024,12:17:13 PM EDT,23,0
Jul 19 2024,12:34:29 PM EDT,255,0
Jul 19 2024,12:42:25 PM EDT,140,1
Jul 19 2024,12:42:47 PM EDT,25,0
Jul 19 2024,12:45:18 PM EDT,116,0
Jul 19 2024,12:45:57 PM EDT,30,0
Jul 19 2024,12:54:02 PM EDT,199,0
Jul 19 2024,1:12:15 PM EDT,25,0
Jul 19 2024,1:41:30 PM EDT,73,0
Jul 19 2024,2:29:04 PM EDT,25,0
Jul 20 2024,2:20:26 AM EDT,53,0
Jul 20 2024,2:34:13 AM EDT,140,1
Jul 20 2024,2:36:20 AM EDT,140,1
Jul 20 2024,2:37:40 AM EDT,23,0
Jul 20 2024,9:39:40 AM EDT,50,0
Jul 20 2024,9:41:20 AM EDT,140,1
Jul 20 2024,9:43:54 AM EDT,163,0
Jul 20 2024,9:57:19 AM EDT,23,0
Jul 20 2024,10:15:47 AM EDT,131,1
Jul 20 2024,10:18:26 AM EDT,255,0
Jul 20 2024,11:00:26 AM EDT,140,1
Jul 20 2024,11:01:11 AM EDT,46,0
Jul 20 2024,11:03:02 AM EDT,51,0
Jul 20 2024,11:21:59 AM EDT,139,1
Jul 20 2024,11:39:31 AM EDT,40,0
Jul 21 2024,10:51:22 AM EDT,78,0
Jul 21 2024,11:56:39 AM EDT,25,0
Jul 21 2024,11:58:43 AM EDT,28,0
Jul 21 2024,1:48:49 PM EDT,123,1
Jul 21 2024,2:13:39 PM EDT,31,0
Jul 21 2024,2:16:25 PM EDT,26,0
Jul 21 2024,2:20:18 PM EDT,91,1
Jul 21 2024,2:26:49 PM EDT,132,0
Jul 21 2024,2:30:30 PM EDT,164,0
Jul 21 2024,2:40:43 PM EDT,108,0
Jul 21 2024,2:55:25 PM EDT,70,0
Jul 21 2024,3:07:23 PM EDT,40,0
Jul 21 2024,3:26:00 PM EDT,85,0
Jul 21 2024,3:28:54 PM EDT,47,0
Jul 21 2024,3:30:34 PM EDT,200,0
Jul 21 2024,3:47:00 PM EDT,139,1
Jul 21 2024,5:40:13 PM EDT,23,0
Jul 21 2024,8:22:11 PM EDT,33,0
Jul 21 2024,8:49:51 PM EDT,56,0
Jul 21 2024,9:12:06 PM EDT,23,0
Jul 21 2024,9:12:53 PM EDT,32,0
Jul 21 2024,9:15:18 PM EDT,49,0
Jul 21 2024,9:55:16 PM EDT,41,1
Jul 21 2024,10:02:59 PM EDT,34,0
Jul 21 2024,11:19:27 PM EDT,42,0
Jul 22 2024,1:22:57 AM EDT,44,0
Jul 22 2024,1:25:33 AM EDT,58,1
Jul 22 2024,2:25:18 AM EDT,87,0
Jul 22 2024,2:53:20 AM EDT,32,0
Jul 22 2024,5:57:59 AM EDT,249,0
Jul 22 2024,6:17:42 AM EDT,138,0
Jul 22 2024,6:58:32 AM EDT,136,0
Jul 22 2024,7:00:59 AM EDT,110,0
Jul 22 2024,7:08:57 AM EDT,140,1
Jul 22 2024,7:09:35 AM EDT,23,0
Jul 22 2024,12:41:03 PM EDT,140,1
Jul 22 2024,1:45:49 PM EDT,53,0
Jul 22 2024,1:56:48 PM EDT,27,0
Jul 22 2024,2:18:02 PM EDT,69,0
Jul 22 2024,2:19:07 PM EDT,82,0
Jul 22 2024,2:56:22 PM EDT,53,0
Jul 22 2024,6:11:02 PM EDT,140,1
Jul 22 2024,6:34:54 PM EDT,140,1
Jul 22 2024,7:24:55 PM EDT,140,1
Jul 22 2024,11:50:28 PM EDT,40,0
Jul 23 2024,1:04:52 AM EDT,140,1
Jul 23 2024,11:48:19 AM EDT,123,1
Jul 23 2024,4:26:51 PM EDT,46,0
Jul 23 2024,5:29:49 PM EDT,89,0
Jul 23 2024,5:31:16 PM EDT,49,0
Jul 23 2024,7:12:05 PM EDT,137,1
Jul 23 2024,7:12:11 PM EDT,113,1
Jul 23 2024,8:32:22 PM EDT,191,0
Jul 23 2024,9:58:14 PM EDT,253,0
Jul 23 2024,10:02:38 PM EDT,89,0
Jul 23 2024,10:23:57 PM EDT,28,0
Jul 24 2024,12:28:24 AM EDT,140,1
Jul 24 2024,6:32:10 AM EDT,134,1
Jul 24 2024,5:13:57 PM EDT,156,0
Jul 25 2024,2:19:09 AM EDT,255,0
Jul 25 2024,2:30:47 AM EDT,124,0
Jul 25 2024,2:32:15 AM EDT,140,1
Jul 25 2024,2:33:12 AM EDT,36,0
Jul 25 2024,2:51:33 AM EDT,71,1
Jul 25 2024,2:54:01 AM EDT,139,1
Jul 25 2024,9:45:22 AM EDT,33,0
Jul 25 2024,9:55:32 AM EDT,111,1
Jul 25 2024,10:17:58 AM EDT,65,0
Jul 25 2024,5:56:06 PM EDT,105,1
Jul 26 2024,8:10:50 AM EDT,75,1
Jul 26 2024,8:15:04 AM EDT,50,0
Jul 26 2024,8:32:36 AM EDT,140,1
Jul 26 2024,8:33:27 AM EDT,60,0
Jul 26 2024,8:37:47 AM EDT,61,0
Jul 26 2024,8:40:09 AM EDT,86,1
Jul 26 2024,8:42:37 AM EDT,139,1
Jul 26 2024,9:39:24 AM EDT,60,0
Jul 26 2024,10:00:08 AM EDT,91,1
Jul 26 2024,6:07:08 PM EDT,60,0
Jul 26 2024,7:04:23 PM EDT,140,1
Jul 26 2024,7:11:19 PM EDT,42,0
Jul 26 2024,7:59:44 PM EDT,34,1
Jul 27 2024,2:18:04 AM EDT,79,1
Jul 27 2024,2:18:16 AM EDT,94,1
Jul 27 2024,2:21:28 AM EDT,140,1
Jul 27 2024,3:10:04 AM EDT,118,1
Jul 27 2024,3:48:38 AM EDT,51,0
Jul 27 2024,5:28:33 AM EDT,53,0
Jul 27 2024,11:44:41 AM EDT,39,0
Jul 27 2024,11:46:21 AM EDT,140,1
Jul 27 2024,2:58:04 PM EDT,93,0
Jul 27 2024,2:58:42 PM EDT,29,0
Jul 27 2024,3:27:05 PM EDT,126,0
Jul 27 2024,4:47:40 PM EDT,140,1
Jul 27 2024,6:36:28 PM EDT,82,1
Jul 27 2024,7:15:09 PM EDT,49,0
Jul 27 2024,8:25:11 PM EDT,36,0
Jul 27 2024,8:32:48 PM EDT,23,0
Jul 27 2024,8:35:49 PM EDT,115,1
Jul 27 2024,11:47:01 PM EDT,23,0
Jul 28 2024,2:20:48 AM EDT,66,0
Jul 28 2024,2:41:41 AM EDT,139,1
Jul 28 2024,3:01:08 AM EDT,43,1
Jul 28 2024,10:18:24 AM EDT,85,0
Jul 28 2024,10:29:30 AM EDT,36,0
Jul 28 2024,1:06:54 PM EDT,53,1
Jul 28 2024,1:30:59 PM EDT,51,0
Jul 28 2024,4:43:16 PM EDT,124,1
Jul 28 2024,5:28:25 PM EDT,26,0
Jul 28 2024,7:11:10 PM EDT,140,1
Jul 28 2024,11:34:09 PM EDT,104,0
Jul 28 2024,11:42:16 PM EDT,41,0
Jul 29 2024,12:17:09 AM EDT,27,0
Jul 29 2024,12:18:24 AM EDT,48,0
Jul 29 2024,12:21:26 AM EDT,139,1
Jul 29 2024,12:24:37 AM EDT,140,1
Jul 29 2024,1:13:38 AM EDT,39,0
Jul 29 2024,1:17:56 AM EDT,27,0
Jul 29 2024,1:22:07 AM EDT,61,0
Jul 29 2024,1:26:03 AM EDT,139,1
Jul 29 2024,1:36:52 AM EDT,27,0
Jul 29 2024,1:42:50 AM EDT,140,1
Jul 29 2024,9:39:15 AM EDT,126,0
Jul 29 2024,9:48:08 AM EDT,140,1
Jul 29 2024,10:03:22 AM EDT,125,0
Jul 29 2024,10:04:25 AM EDT,95,0
Jul 29 2024,10:05:35 AM EDT,25,0
Jul 29 2024,10:07:13 AM EDT,28,0
Jul 29 2024,10:14:01 AM EDT,104,0
Jul 29 2024,10:16:39 AM EDT,56,0
Jul 29 2024,10:22:39 AM EDT,137,0
Jul 29 2024,10:32:49 AM EDT,88,0
Jul 29 2024,10:33:18 AM EDT,23,0
Jul 29 2024,10:33:43 AM EDT,49,0
Jul 29 2024,10:34:38 AM EDT,34,0
Jul 29 2024,10:39:01 AM EDT,54,0
Jul 29 2024,10:39:16 AM EDT,44,1
Jul 29 2024,11:03:56 AM EDT,91,0
Jul 29 2024,11:05:02 AM EDT,140,1
Jul 29 2024,11:05:58 AM EDT,102,1
Jul 29 2024,11:29:45 AM EDT,140,1
Jul 29 2024,11:39:38 AM EDT,124,0
Jul 29 2024,11:41:57 AM EDT,60,0
Jul 29 2024,12:04:22 PM EDT,40,0
Jul 29 2024,12:12:08 PM EDT,96,0
Jul 29 2024,12:15:58 PM EDT,73,0
Jul 29 2024,2:55:24 PM EDT,43,0
Jul 29 2024,2:58:13 PM EDT,27,0
Jul 29 2024,3:00:48 PM EDT,67,0
Jul 29 2024,3:03:16 PM EDT,38,0
Jul 29 2024,3:04:43 PM EDT,65,0
Jul 29 2024,4:53:46 PM EDT,46,0
Jul 29 2024,4:54:54 PM EDT,30,0
Jul 29 2024,4:58:32 PM EDT,79,0
Jul 29 2024,5:04:07 PM EDT,139,1
Jul 29 2024,5:07:05 PM EDT,140,1
Jul 29 2024,5:09:30 PM EDT,140,1
Jul 29 2024,5:11:57 PM EDT,52,0
Jul 29 2024,5:20:14 PM EDT,140,1
Jul 29 2024,5:32:32 PM EDT,25,0
Jul 29 2024,5:36:30 PM EDT,33,0
Jul 29 2024,5:59:26 PM EDT,77,0
Jul 29 2024,7:25:21 PM EDT,27,0
Jul 29 2024,8:00:13 PM EDT,94,0
Jul 29 2024,8:14:43 PM EDT,53,0
Jul 29 2024,8:35:53 PM EDT,60,0
Jul 29 2024,8:39:31 PM EDT,23,0
Jul 29 2024,8:44:34 PM EDT,178,0
Jul 30 2024,1:58:31 AM EDT,37,0
Jul 30 2024,8:55:17 AM EDT,25,0
Jul 30 2024,9:40:25 AM EDT,135,1
Jul 30 2024,10:44:57 AM EDT,28,0
Jul 30 2024,1:37:52 PM EDT,82,0
Jul 30 2024,1:48:08 PM EDT,69,0
Jul 30 2024,1:59:48 PM EDT,34,0
Jul 30 2024,2:14:03 PM EDT,36,0
Jul 30 2024,2:19:49 PM EDT,23,0
Jul 30 2024,2:20:04 PM EDT,23,0
Jul 30 2024,2:31:57 PM EDT,140,1
Jul 30 2024,2:43:49 PM EDT,107,0
Jul 30 2024,2:48:27 PM EDT,140,1
Jul 30 2024,2:50:34 PM EDT,27,0
Jul 30 2024,3:02:40 PM EDT,39,0
Jul 30 2024,3:05:47 PM EDT,140,1
Jul 30 2024,3:14:43 PM EDT,23,0
Jul 30 2024,5:07:18 PM EDT,27,0
Jul 30 2024,8:09:55 PM EDT,140,1
Jul 30 2024,10:55:34 PM EDT,57,1
Jul 30 2024,11:02:19 PM EDT,68,0
Jul 30 2024,11:11:51 PM EDT,140,1
Jul 31 2024,3:17:40 AM EDT,140,1
Jul 31 2024,3:22:54 AM EDT,139,1
Jul 31 2024,10:18:53 AM EDT,60,1
Jul 31 2024,10:27:09 AM EDT,28,0
Jul 31 2024,10:34:55 AM EDT,26,0
Jul 31 2024,10:37:12 AM EDT,128,1
Jul 31 2024,10:42:15 AM EDT,77,0
Jul 31 2024,11:18:56 AM EDT,62,0
Jul 31 2024,11:44:24 AM EDT,125,1
Jul 31 2024,2:02:39 PM EDT,100,0
Jul 31 2024,4:18:12 PM EDT,35,0
Jul 31 2024,6:06:26 PM EDT,23,0
Jul 31 2024,7:13:14 PM EDT,25,0
Jul 31 2024,7:13:54 PM EDT,66,1
Jul 31 2024,9:19:31 PM EDT,61,0
Jul 31 2024,9:50:14 PM EDT,23,0
Jul 31 2024,10:00:25 PM EDT,28,0
Jul 31 2024,11:07:26 PM EDT,95,0
Aug 1 2024,7:38:07 AM EDT,45,0
Aug 1 2024,7:53:58 AM EDT,32,0
Aug 1 2024,7:57:18 AM EDT,33,0
Aug 1 2024,8:27:35 AM EDT,34,0
Aug 1 2024,8:35:24 AM EDT,73,0
Aug 1 2024,8:51:56 AM EDT,140,1
Aug 1 2024,9:19:07 AM EDT,47,0
Aug 1 2024,12:26:50 PM EDT,23,0
Aug 1 2024,1:09:23 PM EDT,94,0
Aug 1 2024,1:20:27 PM EDT,103,0
Aug 1 2024,1:30:45 PM EDT,46,0
Aug 1 2024,1:47:22 PM EDT,97,1
Aug 1 2024,1:48:24 PM EDT,28,0
Aug 1 2024,1:53:23 PM EDT,86,1
Aug 1 2024,4:23:23 PM EDT,43,0
Aug 1 2024,4:27:03 PM EDT,72,0
Aug 1 2024,6:07:37 PM EDT,25,0
Aug 1 2024,8:28:10 PM EDT,28,0
Aug 2 2024,12:20:05 AM EDT,159,0
Aug 2 2024,12:27:55 AM EDT,27,0
Aug 2 2024,12:30:33 AM EDT,23,0
Aug 2 2024,12:57:07 AM EDT,126,1
Aug 2 2024,1:01:59 AM EDT,23,0
Aug 2 2024,9:54:54 AM EDT,140,1
Aug 2 2024,11:40:28 AM EDT,140,1
Aug 2 2024,3:37:57 PM EDT,42,0
Aug 2 2024,3:44:08 PM EDT,127,1
Aug 2 2024,3:46:23 PM EDT,139,1
Aug 2 2024,9:35:43 PM EDT,140,1
Aug 2 2024,9:49:52 PM EDT,37,0
Aug 3 2024,12:54:30 AM EDT,255,0
Aug 3 2024,1:34:28 AM EDT,35,0
Aug 3 2024,1:57:30 AM EDT,64,0
Aug 3 2024,1:00:42 PM EDT,32,0
Aug 3 2024,2:10:13 PM EDT,208,0
Aug 3 2024,2:39:43 PM EDT,57,0
Aug 3 2024,4:05:36 PM EDT,139,1
Aug 3 2024,11:08:01 PM EDT,44,1
Aug 3 2024,11:33:20 PM EDT,40,0
Aug 4 2024,4:54:35 AM EDT,102,1
Aug 4 2024,4:54:58 AM EDT,135,1
Aug 4 2024,1:39:31 PM EDT,108,1
Aug 4 2024,6:11:31 PM EDT,25,0
Aug 5 2024,10:33:07 AM EDT,65,1
Aug 5 2024,4:58:48 PM EDT,109,1
Aug 5 2024,10:22:42 PM EDT,41,0
Aug 6 2024,12:57:46 AM EDT,23,0
Aug 6 2024,7:06:51 AM EDT,140,1
Aug 6 2024,7:11:14 AM EDT,38,0
Aug 6 2024,7:26:23 AM EDT,249,0
Aug 6 2024,7:31:43 AM EDT,138,0
Aug 6 2024,7:47:40 AM EDT,252,0
Aug 6 2024,7:48:26 AM EDT,44,1
Aug 6 2024,7:53:30 AM EDT,86,0
Aug 6 2024,7:55:24 AM EDT,34,0
Aug 6 2024,8:19:15 AM EDT,57,0
Aug 6 2024,8:21:34 AM EDT,53,1
Aug 6 2024,8:28:23 AM EDT,96,0
Aug 6 2024,8:30:04 AM EDT,49,0
Aug 6 2024,8:47:13 AM EDT,45,1
Aug 6 2024,8:51:06 AM EDT,62,0
Aug 6 2024,8:53:15 AM EDT,50,0
Aug 6 2024,8:54:23 AM EDT,12,0
Aug 6 2024,10:19:18 AM EDT,53,0
Aug 6 2024,10:33:33 AM EDT,58,0
Aug 6 2024,11:48:11 AM EDT,106,0
Aug 6 2024,11:50:15 AM EDT,65,0
Aug 6 2024,11:51:12 AM EDT,48,0
Aug 6 2024,11:55:04 AM EDT,161,0
Aug 6 2024,11:59:06 AM EDT,117,0
Aug 7 2024,4:35:37 AM EDT,9,0
Aug 7 2024,4:46:45 AM EDT,30,0
Aug 7 2024,4:50:37 AM EDT,124,0
Aug 7 2024,4:59:04 AM EDT,58,1
Aug 7 2024,10:20:22 AM EDT,28,0
Aug 7 2024,12:26:13 PM EDT,54,0
Aug 8 2024,12:51:08 AM EDT,59,0
Aug 8 2024,12:51:43 AM EDT,46,0
Aug 8 2024,1:07:08 AM EDT,45,0
Aug 8 2024,1:10:02 AM EDT,144,1
Aug 8 2024,1:17:00 AM EDT,23,0
Aug 8 2024,4:11:32 AM EDT,38,0
Aug 8 2024,4:14:03 AM EDT,57,0
Aug 8 2024,4:18:30 AM EDT,140,1
Aug 8 2024,4:21:31 AM EDT,140,1
Aug 8 2024,4:22:19 AM EDT,143,1
Aug 8 2024,4:24:33 AM EDT,139,1
Aug 8 2024,4:27:56 AM EDT,140,1
Aug 8 2024,4:53:07 AM EDT,109,1
Aug 8 2024,5:00:46 AM EDT,44,0
Aug 8 2024,5:29:38 AM EDT,140,1
Aug 8 2024,5:30:05 AM EDT,82,1
Aug 8 2024,5:34:25 AM EDT,53,0
Aug 8 2024,5:51:57 AM EDT,50,0
Aug 8 2024,12:16:52 PM EDT,76,0
Aug 8 2024,7:28:22 PM EDT,51,0
Aug 8 2024,7:30:14 PM EDT,27,0
Aug 8 2024,8:10:08 PM EDT,23,0
Aug 8 2024,8:12:48 PM EDT,23,0
Aug 8 2024,8:14:24 PM EDT,66,0
Aug 8 2024,8:19:09 PM EDT,44,0
Aug 8 2024,10:31:49 PM EDT,75,0
Aug 9 2024,2:03:09 AM EDT,27,0
Aug 9 2024,2:11:15 AM EDT,95,0
Aug 9 2024,2:16:17 AM EDT,25,0
Aug 9 2024,2:23:41 AM EDT,75,0
Aug 9 2024,2:33:06 AM EDT,23,0
Aug 9 2024,10:33:43 AM EDT,255,0
Aug 9 2024,10:55:45 AM EDT,56,0
Aug 9 2024,10:56:02 AM EDT,28,0
Aug 9 2024,12:49:07 PM EDT,31,0
Aug 9 2024,12:50:52 PM EDT,31,0
Aug 9 2024,1:25:18 PM EDT,23,0
Aug 9 2024,1:25:57 PM EDT,88,0
Aug 9 2024,1:27:05 PM EDT,36,0
Aug 9 2024,1:35:44 PM EDT,42,0
Aug 9 2024,3:01:42 PM EDT,110,0
Aug 9 2024,3:04:53 PM EDT,24,0
Aug 9 2024,3:07:37 PM EDT,55,0
Aug 9 2024,3:15:19 PM EDT,35,0
Aug 10 2024,1:06:11 AM EDT,27,0
Aug 10 2024,1:55:37 AM EDT,25,0
Aug 10 2024,2:03:46 AM EDT,40,0
Aug 10 2024,2:26:43 AM EDT,113,1
Aug 10 2024,2:33:58 AM EDT,63,1
Aug 10 2024,7:41:19 AM EDT,64,0
Aug 10 2024,7:46:49 AM EDT,227,0
Aug 10 2024,7:52:24 AM EDT,27,0
Aug 10 2024,7:54:16 AM EDT,65,0
Aug 10 2024,7:55:26 AM EDT,38,0
Aug 10 2024,8:15:15 AM EDT,140,1
Aug 10 2024,8:24:54 AM EDT,53,0
Aug 10 2024,8:25:56 AM EDT,51,0
Aug 10 2024,8:44:56 AM EDT,23,0
Aug 10 2024,8:48:19 AM EDT,140,1
Aug 10 2024,8:50:25 AM EDT,68,0
Aug 10 2024,8:50:57 AM EDT,28,0
Aug 10 2024,11:14:07 AM EDT,63,0
Aug 10 2024,11:31:36 AM EDT,64,0
Aug 10 2024,11:39:42 AM EDT,46,0
Aug 10 2024,11:40:19 AM EDT,27,0
Aug 10 2024,11:41:42 AM EDT,62,0
Aug 10 2024,11:56:53 AM EDT,41,0
Aug 10 2024,3:07:10 PM EDT,28,0
Aug 10 2024,3:10:12 PM EDT,33,0
Aug 10 2024,3:14:54 PM EDT,69,0
Aug 10 2024,3:20:04 PM EDT,23,0
Aug 10 2024,3:21:34 PM EDT,25,0
Aug 10 2024,3:23:05 PM EDT,23,0
Aug 10 2024,3:31:06 PM EDT,23,0
Aug 10 2024,3:32:18 PM EDT,25,0
Aug 10 2024,3:46:42 PM EDT,137,1
Aug 10 2024,3:53:12 PM EDT,27,0
Aug 10 2024,3:59:17 PM EDT,33,0
Aug 10 2024,4:21:07 PM EDT,98,1
Aug 10 2024,4:35:33 PM EDT,64,0
Aug 10 2024,7:36:59 PM EDT,59,0
Aug 10 2024,9:05:21 PM EDT,38,0
Aug 10 2024,9:47:01 PM EDT,140,1
Aug 11 2024,10:21:04 AM EDT,119,1
Aug 11 2024,5:29:17 PM EDT,99,0
Aug 11 2024,5:55:25 PM EDT,145,0
Aug 11 2024,5:55:41 PM EDT,23,0
Aug 11 2024,5:57:06 PM EDT,52,0
Aug 11 2024,6:38:06 PM EDT,48,0
Aug 11 2024,6:39:11 PM EDT,38,0
Aug 11 2024,6:55:51 PM EDT,66,0
Aug 11 2024,8:55:28 PM EDT,72,0
Aug 11 2024,9:00:05 PM EDT,160,0
Aug 11 2024,9:03:07 PM EDT,116,0
Aug 11 2024,9:11:06 PM EDT,38,0
Aug 11 2024,9:34:13 PM EDT,23,0
Aug 11 2024,9:39:56 PM EDT,37,0
Aug 11 2024,10:46:55 PM EDT,49,0
Aug 12 2024,12:44:36 AM EDT,140,1
Aug 12 2024,3:00:54 AM EDT,28,0
Aug 12 2024,10:07:37 AM EDT,94,1
Aug 12 2024,12:03:15 PM EDT,23,0
Aug 12 2024,3:00:11 PM EDT,23,0
Aug 12 2024,3:06:02 PM EDT,23,0
Aug 12 2024,3:14:03 PM EDT,47,0
Aug 12 2024,3:16:14 PM EDT,179,0
Aug 12 2024,4:01:24 PM EDT,82,0
Aug 12 2024,5:08:20 PM EDT,36,0
Aug 12 2024,5:30:43 PM EDT,41,0
Aug 12 2024,7:10:08 PM EDT,27,0
Aug 12 2024,7:14:21 PM EDT,49,0
Aug 12 2024,7:50:49 PM EDT,255,0
Aug 12 2024,7:57:12 PM EDT,82,0
Aug 12 2024,7:57:31 PM EDT,44,1
Aug 12 2024,8:18:40 PM EDT,179,0
Aug 12 2024,8:24:21 PM EDT,94,0
Aug 12 2024,8:27:51 PM EDT,154,0
Aug 12 2024,11:10:56 PM EDT,27,0
Aug 13 2024,12:08:16 AM EDT,27,0
Aug 13 2024,12:11:58 AM EDT,140,0
Aug 13 2024,12:16:37 AM EDT,143,0
Aug 13 2024,12:16:53 AM EDT,140,1
Aug 13 2024,12:17:37 AM EDT,28,0
Aug 13 2024,12:21:20 AM EDT,140,1
Aug 13 2024,12:36:34 AM EDT,89,0
Aug 13 2024,12:39:24 AM EDT,39,0
Aug 13 2024,12:41:29 AM EDT,58,0
Aug 13 2024,12:42:07 AM EDT,23,0
Aug 13 2024,1:32:50 AM EDT,23,0
Aug 13 2024,1:38:21 AM EDT,48,0
Aug 13 2024,2:43:47 AM EDT,139,0
Aug 13 2024,3:03:43 AM EDT,23,0
Aug 13 2024,3:05:54 AM EDT,27,0
Aug 13 2024,10:36:07 AM EDT,227,0
Aug 13 2024,10:44:39 AM EDT,48,0
Aug 13 2024,10:57:19 AM EDT,60,0
Aug 13 2024,11:01:17 AM EDT,43,0
Aug 13 2024,11:26:13 AM EDT,60,0
Aug 13 2024,11:59:17 AM EDT,34,0
Aug 13 2024,12:00:21 PM EDT,39,0
Aug 13 2024,12:36:38 PM EDT,80,0
Aug 13 2024,12:37:09 PM EDT,27,0
Aug 13 2024,1:13:00 PM EDT,28,0
Aug 13 2024,1:29:46 PM EDT,90,0
Aug 13 2024,1:37:44 PM EDT,174,0
Aug 13 2024,1:52:31 PM EDT,78,1
Aug 13 2024,1:56:58 PM EDT,93,0
Aug 13 2024,1:57:46 PM EDT,139,1
Aug 13 2024,6:12:20 PM EDT,35,0
Aug 13 2024,7:15:02 PM EDT,84,0
Aug 13 2024,8:17:00 PM EDT,165,0
Aug 13 2024,11:43:37 PM EDT,27,0
Aug 13 2024,11:47:42 PM EDT,110,0
Aug 14 2024,1:20:49 AM EDT,55,0
Aug 14 2024,1:21:50 AM EDT,27,0
Aug 14 2024,1:32:19 AM EDT,11,0
Aug 14 2024,1:55:45 AM EDT,94,0
Aug 14 2024,1:59:24 AM EDT,56,0
Aug 14 2024,2:01:17 AM EDT,34,0
Aug 14 2024,2:17:01 AM EDT,140,1
Aug 14 2024,2:30:53 AM EDT,25,0
Aug 14 2024,2:46:36 AM EDT,85,1
Aug 14 2024,3:41:09 AM EDT,26,0
Aug 14 2024,10:07:04 AM EDT,48,0
Aug 14 2024,10:15:00 AM EDT,68,0
Aug 14 2024,10:30:49 AM EDT,64,0
Aug 14 2024,10:36:16 AM EDT,23,0
Aug 14 2024,10:45:23 AM EDT,23,0
Aug 14 2024,10:47:25 AM EDT,23,0
Aug 14 2024,10:49:04 AM EDT,140,1
Aug 14 2024,10:59:21 AM EDT,34,0
Aug 14 2024,11:24:30 AM EDT,54,0
Aug 14 2024,11:38:17 AM EDT,64,0
Aug 14 2024,11:40:06 AM EDT,140,1
Aug 14 2024,12:18:58 PM EDT,25,0
Aug 14 2024,12:30:26 PM EDT,25,0
Aug 14 2024,12:40:11 PM EDT,61,0
Aug 14 2024,12:46:26 PM EDT,23,0
Aug 14 2024,2:47:54 PM EDT,123,0
Aug 14 2024,3:00:50 PM EDT,128,0
Aug 14 2024,3:28:39 PM EDT,124,1
Aug 14 2024,3:33:20 PM EDT,33,0
Aug 14 2024,3:36:43 PM EDT,65,1
Aug 14 2024,5:07:41 PM EDT,59,0
Aug 14 2024,5:25:36 PM EDT,79,1
Aug 14 2024,7:28:01 PM EDT,25,0
Aug 15 2024,5:43:42 AM EDT,90,0
Aug 15 2024,4:12:45 PM EDT,55,0
Aug 15 2024,5:00:05 PM EDT,130,0
Aug 15 2024,10:46:05 PM EDT,44,1
Aug 16 2024,2:34:43 AM EDT,27,0
Aug 16 2024,7:35:07 AM EDT,70,0
Aug 16 2024,7:38:09 AM EDT,246,0
Aug 16 2024,7:39:26 AM EDT,77,0
Aug 16 2024,7:41:30 AM EDT,31,0
Aug 16 2024,7:59:10 AM EDT,58,0
Aug 16 2024,8:31:10 AM EDT,13,0
Aug 16 2024,8:51:10 AM EDT,124,1
Aug 16 2024,11:21:14 AM EDT,38,0
Aug 16 2024,11:37:03 AM EDT,83,0
Aug 16 2024,6:19:10 PM EDT,35,0
Aug 16 2024,10:40:09 PM EDT,108,1
Aug 16 2024,10:46:55 PM EDT,23,0
Aug 16 2024,11:17:40 PM EDT,140,1
Aug 16 2024,11:41:14 PM EDT,80,0
Aug 17 2024,12:24:14 AM EDT,68,0
Aug 17 2024,12:45:52 AM EDT,140,1
Aug 17 2024,12:04:43 PM EDT,254,0
Aug 17 2024,12:07:29 PM EDT,140,1
Aug 17 2024,12:07:33 PM EDT,42,1
Aug 17 2024,12:20:31 PM EDT,152,0
Aug 17 2024,12:24:24 PM EDT,139,1
Aug 17 2024,12:33:10 PM EDT,74,0
Aug 17 2024,12:42:45 PM EDT,77,0
Aug 17 2024,12:43:55 PM EDT,23,0
Aug 17 2024,12:44:49 PM EDT,65,0
Aug 17 2024,1:01:27 PM EDT,140,1
Aug 17 2024,1:04:05 PM EDT,236,0
Aug 17 2024,3:29:43 PM EDT,31,0
Aug 17 2024,3:55:00 PM EDT,140,1
Aug 17 2024,10:30:59 PM EDT,38,0
Aug 18 2024,1:47:22 AM EDT,36,0
Aug 18 2024,8:52:13 AM EDT,144,1
Aug 18 2024,8:52:45 AM EDT,140,1
Aug 18 2024,7:10:03 PM EDT,23,0
Aug 18 2024,7:45:33 PM EDT,93,0
Aug 18 2024,9:22:30 PM EDT,25,0
Aug 18 2024,10:03:26 PM EDT,49,0
Aug 18 2024,10:47:27 PM EDT,23,0
Aug 18 2024,11:13:06 PM EDT,59,0
Aug 19 2024,12:51:54 AM EDT,46,0
Aug 19 2024,1:36:43 AM EDT,67,0
Aug 19 2024,1:37:30 AM EDT,28,0
Aug 19 2024,4:29:05 AM EDT,41,1
Aug 19 2024,11:04:26 AM EDT,140,1
Aug 19 2024,11:25:54 AM EDT,140,1
Aug 19 2024,11:28:08 AM EDT,131,1
Aug 19 2024,11:29:37 AM EDT,61,0
Aug 19 2024,11:37:11 AM EDT,56,0
Aug 19 2024,11:39:22 AM EDT,126,0
Aug 19 2024,11:41:59 AM EDT,55,0
Aug 19 2024,11:45:55 AM EDT,28,0
Aug 19 2024,9:54:49 PM EDT,49,0
Aug 19 2024,9:58:10 PM EDT,36,0
Aug 19 2024,10:04:36 PM EDT,37,0
Aug 19 2024,10:37:55 PM EDT,45,0
Aug 19 2024,11:37:09 PM EDT,46,0
Aug 19 2024,11:48:51 PM EDT,53,0
Aug 19 2024,11:54:24 PM EDT,84,0
Aug 19 2024,11:56:58 PM EDT,14,0
Aug 20 2024,1:36:27 AM EDT,125,0
Aug 20 2024,2:16:07 AM EDT,54,0
Aug 20 2024,2:48:12 AM EDT,31,0
Aug 20 2024,1:20:44 PM EDT,63,0
Aug 20 2024,1:20:52 PM EDT,119,1
Aug 20 2024,1:20:58 PM EDT,56,1
Aug 20 2024,5:53:30 PM EDT,138,0
Aug 20 2024,5:56:18 PM EDT,95,0
Aug 20 2024,5:58:54 PM EDT,71,0
Aug 21 2024,1:47:31 AM EDT,189,0
Aug 21 2024,3:50:48 AM EDT,31,0
Aug 21 2024,3:54:57 AM EDT,44,0
Aug 21 2024,8:54:00 AM EDT,140,1
Aug 21 2024,8:59:19 AM EDT,27,0
Aug 21 2024,9:16:10 AM EDT,71,1
Aug 21 2024,9:18:25 AM EDT,30,0
Aug 21 2024,9:24:14 AM EDT,53,0
Aug 21 2024,9:34:46 AM EDT,27,0
Aug 21 2024,9:41:08 AM EDT,144,1
Aug 21 2024,4:59:34 PM EDT,38,0
Aug 21 2024,8:01:29 PM EDT,233,0
Aug 21 2024,8:07:39 PM EDT,152,0
Aug 21 2024,8:35:39 PM EDT,140,1
Aug 21 2024,8:44:25 PM EDT,140,1
Aug 21 2024,8:56:04 PM EDT,76,0
Aug 21 2024,8:56:56 PM EDT,56,0
Aug 21 2024,9:48:36 PM EDT,56,0
Aug 21 2024,10:08:56 PM EDT,139,1
Aug 21 2024,11:17:03 PM EDT,27,0
Aug 21 2024,11:42:27 PM EDT,54,0
Aug 22 2024,9:55:36 AM EDT,35,0
Aug 22 2024,10:40:57 AM EDT,23,0
Aug 22 2024,10:53:20 AM EDT,40,0
Aug 23 2024,6:20:41 AM EDT,87,1
Aug 23 2024,11:43:43 AM EDT,28,0
Aug 23 2024,11:58:35 AM EDT,255,0
Aug 23 2024,1:10:50 PM EDT,27,0
Aug 23 2024,2:09:21 PM EDT,31,0
Aug 23 2024,2:49:22 PM EDT,125,0
Aug 23 2024,2:50:35 PM EDT,65,0
Aug 23 2024,2:51:09 PM EDT,34,0
Aug 23 2024,6:05:08 PM EDT,88,1
Aug 23 2024,9:25:52 PM EDT,48,0
Aug 23 2024,9:30:56 PM EDT,47,0
Aug 23 2024,9:32:06 PM EDT,140,1
Aug 23 2024,9:36:27 PM EDT,140,1
Aug 23 2024,9:54:32 PM EDT,30,0
Aug 23 2024,9:58:35 PM EDT,36,0
Aug 23 2024,10:15:41 PM EDT,26,0
Aug 23 2024,10:35:52 PM EDT,34,0
Aug 23 2024,10:42:43 PM EDT,34,0
Aug 24 2024,12:16:31 AM EDT,30,0
Aug 24 2024,12:23:33 AM EDT,44,1
Aug 24 2024,12:37:07 AM EDT,140,1
Aug 24 2024,12:47:22 AM EDT,23,0
Aug 24 2024,12:53:41 AM EDT,148,1
Aug 24 2024,11:18:25 AM EDT,160,0
Aug 24 2024,11:34:52 AM EDT,89,0
Aug 24 2024,11:37:40 AM EDT,32,0
Aug 24 2024,11:39:03 AM EDT,54,0
Aug 24 2024,11:43:58 AM EDT,101,0
Aug 24 2024,11:48:07 AM EDT,255,0
Aug 24 2024,7:07:53 PM EDT,90,0
Aug 24 2024,7:14:27 PM EDT,92,0
Aug 24 2024,7:59:00 PM EDT,34,0
Aug 24 2024,8:01:30 PM EDT,108,0
Aug 24 2024,10:30:34 PM EDT,67,0
Aug 24 2024,10:41:06 PM EDT,27,0
Aug 24 2024,11:39:04 PM EDT,60,0
Aug 24 2024,11:41:34 PM EDT,39,0
Aug 24 2024,11:46:19 PM EDT,139,1
Aug 24 2024,11:47:02 PM EDT,31,0
Aug 25 2024,12:53:22 AM EDT,53,1
Aug 25 2024,1:04:25 AM EDT,35,0
Aug 25 2024,1:07:03 AM EDT,27,0
Aug 25 2024,1:35:53 AM EDT,53,0
Aug 25 2024,5:18:41 AM EDT,140,1
Aug 25 2024,5:41:31 AM EDT,93,0
Aug 25 2024,5:51:53 AM EDT,49,0
Aug 25 2024,5:56:16 AM EDT,42,0
Aug 25 2024,6:01:14 AM EDT,255,0
Aug 25 2024,6:02:26 AM EDT,27,0
Aug 25 2024,6:04:46 AM EDT,33,0
Aug 25 2024,6:06:03 AM EDT,139,1
Aug 25 2024,6:08:19 AM EDT,140,1
Aug 25 2024,6:10:10 AM EDT,137,1
Aug 25 2024,6:13:47 AM EDT,23,0
Aug 25 2024,6:15:26 AM EDT,53,0
Aug 25 2024,6:18:53 AM EDT,140,1
Aug 25 2024,6:20:24 AM EDT,139,1
Aug 25 2024,6:26:00 AM EDT,28,0
Aug 25 2024,6:27:28 AM EDT,140,1
Aug 25 2024,6:30:49 AM EDT,148,1
Aug 25 2024,6:36:04 AM EDT,23,0
Aug 25 2024,6:40:36 AM EDT,23,0
Aug 25 2024,6:48:53 AM EDT,139,1
Aug 25 2024,7:02:56 AM EDT,27,0
Aug 25 2024,7:03:15 AM EDT,97,1
Aug 25 2024,7:06:48 AM EDT,27,0
Aug 25 2024,7:08:23 AM EDT,78,0
Aug 25 2024,7:08:53 AM EDT,140,1
Aug 25 2024,7:13:19 AM EDT,145,0
Aug 25 2024,7:15:43 AM EDT,109,0
Aug 25 2024,7:16:40 AM EDT,23,0
Aug 25 2024,7:17:31 AM EDT,140,1
Aug 25 2024,7:20:19 AM EDT,127,0
Aug 25 2024,7:24:36 AM EDT,46,0
Aug 25 2024,7:27:13 AM EDT,36,0
Aug 25 2024,7:37:04 AM EDT,23,0
Aug 25 2024,7:38:32 AM EDT,23,0
Aug 25 2024,3:04:13 PM EDT,28,0
Aug 26 2024,3:22:59 AM EDT,255,0
Aug 26 2024,3:23:17 AM EDT,140,1
Aug 26 2024,3:23:54 AM EDT,23,0
Aug 26 2024,3:24:45 AM EDT,23,0
Aug 26 2024,3:26:12 AM EDT,50,0
Aug 26 2024,3:36:00 AM EDT,233,0
Aug 26 2024,3:47:59 AM EDT,34,0
Aug 26 2024,3:49:12 AM EDT,140,1
Aug 26 2024,3:49:31 AM EDT,39,0
Aug 26 2024,3:53:21 AM EDT,48,1
Aug 26 2024,4:08:45 AM EDT,156,0
Aug 26 2024,4:12:50 AM EDT,47,0
Aug 26 2024,4:14:55 AM EDT,48,0
Aug 26 2024,4:16:54 AM EDT,140,1
Aug 26 2024,5:54:19 PM EDT,220,0
Aug 26 2024,6:59:36 PM EDT,255,0
Aug 26 2024,7:01:13 PM EDT,63,0
Aug 26 2024,7:07:49 PM EDT,31,0
Aug 26 2024,8:59:10 PM EDT,140,1
Aug 26 2024,9:04:58 PM EDT,72,0
Aug 26 2024,9:11:37 PM EDT,255,0
Aug 26 2024,9:31:57 PM EDT,189,0
Aug 26 2024,9:32:41 PM EDT,34,0
Aug 27 2024,1:03:35 AM EDT,27,0
Aug 27 2024,1:56:48 AM EDT,135,1
Aug 27 2024,1:57:35 AM EDT,140,1
Aug 27 2024,2:10:46 PM EDT,98,0
Aug 28 2024,1:59:10 AM EDT,140,1
Aug 28 2024,6:51:30 PM EDT,23,0
Aug 28 2024,7:56:05 PM EDT,139,1
Aug 28 2024,11:38:00 PM EDT,126,1
Aug 29 2024,12:10:14 AM EDT,34,0
Aug 29 2024,12:39:40 AM EDT,141,0
Aug 29 2024,12:43:10 AM EDT,28,0
Aug 29 2024,1:05:34 AM EDT,90,0
Aug 29 2024,1:16:01 AM EDT,53,0
Aug 29 2024,1:18:12 AM EDT,40,0
Aug 29 2024,1:25:36 AM EDT,63,0
Aug 29 2024,1:48:39 AM EDT,34,0
Aug 29 2024,1:54:47 AM EDT,27,0
Aug 29 2024,11:33:49 AM EDT,45,0
Aug 29 2024,11:34:35 AM EDT,17,1
Aug 29 2024,11:43:25 AM EDT,27,0
Aug 29 2024,11:47:03 AM EDT,139,1
Aug 29 2024,11:47:18 AM EDT,139,1
Aug 29 2024,11:53:49 AM EDT,80,0
Aug 29 2024,11:58:24 AM EDT,255,0
Aug 29 2024,12:30:40 PM EDT,39,0
Aug 29 2024,12:32:04 PM EDT,46,0
Aug 29 2024,12:36:26 PM EDT,90,0
Aug 29 2024,12:51:24 PM EDT,31,0
Aug 29 2024,1:00:26 PM EDT,157,0
Aug 29 2024,1:01:29 PM EDT,110,0
Aug 29 2024,1:38:25 PM EDT,140,1
Aug 29 2024,1:43:18 PM EDT,46,0
Aug 29 2024,1:45:29 PM EDT,62,1
Aug 29 2024,1:48:32 PM EDT,48,0
Aug 29 2024,1:49:17 PM EDT,52,0
Aug 29 2024,1:51:33 PM EDT,139,1
Aug 29 2024,1:53:18 PM EDT,31,0
Aug 29 2024,5:16:45 PM EDT,48,0
Aug 29 2024,5:17:18 PM EDT,40,0
Aug 29 2024,7:10:03 PM EDT,140,1
Aug 29 2024,7:10:07 PM EDT,140,1
Aug 29 2024,7:14:31 PM EDT,36,0
Aug 29 2024,7:19:25 PM EDT,241,0
Aug 29 2024,7:56:55 PM EDT,255,0
Aug 29 2024,8:00:15 PM EDT,238,0
Aug 29 2024,8:03:24 PM EDT,86,0
Aug 29 2024,8:04:22 PM EDT,122,1
Aug 29 2024,8:05:44 PM EDT,144,1
Aug 29 2024,8:08:11 PM EDT,96,0
Aug 29 2024,8:35:18 PM EDT,25,0
Aug 29 2024,8:38:53 PM EDT,247,0
Aug 29 2024,9:17:10 PM EDT,30,0
Aug 30 2024,1:50:54 AM EDT,43,0
Aug 30 2024,1:53:21 AM EDT,144,1
Aug 30 2024,1:54:52 AM EDT,99,0
Aug 30 2024,1:55:16 AM EDT,63,1
Aug 30 2024,2:27:17 AM EDT,140,1
Aug 30 2024,7:33:50 AM EDT,34,0
Aug 30 2024,7:40:58 AM EDT,100,0
Aug 30 2024,7:41:54 AM EDT,35,0
Aug 30 2024,7:45:13 AM EDT,159,0
Aug 30 2024,7:50:18 AM EDT,49,0
Aug 30 2024,7:54:07 AM EDT,27,0
Aug 30 2024,7:54:55 AM EDT,140,1
Aug 30 2024,8:00:54 AM EDT,143,0
Aug 30 2024,8:02:00 AM EDT,25,0
Aug 30 2024,8:09:00 AM EDT,56,0
Aug 30 2024,8:26:41 AM EDT,31,0
Aug 30 2024,8:27:47 AM EDT,109,1
Aug 30 2024,11:08:37 AM EDT,97,0
Aug 30 2024,11:14:43 AM EDT,25,0
Aug 30 2024,11:18:24 AM EDT,29,0
Aug 30 2024,11:30:14 AM EDT,247,0
Aug 30 2024,11:58:29 AM EDT,25,0
Aug 30 2024,3:28:43 PM EDT,30,0
Aug 30 2024,3:32:03 PM EDT,73,0
Aug 30 2024,4:53:44 PM EDT,140,1
Aug 30 2024,4:56:02 PM EDT,143,0
Aug 30 2024,4:59:20 PM EDT,193,0
Aug 30 2024,5:01:35 PM EDT,142,0
Aug 30 2024,5:04:24 PM EDT,34,0
Aug 30 2024,5:05:55 PM EDT,74,1
Aug 30 2024,5:10:46 PM EDT,61,0
Aug 30 2024,5:11:35 PM EDT,78,0
Aug 30 2024,6:34:09 PM EDT,28,0
Aug 30 2024,6:57:31 PM EDT,140,1
Aug 30 2024,7:29:32 PM EDT,55,1
Aug 30 2024,7:35:19 PM EDT,82,0
Aug 30 2024,7:37:54 PM EDT,31,0
Aug 30 2024,7:41:23 PM EDT,198,0
Aug 31 2024,2:41:44 AM EDT,255,0
Aug 31 2024,2:46:01 AM EDT,255,0
Aug 31 2024,2:47:57 AM EDT,106,0
Aug 31 2024,2:50:40 AM EDT,108,0
Aug 31 2024,2:51:01 AM EDT,139,1
Aug 31 2024,2:54:40 AM EDT,45,0
Aug 31 2024,2:55:37 AM EDT,51,0
Aug 31 2024,2:57:40 AM EDT,97,1
Aug 31 2024,3:03:33 AM EDT,140,1
Aug 31 2024,3:04:29 AM EDT,140,1
Aug 31 2024,3:04:55 AM EDT,31,0
Aug 31 2024,3:07:59 AM EDT,171,0
Aug 31 2024,3:08:33 AM EDT,69,0
Aug 31 2024,3:13:47 AM EDT,140,1
Aug 31 2024,10:09:32 AM EDT,53,0
Aug 31 2024,12:09:00 PM EDT,146,0
Aug 31 2024,12:31:18 PM EDT,255,0
Aug 31 2024,3:14:48 PM EDT,255,0
Aug 31 2024,3:17:19 PM EDT,28,0
Aug 31 2024,3:18:01 PM EDT,140,1
Aug 31 2024,3:19:33 PM EDT,140,1
Aug 31 2024,9:37:54 PM EDT,63,0
Aug 31 2024,9:56:30 PM EDT,255,0
Aug 31 2024,9:58:44 PM EDT,107,0
Aug 31 2024,9:59:45 PM EDT,46,0
Aug 31 2024,10:06:06 PM EDT,33,0
Aug 31 2024,10:09:59 PM EDT,40,0
Aug 31 2024,10:11:16 PM EDT,25,0
Aug 31 2024,10:13:49 PM EDT,66,0
Aug 31 2024,10:14:59 PM EDT,31,0
Aug 31 2024,10:16:38 PM EDT,147,0
Aug 31 2024,10:50:51 PM EDT,182,0
Aug 31 2024,11:13:00 PM EDT,72,0
Aug 31 2024,11:54:49 PM EDT,255,0
Sep 1 2024,2:29:21 AM EDT,34,0
Sep 1 2024,2:57:11 AM EDT,37,0
Sep 1 2024,3:07:44 AM EDT,63,0
Sep 1 2024,3:09:52 AM EDT,51,0
Sep 1 2024,3:11:07 AM EDT,27,0
Sep 1 2024,3:13:36 AM EDT,82,0
Sep 1 2024,3:14:18 AM EDT,28,0
Sep 1 2024,3:17:23 AM EDT,23,0
Sep 1 2024,3:22:23 AM EDT,93,0
Sep 1 2024,3:24:37 AM EDT,38,1
Sep 1 2024,3:26:50 AM EDT,140,1
Sep 1 2024,3:28:39 AM EDT,34,0
Sep 1 2024,3:31:06 AM EDT,140,1
Sep 1 2024,3:33:52 AM EDT,139,1
Sep 1 2024,3:35:15 AM EDT,48,1
Sep 1 2024,3:36:24 AM EDT,23,0
Sep 1 2024,3:40:53 AM EDT,97,0
Sep 1 2024,3:42:25 AM EDT,27,0
Sep 1 2024,7:30:54 PM EDT,64,0
Sep 1 2024,7:34:22 PM EDT,184,0
Sep 1 2024,7:35:11 PM EDT,37,0
Sep 1 2024,7:41:17 PM EDT,47,0
Sep 1 2024,11:01:21 PM EDT,253,0
Sep 1 2024,11:51:56 PM EDT,36,0
Sep 1 2024,11:53:40 PM EDT,25,0
Sep 2 2024,12:08:08 AM EDT,251,0
Sep 2 2024,12:38:02 AM EDT,255,0
Sep 2 2024,12:54:53 AM EDT,31,0
Sep 2 2024,1:59:24 AM EDT,104,1
Sep 2 2024,2:21:14 AM EDT,255,0
Sep 2 2024,2:25:16 AM EDT,108,0
Sep 2 2024,2:26:25 AM EDT,140,1
Sep 2 2024,2:26:36 AM EDT,140,1
Sep 2 2024,2:32:50 AM EDT,49,0
Sep 2 2024,2:39:17 AM EDT,79,0
Sep 2 2024,11:22:30 AM EDT,27,0
Sep 2 2024,11:23:04 AM EDT,37,0
Sep 2 2024,11:28:17 AM EDT,61,0
Sep 2 2024,11:32:18 AM EDT,224,0
Sep 2 2024,11:33:01 AM EDT,38,0
Sep 2 2024,11:33:46 AM EDT,41,0
Sep 2 2024,11:34:27 AM EDT,81,0
Sep 2 2024,11:35:48 AM EDT,26,0
Sep 2 2024,11:36:00 AM EDT,42,0
Sep 2 2024,11:40:29 AM EDT,49,0
Sep 2 2024,11:42:46 AM EDT,65,0
Sep 2 2024,11:43:44 AM EDT,31,0
Sep 2 2024,11:44:50 AM EDT,41,0
Sep 2 2024,11:45:41 AM EDT,64,0
Sep 2 2024,11:46:11 AM EDT,119,1
Sep 2 2024,11:46:59 AM EDT,140,1
Sep 2 2024,11:52:09 AM EDT,91,0
Sep 2 2024,11:53:29 AM EDT,43,0
Sep 2 2024,11:53:57 AM EDT,35,0
Sep 2 2024,11:55:06 AM EDT,91,0
Sep 2 2024,12:00:09 PM EDT,140,1
Sep 2 2024,12:00:31 PM EDT,31,0
Sep 2 2024,12:03:47 PM EDT,227,0
Sep 2 2024,12:04:35 PM EDT,44,0
Sep 2 2024,12:06:49 PM EDT,28,1
Sep 2 2024,12:07:50 PM EDT,78,0
Sep 2 2024,12:08:51 PM EDT,27,0
Sep 2 2024,12:11:36 PM EDT,28,0
Sep 2 2024,12:12:29 PM EDT,23,0
Sep 2 2024,12:41:08 PM EDT,28,0
Sep 2 2024,12:53:54 PM EDT,255,0
Sep 2 2024,12:57:18 PM EDT,206,0
Sep 2 2024,1:06:48 PM EDT,60,0
Sep 2 2024,1:10:25 PM EDT,193,0
Sep 2 2024,1:13:08 PM EDT,25,0
Sep 2 2024,1:18:57 PM EDT,138,0
Sep 2 2024,9:11:47 PM EDT,51,0
Sep 2 2024,9:12:27 PM EDT,45,0
Sep 2 2024,9:13:05 PM EDT,25,0
Sep 2 2024,9:13:18 PM EDT,140,1
Sep 2 2024,9:14:10 PM EDT,54,0
Sep 2 2024,11:58:32 PM EDT,92,0
Sep 3 2024,12:00:39 AM EDT,26,0
Sep 3 2024,12:16:19 AM EDT,139,1
Sep 3 2024,12:18:36 AM EDT,25,0
Sep 3 2024,12:30:28 AM EDT,111,1
Sep 3 2024,12:31:56 AM EDT,34,0
Sep 3 2024,12:33:26 AM EDT,140,1
Sep 3 2024,12:35:15 AM EDT,137,0
Sep 3 2024,12:37:42 AM EDT,173,0
Sep 3 2024,12:39:45 AM EDT,60,0
Sep 3 2024,12:42:32 AM EDT,70,0
Sep 3 2024,12:43:30 AM EDT,37,0
Sep 3 2024,12:45:51 AM EDT,117,0
Sep 3 2024,12:46:56 AM EDT,51,0
Sep 3 2024,12:51:01 AM EDT,50,0
Sep 3 2024,12:54:10 AM EDT,136,0
Sep 3 2024,12:59:19 AM EDT,59,0
Sep 3 2024,1:08:42 AM EDT,27,0
Sep 3 2024,1:09:39 AM EDT,52,0
Sep 3 2024,1:10:03 AM EDT,38,1
Sep 3 2024,2:06:57 AM EDT,140,1
Sep 3 2024,2:14:48 AM EDT,23,0
Sep 3 2024,2:20:30 AM EDT,26,0
Sep 3 2024,2:25:20 AM EDT,140,1
Sep 3 2024,2:34:01 AM EDT,57,0
Sep 3 2024,2:38:06 AM EDT,140,1
Sep 3 2024,2:40:46 AM EDT,27,0
Sep 3 2024,10:03:16 AM EDT,26,0
Sep 3 2024,10:30:28 AM EDT,162,0
Sep 3 2024,10:42:36 AM EDT,140,1
Sep 3 2024,10:47:57 AM EDT,30,0
Sep 3 2024,10:50:50 AM EDT,196,0
Sep 3 2024,1:19:38 PM EDT,255,0
Sep 3 2024,4:26:07 PM EDT,229,0
Sep 3 2024,4:29:27 PM EDT,34,0
Sep 3 2024,4:30:14 PM EDT,27,0
Sep 3 2024,4:35:28 PM EDT,76,0
Sep 3 2024,4:36:00 PM EDT,23,0
Sep 3 2024,7:07:43 PM EDT,84,0
Sep 3 2024,7:08:31 PM EDT,47,0
Sep 3 2024,7:17:51 PM EDT,58,0
Sep 3 2024,11:28:37 PM EDT,33,0
Sep 3 2024,11:30:48 PM EDT,86,1
Sep 3 2024,11:31:49 PM EDT,29,0
Sep 3 2024,11:39:47 PM EDT,63,0
Sep 3 2024,11:53:09 PM EDT,56,0
Sep 4 2024,12:56:11 AM EDT,31,0
Sep 4 2024,4:46:40 AM EDT,69,0
Sep 4 2024,5:01:18 AM EDT,140,1
Sep 4 2024,5:14:39 AM EDT,255,0
Sep 4 2024,5:21:03 AM EDT,25,0
Sep 4 2024,5:24:50 AM EDT,140,1
Sep 4 2024,5:27:56 AM EDT,137,0
Sep 4 2024,5:28:52 AM EDT,69,1
Sep 4 2024,5:32:43 AM EDT,43,0
Sep 4 2024,10:26:37 AM EDT,23,0
Sep 4 2024,11:12:39 AM EDT,35,0
Sep 4 2024,11:13:05 AM EDT,34,0
Sep 4 2024,11:14:28 AM EDT,39,0
Sep 4 2024,11:15:00 AM EDT,25,0
Sep 4 2024,11:39:28 AM EDT,61,0
Sep 4 2024,11:40:01 AM EDT,37,0
Sep 4 2024,11:41:11 AM EDT,23,0
Sep 4 2024,11:53:39 AM EDT,98,0
Sep 4 2024,11:54:36 AM EDT,140,1
Sep 4 2024,11:55:08 AM EDT,34,0
Sep 4 2024,11:57:08 AM EDT,148,1
Sep 4 2024,12:08:14 PM EDT,11,0
Sep 4 2024,12:08:14 PM EDT,33,0
Sep 4 2024,12:10:52 PM EDT,31,0
Sep 4 2024,12:12:14 PM EDT,62,0
Sep 4 2024,12:13:46 PM EDT,61,0
Sep 4 2024,12:15:26 PM EDT,70,0
Sep 4 2024,12:17:30 PM EDT,73,0
Sep 4 2024,12:20:09 PM EDT,124,0
Sep 4 2024,2:42:46 PM EDT,227,0
Sep 4 2024,2:43:50 PM EDT,86,0
Sep 4 2024,2:46:27 PM EDT,221,0
Sep 4 2024,3:06:10 PM EDT,165,0
Sep 4 2024,3:15:54 PM EDT,255,0
Sep 4 2024,3:17:25 PM EDT,111,0
Sep 4 2024,3:20:06 PM EDT,71,0
Sep 4 2024,3:21:41 PM EDT,27,0
Sep 4 2024,3:24:47 PM EDT,105,0
Sep 4 2024,3:26:13 PM EDT,83,0
Sep 4 2024,8:10:58 PM EDT,57,0
Sep 4 2024,8:12:08 PM EDT,30,0
Sep 4 2024,8:17:21 PM EDT,228,0
Sep 4 2024,8:25:05 PM EDT,25,0
Sep 4 2024,8:33:06 PM EDT,31,0
Sep 4 2024,8:37:23 PM EDT,118,1
Sep 4 2024,8:43:51 PM EDT,27,0
Sep 4 2024,8:44:06 PM EDT,92,1
Sep 4 2024,11:31:41 PM EDT,81,0
Sep 4 2024,11:36:09 PM EDT,146,0
Sep 5 2024,1:19:32 AM EDT,87,0
Sep 5 2024,1:20:25 AM EDT,25,0
Sep 5 2024,1:22:50 AM EDT,93,1
Sep 5 2024,1:24:22 AM EDT,132,0
Sep 5 2024,1:24:55 AM EDT,139,1
Sep 5 2024,1:31:22 AM EDT,31,0
Sep 5 2024,3:15:21 AM EDT,64,0
Sep 5 2024,3:52:51 AM EDT,28,0
Sep 5 2024,3:56:29 AM EDT,59,0
Sep 5 2024,4:01:17 AM EDT,144,1
Sep 5 2024,4:04:51 AM EDT,100,0
Sep 5 2024,4:10:32 AM EDT,76,0
Sep 5 2024,4:15:17 AM EDT,171,0
Sep 5 2024,4:27:23 AM EDT,52,0
Sep 5 2024,4:28:47 AM EDT,29,0
Sep 5 2024,4:32:18 AM EDT,140,1
Sep 5 2024,4:38:54 AM EDT,31,0
Sep 5 2024,4:40:02 AM EDT,140,1
Sep 5 2024,4:41:38 AM EDT,38,0
Sep 5 2024,4:42:46 AM EDT,64,0
Sep 5 2024,4:53:41 AM EDT,23,0
Sep 5 2024,5:04:08 AM EDT,140,1
Sep 5 2024,5:11:36 AM EDT,140,1
Sep 5 2024,8:13:19 AM EDT,46,0
Sep 5 2024,8:14:22 AM EDT,44,0
Sep 5 2024,8:14:54 AM EDT,37,0
Sep 5 2024,8:16:24 AM EDT,28,0
Sep 5 2024,8:22:36 AM EDT,30,0
Sep 5 2024,8:22:48 AM EDT,30,0
Sep 5 2024,8:23:51 AM EDT,75,0
Sep 5 2024,8:26:00 AM EDT,152,0
Sep 5 2024,8:33:07 AM EDT,139,1
Sep 5 2024,8:34:52 AM EDT,130,0
Sep 5 2024,8:35:16 AM EDT,140,1
Sep 5 2024,8:36:56 AM EDT,34,0
Sep 5 2024,8:38:21 AM EDT,49,0
Sep 5 2024,8:44:54 AM EDT,79,1
Sep 5 2024,8:46:54 AM EDT,140,1
Sep 5 2024,8:53:08 AM EDT,81,0
Sep 5 2024,12:26:57 PM EDT,42,0
Sep 5 2024,3:31:24 PM EDT,25,0
Sep 5 2024,3:36:10 PM EDT,44,0
Sep 5 2024,3:44:48 PM EDT,29,0
Sep 5 2024,3:51:21 PM EDT,33,0
Sep 5 2024,4:01:14 PM EDT,65,0
Sep 5 2024,4:01:29 PM EDT,140,1
Sep 5 2024,5:43:16 PM EDT,94,0
Sep 5 2024,7:00:27 PM EDT,91,0
Sep 5 2024,7:04:23 PM EDT,27,0
Sep 5 2024,7:06:09 PM EDT,96,0
Sep 5 2024,9:13:30 PM EDT,158,0
Sep 5 2024,10:08:52 PM EDT,35,0
Sep 5 2024,10:52:01 PM EDT,140,1
Sep 5 2024,11:19:03 PM EDT,139,1
Sep 6 2024,1:25:16 AM EDT,47,0
Sep 6 2024,1:26:23 AM EDT,34,0
Sep 6 2024,1:47:36 AM EDT,96,1
Sep 6 2024,2:09:34 AM EDT,28,0
Sep 6 2024,2:30:50 AM EDT,84,0
Sep 6 2024,2:38:41 AM EDT,25,0
Sep 6 2024,2:47:15 AM EDT,103,0
Sep 6 2024,2:52:30 AM EDT,145,0
Sep 6 2024,3:15:57 AM EDT,42,0
Sep 6 2024,3:21:47 AM EDT,28,0
Sep 6 2024,3:26:40 AM EDT,28,0
Sep 6 2024,3:29:03 AM EDT,42,0
Sep 6 2024,3:52:34 AM EDT,38,1
Sep 6 2024,3:57:49 AM EDT,61,0
Sep 6 2024,3:58:19 AM EDT,23,0
Sep 6 2024,3:59:38 AM EDT,55,0
Sep 6 2024,4:03:03 AM EDT,139,1
Sep 6 2024,4:32:17 AM EDT,110,0
Sep 6 2024,3:32:55 PM EDT,46,0
Sep 6 2024,3:38:05 PM EDT,35,0
Sep 6 2024,3:40:28 PM EDT,140,1
Sep 6 2024,3:44:06 PM EDT,25,0
Sep 6 2024,4:35:39 PM EDT,182,0
Sep 6 2024,4:37:50 PM EDT,116,1
Sep 6 2024,4:38:08 PM EDT,113,1
Sep 6 2024,4:42:03 PM EDT,140,1
Sep 6 2024,4:47:16 PM EDT,153,0
Sep 6 2024,4:49:03 PM EDT,84,0
Sep 6 2024,7:08:32 PM EDT,79,0
Sep 6 2024,7:44:28 PM EDT,80,0
Sep 6 2024,9:59:05 PM EDT,51,0
Sep 7 2024,12:27:59 AM EDT,27,0
Sep 7 2024,12:38:04 AM EDT,50,0
Sep 7 2024,1:03:11 AM EDT,114,1
Sep 7 2024,1:30:34 AM EDT,28,0
Sep 7 2024,1:31:17 AM EDT,94,1
Sep 7 2024,1:31:45 AM EDT,140,1
Sep 7 2024,3:26:00 AM EDT,59,0
Sep 7 2024,3:27:25 AM EDT,138,1
Sep 7 2024,3:28:53 AM EDT,33,0
Sep 7 2024,3:46:31 AM EDT,140,1
Sep 7 2024,3:49:50 AM EDT,140,1
Sep 7 2024,3:59:39 AM EDT,25,0
Sep 7 2024,4:14:29 AM EDT,62,1
Sep 7 2024,4:29:55 AM EDT,103,1
Sep 7 2024,4:31:22 AM EDT,36,0
Sep 7 2024,11:57:12 AM EDT,59,0
Sep 7 2024,11:59:18 AM EDT,120,1
Sep 7 2024,12:02:42 PM EDT,37,0
Sep 7 2024,6:23:40 PM EDT,255,0
Sep 7 2024,6:30:10 PM EDT,28,0
Sep 7 2024,6:43:38 PM EDT,255,0
Sep 7 2024,6:53:48 PM EDT,39,0
Sep 7 2024,7:19:17 PM EDT,23,0
Sep 8 2024,12:12:50 AM EDT,46,0
Sep 8 2024,12:24:52 AM EDT,56,0
Sep 8 2024,12:46:19 AM EDT,131,0
Sep 8 2024,8:28:23 AM EDT,140,1
Sep 8 2024,10:59:50 AM EDT,54,1
Sep 8 2024,11:04:56 AM EDT,30,0
Sep 8 2024,11:07:28 AM EDT,140,1
Sep 8 2024,11:16:06 AM EDT,161,0
Sep 8 2024,11:18:12 AM EDT,25,0
Sep 8 2024,11:39:16 AM EDT,255,0
Sep 8 2024,11:53:06 AM EDT,23,0
Sep 8 2024,11:53:35 AM EDT,23,0
Sep 8 2024,11:56:16 AM EDT,66,0
Sep 8 2024,1:54:49 PM EDT,136,1
Sep 8 2024,2:49:33 PM EDT,69,0
Sep 8 2024,2:51:28 PM EDT,140,1
Sep 8 2024,5:39:28 PM EDT,25,0
Sep 8 2024,6:02:27 PM EDT,69,1
Sep 8 2024,6:06:57 PM EDT,96,0
Sep 8 2024,9:26:57 PM EDT,76,0
Sep 8 2024,9:56:24 PM EDT,61,0
Sep 8 2024,10:01:35 PM EDT,25,0
Sep 8 2024,10:15:28 PM EDT,34,0
Sep 8 2024,10:23:27 PM EDT,53,1
Sep 8 2024,11:37:29 PM EDT,140,1
Sep 9 2024,10:31:33 AM EDT,255,0
Sep 9 2024,10:47:36 AM EDT,35,0
Sep 9 2024,10:48:07 AM EDT,25,0
Sep 9 2024,12:28:33 PM EDT,88,0
Sep 9 2024,1:01:58 PM EDT,31,0
Sep 9 2024,2:27:09 PM EDT,255,0
Sep 9 2024,2:38:37 PM EDT,39,0
Sep 9 2024,2:42:17 PM EDT,35,0
Sep 9 2024,2:50:53 PM EDT,145,0
Sep 9 2024,2:52:26 PM EDT,31,0
Sep 9 2024,2:52:49 PM EDT,34,0
Sep 9 2024,3:06:27 PM EDT,36,0
Sep 9 2024,3:07:04 PM EDT,140,1
Sep 9 2024,5:33:48 PM EDT,140,1
Sep 9 2024,9:16:46 PM EDT,73,0
Sep 9 2024,9:17:05 PM EDT,140,1
Sep 9 2024,9:21:22 PM EDT,60,0
Sep 9 2024,9:35:55 PM EDT,136,1
Sep 9 2024,9:40:29 PM EDT,28,0
Sep 9 2024,9:56:55 PM EDT,108,0
Sep 9 2024,9:58:28 PM EDT,53,0
Sep 9 2024,10:00:53 PM EDT,140,1
Sep 9 2024,10:01:52 PM EDT,69,1
Sep 9 2024,10:08:33 PM EDT,40,0
Sep 9 2024,10:11:14 PM EDT,140,1
Sep 9 2024,10:20:46 PM EDT,42,0
Sep 9 2024,10:22:07 PM EDT,35,0
Sep 9 2024,10:24:22 PM EDT,48,0
Sep 9 2024,10:27:24 PM EDT,69,1
Sep 9 2024,10:27:32 PM EDT,69,1
Sep 9 2024,10:33:25 PM EDT,139,1
Sep 9 2024,10:49:07 PM EDT,23,0
Sep 9 2024,10:50:39 PM EDT,46,0
Sep 9 2024,10:56:19 PM EDT,53,0
Sep 9 2024,11:07:46 PM EDT,140,1
Sep 9 2024,11:16:43 PM EDT,140,1
Sep 9 2024,11:22:30 PM EDT,45,0
Sep 9 2024,11:23:02 PM EDT,137,1
Sep 9 2024,11:30:38 PM EDT,140,1
Sep 9 2024,11:30:53 PM EDT,140,1
Sep 9 2024,11:38:08 PM EDT,255,0
Sep 9 2024,11:38:45 PM EDT,37,0
Sep 9 2024,11:47:02 PM EDT,33,0
Sep 9 2024,11:55:49 PM EDT,27,0
Sep 9 2024,11:59:05 PM EDT,28,0
Sep 10 2024,1:57:00 AM EDT,149,0
Sep 10 2024,4:13:29 AM EDT,62,0
Sep 10 2024,4:13:48 AM EDT,139,1
Sep 10 2024,4:14:32 AM EDT,139,1
Sep 10 2024,4:42:06 AM EDT,65,1
Sep 10 2024,4:50:51 AM EDT,115,1
Sep 10 2024,5:15:21 AM EDT,134,0
Sep 10 2024,5:16:03 AM EDT,140,1
Sep 10 2024,5:50:45 AM EDT,140,1
Sep 10 2024,6:04:07 AM EDT,140,1
Sep 10 2024,6:20:25 AM EDT,74,1
Sep 10 2024,7:07:57 AM EDT,73,1
Sep 10 2024,7:10:27 AM EDT,28,0
Sep 10 2024,7:18:38 AM EDT,196,0
Sep 10 2024,7:20:37 AM EDT,44,1
Sep 10 2024,8:37:19 AM EDT,82,0
Sep 10 2024,8:47:31 AM EDT,33,0
Sep 10 2024,8:51:13 AM EDT,140,1
Sep 10 2024,11:19:07 AM EDT,140,1
Sep 10 2024,11:33:37 AM EDT,140,1
Sep 10 2024,11:41:45 AM EDT,140,1
Sep 10 2024,11:42:25 AM EDT,38,0
Sep 10 2024,11:43:53 AM EDT,31,0
Sep 10 2024,11:44:36 AM EDT,34,0
Sep 10 2024,11:45:38 AM EDT,25,0
Sep 10 2024,11:45:52 AM EDT,139,1
Sep 10 2024,11:47:14 AM EDT,27,0
Sep 10 2024,11:47:52 AM EDT,85,1
Sep 10 2024,11:51:11 AM EDT,56,0
Sep 10 2024,12:04:53 PM EDT,202,0
Sep 10 2024,12:07:07 PM EDT,140,1
Sep 10 2024,12:07:20 PM EDT,140,1
Sep 10 2024,12:10:05 PM EDT,140,1
Sep 10 2024,12:10:30 PM EDT,140,1
Sep 10 2024,12:10:47 PM EDT,140,1
Sep 10 2024,12:14:15 PM EDT,140,1
Sep 10 2024,12:14:41 PM EDT,139,1
Sep 10 2024,12:27:50 PM EDT,64,1
Sep 10 2024,1:19:29 PM EDT,39,1
Sep 10 2024,1:25:16 PM EDT,47,0
Sep 10 2024,1:26:04 PM EDT,76,0
Sep 10 2024,1:28:01 PM EDT,97,0
Sep 10 2024,1:32:21 PM EDT,62,1
Sep 10 2024,1:40:09 PM EDT,34,0
Sep 10 2024,3:09:18 PM EDT,125,0
Sep 10 2024,3:17:05 PM EDT,25,0
Sep 10 2024,3:24:15 PM EDT,251,0
Sep 10 2024,4:39:58 PM EDT,47,0
Sep 10 2024,7:48:56 PM EDT,82,0
Sep 10 2024,10:03:25 PM EDT,27,0
Sep 10 2024,10:11:55 PM EDT,32,0
Sep 10 2024,10:12:28 PM EDT,140,1
Sep 10 2024,10:32:55 PM EDT,134,1
Sep 10 2024,10:34:44 PM EDT,109,0
Sep 10 2024,11:41:01 PM EDT,48,1
Sep 11 2024,12:46:30 AM EDT,80,0
Sep 11 2024,1:04:11 AM EDT,140,1
Sep 11 2024,1:08:20 AM EDT,140,1
Sep 11 2024,1:08:42 AM EDT,121,1
Sep 11 2024,1:10:45 AM EDT,140,1
Sep 11 2024,1:44:49 AM EDT,255,0
Sep 11 2024,1:51:06 AM EDT,158,0
Sep 11 2024,2:21:26 AM EDT,46,0
Sep 11 2024,2:33:41 AM EDT,255,0
Sep 11 2024,10:14:58 AM EDT,31,0
Sep 11 2024,10:15:47 AM EDT,140,1
Sep 11 2024,10:21:42 AM EDT,240,0
Sep 11 2024,10:25:50 AM EDT,140,1
Sep 11 2024,10:30:22 AM EDT,46,0
Sep 11 2024,10:39:13 AM EDT,140,1
Sep 11 2024,10:42:41 AM EDT,129,0
Sep 11 2024,10:45:35 AM EDT,106,0
Sep 11 2024,10:46:28 AM EDT,43,0
Sep 11 2024,10:49:36 AM EDT,139,1
Sep 11 2024,11:55:41 AM EDT,171,0
Sep 11 2024,12:03:35 PM EDT,33,0
Sep 11 2024,1:43:38 PM EDT,28,0
Sep 11 2024,3:31:13 PM EDT,144,1
Sep 11 2024,3:36:16 PM EDT,140,1
Sep 11 2024,7:54:22 PM EDT,92,1
Sep 11 2024,7:59:09 PM EDT,66,0
Sep 11 2024,11:27:14 PM EDT,36,0
Sep 11 2024,11:58:50 PM EDT,178,0
Sep 12 2024,12:00:37 AM EDT,140,1
Sep 12 2024,1:24:26 AM EDT,116,0
Sep 12 2024,1:25:27 AM EDT,35,0
Sep 12 2024,1:32:17 AM EDT,68,0
Sep 12 2024,1:33:05 AM EDT,34,0
Sep 12 2024,1:35:33 AM EDT,110,0
Sep 12 2024,1:36:47 AM EDT,97,0
Sep 12 2024,1:38:56 AM EDT,37,0
Sep 12 2024,1:40:04 AM EDT,60,0
Sep 12 2024,4:42:17 AM EDT,254,0
Sep 12 2024,4:54:41 AM EDT,65,0
Sep 12 2024,4:59:59 AM EDT,31,0
Sep 12 2024,5:04:22 AM EDT,35,0
Sep 12 2024,5:09:44 AM EDT,175,0
Sep 12 2024,5:11:12 AM EDT,101,0
Sep 12 2024,5:40:58 AM EDT,23,0
Sep 12 2024,5:58:51 AM EDT,82,0
Sep 12 2024,6:07:13 AM EDT,143,0
Sep 12 2024,6:08:24 AM EDT,43,0
Sep 12 2024,6:16:07 AM EDT,228,0
Sep 12 2024,6:16:25 AM EDT,78,1
Sep 12 2024,6:17:49 AM EDT,45,0
Sep 12 2024,6:24:17 AM EDT,23,0
Sep 12 2024,6:30:00 AM EDT,27,0
Sep 12 2024,6:31:52 AM EDT,25,0
Sep 12 2024,6:40:46 AM EDT,34,0
Sep 12 2024,6:43:46 AM EDT,35,0
Sep 12 2024,6:48:33 AM EDT,93,0
Sep 12 2024,6:56:26 AM EDT,58,0
Sep 12 2024,6:57:14 AM EDT,125,1
Sep 12 2024,8:44:27 AM EDT,140,1
Sep 12 2024,8:50:35 AM EDT,107,0
Sep 12 2024,8:56:33 AM EDT,140,1
Sep 12 2024,9:01:39 AM EDT,32,0
Sep 12 2024,9:03:01 AM EDT,140,1
Sep 12 2024,9:04:46 AM EDT,140,1
Sep 12 2024,9:12:08 AM EDT,32,0
Sep 12 2024,9:22:00 AM EDT,138,1
Sep 12 2024,1:53:31 PM EDT,105,0
Sep 12 2024,1:56:24 PM EDT,60,0
Sep 12 2024,5:41:14 PM EDT,47,0
Sep 12 2024,6:11:54 PM EDT,102,0
Sep 12 2024,7:26:41 PM EDT,69,0
Sep 13 2024,2:01:35 AM EDT,25,0
Sep 13 2024,2:38:23 AM EDT,25,0
Sep 13 2024,1:01:12 PM EDT,59,0
Sep 13 2024,1:01:24 PM EDT,140,1
Sep 13 2024,1:08:08 PM EDT,255,0
Sep 13 2024,1:09:47 PM EDT,47,0
Sep 13 2024,1:53:34 PM EDT,28,0
Sep 13 2024,2:54:13 PM EDT,51,0
Sep 13 2024,2:54:42 PM EDT,34,0
Sep 13 2024,3:12:44 PM EDT,39,0
Sep 13 2024,3:15:42 PM EDT,148,0
Sep 13 2024,3:16:20 PM EDT,23,0
Sep 13 2024,3:17:50 PM EDT,28,0
Sep 13 2024,5:25:40 PM EDT,41,0
Sep 13 2024,5:25:56 PM EDT,140,1
Sep 13 2024,6:08:04 PM EDT,49,0
Sep 13 2024,6:47:38 PM EDT,23,0
Sep 13 2024,6:52:56 PM EDT,140,1
Sep 13 2024,7:14:20 PM EDT,94,1
Sep 13 2024,9:17:45 PM EDT,140,1
Sep 13 2024,9:26:53 PM EDT,140,1
Sep 13 2024,9:30:21 PM EDT,46,0
Sep 13 2024,9:56:03 PM EDT,140,1
Sep 13 2024,9:58:38 PM EDT,57,0
Sep 14 2024,5:57:22 AM EDT,124,1
Sep 14 2024,6:04:43 AM EDT,38,1
Sep 14 2024,6:15:05 AM EDT,55,0
Sep 14 2024,6:19:49 AM EDT,61,0
Sep 14 2024,6:21:38 AM EDT,28,0
Sep 14 2024,6:22:05 AM EDT,31,0
Sep 14 2024,6:23:25 AM EDT,57,0
Sep 14 2024,6:28:01 AM EDT,100,0
Sep 14 2024,6:36:43 AM EDT,140,1
Sep 14 2024,6:40:58 AM EDT,25,0
Sep 14 2024,6:42:42 AM EDT,139,1
Sep 14 2024,6:46:19 AM EDT,139,1
Sep 14 2024,8:22:19 AM EDT,25,0
Sep 14 2024,8:32:20 AM EDT,60,0
Sep 14 2024,8:37:12 AM EDT,27,0
Sep 14 2024,3:44:21 PM EDT,223,0
Sep 14 2024,3:54:09 PM EDT,147,0
Sep 14 2024,3:55:22 PM EDT,25,0
Sep 14 2024,3:57:13 PM EDT,58,0
Sep 14 2024,3:58:51 PM EDT,49,1
Sep 14 2024,4:00:29 PM EDT,50,0
Sep 14 2024,4:39:00 PM EDT,75,0
Sep 14 2024,4:47:48 PM EDT,136,1
Sep 14 2024,5:02:24 PM EDT,31,0
Sep 14 2024,5:06:01 PM EDT,27,0
Sep 14 2024,5:11:10 PM EDT,74,0
Sep 14 2024,5:11:57 PM EDT,30,0
Sep 14 2024,5:12:20 PM EDT,27,0
Sep 14 2024,5:13:28 PM EDT,139,0
Sep 14 2024,5:37:56 PM EDT,125,1
Sep 14 2024,5:38:14 PM EDT,140,1
Sep 14 2024,6:09:02 PM EDT,27,0
Sep 14 2024,6:12:36 PM EDT,140,1
Sep 14 2024,6:15:27 PM EDT,36,0
Sep 14 2024,6:29:18 PM EDT,59,0
Sep 14 2024,6:32:10 PM EDT,29,0
Sep 14 2024,6:32:56 PM EDT,27,0
Sep 14 2024,9:10:40 PM EDT,56,0
Sep 15 2024,12:33:21 AM EDT,28,0
Sep 15 2024,12:39:02 AM EDT,66,0
Sep 15 2024,12:40:07 AM EDT,40,0
Sep 15 2024,1:05:42 AM EDT,35,0
Sep 15 2024,1:20:39 AM EDT,28,0
Sep 15 2024,1:22:18 AM EDT,114,0
Sep 15 2024,1:25:55 AM EDT,51,0
Sep 15 2024,1:43:10 AM EDT,42,0
Sep 15 2024,1:51:24 AM EDT,59,0
Sep 15 2024,5:34:44 AM EDT,46,0
Sep 15 2024,10:54:57 AM EDT,86,0
Sep 15 2024,8:41:05 PM EDT,79,0
Sep 15 2024,9:38:22 PM EDT,48,0
Sep 15 2024,9:39:31 PM EDT,27,0
Sep 15 2024,9:40:07 PM EDT,28,0
Sep 16 2024,2:58:07 AM EDT,156,0
Sep 16 2024,3:00:37 AM EDT,103,0
Sep 16 2024,3:14:14 AM EDT,140,1
Sep 16 2024,3:16:21 AM EDT,139,1
Sep 16 2024,3:42:13 AM EDT,27,0
Sep 16 2024,3:45:48 AM EDT,31,0
Sep 16 2024,3:59:18 AM EDT,41,0
Sep 16 2024,3:59:36 AM EDT,98,1
Sep 16 2024,4:03:29 AM EDT,28,0
Sep 16 2024,4:30:44 AM EDT,43,0
Sep 16 2024,4:31:28 AM EDT,25,0
Sep 16 2024,4:35:20 AM EDT,102,0
Sep 16 2024,4:42:23 AM EDT,93,0
Sep 16 2024,5:01:02 AM EDT,97,0
Sep 16 2024,10:28:18 AM EDT,140,1
Sep 16 2024,11:02:04 AM EDT,96,0
Sep 16 2024,11:03:21 AM EDT,140,1
Sep 16 2024,11:07:32 AM EDT,135,0
Sep 16 2024,8:42:08 PM EDT,64,0
Sep 16 2024,8:50:54 PM EDT,61,0
Sep 16 2024,10:06:18 PM EDT,140,1
Sep 16 2024,10:23:41 PM EDT,54,0
Sep 16 2024,11:04:45 PM EDT,33,0
Sep 17 2024,12:57:13 AM EDT,35,0
Sep 17 2024,1:04:07 AM EDT,119,1
Sep 17 2024,6:34:57 AM EDT,134,1
Sep 17 2024,6:46:12 AM EDT,138,1
Sep 17 2024,6:46:59 AM EDT,33,0
Sep 17 2024,7:00:38 AM EDT,255,0
Sep 17 2024,7:08:56 AM EDT,44,0
Sep 17 2024,7:31:24 AM EDT,138,1
Sep 17 2024,10:16:34 AM EDT,53,0
Sep 17 2024,10:57:46 AM EDT,99,0
Sep 17 2024,12:53:28 PM EDT,114,0
Sep 17 2024,1:33:38 PM EDT,41,0
Sep 17 2024,1:38:08 PM EDT,36,0
Sep 17 2024,1:45:52 PM EDT,67,0
Sep 17 2024,1:46:36 PM EDT,44,0
Sep 17 2024,1:48:44 PM EDT,132,0
Sep 17 2024,2:08:58 PM EDT,47,0
Sep 17 2024,2:10:07 PM EDT,140,1
Sep 17 2024,2:12:36 PM EDT,65,0
Sep 17 2024,2:26:35 PM EDT,49,0
Sep 17 2024,2:32:37 PM EDT,254,0
Sep 17 2024,2:33:12 PM EDT,31,0
Sep 17 2024,2:34:24 PM EDT,77,0
Sep 17 2024,2:36:13 PM EDT,139,1
Sep 17 2024,2:36:56 PM EDT,44,0
Sep 17 2024,2:38:19 PM EDT,79,0
Sep 17 2024,2:39:24 PM EDT,54,0
Sep 17 2024,2:41:50 PM EDT,30,0
Sep 17 2024,2:43:22 PM EDT,27,0
Sep 17 2024,2:52:21 PM EDT,174,0
Sep 17 2024,2:54:29 PM EDT,54,0
Sep 17 2024,3:01:22 PM EDT,222,0
Sep 17 2024,3:10:24 PM EDT,255,0
Sep 17 2024,3:49:47 PM EDT,82,0
Sep 17 2024,3:57:06 PM EDT,27,0
Sep 17 2024,4:10:56 PM EDT,108,0
Sep 17 2024,5:16:27 PM EDT,26,0
Sep 17 2024,7:11:34 PM EDT,52,0
Sep 17 2024,7:13:27 PM EDT,140,1
Sep 17 2024,8:15:30 PM EDT,255,0
Sep 17 2024,11:46:28 PM EDT,154,0
Sep 17 2024,11:54:05 PM EDT,97,1
Sep 17 2024,11:56:53 PM EDT,87,0
Sep 18 2024,12:03:27 AM EDT,44,1
Sep 18 2024,12:31:50 AM EDT,62,0
Sep 18 2024,12:34:09 AM EDT,61,0
Sep 18 2024,12:34:54 AM EDT,51,0
Sep 18 2024,12:40:28 AM EDT,27,0
Sep 18 2024,12:40:44 AM EDT,31,0
Sep 18 2024,12:41:47 AM EDT,78,0
Sep 18 2024,12:43:20 AM EDT,46,0
Sep 18 2024,12:47:06 AM EDT,177,0
Sep 18 2024,12:53:46 AM EDT,95,0
Sep 18 2024,12:58:32 AM EDT,94,0
Sep 18 2024,1:02:40 AM EDT,69,0
Sep 18 2024,1:06:39 AM EDT,190,0
Sep 18 2024,1:08:08 AM EDT,85,0
Sep 18 2024,1:20:27 AM EDT,47,0
Sep 18 2024,1:21:57 AM EDT,28,0
Sep 18 2024,1:22:28 AM EDT,28,0
Sep 18 2024,1:31:51 AM EDT,147,0
Sep 18 2024,1:37:02 AM EDT,28,0
Sep 18 2024,1:48:02 AM EDT,98,0
Sep 18 2024,1:59:23 AM EDT,26,0
Sep 18 2024,2:11:49 AM EDT,54,0
Sep 18 2024,2:13:49 AM EDT,33,0
Sep 18 2024,2:20:19 AM EDT,68,0
Sep 18 2024,2:27:50 AM EDT,89,0
Sep 18 2024,3:25:10 AM EDT,115,1
Sep 18 2024,4:07:04 AM EDT,91,1
Sep 18 2024,4:12:25 AM EDT,31,0
Sep 18 2024,4:15:25 AM EDT,37,0
Sep 18 2024,4:19:54 AM EDT,23,0
Sep 18 2024,4:42:17 AM EDT,43,0
Sep 18 2024,4:42:50 AM EDT,25,0
Sep 18 2024,4:59:08 AM EDT,30,0
Sep 18 2024,5:16:33 AM EDT,178,0
Sep 18 2024,5:16:58 AM EDT,140,1
Sep 18 2024,11:14:04 AM EDT,27,0
Sep 18 2024,11:15:33 AM EDT,27,0
Sep 18 2024,11:41:58 AM EDT,101,0
Sep 18 2024,11:54:54 AM EDT,48,0
Sep 18 2024,12:11:32 PM EDT,209,0
Sep 18 2024,12:11:43 PM EDT,138,1
Sep 18 2024,1:16:28 PM EDT,48,0
Sep 18 2024,1:20:10 PM EDT,47,1
Sep 18 2024,1:20:27 PM EDT,31,0
Sep 18 2024,5:05:41 PM EDT,25,0
Sep 18 2024,5:25:58 PM EDT,35,0
Sep 18 2024,5:31:38 PM EDT,140,1
Sep 18 2024,5:37:21 PM EDT,42,0
Sep 18 2024,7:23:48 PM EDT,56,0
Sep 18 2024,7:28:04 PM EDT,36,1
Sep 18 2024,9:51:57 PM EDT,35,0
Sep 18 2024,10:38:52 PM EDT,255,0
Sep 19 2024,1:24:34 AM EDT,139,1
Sep 19 2024,1:26:48 AM EDT,34,0
Sep 19 2024,1:29:35 AM EDT,139,1
Sep 19 2024,1:31:15 AM EDT,133,0
Sep 19 2024,1:33:27 AM EDT,25,0
Sep 19 2024,5:54:14 AM EDT,139,1
Sep 19 2024,6:19:20 AM EDT,40,0
Sep 19 2024,6:28:16 AM EDT,27,0
Sep 19 2024,6:29:19 AM EDT,82,0
Sep 19 2024,6:31:22 AM EDT,59,0
Sep 19 2024,6:33:21 AM EDT,55,0
Sep 19 2024,6:35:35 AM EDT,51,1
Sep 19 2024,6:37:24 AM EDT,27,0
Sep 19 2024,6:38:15 AM EDT,31,0
Sep 19 2024,6:40:34 AM EDT,33,0
Sep 19 2024,12:28:00 PM EDT,31,0
Sep 19 2024,12:30:09 PM EDT,27,0
Sep 19 2024,12:34:29 PM EDT,34,0
Sep 19 2024,1:19:08 PM EDT,87,0
Sep 19 2024,1:19:57 PM EDT,25,0
Sep 19 2024,2:08:14 PM EDT,28,0
Sep 19 2024,5:30:34 PM EDT,31,0
Sep 19 2024,5:34:27 PM EDT,42,0
Sep 19 2024,5:35:51 PM EDT,28,0
Sep 19 2024,6:10:24 PM EDT,27,0
Sep 19 2024,6:11:49 PM EDT,140,1
Sep 19 2024,6:13:14 PM EDT,23,0
Sep 19 2024,6:13:50 PM EDT,33,0
Sep 19 2024,6:14:20 PM EDT,54,0
Sep 19 2024,7:34:15 PM EDT,227,0
Sep 19 2024,7:39:25 PM EDT,169,0
Sep 19 2024,7:40:02 PM EDT,25,0
Sep 19 2024,8:03:15 PM EDT,31,0
Sep 19 2024,8:04:34 PM EDT,28,0
Sep 19 2024,8:06:00 PM EDT,36,0
Sep 19 2024,8:07:44 PM EDT,97,0
Sep 19 2024,8:20:55 PM EDT,255,0
Sep 20 2024,5:20:10 AM EDT,40,0
Sep 20 2024,5:23:58 AM EDT,36,0
Sep 20 2024,5:25:10 AM EDT,41,0
Sep 20 2024,5:52:12 AM EDT,255,0
Sep 20 2024,6:00:42 AM EDT,140,1
Sep 20 2024,6:04:51 AM EDT,162,0
Sep 20 2024,6:38:40 AM EDT,94,0
Sep 20 2024,6:47:36 AM EDT,140,1
Sep 20 2024,6:55:38 AM EDT,27,0
Sep 20 2024,6:56:28 AM EDT,64,0
Sep 20 2024,6:58:17 AM EDT,139,1
Sep 20 2024,6:59:51 AM EDT,25,0
Sep 20 2024,7:00:35 AM EDT,135,1
Sep 20 2024,7:02:10 AM EDT,140,1
Sep 20 2024,7:02:59 AM EDT,34,0
Sep 20 2024,10:07:29 PM EDT,252,0
Sep 20 2024,10:11:14 PM EDT,162,0
Sep 20 2024,10:46:45 PM EDT,55,0
Sep 21 2024,12:43:03 AM EDT,54,1
Sep 21 2024,3:00:49 AM EDT,115,1
Sep 21 2024,3:50:22 AM EDT,27,0
Sep 21 2024,3:53:20 AM EDT,140,1
Sep 21 2024,4:26:35 AM EDT,99,0
Sep 21 2024,4:35:17 AM EDT,95,0
Sep 21 2024,5:07:46 AM EDT,140,1
Sep 21 2024,5:08:10 AM EDT,33,0
Sep 21 2024,5:11:57 AM EDT,56,0
Sep 21 2024,5:12:27 AM EDT,59,1
Sep 21 2024,5:15:39 AM EDT,33,0
Sep 21 2024,5:17:16 AM EDT,30,0
Sep 21 2024,5:22:11 AM EDT,25,0
Sep 21 2024,5:24:46 AM EDT,84,0
Sep 21 2024,5:25:08 AM EDT,25,0
Sep 21 2024,5:32:55 AM EDT,98,0
Sep 21 2024,5:33:59 AM EDT,86,0
Sep 21 2024,5:35:21 AM EDT,26,0
Sep 21 2024,5:55:20 AM EDT,140,1
Sep 21 2024,10:14:19 AM EDT,64,0
Sep 21 2024,10:26:27 AM EDT,44,1
Sep 21 2024,10:35:49 AM EDT,116,1
Sep 21 2024,10:45:29 AM EDT,150,0
Sep 21 2024,11:02:21 AM EDT,31,0
Sep 21 2024,11:06:42 AM EDT,100,0
Sep 21 2024,11:09:37 AM EDT,101,0
Sep 21 2024,11:18:17 AM EDT,101,1
Sep 21 2024,11:20:56 AM EDT,47,1
Sep 21 2024,11:21:40 AM EDT,140,1
Sep 21 2024,1:12:33 PM EDT,30,0
Sep 21 2024,1:22:00 PM EDT,158,0
Sep 21 2024,1:22:38 PM EDT,52,0
Sep 21 2024,1:22:58 PM EDT,29,0
Sep 21 2024,1:29:30 PM EDT,66,0
Sep 21 2024,3:34:39 PM EDT,35,0
Sep 21 2024,4:40:18 PM EDT,101,0
Sep 21 2024,4:46:24 PM EDT,118,1
Sep 21 2024,4:47:13 PM EDT,134,1
Sep 21 2024,4:58:28 PM EDT,123,0
Sep 21 2024,5:25:40 PM EDT,83,0
Sep 21 2024,5:27:34 PM EDT,34,0
Sep 21 2024,5:32:43 PM EDT,186,0
Sep 21 2024,5:38:21 PM EDT,26,0
Sep 21 2024,5:40:48 PM EDT,70,0
Sep 21 2024,6:47:42 PM EDT,54,0
Sep 21 2024,6:49:08 PM EDT,35,0
Sep 21 2024,6:54:44 PM EDT,35,0
Sep 21 2024,7:13:20 PM EDT,73,0
Sep 21 2024,7:53:21 PM EDT,45,0
Sep 21 2024,10:59:22 PM EDT,38,0
Sep 21 2024,11:10:12 PM EDT,47,0
Sep 21 2024,11:42:00 PM EDT,77,0
Sep 21 2024,11:44:08 PM EDT,26,0
Sep 21 2024,11:48:14 PM EDT,53,0
Sep 21 2024,11:50:24 PM EDT,119,0
Sep 22 2024,12:07:43 AM EDT,33,0
Sep 22 2024,12:23:46 AM EDT,93,1
Sep 22 2024,12:42:33 AM EDT,255,0
Sep 22 2024,12:46:28 AM EDT,111,0
Sep 22 2024,12:47:27 AM EDT,28,0
Sep 22 2024,12:47:51 AM EDT,25,0
Sep 22 2024,2:28:26 AM EDT,133,1
Sep 22 2024,2:30:06 AM EDT,140,1
Sep 22 2024,2:30:58 AM EDT,140,1
Sep 22 2024,12:14:45 PM EDT,140,1
Sep 22 2024,1:01:19 PM EDT,168,0
Sep 22 2024,1:10:34 PM EDT,255,0
Sep 22 2024,1:35:56 PM EDT,255,0
Sep 22 2024,1:45:10 PM EDT,31,0
Sep 22 2024,1:46:19 PM EDT,27,0
Sep 22 2024,1:52:22 PM EDT,53,0
Sep 22 2024,1:53:19 PM EDT,72,0
Sep 22 2024,1:53:31 PM EDT,140,1
Sep 22 2024,1:56:45 PM EDT,255,0
Sep 22 2024,2:01:17 PM EDT,62,0
Sep 22 2024,2:02:12 PM EDT,25,0
Sep 22 2024,2:03:12 PM EDT,130,0
Sep 22 2024,2:05:27 PM EDT,230,0
Sep 22 2024,2:12:19 PM EDT,40,0
Sep 22 2024,5:41:07 PM EDT,140,1
Sep 22 2024,5:44:48 PM EDT,25,0
Sep 22 2024,5:48:27 PM EDT,28,0
Sep 22 2024,5:55:00 PM EDT,23,0
Sep 22 2024,5:57:18 PM EDT,116,0
Sep 22 2024,5:58:49 PM EDT,31,0
Sep 22 2024,6:25:23 PM EDT,27,0
Sep 22 2024,6:29:08 PM EDT,35,0
Sep 22 2024,7:23:01 PM EDT,93,1
Sep 22 2024,7:40:50 PM EDT,28,0
Sep 22 2024,7:41:27 PM EDT,33,0
Sep 22 2024,7:43:04 PM EDT,25,0
Sep 22 2024,8:24:56 PM EDT,138,1
Sep 22 2024,8:25:47 PM EDT,123,1
Sep 22 2024,8:25:51 PM EDT,134,1
Sep 22 2024,9:03:27 PM EDT,87,0
Sep 22 2024,9:20:00 PM EDT,96,0
Sep 22 2024,9:27:50 PM EDT,61,0
Sep 22 2024,9:28:30 PM EDT,65,0
Sep 22 2024,9:43:53 PM EDT,23,0
Sep 22 2024,9:47:36 PM EDT,27,0
Sep 22 2024,9:48:18 PM EDT,25,0
Sep 22 2024,9:59:53 PM EDT,54,0
Sep 22 2024,10:08:48 PM EDT,30,0
Sep 22 2024,10:10:52 PM EDT,11,0
Sep 22 2024,10:17:59 PM EDT,140,1
Sep 22 2024,10:47:19 PM EDT,140,1
Sep 23 2024,1:35:32 AM EDT,85,0
Sep 23 2024,1:48:35 AM EDT,27,0
Sep 23 2024,2:34:32 AM EDT,139,1
Sep 23 2024,3:24:05 AM EDT,54,0
Sep 23 2024,3:26:56 AM EDT,68,0
Sep 23 2024,3:29:11 AM EDT,140,1
Sep 23 2024,9:55:32 AM EDT,28,0
Sep 23 2024,10:27:53 AM EDT,82,1
Sep 23 2024,11:27:14 AM EDT,255,0
Sep 23 2024,11:29:46 AM EDT,156,0
Sep 23 2024,11:37:57 AM EDT,65,0
Sep 23 2024,1:26:34 PM EDT,35,0
Sep 23 2024,2:31:36 PM EDT,33,0
Sep 23 2024,2:45:46 PM EDT,101,0
Sep 23 2024,2:59:37 PM EDT,68,0
Sep 23 2024,3:45:14 PM EDT,142,0
Sep 23 2024,4:19:35 PM EDT,27,0
Sep 23 2024,5:53:01 PM EDT,243,0
Sep 23 2024,6:02:18 PM EDT,41,0
Sep 23 2024,6:03:38 PM EDT,37,0
Sep 23 2024,6:05:57 PM EDT,96,0
Sep 23 2024,6:08:12 PM EDT,50,0
Sep 23 2024,6:10:27 PM EDT,23,0
Sep 23 2024,6:12:22 PM EDT,139,1
Sep 23 2024,6:15:20 PM EDT,35,0
Sep 23 2024,6:17:24 PM EDT,29,0
Sep 23 2024,6:26:07 PM EDT,47,0
Sep 23 2024,7:00:51 PM EDT,49,0
Sep 24 2024,1:40:55 AM EDT,129,1
Sep 24 2024,1:53:23 AM EDT,140,1
Sep 24 2024,2:09:52 AM EDT,28,0
Sep 24 2024,2:10:18 AM EDT,139,1
Sep 24 2024,6:35:46 AM EDT,29,0
Sep 24 2024,6:40:43 AM EDT,139,1
Sep 24 2024,6:58:58 AM EDT,23,0
Sep 24 2024,8:35:00 AM EDT,58,0
Sep 24 2024,8:35:45 AM EDT,139,1
Sep 24 2024,8:45:29 AM EDT,58,0
Sep 24 2024,8:46:52 AM EDT,28,0
Sep 24 2024,8:49:30 AM EDT,44,0
Sep 24 2024,9:03:22 AM EDT,140,1
Sep 24 2024,12:25:11 PM EDT,117,0
Sep 24 2024,12:41:00 PM EDT,29,0
Sep 24 2024,12:42:50 PM EDT,139,1
Sep 24 2024,1:13:44 PM EDT,105,1
Sep 24 2024,1:23:49 PM EDT,64,0
Sep 24 2024,1:26:13 PM EDT,68,0
Sep 24 2024,2:15:52 PM EDT,44,0
Sep 24 2024,3:28:16 PM EDT,133,0
Sep 24 2024,3:30:24 PM EDT,71,0
Sep 24 2024,5:19:10 PM EDT,138,1
Sep 24 2024,6:28:49 PM EDT,54,0
Sep 24 2024,6:31:32 PM EDT,113,0
Sep 24 2024,7:52:17 PM EDT,139,1
Sep 25 2024,12:43:22 AM EDT,28,0
Sep 25 2024,12:45:04 AM EDT,41,0
Sep 25 2024,12:47:31 AM EDT,25,0
Sep 25 2024,12:48:42 AM EDT,31,0
Sep 25 2024,12:49:56 AM EDT,140,1
Sep 25 2024,1:01:20 AM EDT,28,0
Sep 25 2024,1:14:06 AM EDT,78,0
Sep 25 2024,1:37:33 AM EDT,38,1
Sep 25 2024,1:40:22 AM EDT,28,0
Sep 25 2024,1:42:12 AM EDT,37,1
Sep 25 2024,1:43:19 AM EDT,140,1
Sep 25 2024,1:46:33 AM EDT,140,1
Sep 25 2024,12:25:24 PM EDT,42,0
Sep 25 2024,3:52:26 PM EDT,139,1
Sep 25 2024,3:55:17 PM EDT,31,0
Sep 25 2024,3:55:59 PM EDT,39,0
Sep 25 2024,4:29:39 PM EDT,140,1
Sep 25 2024,4:43:05 PM EDT,140,1
Sep 25 2024,4:43:34 PM EDT,35,0
Sep 25 2024,9:54:14 PM EDT,44,0
Sep 25 2024,10:06:24 PM EDT,62,0
Sep 25 2024,10:37:45 PM EDT,39,0
Sep 25 2024,11:35:28 PM EDT,102,0
Sep 26 2024,2:15:02 AM EDT,95,0
Sep 26 2024,2:18:34 AM EDT,27,0
Sep 26 2024,2:21:18 AM EDT,39,0
Sep 26 2024,2:23:17 AM EDT,49,0
Sep 26 2024,2:23:58 AM EDT,40,0
Sep 26 2024,2:41:17 AM EDT,255,0
Sep 26 2024,2:41:46 AM EDT,34,0
Sep 26 2024,2:48:37 AM EDT,140,1
Sep 26 2024,2:50:13 AM EDT,111,1
Sep 26 2024,2:54:12 AM EDT,112,0
Sep 26 2024,2:57:06 AM EDT,140,1
Sep 26 2024,3:01:19 AM EDT,51,0
Sep 26 2024,3:04:01 AM EDT,27,0
Sep 26 2024,3:04:24 AM EDT,25,0
Sep 26 2024,3:27:05 AM EDT,37,0
Sep 26 2024,3:37:46 AM EDT,27,0
Sep 26 2024,5:11:13 PM EDT,58,0
Sep 26 2024,6:14:26 PM EDT,31,0
Sep 26 2024,6:51:07 PM EDT,62,0
Sep 26 2024,7:00:07 PM EDT,255,0
Sep 26 2024,7:06:38 PM EDT,255,0
Sep 26 2024,7:19:00 PM EDT,50,0
Sep 26 2024,7:32:43 PM EDT,65,0
Sep 26 2024,7:33:29 PM EDT,25,0
Sep 26 2024,9:45:23 PM EDT,53,0
Sep 27 2024,12:54:57 AM EDT,43,0
Sep 27 2024,1:22:27 AM EDT,107,1
Sep 27 2024,1:31:43 AM EDT,35,0
Sep 27 2024,1:43:09 AM EDT,41,1
Sep 27 2024,1:43:52 AM EDT,29,0
Sep 27 2024,1:47:34 AM EDT,25,0
Sep 27 2024,3:04:33 AM EDT,101,1
Sep 27 2024,10:39:10 AM EDT,90,0
Sep 27 2024,10:42:21 AM EDT,33,0
Sep 27 2024,10:44:00 AM EDT,27,0
Sep 27 2024,10:48:30 AM EDT,44,0
Sep 27 2024,10:50:15 AM EDT,140,1
Sep 27 2024,1:34:15 PM EDT,140,0
Sep 27 2024,2:24:49 PM EDT,119,0
Sep 27 2024,3:21:38 PM EDT,39,0
Sep 27 2024,3:22:11 PM EDT,140,1
Sep 27 2024,3:45:36 PM EDT,40,0
Sep 27 2024,4:04:07 PM EDT,28,0
Sep 27 2024,4:05:32 PM EDT,45,0
Sep 27 2024,7:40:32 PM EDT,255,0
Sep 27 2024,7:41:58 PM EDT,61,0
Sep 27 2024,7:42:58 PM EDT,99,0
Sep 27 2024,7:43:28 PM EDT,28,0
Sep 27 2024,7:46:41 PM EDT,114,0
Sep 27 2024,7:51:14 PM EDT,159,0
Sep 27 2024,7:54:07 PM EDT,160,0
Sep 27 2024,9:00:59 PM EDT,107,0
Sep 27 2024,9:01:40 PM EDT,75,0
Sep 27 2024,9:41:07 PM EDT,35,0
Sep 28 2024,1:43:53 AM EDT,255,0
Sep 28 2024,1:44:16 AM EDT,32,0
Sep 28 2024,1:51:18 AM EDT,54,0
Sep 28 2024,1:54:36 AM EDT,57,0
Sep 28 2024,1:58:00 AM EDT,113,0
Sep 28 2024,1:58:52 AM EDT,33,0
Sep 28 2024,2:18:40 AM EDT,100,1
Sep 28 2024,2:22:48 AM EDT,79,0
Sep 28 2024,3:03:51 AM EDT,65,0
Sep 28 2024,3:21:57 AM EDT,30,0
Sep 28 2024,3:24:46 AM EDT,140,1
Sep 28 2024,3:30:52 AM EDT,23,0
Sep 28 2024,3:32:04 AM EDT,28,0
Sep 28 2024,3:32:55 AM EDT,43,0
Sep 28 2024,3:35:55 AM EDT,41,0
Sep 28 2024,3:36:51 AM EDT,140,1
Sep 28 2024,3:48:24 AM EDT,28,0
Sep 28 2024,3:49:11 AM EDT,27,0
Sep 28 2024,3:55:53 AM EDT,205,0
Sep 28 2024,4:02:59 AM EDT,23,0
Sep 28 2024,4:13:40 AM EDT,140,1
Sep 28 2024,4:16:50 AM EDT,23,0
Sep 28 2024,4:20:37 AM EDT,140,1
Sep 28 2024,8:53:34 AM EDT,28,0
Sep 28 2024,8:55:44 AM EDT,140,1
Sep 28 2024,8:59:21 AM EDT,59,0
Sep 28 2024,9:03:04 AM EDT,44,0
Sep 28 2024,9:07:52 AM EDT,25,0
Sep 28 2024,11:37:24 AM EDT,32,0
Sep 28 2024,11:39:31 AM EDT,235,0
Sep 28 2024,11:40:58 AM EDT,53,0
Sep 28 2024,11:44:01 AM EDT,139,1
Sep 28 2024,12:13:25 PM EDT,89,0
Sep 28 2024,12:13:37 PM EDT,140,1
Sep 28 2024,12:17:51 PM EDT,130,0
Sep 29 2024,2:28:54 AM EDT,37,0
Sep 29 2024,2:29:47 AM EDT,49,0
Sep 29 2024,2:37:03 AM EDT,47,0
Sep 29 2024,4:10:29 AM EDT,23,0
Sep 29 2024,4:17:50 AM EDT,140,1
Sep 29 2024,10:54:33 AM EDT,35,0
Sep 29 2024,11:11:25 AM EDT,255,0
Sep 29 2024,11:13:16 AM EDT,31,0
Sep 29 2024,12:05:00 PM EDT,57,0
Sep 29 2024,12:15:35 PM EDT,140,1
Sep 29 2024,12:16:26 PM EDT,76,0
Sep 29 2024,3:07:54 PM EDT,35,0
Sep 29 2024,3:08:42 PM EDT,23,0
Sep 29 2024,3:13:31 PM EDT,206,0
Sep 29 2024,7:30:33 PM EDT,57,0
Sep 29 2024,8:51:39 PM EDT,146,0
Sep 29 2024,8:55:44 PM EDT,140,1
Sep 29 2024,8:57:31 PM EDT,34,0
Sep 29 2024,8:58:48 PM EDT,30,0
Sep 29 2024,8:59:11 PM EDT,110,1
Sep 29 2024,9:59:00 PM EDT,27,0
Sep 29 2024,10:23:26 PM EDT,40,0
Sep 29 2024,10:48:00 PM EDT,25,0
Sep 29 2024,10:48:46 PM EDT,27,0
Sep 29 2024,11:57:19 PM EDT,255,0
Sep 30 2024,12:02:29 AM EDT,27,0
Sep 30 2024,12:06:29 AM EDT,31,0
Sep 30 2024,12:08:35 AM EDT,138,1
Sep 30 2024,12:09:54 AM EDT,81,0
Sep 30 2024,12:11:48 AM EDT,52,0
Sep 30 2024,12:12:12 AM EDT,28,0
Sep 30 2024,12:12:26 AM EDT,140,1
Sep 30 2024,1:13:32 AM EDT,38,0
Sep 30 2024,1:17:25 AM EDT,70,0
Sep 30 2024,1:18:04 AM EDT,65,0
Sep 30 2024,1:19:02 AM EDT,50,0
Sep 30 2024,1:21:50 AM EDT,31,0
Sep 30 2024,2:11:39 AM EDT,43,0
Sep 30 2024,2:12:50 AM EDT,39,0
Sep 30 2024,2:13:36 AM EDT,28,0
Sep 30 2024,2:16:29 AM EDT,23,0
Sep 30 2024,2:20:14 AM EDT,140,1
Sep 30 2024,2:20:26 AM EDT,27,0
Sep 30 2024,2:23:30 AM EDT,140,1
Sep 30 2024,2:23:45 AM EDT,139,1
Sep 30 2024,2:26:09 AM EDT,139,1
Sep 30 2024,2:31:27 AM EDT,166,0
Sep 30 2024,2:33:24 AM EDT,38,1
Sep 30 2024,2:33:52 AM EDT,25,0
Sep 30 2024,2:35:10 AM EDT,67,0
Sep 30 2024,2:36:09 AM EDT,140,1
Sep 30 2024,6:06:31 AM EDT,39,1
Sep 30 2024,3:29:00 PM EDT,54,0
Sep 30 2024,7:24:03 PM EDT,34,1
Sep 30 2024,8:53:35 PM EDT,34,0
Sep 30 2024,9:45:07 PM EDT,164,0
Oct 1 2024,12:45:14 AM EDT,86,0
Oct 1 2024,12:47:37 AM EDT,192,0
Oct 1 2024,1:31:11 AM EDT,255,0
Oct 1 2024,1:35:27 AM EDT,47,0
Oct 1 2024,1:36:49 AM EDT,117,0
Oct 1 2024,1:39:36 AM EDT,40,0
Oct 1 2024,1:41:42 AM EDT,92,0
Oct 1 2024,1:43:00 AM EDT,33,0
Oct 1 2024,1:43:32 AM EDT,45,0
Oct 1 2024,1:44:55 AM EDT,114,0
Oct 1 2024,1:45:09 AM EDT,34,0
Oct 1 2024,1:45:49 AM EDT,56,0
Oct 1 2024,1:52:42 AM EDT,31,0
Oct 1 2024,1:53:01 AM EDT,28,0
Oct 1 2024,2:43:02 AM EDT,25,0
Oct 1 2024,2:48:12 AM EDT,134,0
Oct 1 2024,2:48:56 AM EDT,140,1
Oct 1 2024,2:49:11 AM EDT,29,0
Oct 1 2024,2:50:11 AM EDT,138,0
Oct 1 2024,2:52:10 AM EDT,73,0
Oct 1 2024,2:54:59 AM EDT,33,0
Oct 1 2024,3:10:52 AM EDT,252,0
Oct 1 2024,3:13:22 AM EDT,51,0
Oct 1 2024,3:16:02 AM EDT,30,0
Oct 1 2024,3:28:18 AM EDT,94,1
Oct 1 2024,3:42:09 AM EDT,27,0
Oct 1 2024,3:43:00 AM EDT,138,1
Oct 1 2024,3:44:19 AM EDT,140,1
Oct 1 2024,3:44:58 AM EDT,26,0
Oct 1 2024,3:46:35 AM EDT,23,0
Oct 1 2024,3:46:51 AM EDT,114,1
Oct 1 2024,3:54:15 AM EDT,101,0
Oct 1 2024,10:10:24 AM EDT,27,0
Oct 1 2024,10:13:15 AM EDT,41,0
Oct 1 2024,10:16:06 AM EDT,111,0
Oct 1 2024,10:21:19 AM EDT,40,0
Oct 1 2024,10:25:48 AM EDT,148,0
Oct 1 2024,10:32:25 AM EDT,129,0
Oct 1 2024,10:36:53 AM EDT,50,0
Oct 1 2024,10:39:53 AM EDT,124,0
Oct 1 2024,10:41:45 AM EDT,140,1
Oct 1 2024,12:45:44 PM EDT,27,0
Oct 1 2024,1:11:15 PM EDT,78,0
Oct 1 2024,1:12:05 PM EDT,139,1
Oct 1 2024,1:12:25 PM EDT,139,1
Oct 1 2024,1:13:06 PM EDT,23,0
Oct 1 2024,1:15:02 PM EDT,53,0
Oct 1 2024,1:17:55 PM EDT,157,0
Oct 1 2024,1:18:48 PM EDT,47,0
Oct 1 2024,1:23:01 PM EDT,80,0
Oct 1 2024,2:59:04 PM EDT,31,0
Oct 1 2024,2:59:32 PM EDT,82,0
Oct 1 2024,3:15:50 PM EDT,34,0
Oct 1 2024,3:34:10 PM EDT,220,0
Oct 1 2024,3:49:43 PM EDT,140,1
Oct 1 2024,3:55:11 PM EDT,23,0
Oct 1 2024,3:56:38 PM EDT,102,0
Oct 1 2024,4:00:19 PM EDT,31,0
Oct 1 2024,4:02:44 PM EDT,201,0
Oct 1 2024,4:05:54 PM EDT,48,0
Oct 1 2024,4:18:01 PM EDT,53,0
Oct 1 2024,7:40:22 PM EDT,37,0
Oct 1 2024,8:11:58 PM EDT,204,0
Oct 1 2024,8:12:33 PM EDT,76,0
Oct 1 2024,8:19:46 PM EDT,42,0
Oct 1 2024,8:33:37 PM EDT,104,0
Oct 1 2024,8:34:55 PM EDT,23,0
Oct 1 2024,8:41:12 PM EDT,27,0
Oct 1 2024,8:48:44 PM EDT,27,0
Oct 1 2024,8:51:32 PM EDT,135,0
Oct 1 2024,9:04:47 PM EDT,85,0
Oct 1 2024,9:06:14 PM EDT,34,0
Oct 1 2024,10:34:24 PM EDT,220,0
Oct 1 2024,10:52:40 PM EDT,113,0
Oct 1 2024,10:54:52 PM EDT,28,0
Oct 1 2024,11:13:36 PM EDT,31,0
Oct 1 2024,11:14:30 PM EDT,25,0
Oct 1 2024,11:27:32 PM EDT,255,0
Oct 2 2024,1:14:17 AM EDT,255,0
Oct 2 2024,3:58:15 AM EDT,37,0
Oct 2 2024,3:59:56 AM EDT,140,1
Oct 2 2024,4:09:46 AM EDT,57,0
Oct 2 2024,4:24:12 AM EDT,123,0
Oct 2 2024,4:26:19 AM EDT,78,0
Oct 2 2024,4:56:14 AM EDT,71,0
Oct 2 2024,5:00:18 AM EDT,36,0
Oct 2 2024,5:01:23 AM EDT,28,0
Oct 2 2024,5:02:20 AM EDT,63,1
Oct 2 2024,1:35:36 PM EDT,137,0
Oct 2 2024,1:39:29 PM EDT,160,0
Oct 2 2024,1:43:10 PM EDT,27,0
Oct 2 2024,1:57:34 PM EDT,139,1
Oct 2 2024,2:04:05 PM EDT,140,1
Oct 2 2024,2:04:17 PM EDT,25,0
Oct 2 2024,2:29:53 PM EDT,140,1
Oct 2 2024,5:37:57 PM EDT,140,1
Oct 2 2024,6:31:12 PM EDT,43,0
Oct 2 2024,6:44:01 PM EDT,135,0
Oct 2 2024,6:44:56 PM EDT,138,1
Oct 2 2024,6:45:36 PM EDT,52,0
Oct 2 2024,7:56:38 PM EDT,40,0
Oct 2 2024,7:57:13 PM EDT,33,0
Oct 2 2024,8:10:16 PM EDT,27,0
Oct 2 2024,8:12:07 PM EDT,139,1
Oct 2 2024,8:12:23 PM EDT,140,1
Oct 2 2024,8:13:48 PM EDT,130,0
Oct 2 2024,8:15:28 PM EDT,56,0
Oct 2 2024,8:18:17 PM EDT,75,0
Oct 2 2024,8:23:56 PM EDT,101,0
Oct 3 2024,12:24:12 AM EDT,197,0
Oct 3 2024,3:11:43 AM EDT,27,0
Oct 3 2024,3:14:51 AM EDT,218,0
Oct 3 2024,3:15:56 AM EDT,50,0
Oct 3 2024,3:20:28 AM EDT,140,1
Oct 3 2024,3:23:40 AM EDT,140,1
Oct 3 2024,3:26:44 AM EDT,140,1
Oct 3 2024,3:30:14 AM EDT,61,0
Oct 3 2024,3:41:35 AM EDT,56,0
Oct 3 2024,8:57:09 AM EDT,37,0
Oct 3 2024,2:23:27 PM EDT,27,0
Oct 3 2024,2:24:02 PM EDT,26,0
Oct 3 2024,4:27:43 PM EDT,140,1
Oct 3 2024,4:29:25 PM EDT,140,1
Oct 3 2024,4:30:17 PM EDT,37,0
Oct 3 2024,4:33:23 PM EDT,55,0
Oct 3 2024,4:34:43 PM EDT,60,0
Oct 3 2024,4:45:45 PM EDT,27,0
Oct 3 2024,5:06:19 PM EDT,140,1
Oct 3 2024,5:07:47 PM EDT,135,1
Oct 3 2024,6:49:14 PM EDT,33,0
Oct 3 2024,7:49:06 PM EDT,255,0
Oct 3 2024,9:36:06 PM EDT,88,0
Oct 3 2024,9:54:21 PM EDT,250,0
Oct 3 2024,9:55:28 PM EDT,23,0
Oct 3 2024,10:00:36 PM EDT,176,0
Oct 3 2024,10:05:16 PM EDT,255,0
Oct 3 2024,10:15:30 PM EDT,68,0
Oct 3 2024,10:15:48 PM EDT,26,0
Oct 3 2024,10:18:11 PM EDT,93,0
Oct 3 2024,10:28:02 PM EDT,89,0
Oct 3 2024,10:29:12 PM EDT,27,0
Oct 3 2024,10:35:16 PM EDT,60,0
Oct 3 2024,10:45:21 PM EDT,217,0
Oct 3 2024,11:01:29 PM EDT,188,0
Oct 3 2024,11:02:06 PM EDT,39,0
Oct 3 2024,11:10:31 PM EDT,84,0
Oct 3 2024,11:12:19 PM EDT,31,0
Oct 3 2024,11:18:06 PM EDT,255,0
Oct 3 2024,11:20:38 PM EDT,69,0
Oct 3 2024,11:24:06 PM EDT,31,0
Oct 3 2024,11:24:41 PM EDT,140,1
Oct 3 2024,11:25:01 PM EDT,74,1
Oct 3 2024,11:27:35 PM EDT,62,0
Oct 3 2024,11:33:00 PM EDT,57,0
Oct 3 2024,11:33:59 PM EDT,140,1
Oct 3 2024,11:34:47 PM EDT,109,0
Oct 3 2024,11:36:34 PM EDT,89,0
Oct 3 2024,11:37:45 PM EDT,155,0
Oct 3 2024,11:38:45 PM EDT,30,0
Oct 3 2024,11:47:01 PM EDT,51,0
Oct 3 2024,11:50:57 PM EDT,108,0
Oct 4 2024,12:09:25 AM EDT,55,0
Oct 4 2024,12:10:35 AM EDT,77,0
Oct 4 2024,12:11:46 AM EDT,140,1
Oct 4 2024,1:58:46 AM EDT,25,0
Oct 4 2024,2:05:41 AM EDT,28,0
Oct 4 2024,2:35:11 AM EDT,140,1
Oct 4 2024,2:35:49 AM EDT,41,0
Oct 4 2024,2:38:11 AM EDT,107,0
Oct 4 2024,4:34:50 AM EDT,255,0
Oct 4 2024,4:37:59 AM EDT,140,1
Oct 4 2024,4:40:51 AM EDT,28,0
Oct 4 2024,4:49:25 AM EDT,23,0
Oct 4 2024,5:01:59 AM EDT,48,0
Oct 4 2024,5:06:30 AM EDT,37,0
Oct 4 2024,9:31:26 AM EDT,23,0
Oct 4 2024,9:32:06 AM EDT,125,1
Oct 4 2024,9:33:11 AM EDT,32,0
Oct 4 2024,9:46:50 AM EDT,123,1
Oct 4 2024,9:49:35 AM EDT,112,1
Oct 4 2024,9:49:55 AM EDT,140,1
Oct 4 2024,9:53:20 AM EDT,140,1
Oct 4 2024,9:53:28 AM EDT,140,1
Oct 4 2024,9:58:34 AM EDT,54,0
Oct 4 2024,10:15:04 AM EDT,140,1
Oct 4 2024,10:18:53 AM EDT,140,1
Oct 4 2024,10:22:44 AM EDT,35,0
Oct 4 2024,10:25:59 AM EDT,27,0
Oct 4 2024,10:28:31 AM EDT,23,0
Oct 4 2024,10:31:22 AM EDT,58,0
Oct 4 2024,10:34:05 AM EDT,25,0
Oct 4 2024,10:34:48 AM EDT,32,0
Oct 4 2024,12:54:14 PM EDT,255,0
Oct 4 2024,12:58:48 PM EDT,140,1
Oct 4 2024,1:03:05 PM EDT,207,0
Oct 4 2024,1:05:56 PM EDT,189,0
Oct 4 2024,1:07:54 PM EDT,193,0
Oct 4 2024,1:15:42 PM EDT,126,0
Oct 4 2024,1:19:32 PM EDT,64,0
Oct 4 2024,2:56:53 PM EDT,140,1
Oct 4 2024,3:24:11 PM EDT,93,0
Oct 4 2024,3:24:12 PM EDT,25,0
Oct 4 2024,3:24:13 PM EDT,40,0
Oct 4 2024,3:25:25 PM EDT,255,0
Oct 4 2024,3:38:47 PM EDT,37,0
Oct 4 2024,3:44:23 PM EDT,144,1
Oct 4 2024,3:50:00 PM EDT,27,0
Oct 5 2024,11:56:40 AM EDT,178,0
Oct 5 2024,12:10:51 PM EDT,58,0
Oct 5 2024,12:15:15 PM EDT,25,0
Oct 5 2024,12:17:19 PM EDT,194,0
Oct 5 2024,12:25:04 PM EDT,255,0
Oct 5 2024,12:32:31 PM EDT,85,1
Oct 5 2024,12:34:11 PM EDT,25,0
Oct 5 2024,12:36:19 PM EDT,118,0
Oct 5 2024,12:36:33 PM EDT,27,0
Oct 5 2024,12:38:44 PM EDT,141,0
Oct 5 2024,12:56:58 PM EDT,34,0
Oct 5 2024,1:03:39 PM EDT,31,0
Oct 5 2024,1:04:23 PM EDT,82,0
Oct 5 2024,1:10:43 PM EDT,124,0
Oct 5 2024,1:11:22 PM EDT,70,0
Oct 5 2024,1:25:50 PM EDT,139,0
Oct 5 2024,1:28:11 PM EDT,72,0
Oct 5 2024,1:31:51 PM EDT,97,0
Oct 5 2024,1:35:25 PM EDT,140,1
Oct 5 2024,1:37:25 PM EDT,85,0
Oct 5 2024,1:39:17 PM EDT,181,0
Oct 5 2024,2:24:46 PM EDT,95,0
Oct 5 2024,2:27:58 PM EDT,140,1
Oct 5 2024,2:30:56 PM EDT,114,0
Oct 5 2024,3:56:51 PM EDT,33,0
Oct 5 2024,4:07:48 PM EDT,118,0
Oct 5 2024,4:08:21 PM EDT,29,0
Oct 5 2024,4:12:00 PM EDT,58,0
Oct 5 2024,4:32:51 PM EDT,115,0
Oct 5 2024,5:21:38 PM EDT,140,1
Oct 5 2024,5:23:14 PM EDT,140,1
Oct 5 2024,5:31:25 PM EDT,36,0
Oct 5 2024,5:32:25 PM EDT,50,0
Oct 5 2024,7:01:02 PM EDT,62,0
Oct 5 2024,7:09:18 PM EDT,255,0
Oct 5 2024,7:10:11 PM EDT,44,0
Oct 5 2024,7:11:59 PM EDT,59,0
Oct 5 2024,7:12:29 PM EDT,118,1
Oct 5 2024,7:22:28 PM EDT,255,0
Oct 5 2024,8:27:35 PM EDT,140,1
Oct 5 2024,8:31:30 PM EDT,28,0
Oct 5 2024,8:53:27 PM EDT,73,0
Oct 5 2024,8:56:24 PM EDT,126,0
Oct 5 2024,8:57:16 PM EDT,23,0
Oct 5 2024,9:04:47 PM EDT,27,0
Oct 5 2024,10:12:52 PM EDT,25,0
Oct 5 2024,10:55:30 PM EDT,28,0
Oct 5 2024,11:45:52 PM EDT,127,0
Oct 5 2024,11:47:00 PM EDT,75,0
Oct 5 2024,11:52:51 PM EDT,40,0
Oct 5 2024,11:55:42 PM EDT,26,0
Oct 6 2024,12:10:37 AM EDT,23,0
Oct 6 2024,12:15:34 AM EDT,141,0
Oct 6 2024,12:23:33 AM EDT,25,0
Oct 6 2024,1:35:42 AM EDT,140,1
Oct 6 2024,2:05:43 AM EDT,41,0
Oct 6 2024,2:29:51 AM EDT,23,0
Oct 6 2024,2:37:23 AM EDT,134,1
Oct 6 2024,8:40:35 AM EDT,88,0
Oct 6 2024,8:44:48 AM EDT,27,0
Oct 6 2024,9:36:11 AM EDT,62,0
Oct 6 2024,9:38:09 AM EDT,144,1
Oct 6 2024,10:38:22 AM EDT,94,0
Oct 6 2024,10:39:26 AM EDT,28,0
Oct 6 2024,10:39:38 AM EDT,140,1
Oct 6 2024,10:41:17 AM EDT,38,0
Oct 6 2024,11:28:51 AM EDT,38,0
Oct 6 2024,1:26:26 PM EDT,112,0
Oct 6 2024,1:27:45 PM EDT,51,0
Oct 6 2024,1:28:51 PM EDT,26,0
Oct 6 2024,1:32:38 PM EDT,140,1
Oct 6 2024,1:36:21 PM EDT,140,1
Oct 6 2024,1:37:12 PM EDT,144,1
Oct 6 2024,1:44:34 PM EDT,54,0
Oct 6 2024,2:54:47 PM EDT,31,0
Oct 6 2024,3:07:39 PM EDT,23,0
Oct 6 2024,3:33:42 PM EDT,255,0
Oct 6 2024,7:41:36 PM EDT,140,1
Oct 6 2024,7:42:41 PM EDT,32,0
Oct 6 2024,7:42:55 PM EDT,139,1
Oct 6 2024,7:45:50 PM EDT,57,0
Oct 6 2024,7:48:13 PM EDT,44,0
Oct 6 2024,8:40:07 PM EDT,176,0
Oct 6 2024,9:39:55 PM EDT,27,0
Oct 6 2024,9:59:47 PM EDT,23,0
Oct 6 2024,10:11:17 PM EDT,37,0
Oct 6 2024,10:17:04 PM EDT,67,0
Oct 6 2024,11:03:08 PM EDT,28,0
Oct 6 2024,11:09:00 PM EDT,59,0
Oct 6 2024,11:31:39 PM EDT,132,0
Oct 6 2024,11:32:41 PM EDT,68,0
Oct 6 2024,11:35:36 PM EDT,103,0
Oct 6 2024,11:37:26 PM EDT,140,1
Oct 6 2024,11:42:22 PM EDT,199,0
Oct 7 2024,12:08:38 AM EDT,30,0
Oct 7 2024,12:21:19 AM EDT,52,0
Oct 7 2024,3:04:22 AM EDT,26,0
Oct 7 2024,3:06:11 AM EDT,54,1
Oct 7 2024,4:56:51 AM EDT,23,0
Oct 7 2024,5:26:02 AM EDT,90,0
Oct 7 2024,5:34:41 AM EDT,140,1
Oct 7 2024,5:37:33 AM EDT,140,1
Oct 7 2024,2:02:33 PM EDT,139,1
Oct 7 2024,2:02:54 PM EDT,140,1
Oct 7 2024,2:03:03 PM EDT,59,1
Oct 7 2024,2:04:16 PM EDT,97,0
Oct 7 2024,2:50:27 PM EDT,85,0
Oct 7 2024,3:29:59 PM EDT,51,0
Oct 7 2024,3:35:38 PM EDT,38,0
Oct 7 2024,3:37:50 PM EDT,121,0
Oct 7 2024,3:38:31 PM EDT,49,0
Oct 7 2024,7:44:07 PM EDT,64,0
Oct 7 2024,7:58:17 PM EDT,23,0
Oct 7 2024,8:24:47 PM EDT,116,0
Oct 7 2024,10:14:45 PM EDT,57,0
Oct 7 2024,10:52:28 PM EDT,51,0
Oct 7 2024,11:01:05 PM EDT,53,0
Oct 7 2024,11:12:12 PM EDT,255,0
Oct 8 2024,12:13:39 AM EDT,63,1
Oct 8 2024,1:03:01 AM EDT,27,0
Oct 8 2024,1:14:21 AM EDT,64,0
Oct 8 2024,1:14:45 AM EDT,29,0
Oct 8 2024,2:10:14 AM EDT,48,0
Oct 8 2024,2:21:36 AM EDT,23,0
Oct 8 2024,2:27:52 AM EDT,225,0
Oct 8 2024,2:34:54 AM EDT,140,1
Oct 8 2024,6:18:48 AM EDT,126,0
Oct 8 2024,6:19:57 AM EDT,140,1
Oct 8 2024,6:23:18 AM EDT,48,0
Oct 8 2024,6:26:11 AM EDT,94,0
Oct 8 2024,6:28:07 AM EDT,47,0
Oct 8 2024,2:22:20 PM EDT,191,0
Oct 9 2024,2:39:01 AM EDT,223,0
Oct 9 2024,3:57:15 AM EDT,70,0
Oct 9 2024,3:57:50 AM EDT,139,1
Oct 9 2024,4:00:24 AM EDT,140,1
Oct 9 2024,4:07:35 AM EDT,25,0
Oct 9 2024,6:14:29 PM EDT,91,1
Oct 9 2024,10:26:40 PM EDT,92,0
Oct 10 2024,1:54:19 AM EDT,55,0
Oct 10 2024,2:10:16 AM EDT,26,0
Oct 10 2024,2:12:56 AM EDT,25,0
Oct 10 2024,2:24:13 AM EDT,136,1
Oct 10 2024,2:26:01 AM EDT,82,0
Oct 10 2024,10:11:41 AM EDT,67,0
Oct 10 2024,10:13:52 AM EDT,30,0
Oct 10 2024,10:18:49 AM EDT,62,0
Oct 10 2024,10:24:46 AM EDT,93,0
Oct 10 2024,11:00:01 AM EDT,214,0
Oct 10 2024,1:16:39 PM EDT,241,0
Oct 10 2024,1:18:48 PM EDT,13,0
Oct 10 2024,1:48:33 PM EDT,25,0
Oct 10 2024,1:49:52 PM EDT,66,0
Oct 10 2024,1:51:32 PM EDT,31,0
Oct 10 2024,8:21:21 PM EDT,68,0
Oct 10 2024,9:19:17 PM EDT,65,0
Oct 10 2024,9:22:11 PM EDT,91,0
Oct 10 2024,9:26:18 PM EDT,17,0
Oct 10 2024,9:27:06 PM EDT,139,1
Oct 10 2024,9:31:48 PM EDT,12,0
Oct 10 2024,9:35:42 PM EDT,57,0
Oct 10 2024,9:47:26 PM EDT,98,1
Oct 10 2024,9:48:59 PM EDT,140,1
Oct 10 2024,10:24:56 PM EDT,23,0
Oct 10 2024,10:25:39 PM EDT,54,0
Oct 10 2024,10:37:24 PM EDT,103,0
Oct 10 2024,10:51:51 PM EDT,8,0
Oct 10 2024,11:40:41 PM EDT,62,0
Oct 11 2024,1:21:00 AM EDT,61,1
Oct 11 2024,1:27:46 AM EDT,55,1
Oct 11 2024,1:28:24 AM EDT,140,1
Oct 11 2024,1:31:25 AM EDT,91,1
Oct 11 2024,1:33:59 AM EDT,47,0
Oct 11 2024,1:36:19 AM EDT,60,0
Oct 11 2024,1:37:59 AM EDT,23,0
Oct 11 2024,1:40:22 AM EDT,70,0
Oct 11 2024,4:28:55 AM EDT,140,1
Oct 11 2024,4:51:34 AM EDT,30,0
Oct 11 2024,4:54:40 AM EDT,100,0
Oct 11 2024,5:09:17 AM EDT,126,1
Oct 11 2024,5:29:56 AM EDT,140,1
Oct 11 2024,5:49:58 AM EDT,23,0
Oct 11 2024,4:28:15 PM EDT,106,0
Oct 11 2024,4:31:09 PM EDT,25,0
Oct 11 2024,4:39:15 PM EDT,255,0
Oct 11 2024,4:40:38 PM EDT,113,0
Oct 11 2024,4:42:51 PM EDT,100,0
Oct 11 2024,4:44:29 PM EDT,28,0
Oct 11 2024,4:45:05 PM EDT,23,0
Oct 11 2024,8:32:38 PM EDT,140,1
Oct 11 2024,8:34:57 PM EDT,147,0
Oct 11 2024,8:55:27 PM EDT,255,0
Oct 11 2024,9:09:32 PM EDT,153,0
Oct 11 2024,9:12:03 PM EDT,116,0
Oct 11 2024,9:19:08 PM EDT,189,0
Oct 11 2024,9:21:23 PM EDT,140,1
Oct 12 2024,12:42:08 AM EDT,138,0
Oct 13 2024,1:45:14 AM EDT,42,0
Oct 13 2024,1:48:28 AM EDT,69,0
Oct 13 2024,1:52:16 AM EDT,210,0
Oct 13 2024,1:52:49 AM EDT,41,0
Oct 13 2024,1:56:12 AM EDT,28,0
Oct 13 2024,2:35:48 AM EDT,42,0
Oct 13 2024,2:37:04 AM EDT,82,0
Oct 13 2024,3:05:23 AM EDT,139,1
Oct 13 2024,3:30:07 AM EDT,140,1
Oct 13 2024,3:32:49 AM EDT,88,0
Oct 13 2024,3:36:47 AM EDT,27,0
Oct 13 2024,3:38:08 AM EDT,40,0
Oct 13 2024,3:39:34 AM EDT,112,0
Oct 13 2024,3:41:16 AM EDT,28,0
Oct 13 2024,3:41:33 AM EDT,30,0
Oct 13 2024,3:41:52 AM EDT,38,0
Oct 13 2024,3:42:37 AM EDT,40,0
Oct 13 2024,5:10:15 AM EDT,49,0
Oct 13 2024,5:24:34 AM EDT,32,0
Oct 13 2024,8:47:54 AM EDT,58,0
Oct 13 2024,8:49:37 AM EDT,36,0
Oct 13 2024,9:09:06 AM EDT,98,1
Oct 13 2024,9:35:42 AM EDT,96,0
Oct 13 2024,9:56:04 AM EDT,82,0
Oct 13 2024,10:10:07 AM EDT,63,0
Oct 13 2024,10:11:18 AM EDT,23,0
Oct 13 2024,11:03:55 AM EDT,99,0
Oct 13 2024,11:51:49 AM EDT,38,0
Oct 13 2024,5:04:07 PM EDT,92,1
Oct 13 2024,5:24:46 PM EDT,140,1
Oct 13 2024,5:27:41 PM EDT,48,0
Oct 13 2024,5:29:58 PM EDT,140,1
Oct 13 2024,9:12:26 PM EDT,255,0
Oct 14 2024,1:16:45 AM EDT,23,0
Oct 14 2024,3:07:49 AM EDT,97,0
Oct 14 2024,3:09:12 AM EDT,30,0
Oct 14 2024,3:16:40 AM EDT,23,0
Oct 14 2024,3:18:04 AM EDT,140,1
Oct 14 2024,3:23:25 AM EDT,35,0
Oct 14 2024,9:46:02 AM EDT,36,0
Oct 14 2024,10:22:23 AM EDT,255,0
Oct 14 2024,10:22:42 AM EDT,26,0
Oct 14 2024,10:37:30 AM EDT,67,0
Oct 14 2024,1:37:40 PM EDT,147,0
Oct 14 2024,1:49:37 PM EDT,207,0
Oct 14 2024,1:51:26 PM EDT,130,0
Oct 14 2024,2:04:36 PM EDT,23,0
Oct 14 2024,2:50:20 PM EDT,101,1
Oct 14 2024,2:50:30 PM EDT,139,1
Oct 14 2024,2:51:09 PM EDT,91,0
Oct 14 2024,2:53:01 PM EDT,150,0
Oct 14 2024,3:03:49 PM EDT,48,0
Oct 14 2024,5:23:26 PM EDT,40,0
Oct 14 2024,5:24:04 PM EDT,140,1
Oct 14 2024,5:24:15 PM EDT,112,1
Oct 14 2024,5:29:36 PM EDT,146,0
Oct 14 2024,7:32:56 PM EDT,55,0
Oct 14 2024,7:36:24 PM EDT,26,0
Oct 14 2024,8:41:28 PM EDT,162,0
Oct 14 2024,8:53:14 PM EDT,27,0
Oct 14 2024,8:54:10 PM EDT,140,1
Oct 14 2024,9:33:07 PM EDT,255,0
Oct 15 2024,6:41:49 AM EDT,30,0
Oct 15 2024,6:42:48 AM EDT,34,0
Oct 15 2024,6:43:13 AM EDT,80,1
Oct 15 2024,6:43:37 AM EDT,139,1
Oct 15 2024,7:00:30 AM EDT,57,0
Oct 15 2024,7:03:40 AM EDT,47,0
Oct 15 2024,7:17:02 AM EDT,255,0
Oct 15 2024,7:18:12 AM EDT,26,0
Oct 15 2024,7:20:45 AM EDT,27,0
Oct 15 2024,7:27:50 AM EDT,25,0
Oct 15 2024,7:40:55 AM EDT,138,0
Oct 15 2024,7:42:40 AM EDT,140,1
Oct 15 2024,7:54:28 AM EDT,23,0
Oct 15 2024,10:59:03 AM EDT,61,0
Oct 15 2024,11:18:06 AM EDT,25,0
Oct 15 2024,11:27:19 AM EDT,255,0
Oct 15 2024,12:08:41 PM EDT,39,0
Oct 15 2024,12:32:33 PM EDT,140,1
Oct 15 2024,12:33:38 PM EDT,65,0
Oct 15 2024,12:43:08 PM EDT,62,0
Oct 15 2024,12:49:10 PM EDT,255,0
Oct 15 2024,4:07:08 PM EDT,255,0
Oct 15 2024,4:29:06 PM EDT,255,0
Oct 16 2024,12:19:00 AM EDT,57,0
Oct 16 2024,12:26:32 AM EDT,255,0
Oct 16 2024,12:29:54 AM EDT,31,0
Oct 16 2024,12:30:36 AM EDT,47,0
Oct 16 2024,12:36:38 AM EDT,102,0
Oct 16 2024,12:38:18 AM EDT,140,1
Oct 16 2024,12:40:10 AM EDT,144,1
Oct 16 2024,12:41:34 AM EDT,39,0
Oct 16 2024,12:43:37 AM EDT,49,0
Oct 16 2024,1:04:46 AM EDT,92,0
Oct 16 2024,1:19:35 AM EDT,58,0
Oct 16 2024,1:22:10 AM EDT,23,0
Oct 16 2024,1:23:10 AM EDT,65,0
Oct 16 2024,1:27:36 AM EDT,89,0
Oct 16 2024,1:41:48 AM EDT,28,0
Oct 16 2024,1:42:26 AM EDT,140,1
Oct 16 2024,1:42:40 AM EDT,97,1
Oct 16 2024,1:44:01 AM EDT,140,1
Oct 16 2024,2:13:40 AM EDT,28,0
Oct 16 2024,2:15:47 AM EDT,38,1
Oct 16 2024,11:51:43 AM EDT,139,1
Oct 16 2024,11:57:37 AM EDT,122,0
Oct 16 2024,12:08:07 PM EDT,140,1
Oct 16 2024,12:09:17 PM EDT,88,0
Oct 16 2024,12:10:38 PM EDT,140,1
Oct 16 2024,12:18:37 PM EDT,140,1
Oct 16 2024,8:16:15 PM EDT,32,0
Oct 16 2024,8:18:55 PM EDT,43,0
Oct 16 2024,8:21:10 PM EDT,121,0
Oct 17 2024,12:13:54 AM EDT,59,0
Oct 17 2024,12:40:54 AM EDT,38,0
Oct 17 2024,12:53:02 AM EDT,27,0
Oct 17 2024,12:53:44 AM EDT,50,0
Oct 17 2024,12:57:33 AM EDT,50,0
Oct 17 2024,1:01:14 AM EDT,25,0
Oct 17 2024,1:02:10 AM EDT,87,0
Oct 17 2024,1:14:20 AM EDT,23,0
Oct 17 2024,1:19:54 AM EDT,208,0
Oct 17 2024,1:23:17 AM EDT,131,0
Oct 17 2024,4:11:53 AM EDT,81,0
Oct 17 2024,4:13:12 AM EDT,64,0
Oct 17 2024,4:34:40 AM EDT,158,0
Oct 17 2024,4:45:16 AM EDT,66,0
Oct 17 2024,4:47:29 AM EDT,30,0
Oct 17 2024,4:55:54 AM EDT,185,0
Oct 17 2024,4:56:16 AM EDT,140,1
Oct 17 2024,5:00:12 AM EDT,28,0
Oct 17 2024,5:01:27 AM EDT,132,1
Oct 17 2024,5:03:50 AM EDT,46,0
Oct 17 2024,5:10:51 AM EDT,76,0
Oct 17 2024,5:14:47 AM EDT,25,0
Oct 17 2024,5:16:36 AM EDT,23,0
Oct 17 2024,5:18:56 AM EDT,27,0
Oct 17 2024,5:21:49 AM EDT,26,0
Oct 17 2024,5:26:23 AM EDT,63,1
Oct 17 2024,5:30:41 AM EDT,28,0
Oct 17 2024,12:45:16 PM EDT,66,1
Oct 17 2024,12:49:21 PM EDT,132,1
Oct 17 2024,1:44:54 PM EDT,32,0
Oct 17 2024,1:47:20 PM EDT,140,1
Oct 17 2024,1:49:23 PM EDT,105,0
Oct 17 2024,1:52:19 PM EDT,57,0
Oct 17 2024,1:55:21 PM EDT,39,0
Oct 17 2024,3:20:01 PM EDT,38,0
Oct 17 2024,3:29:17 PM EDT,39,0
Oct 17 2024,3:36:59 PM EDT,28,0
Oct 17 2024,3:40:34 PM EDT,102,0
Oct 17 2024,4:45:41 PM EDT,255,0
Oct 17 2024,4:46:06 PM EDT,26,0
Oct 17 2024,4:51:35 PM EDT,129,0
Oct 17 2024,5:17:02 PM EDT,23,0
Oct 17 2024,5:20:25 PM EDT,101,0
Oct 17 2024,5:24:44 PM EDT,23,0
Oct 17 2024,6:59:17 PM EDT,61,0
Oct 17 2024,7:00:35 PM EDT,27,0
Oct 17 2024,7:01:40 PM EDT,49,0
Oct 17 2024,7:03:04 PM EDT,104,0
Oct 17 2024,7:05:52 PM EDT,97,0
Oct 17 2024,7:06:45 PM EDT,69,1
Oct 17 2024,7:07:41 PM EDT,140,1
Oct 17 2024,7:08:20 PM EDT,139,1
Oct 17 2024,7:13:53 PM EDT,79,0
Oct 17 2024,7:15:45 PM EDT,62,0
Oct 17 2024,7:23:36 PM EDT,139,1
Oct 17 2024,7:25:16 PM EDT,27,0
Oct 17 2024,7:26:17 PM EDT,84,0
Oct 17 2024,7:29:09 PM EDT,125,0
Oct 17 2024,7:30:44 PM EDT,93,1
Oct 17 2024,7:32:17 PM EDT,23,0
Oct 17 2024,7:33:21 PM EDT,72,1
Oct 17 2024,7:34:10 PM EDT,140,1
Oct 17 2024,7:35:11 PM EDT,50,0
Oct 17 2024,7:36:38 PM EDT,140,1
Oct 17 2024,7:37:41 PM EDT,28,0
Oct 17 2024,7:43:38 PM EDT,89,0
Oct 17 2024,7:44:27 PM EDT,140,1
Oct 17 2024,7:46:41 PM EDT,205,0
Oct 17 2024,7:49:15 PM EDT,57,0
Oct 17 2024,7:57:18 PM EDT,92,0
Oct 17 2024,8:07:37 PM EDT,83,0
Oct 17 2024,10:19:17 PM EDT,140,1
Oct 17 2024,11:20:01 PM EDT,255,0
Oct 17 2024,11:21:10 PM EDT,45,0
Oct 17 2024,11:23:04 PM EDT,107,0
Oct 17 2024,11:25:12 PM EDT,135,0
Oct 17 2024,11:27:16 PM EDT,136,0
Oct 17 2024,11:27:49 PM EDT,140,1
Oct 17 2024,11:34:54 PM EDT,140,1
Oct 17 2024,11:39:30 PM EDT,78,0
Oct 17 2024,11:41:03 PM EDT,81,0
Oct 18 2024,12:21:02 AM EDT,50,0
Oct 18 2024,12:25:19 AM EDT,65,0
Oct 18 2024,12:26:49 AM EDT,140,1
Oct 18 2024,12:28:48 AM EDT,140,1
Oct 18 2024,12:31:32 AM EDT,140,1
Oct 18 2024,12:31:58 AM EDT,139,1
Oct 18 2024,12:35:17 AM EDT,25,0
Oct 18 2024,1:01:02 PM EDT,61,1
Oct 18 2024,3:10:11 PM EDT,32,0
Oct 18 2024,5:24:21 PM EDT,71,0
Oct 18 2024,5:33:30 PM EDT,255,0
Oct 18 2024,6:42:09 PM EDT,48,0
Oct 18 2024,6:47:14 PM EDT,67,0
Oct 18 2024,7:13:18 PM EDT,125,0
Oct 18 2024,7:15:41 PM EDT,81,0
Oct 18 2024,7:17:34 PM EDT,39,0
Oct 18 2024,7:26:50 PM EDT,140,1
Oct 18 2024,7:27:52 PM EDT,140,1
Oct 18 2024,7:35:23 PM EDT,61,0
Oct 18 2024,10:55:52 PM EDT,37,0
Oct 18 2024,11:52:40 PM EDT,28,0
Oct 18 2024,11:54:05 PM EDT,140,1
Oct 18 2024,11:54:20 PM EDT,144,1
Oct 18 2024,11:56:10 PM EDT,37,0
Oct 18 2024,11:56:43 PM EDT,40,0
Oct 19 2024,12:11:02 AM EDT,25,0
Oct 19 2024,12:12:05 AM EDT,55,0
Oct 19 2024,1:44:09 AM EDT,102,0
Oct 19 2024,1:48:02 AM EDT,27,0
Oct 19 2024,1:48:40 AM EDT,61,0
Oct 19 2024,1:51:45 AM EDT,118,0
Oct 19 2024,1:53:28 AM EDT,126,0
Oct 19 2024,2:02:35 AM EDT,48,0
Oct 19 2024,2:04:53 AM EDT,46,0
Oct 19 2024,2:06:23 AM EDT,36,0
Oct 19 2024,2:11:41 AM EDT,139,1
Oct 19 2024,9:08:41 AM EDT,43,0
Oct 19 2024,9:11:40 AM EDT,115,1
Oct 19 2024,9:12:34 AM EDT,140,1
Oct 19 2024,9:14:23 AM EDT,140,1
Oct 19 2024,9:15:56 AM EDT,120,0
Oct 19 2024,9:34:47 AM EDT,217,0
Oct 19 2024,11:25:17 AM EDT,140,1
Oct 19 2024,12:40:42 PM EDT,153,0
Oct 19 2024,12:43:30 PM EDT,189,0
Oct 19 2024,12:46:19 PM EDT,97,1
Oct 19 2024,12:50:56 PM EDT,86,0
Oct 19 2024,1:58:31 PM EDT,23,0
Oct 19 2024,2:00:06 PM EDT,34,0
Oct 19 2024,3:05:45 PM EDT,47,0
Oct 19 2024,3:08:58 PM EDT,57,0
Oct 19 2024,3:10:12 PM EDT,75,0
Oct 19 2024,3:50:49 PM EDT,25,0
Oct 19 2024,4:04:31 PM EDT,34,0
Oct 19 2024,4:09:57 PM EDT,191,0
Oct 19 2024,6:02:42 PM EDT,96,0
Oct 19 2024,6:12:13 PM EDT,142,0
Oct 19 2024,6:19:48 PM EDT,36,0
Oct 19 2024,6:39:09 PM EDT,23,0
Oct 19 2024,6:41:18 PM EDT,108,0
Oct 19 2024,6:45:38 PM EDT,43,0
Oct 19 2024,6:46:32 PM EDT,35,0
Oct 19 2024,6:47:10 PM EDT,66,0
Oct 19 2024,6:51:24 PM EDT,42,0
Oct 19 2024,6:54:57 PM EDT,162,0
Oct 19 2024,6:56:37 PM EDT,73,0
Oct 19 2024,7:01:18 PM EDT,175,0
Oct 19 2024,7:06:25 PM EDT,37,1
Oct 19 2024,7:07:44 PM EDT,74,0
Oct 19 2024,7:09:20 PM EDT,107,0
Oct 19 2024,7:10:21 PM EDT,132,1
Oct 19 2024,7:10:34 PM EDT,143,1
Oct 19 2024,7:11:31 PM EDT,65,0
Oct 19 2024,7:24:20 PM EDT,103,0
Oct 19 2024,7:25:53 PM EDT,114,0
Oct 19 2024,7:41:07 PM EDT,65,0
Oct 19 2024,7:43:53 PM EDT,33,0
Oct 19 2024,7:50:34 PM EDT,140,1
Oct 20 2024,12:01:30 AM EDT,59,0
Oct 20 2024,12:03:20 AM EDT,82,0
Oct 20 2024,12:09:32 AM EDT,34,0
Oct 20 2024,12:12:48 AM EDT,23,0
Oct 20 2024,12:13:51 AM EDT,139,1
Oct 20 2024,12:16:24 AM EDT,200,0
Oct 20 2024,12:17:09 AM EDT,44,0
Oct 20 2024,12:19:01 AM EDT,25,0
Oct 20 2024,12:20:16 AM EDT,139,1
Oct 20 2024,12:25:46 AM EDT,255,0
Oct 20 2024,12:41:48 AM EDT,45,0
Oct 20 2024,12:44:32 AM EDT,140,1
Oct 20 2024,3:27:57 AM EDT,122,0
Oct 20 2024,3:31:09 AM EDT,39,0
Oct 20 2024,3:48:28 AM EDT,50,0
Oct 20 2024,3:49:16 AM EDT,140,1
Oct 20 2024,3:49:34 AM EDT,139,1
Oct 20 2024,3:50:10 AM EDT,136,1
Oct 20 2024,3:51:17 AM EDT,50,0
Oct 20 2024,3:52:46 AM EDT,140,1
Oct 20 2024,3:55:32 AM EDT,192,0
Oct 20 2024,3:59:06 AM EDT,125,1
Oct 20 2024,4:00:53 AM EDT,138,1
Oct 20 2024,4:01:40 AM EDT,140,1
Oct 20 2024,4:05:36 AM EDT,140,1
Oct 20 2024,1:31:32 PM EDT,31,0
Oct 20 2024,1:34:29 PM EDT,79,0
Oct 20 2024,2:24:41 PM EDT,255,0
Oct 20 2024,2:30:16 PM EDT,112,0
Oct 20 2024,2:53:35 PM EDT,77,0
Oct 20 2024,5:21:24 PM EDT,86,0
Oct 20 2024,5:26:22 PM EDT,38,0
Oct 20 2024,5:26:35 PM EDT,80,1
Oct 20 2024,5:29:33 PM EDT,57,0
Oct 20 2024,5:29:56 PM EDT,89,1
Oct 20 2024,5:30:29 PM EDT,55,0
Oct 20 2024,6:13:13 PM EDT,140,1
Oct 20 2024,6:18:31 PM EDT,139,1
Oct 20 2024,6:19:50 PM EDT,62,0
Oct 20 2024,6:20:16 PM EDT,140,1
Oct 20 2024,6:28:14 PM EDT,55,0
Oct 20 2024,6:33:54 PM EDT,180,0
Oct 20 2024,6:34:08 PM EDT,126,1
Oct 20 2024,6:36:21 PM EDT,144,0
Oct 20 2024,6:40:57 PM EDT,109,0
Oct 20 2024,6:45:27 PM EDT,144,0
Oct 20 2024,6:49:03 PM EDT,142,0
Oct 20 2024,7:02:47 PM EDT,99,0
Oct 20 2024,7:04:22 PM EDT,43,0
Oct 20 2024,7:05:07 PM EDT,26,0
Oct 20 2024,7:06:47 PM EDT,148,0
Oct 20 2024,7:07:17 PM EDT,139,1
Oct 20 2024,7:07:42 PM EDT,27,0
Oct 20 2024,7:11:22 PM EDT,77,1
Oct 20 2024,7:13:10 PM EDT,140,1
Oct 20 2024,7:15:13 PM EDT,224,0
Oct 20 2024,7:31:32 PM EDT,124,0
Oct 20 2024,7:39:24 PM EDT,255,0
Oct 20 2024,7:47:36 PM EDT,152,0
Oct 20 2024,7:51:13 PM EDT,25,0
Oct 20 2024,7:52:58 PM EDT,65,0
Oct 20 2024,7:55:39 PM EDT,159,0
Oct 20 2024,7:56:21 PM EDT,61,0
Oct 20 2024,7:57:37 PM EDT,48,0
Oct 20 2024,8:01:47 PM EDT,28,0
Oct 20 2024,8:02:54 PM EDT,23,0
Oct 20 2024,8:05:23 PM EDT,140,1
Oct 20 2024,8:05:41 PM EDT,140,1
Oct 20 2024,8:59:48 PM EDT,69,0
Oct 20 2024,9:54:58 PM EDT,144,0
Oct 20 2024,9:59:40 PM EDT,78,0
Oct 20 2024,10:04:01 PM EDT,192,0
Oct 20 2024,10:06:54 PM EDT,32,0
Oct 20 2024,10:07:51 PM EDT,72,0
Oct 20 2024,10:10:32 PM EDT,91,0
Oct 20 2024,10:12:16 PM EDT,27,0
Oct 20 2024,10:38:10 PM EDT,136,1
Oct 20 2024,10:44:50 PM EDT,23,0
Oct 20 2024,10:52:26 PM EDT,117,0
Oct 20 2024,11:11:05 PM EDT,63,0
Oct 21 2024,1:46:18 AM EDT,145,0
Oct 21 2024,1:47:09 AM EDT,48,0
Oct 21 2024,1:48:47 AM EDT,25,0
Oct 21 2024,1:50:19 AM EDT,90,0
Oct 21 2024,2:01:04 AM EDT,27,0
Oct 21 2024,2:23:31 AM EDT,140,1
Oct 21 2024,2:28:14 AM EDT,34,0
Oct 21 2024,2:38:44 AM EDT,41,1
Oct 21 2024,7:34:11 AM EDT,196,0
Oct 21 2024,8:52:07 AM EDT,25,0
Oct 21 2024,9:01:56 AM EDT,33,0
Oct 21 2024,9:08:09 AM EDT,203,0
Oct 21 2024,9:19:15 AM EDT,28,0
Oct 21 2024,9:28:24 AM EDT,80,0
Oct 21 2024,9:41:36 AM EDT,220,0
Oct 21 2024,9:53:16 AM EDT,28,0
Oct 21 2024,9:56:17 AM EDT,23,0
Oct 21 2024,9:57:10 AM EDT,116,1
Oct 21 2024,9:57:57 AM EDT,58,0
Oct 21 2024,10:21:51 AM EDT,139,1
Oct 21 2024,10:32:22 AM EDT,72,0
Oct 21 2024,10:40:37 AM EDT,140,1
Oct 21 2024,10:46:58 AM EDT,17,0
Oct 21 2024,10:59:13 AM EDT,116,0
Oct 21 2024,12:14:09 PM EDT,25,0
Oct 21 2024,12:18:07 PM EDT,25,0
Oct 21 2024,12:18:21 PM EDT,33,0
Oct 21 2024,12:20:31 PM EDT,139,1
Oct 21 2024,12:25:03 PM EDT,44,1
Oct 21 2024,3:06:03 PM EDT,110,1
Oct 21 2024,3:08:10 PM EDT,55,0
Oct 21 2024,3:09:45 PM EDT,35,0
Oct 21 2024,4:38:32 PM EDT,53,0
Oct 21 2024,4:44:55 PM EDT,28,0
Oct 21 2024,4:51:12 PM EDT,255,0
Oct 21 2024,4:57:49 PM EDT,94,0
Oct 21 2024,5:23:00 PM EDT,135,1
Oct 21 2024,5:27:15 PM EDT,133,0
Oct 21 2024,5:38:14 PM EDT,25,0
Oct 21 2024,5:39:00 PM EDT,52,0
Oct 21 2024,6:28:19 PM EDT,48,0
Oct 21 2024,6:28:51 PM EDT,59,0
Oct 21 2024,6:29:18 PM EDT,47,0
Oct 21 2024,10:47:56 PM EDT,51,0
Oct 22 2024,1:19:22 AM EDT,140,1
Oct 22 2024,1:19:34 AM EDT,140,1
Oct 22 2024,2:50:47 AM EDT,49,0
Oct 22 2024,2:57:03 AM EDT,69,0
Oct 22 2024,3:09:21 AM EDT,140,1
Oct 22 2024,3:10:54 AM EDT,139,1
Oct 22 2024,3:16:02 AM EDT,139,1
Oct 22 2024,3:20:40 AM EDT,64,1
Oct 22 2024,3:32:34 AM EDT,28,0
Oct 22 2024,3:44:51 AM EDT,70,0
Oct 22 2024,3:46:21 AM EDT,38,0
Oct 22 2024,4:03:44 AM EDT,140,1
Oct 22 2024,4:21:39 AM EDT,30,0
Oct 22 2024,4:23:41 AM EDT,140,1
Oct 22 2024,4:24:37 AM EDT,140,1
Oct 22 2024,4:24:41 AM EDT,69,1
Oct 22 2024,4:34:03 AM EDT,68,1
Oct 22 2024,12:36:51 PM EDT,35,0
Oct 22 2024,12:42:17 PM EDT,55,0
Oct 22 2024,2:35:05 PM EDT,131,0
Oct 22 2024,4:15:30 PM EDT,167,0
Oct 22 2024,4:19:20 PM EDT,48,0
Oct 22 2024,4:25:11 PM EDT,206,0
Oct 22 2024,4:25:49 PM EDT,139,1
Oct 22 2024,4:33:28 PM EDT,140,1
Oct 22 2024,7:35:32 PM EDT,252,0
Oct 22 2024,7:43:03 PM EDT,38,1
Oct 22 2024,7:44:24 PM EDT,65,0
Oct 22 2024,7:48:52 PM EDT,60,0
Oct 22 2024,7:52:19 PM EDT,164,0
Oct 22 2024,10:14:38 PM EDT,140,1
Oct 22 2024,10:24:01 PM EDT,140,1
Oct 22 2024,10:32:12 PM EDT,23,0
Oct 22 2024,10:35:48 PM EDT,115,0
Oct 22 2024,10:40:52 PM EDT,37,0
Oct 22 2024,11:08:26 PM EDT,140,1
Oct 22 2024,11:08:55 PM EDT,46,0
Oct 22 2024,11:16:50 PM EDT,25,0
Oct 22 2024,11:21:50 PM EDT,44,0
Oct 22 2024,11:59:39 PM EDT,85,0
Oct 23 2024,12:04:32 AM EDT,64,0
Oct 23 2024,1:15:46 AM EDT,28,0
Oct 23 2024,2:10:25 AM EDT,140,1
Oct 23 2024,2:59:41 AM EDT,138,1
Oct 23 2024,3:01:39 AM EDT,25,0
Oct 23 2024,3:32:45 AM EDT,59,0
Oct 23 2024,3:39:34 AM EDT,38,1
Oct 23 2024,3:40:40 AM EDT,140,1
Oct 23 2024,3:41:01 AM EDT,28,0
Oct 23 2024,3:42:06 AM EDT,140,1
Oct 23 2024,3:44:34 AM EDT,27,0
Oct 23 2024,3:49:51 AM EDT,144,1
Oct 23 2024,3:53:06 AM EDT,136,1
Oct 23 2024,11:33:34 AM EDT,23,0
Oct 23 2024,11:47:04 AM EDT,23,0
Oct 23 2024,11:58:22 AM EDT,251,0
Oct 23 2024,12:00:53 PM EDT,40,0
Oct 23 2024,12:02:49 PM EDT,104,0
Oct 23 2024,12:03:59 PM EDT,44,0
Oct 23 2024,12:16:33 PM EDT,96,0
Oct 23 2024,2:07:47 PM EDT,255,0
Oct 23 2024,2:08:59 PM EDT,59,0
Oct 23 2024,3:05:06 PM EDT,140,1
Oct 23 2024,3:06:00 PM EDT,140,1
Oct 23 2024,3:07:30 PM EDT,25,0
Oct 23 2024,4:56:52 PM EDT,23,0
Oct 23 2024,7:13:10 PM EDT,31,0
Oct 23 2024,7:29:49 PM EDT,47,0
Oct 23 2024,7:31:27 PM EDT,140,1
Oct 23 2024,7:31:51 PM EDT,139,1
Oct 23 2024,7:55:40 PM EDT,26,0
Oct 23 2024,7:58:32 PM EDT,94,1
Oct 23 2024,8:01:08 PM EDT,120,1
Oct 23 2024,8:01:51 PM EDT,77,0
Oct 23 2024,8:03:21 PM EDT,33,0
Oct 23 2024,8:04:28 PM EDT,42,0
Oct 23 2024,8:08:45 PM EDT,32,0
Oct 23 2024,8:10:57 PM EDT,26,0
Oct 23 2024,8:13:39 PM EDT,25,0
Oct 23 2024,8:15:50 PM EDT,100,0
Oct 23 2024,8:18:19 PM EDT,149,0
Oct 23 2024,8:19:30 PM EDT,74,0
Oct 23 2024,8:24:10 PM EDT,137,1
Oct 23 2024,8:24:20 PM EDT,140,1
Oct 23 2024,8:25:43 PM EDT,29,0
Oct 23 2024,8:26:34 PM EDT,87,0
Oct 23 2024,11:10:28 PM EDT,28,0
Oct 24 2024,1:12:28 AM EDT,86,1
Oct 24 2024,5:27:23 AM EDT,140,1
Oct 24 2024,6:27:54 AM EDT,139,1
Oct 24 2024,6:30:36 AM EDT,140,1
Oct 24 2024,11:31:02 AM EDT,140,1
Oct 24 2024,11:34:00 AM EDT,140,1
Oct 24 2024,11:34:24 AM EDT,25,0
Oct 24 2024,11:35:42 AM EDT,139,1
Oct 24 2024,11:36:33 AM EDT,78,0
Oct 24 2024,12:02:39 PM EDT,28,0
Oct 24 2024,12:15:34 PM EDT,37,0
Oct 24 2024,12:17:54 PM EDT,27,0
Oct 24 2024,12:18:43 PM EDT,136,1
Oct 24 2024,12:20:22 PM EDT,137,1
Oct 24 2024,12:29:18 PM EDT,26,0
Oct 24 2024,12:32:22 PM EDT,84,0
Oct 24 2024,1:43:40 PM EDT,37,0
Oct 24 2024,1:47:39 PM EDT,71,1
Oct 24 2024,1:47:58 PM EDT,30,0
Oct 24 2024,1:48:56 PM EDT,55,0
Oct 24 2024,3:25:35 PM EDT,95,0
Oct 24 2024,3:26:12 PM EDT,41,0
Oct 24 2024,3:28:14 PM EDT,77,0
Oct 24 2024,3:44:04 PM EDT,164,0
Oct 24 2024,10:04:21 PM EDT,27,0
Oct 24 2024,10:21:35 PM EDT,27,0
Oct 24 2024,10:26:28 PM EDT,56,0
Oct 24 2024,10:28:48 PM EDT,109,0
Oct 24 2024,10:32:28 PM EDT,140,1
Oct 24 2024,10:36:36 PM EDT,62,0
Oct 24 2024,11:08:17 PM EDT,60,0
Oct 24 2024,11:08:35 PM EDT,59,0
Oct 24 2024,11:54:42 PM EDT,64,0
Oct 25 2024,2:39:12 AM EDT,23,0
Oct 25 2024,2:39:17 AM EDT,140,1
Oct 25 2024,2:41:16 AM EDT,140,1
Oct 25 2024,2:42:38 AM EDT,140,1
Oct 25 2024,3:02:51 AM EDT,31,0
Oct 25 2024,3:03:52 AM EDT,140,1
Oct 25 2024,3:05:15 AM EDT,23,0
Oct 25 2024,3:07:05 AM EDT,140,1
Oct 25 2024,3:30:15 AM EDT,79,1
Oct 25 2024,3:35:47 AM EDT,121,1
Oct 25 2024,3:36:28 AM EDT,55,0
Oct 25 2024,3:42:19 AM EDT,255,0
Oct 25 2024,3:43:15 AM EDT,60,0
Oct 25 2024,3:49:10 AM EDT,140,1
Oct 25 2024,3:49:59 AM EDT,140,1
Oct 25 2024,3:56:04 AM EDT,140,1
Oct 25 2024,3:57:55 AM EDT,60,1
Oct 25 2024,3:59:19 AM EDT,140,1
Oct 25 2024,4:00:12 AM EDT,30,0
Oct 25 2024,4:01:35 AM EDT,23,0
Oct 25 2024,4:02:20 AM EDT,140,1
Oct 25 2024,4:02:50 AM EDT,139,1
Oct 25 2024,4:05:30 AM EDT,23,0
Oct 25 2024,4:07:13 AM EDT,27,0
Oct 25 2024,4:12:47 AM EDT,225,0
Oct 25 2024,4:14:21 AM EDT,140,1
Oct 25 2024,4:16:54 AM EDT,61,0
Oct 25 2024,4:20:15 AM EDT,89,0
Oct 25 2024,4:21:04 AM EDT,86,1
Oct 25 2024,4:23:19 AM EDT,68,0
Oct 25 2024,4:32:11 AM EDT,28,0
Oct 25 2024,7:10:36 AM EDT,41,0
Oct 25 2024,7:14:07 AM EDT,55,1
Oct 25 2024,1:15:16 PM EDT,146,0
Oct 25 2024,4:49:35 PM EDT,65,0
Oct 25 2024,5:11:52 PM EDT,87,1
Oct 25 2024,6:25:07 PM EDT,41,0
Oct 25 2024,7:27:42 PM EDT,66,0
Oct 25 2024,8:10:05 PM EDT,140,1
Oct 25 2024,8:52:55 PM EDT,57,0
Oct 25 2024,9:00:31 PM EDT,100,0
Oct 26 2024,1:31:57 AM EDT,57,0
Oct 26 2024,1:33:35 AM EDT,31,0
Oct 26 2024,1:37:02 AM EDT,109,1
Oct 26 2024,2:06:23 AM EDT,140,1
Oct 26 2024,2:10:32 AM EDT,140,1
Oct 26 2024,2:11:08 AM EDT,52,0
Oct 26 2024,2:11:53 AM EDT,139,1
Oct 26 2024,2:13:05 AM EDT,27,0
Oct 26 2024,2:14:08 AM EDT,28,0
Oct 26 2024,2:19:28 AM EDT,139,1
Oct 26 2024,2:47:18 AM EDT,25,0
Oct 26 2024,2:50:42 AM EDT,252,0
Oct 26 2024,3:20:57 AM EDT,140,1
Oct 26 2024,11:12:05 AM EDT,135,1
Oct 26 2024,11:14:26 AM EDT,23,0
Oct 26 2024,11:27:31 AM EDT,216,0
Oct 26 2024,2:58:24 PM EDT,25,0
Oct 26 2024,3:00:31 PM EDT,59,0
Oct 26 2024,3:01:40 PM EDT,25,0
Oct 26 2024,3:27:24 PM EDT,144,1
Oct 26 2024,3:36:04 PM EDT,55,0
Oct 26 2024,3:41:39 PM EDT,67,0
Oct 26 2024,3:44:12 PM EDT,58,0
Oct 26 2024,3:45:14 PM EDT,98,0
Oct 26 2024,4:05:43 PM EDT,57,0
Oct 26 2024,4:06:01 PM EDT,140,1
Oct 26 2024,6:10:42 PM EDT,64,0
Oct 26 2024,6:13:18 PM EDT,77,1
Oct 26 2024,6:13:43 PM EDT,28,0
Oct 26 2024,6:14:08 PM EDT,31,0
Oct 26 2024,6:21:47 PM EDT,23,0
Oct 26 2024,7:11:10 PM EDT,35,0
Oct 26 2024,7:13:57 PM EDT,163,0
Oct 26 2024,7:14:16 PM EDT,140,1
Oct 26 2024,7:46:21 PM EDT,67,0
Oct 26 2024,8:01:49 PM EDT,136,1
Oct 26 2024,8:03:27 PM EDT,70,0
Oct 26 2024,8:05:18 PM EDT,108,0
Oct 26 2024,11:31:09 PM EDT,57,0
Oct 26 2024,11:46:43 PM EDT,34,0
Oct 27 2024,12:06:05 AM EDT,140,1
Oct 27 2024,12:42:01 AM EDT,37,0
Oct 27 2024,12:43:10 AM EDT,51,0
Oct 27 2024,12:43:48 AM EDT,27,0
Oct 27 2024,12:44:57 AM EDT,140,1
Oct 27 2024,12:55:49 AM EDT,255,0
Oct 27 2024,1:26:20 AM EDT,27,0
Oct 27 2024,1:33:21 AM EDT,255,0
Oct 27 2024,1:34:33 AM EDT,49,0
Oct 27 2024,2:21:29 AM EDT,38,0
Oct 27 2024,2:28:20 AM EDT,40,0
Oct 27 2024,2:30:06 AM EDT,48,0
Oct 27 2024,2:38:45 AM EDT,43,0
Oct 27 2024,2:39:42 AM EDT,36,0
Oct 27 2024,2:41:21 AM EDT,139,1
Oct 27 2024,2:42:01 AM EDT,140,1
Oct 27 2024,2:42:27 AM EDT,28,0
Oct 27 2024,2:43:28 AM EDT,51,0
Oct 27 2024,2:51:30 AM EDT,122,0
Oct 27 2024,2:56:37 AM EDT,187,0
Oct 27 2024,2:58:17 AM EDT,26,0
Oct 27 2024,3:01:49 AM EDT,140,1
Oct 27 2024,3:04:02 AM EDT,58,0
Oct 27 2024,3:06:54 AM EDT,140,1
Oct 27 2024,3:08:21 AM EDT,139,1
Oct 27 2024,3:13:24 AM EDT,31,0
Oct 27 2024,3:14:03 AM EDT,42,0
Oct 27 2024,3:24:00 AM EDT,110,0
Oct 27 2024,3:35:22 AM EDT,140,1
Oct 27 2024,3:45:17 AM EDT,65,0
Oct 27 2024,3:48:45 AM EDT,47,0
Oct 27 2024,3:59:02 AM EDT,68,0
Oct 27 2024,4:09:36 AM EDT,23,0
Oct 27 2024,4:11:54 AM EDT,59,0
Oct 27 2024,4:23:43 AM EDT,247,0
Oct 27 2024,4:24:50 AM EDT,140,1
Oct 27 2024,4:30:58 AM EDT,57,1
Oct 27 2024,4:33:29 AM EDT,239,0
Oct 27 2024,4:37:31 AM EDT,55,0
Oct 27 2024,4:38:27 AM EDT,29,0
Oct 27 2024,4:57:11 AM EDT,36,0
Oct 27 2024,4:58:26 AM EDT,29,0
Oct 27 2024,5:07:39 AM EDT,79,0
Oct 27 2024,5:19:15 AM EDT,41,0
Oct 27 2024,11:15:59 AM EDT,125,0
Oct 27 2024,11:16:49 AM EDT,140,1
Oct 27 2024,11:56:44 AM EDT,23,0
Oct 27 2024,2:06:37 PM EDT,66,0
Oct 27 2024,3:56:32 PM EDT,44,1
Oct 27 2024,4:10:20 PM EDT,140,1
Oct 27 2024,5:04:35 PM EDT,23,0
Oct 27 2024,5:06:26 PM EDT,30,0
Oct 27 2024,5:39:36 PM EDT,23,0
Oct 27 2024,5:44:43 PM EDT,59,1
Oct 27 2024,5:54:00 PM EDT,39,0
Oct 27 2024,5:58:18 PM EDT,153,0
Oct 27 2024,6:05:32 PM EDT,160,0
Oct 27 2024,6:18:23 PM EDT,91,0
Oct 27 2024,6:34:46 PM EDT,23,0
Oct 27 2024,8:45:46 PM EDT,23,0
Oct 27 2024,8:46:08 PM EDT,140,1
Oct 27 2024,8:51:36 PM EDT,40,0
Oct 27 2024,8:55:48 PM EDT,53,0
Oct 27 2024,9:08:11 PM EDT,55,0
Oct 27 2024,9:09:40 PM EDT,140,1
Oct 27 2024,9:14:17 PM EDT,26,0
Oct 27 2024,9:15:23 PM EDT,140,1
Oct 27 2024,9:21:18 PM EDT,43,0
Oct 27 2024,9:31:03 PM EDT,54,0
Oct 27 2024,9:35:57 PM EDT,36,0
Oct 27 2024,9:37:44 PM EDT,23,0
Oct 27 2024,9:51:33 PM EDT,73,1
Oct 27 2024,9:56:11 PM EDT,82,1
Oct 27 2024,9:57:19 PM EDT,67,1
Oct 27 2024,9:59:22 PM EDT,23,0
Oct 27 2024,10:16:43 PM EDT,23,0
Oct 27 2024,10:21:55 PM EDT,146,0
Oct 27 2024,10:23:05 PM EDT,73,1
Oct 27 2024,10:23:57 PM EDT,39,0
Oct 27 2024,10:29:39 PM EDT,96,1
Oct 27 2024,10:30:01 PM EDT,32,0
Oct 27 2024,10:30:50 PM EDT,140,1
Oct 27 2024,10:35:28 PM EDT,63,0
Oct 27 2024,10:36:31 PM EDT,140,1
Oct 27 2024,10:39:34 PM EDT,89,0
Oct 27 2024,10:42:31 PM EDT,170,0
Oct 27 2024,10:47:30 PM EDT,84,1
Oct 27 2024,10:48:15 PM EDT,57,0
Oct 27 2024,10:50:03 PM EDT,140,1
Oct 27 2024,10:50:27 PM EDT,78,1
Oct 27 2024,10:50:50 PM EDT,39,0
Oct 27 2024,11:01:03 PM EDT,140,1
Oct 27 2024,11:04:44 PM EDT,69,0
Oct 27 2024,11:23:34 PM EDT,140,1
Oct 27 2024,11:25:06 PM EDT,31,0
Oct 27 2024,11:27:04 PM EDT,31,0
Oct 27 2024,11:28:11 PM EDT,31,1
Oct 27 2024,11:30:44 PM EDT,192,0
Oct 27 2024,11:32:25 PM EDT,27,0
Oct 28 2024,3:28:57 AM EDT,73,1
Oct 28 2024,4:07:31 AM EDT,139,1
Oct 28 2024,4:07:35 AM EDT,103,1
Oct 28 2024,10:09:24 AM EDT,67,1
Oct 28 2024,10:17:23 AM EDT,108,1
Oct 28 2024,10:18:16 AM EDT,113,1
Oct 28 2024,10:23:42 AM EDT,91,0
Oct 28 2024,10:24:18 AM EDT,140,1
Oct 28 2024,10:25:18 AM EDT,140,1
Oct 28 2024,10:33:31 AM EDT,27,0
Oct 28 2024,1:53:26 PM EDT,140,1
Oct 28 2024,2:50:56 PM EDT,78,0
Oct 28 2024,2:55:11 PM EDT,97,0
Oct 28 2024,2:59:12 PM EDT,60,0
Oct 28 2024,3:21:31 PM EDT,145,0
Oct 28 2024,3:23:23 PM EDT,27,0
Oct 28 2024,3:23:53 PM EDT,27,0
Oct 28 2024,3:24:37 PM EDT,30,0
Oct 28 2024,3:26:19 PM EDT,139,1
Oct 28 2024,3:44:15 PM EDT,139,0
Oct 28 2024,3:46:03 PM EDT,70,0
Oct 28 2024,3:46:32 PM EDT,53,1
Oct 28 2024,3:47:27 PM EDT,140,1
Oct 28 2024,3:50:16 PM EDT,23,0
Oct 28 2024,3:51:56 PM EDT,35,0
Oct 28 2024,3:59:03 PM EDT,139,1
Oct 28 2024,4:01:35 PM EDT,93,0
Oct 28 2024,5:57:57 PM EDT,123,1
Oct 28 2024,5:59:19 PM EDT,139,1
Oct 28 2024,5:59:43 PM EDT,35,0
Oct 28 2024,6:01:48 PM EDT,119,0
Oct 28 2024,6:03:11 PM EDT,25,0
Oct 28 2024,6:04:02 PM EDT,139,1
Oct 28 2024,6:07:32 PM EDT,69,1
Oct 28 2024,6:50:05 PM EDT,37,0
Oct 28 2024,7:16:25 PM EDT,119,0
Oct 28 2024,7:29:59 PM EDT,140,1
Oct 28 2024,7:39:29 PM EDT,239,0
Oct 28 2024,7:40:36 PM EDT,115,0
Oct 28 2024,7:45:02 PM EDT,23,0
Oct 28 2024,9:01:20 PM EDT,140,1
Oct 28 2024,9:18:40 PM EDT,66,0
Oct 28 2024,9:19:12 PM EDT,28,0
Oct 28 2024,9:42:23 PM EDT,71,0
Oct 28 2024,9:43:45 PM EDT,51,0
Oct 28 2024,9:57:55 PM EDT,218,0
Oct 28 2024,10:17:00 PM EDT,44,0
Oct 28 2024,10:24:23 PM EDT,23,0
Oct 28 2024,10:30:33 PM EDT,255,0
Oct 28 2024,10:31:35 PM EDT,72,0
Oct 28 2024,10:34:40 PM EDT,140,1
Oct 28 2024,10:43:09 PM EDT,106,1
Oct 28 2024,10:53:05 PM EDT,88,0
Oct 28 2024,11:06:39 PM EDT,23,0
Oct 28 2024,11:07:17 PM EDT,25,0
Oct 28 2024,11:08:20 PM EDT,140,1
Oct 28 2024,11:10:34 PM EDT,60,0
Oct 28 2024,11:40:25 PM EDT,166,0
Oct 28 2024,11:42:34 PM EDT,23,0
Oct 28 2024,11:49:52 PM EDT,169,0
Oct 28 2024,11:50:35 PM EDT,140,1
Oct 28 2024,11:55:22 PM EDT,139,1
Oct 29 2024,12:44:34 AM EDT,146,0
Oct 29 2024,12:48:43 AM EDT,140,1
Oct 29 2024,12:51:11 AM EDT,44,0
Oct 29 2024,1:04:01 AM EDT,23,0
Oct 29 2024,1:21:50 AM EDT,49,0
Oct 29 2024,1:22:19 AM EDT,140,1
Oct 29 2024,1:24:45 AM EDT,120,1
Oct 29 2024,1:25:48 AM EDT,45,0
Oct 29 2024,1:39:48 AM EDT,84,1
Oct 29 2024,1:42:36 AM EDT,140,1
Oct 29 2024,1:48:27 AM EDT,33,0
Oct 29 2024,1:50:05 AM EDT,140,1
Oct 29 2024,1:55:16 AM EDT,140,1
Oct 29 2024,1:59:21 AM EDT,140,1
Oct 29 2024,1:59:45 AM EDT,33,0
Oct 29 2024,2:02:24 AM EDT,65,1
Oct 29 2024,2:06:15 AM EDT,25,0
Oct 29 2024,2:34:25 AM EDT,70,0
Oct 29 2024,2:37:22 AM EDT,73,1
Oct 29 2024,2:39:15 AM EDT,85,0
Oct 29 2024,2:41:12 AM EDT,89,1
Oct 29 2024,3:06:24 AM EDT,68,1
Oct 29 2024,3:08:12 AM EDT,56,0
Oct 29 2024,6:14:58 AM EDT,223,0
Oct 29 2024,6:20:58 AM EDT,175,0
Oct 29 2024,6:40:16 AM EDT,169,0
Oct 29 2024,6:41:52 AM EDT,27,0
Oct 29 2024,6:46:38 AM EDT,148,0
Oct 29 2024,6:49:30 AM EDT,64,0
Oct 29 2024,7:09:28 AM EDT,39,0
Oct 29 2024,7:22:53 AM EDT,140,1
Oct 29 2024,7:29:31 AM EDT,40,1
Oct 29 2024,7:29:54 AM EDT,29,0
Oct 29 2024,10:32:25 AM EDT,28,0
Oct 29 2024,10:34:18 AM EDT,33,0
Oct 29 2024,10:41:06 AM EDT,75,0
Oct 29 2024,10:53:59 AM EDT,45,0
Oct 29 2024,10:54:49 AM EDT,71,0
Oct 29 2024,10:56:52 AM EDT,43,0
Oct 29 2024,10:57:54 AM EDT,74,0
Oct 29 2024,11:01:28 AM EDT,202,0
Oct 29 2024,11:02:39 AM EDT,23,0
Oct 29 2024,11:07:58 AM EDT,26,0
Oct 29 2024,11:12:32 AM EDT,139,1
Oct 29 2024,11:14:47 AM EDT,140,1
Oct 29 2024,11:15:23 AM EDT,140,1
Oct 29 2024,11:16:25 AM EDT,135,1
Oct 29 2024,11:17:33 AM EDT,71,1
Oct 29 2024,11:18:23 AM EDT,140,1
Oct 29 2024,11:24:47 AM EDT,30,0
Oct 29 2024,11:30:56 AM EDT,255,0
Oct 29 2024,11:34:37 AM EDT,67,0
Oct 29 2024,11:35:56 AM EDT,26,0
Oct 29 2024,1:08:48 PM EDT,140,1
Oct 29 2024,1:12:00 PM EDT,43,0
Oct 29 2024,1:22:40 PM EDT,48,0
Oct 29 2024,1:44:29 PM EDT,105,1
Oct 29 2024,1:44:44 PM EDT,140,1
Oct 29 2024,1:49:24 PM EDT,140,1
Oct 29 2024,2:43:21 PM EDT,140,1
Oct 29 2024,4:18:40 PM EDT,114,1
Oct 29 2024,4:23:16 PM EDT,94,0
Oct 29 2024,4:25:15 PM EDT,140,1
Oct 29 2024,4:34:25 PM EDT,28,0
Oct 29 2024,4:35:42 PM EDT,55,0
Oct 29 2024,6:07:37 PM EDT,100,1
Oct 29 2024,6:32:19 PM EDT,84,0
Oct 29 2024,6:32:55 PM EDT,115,1
Oct 29 2024,7:14:56 PM EDT,29,0
Oct 29 2024,7:16:06 PM EDT,138,1
Oct 29 2024,9:32:44 PM EDT,67,0
Oct 29 2024,9:43:59 PM EDT,60,0
Oct 29 2024,9:44:32 PM EDT,99,1
Oct 29 2024,9:54:36 PM EDT,140,1
Oct 29 2024,9:55:57 PM EDT,131,0
Oct 30 2024,12:10:04 AM EDT,139,1
Oct 30 2024,12:20:25 AM EDT,25,0
Oct 30 2024,2:16:57 AM EDT,139,1
Oct 30 2024,2:28:58 AM EDT,62,1
Oct 30 2024,2:41:27 AM EDT,93,1
Oct 30 2024,2:43:48 AM EDT,23,0
Oct 30 2024,5:01:02 AM EDT,140,1
Oct 30 2024,5:06:32 AM EDT,136,0
Oct 30 2024,5:08:06 AM EDT,43,0
Oct 30 2024,5:19:13 AM EDT,122,0
Oct 30 2024,5:27:44 AM EDT,140,1
Oct 30 2024,5:28:53 AM EDT,59,1
Oct 30 2024,5:30:42 AM EDT,140,1
Oct 30 2024,5:32:41 AM EDT,57,0
Oct 30 2024,5:33:38 AM EDT,87,0
Oct 30 2024,5:35:33 AM EDT,140,1
Oct 30 2024,11:54:54 AM EDT,140,1
Oct 30 2024,11:59:40 AM EDT,27,0
Oct 30 2024,12:04:35 PM EDT,37,0
Oct 30 2024,12:05:13 PM EDT,71,0
Oct 30 2024,12:06:33 PM EDT,103,0
Oct 30 2024,12:08:00 PM EDT,74,0
Oct 30 2024,12:09:09 PM EDT,49,0
Oct 30 2024,12:09:32 PM EDT,114,1
Oct 30 2024,12:13:33 PM EDT,118,0
Oct 30 2024,12:14:31 PM EDT,49,0
Oct 30 2024,12:15:56 PM EDT,77,0
Oct 30 2024,12:18:28 PM EDT,140,1
Oct 30 2024,12:19:47 PM EDT,94,0
Oct 30 2024,1:43:00 PM EDT,139,1
Oct 30 2024,1:47:13 PM EDT,25,0
Oct 30 2024,2:14:34 PM EDT,118,0
Oct 30 2024,5:04:35 PM EDT,23,0
Oct 30 2024,5:05:39 PM EDT,27,0
Oct 30 2024,5:07:39 PM EDT,139,1
Oct 30 2024,5:09:14 PM EDT,25,0
Oct 30 2024,5:11:00 PM EDT,140,1
Oct 30 2024,5:15:39 PM EDT,57,0
Oct 30 2024,5:15:59 PM EDT,140,1
Oct 30 2024,5:16:52 PM EDT,34,0
Oct 30 2024,5:23:53 PM EDT,247,0
Oct 30 2024,5:25:16 PM EDT,140,1
Oct 30 2024,5:25:40 PM EDT,118,1
Oct 30 2024,5:34:38 PM EDT,74,0
Oct 30 2024,5:36:49 PM EDT,144,0
Oct 30 2024,5:37:09 PM EDT,140,1
Oct 30 2024,5:39:15 PM EDT,44,0
Oct 30 2024,5:41:03 PM EDT,45,0
Oct 30 2024,5:41:55 PM EDT,59,1
Oct 30 2024,5:42:52 PM EDT,28,0
Oct 30 2024,5:43:28 PM EDT,23,0
Oct 30 2024,5:43:47 PM EDT,138,1
Oct 30 2024,5:44:22 PM EDT,32,0
Oct 30 2024,5:59:00 PM EDT,255,0
Oct 30 2024,6:15:41 PM EDT,193,0
Oct 30 2024,6:19:35 PM EDT,255,0
Oct 30 2024,6:20:41 PM EDT,41,0
Oct 30 2024,7:10:02 PM EDT,44,0
Oct 30 2024,7:11:23 PM EDT,61,0
Oct 30 2024,7:13:49 PM EDT,80,0
Oct 30 2024,7:17:07 PM EDT,126,1
Oct 30 2024,7:17:36 PM EDT,47,0
Oct 30 2024,7:23:04 PM EDT,103,0
Oct 30 2024,7:24:14 PM EDT,28,0
Oct 30 2024,7:25:57 PM EDT,94,1
Oct 30 2024,9:40:28 PM EDT,86,0
Oct 31 2024,1:10:36 AM EDT,98,1
Oct 31 2024,1:13:14 AM EDT,31,0
Oct 31 2024,3:52:12 AM EDT,139,1
Oct 31 2024,8:07:05 AM EDT,25,0
Oct 31 2024,8:07:41 AM EDT,140,1
Oct 31 2024,8:18:29 AM EDT,140,1
Oct 31 2024,8:19:08 AM EDT,140,1
Oct 31 2024,8:22:48 AM EDT,42,0
Oct 31 2024,8:31:01 AM EDT,30,1
Oct 31 2024,8:36:26 AM EDT,140,1
Oct 31 2024,8:37:12 AM EDT,140,1
Oct 31 2024,8:39:49 AM EDT,60,0
Oct 31 2024,8:41:59 AM EDT,55,0
Oct 31 2024,8:45:41 AM EDT,140,1
Oct 31 2024,8:45:57 AM EDT,140,1
Oct 31 2024,8:52:41 AM EDT,255,0
Oct 31 2024,8:54:10 AM EDT,62,0
Oct 31 2024,8:55:45 AM EDT,102,0
Oct 31 2024,8:58:06 AM EDT,23,0
Oct 31 2024,9:09:07 AM EDT,40,0
Oct 31 2024,9:12:10 AM EDT,29,0
Oct 31 2024,9:14:17 AM EDT,140,1
Oct 31 2024,9:14:56 AM EDT,66,0
Oct 31 2024,9:17:31 AM EDT,35,0
Oct 31 2024,9:21:40 AM EDT,140,1
Oct 31 2024,9:24:03 AM EDT,36,0
Oct 31 2024,9:33:09 AM EDT,85,0
Oct 31 2024,9:38:50 AM EDT,140,1
Oct 31 2024,9:39:40 AM EDT,25,0
Oct 31 2024,9:44:29 AM EDT,46,0
Oct 31 2024,9:51:51 AM EDT,46,0
Oct 31 2024,9:59:38 AM EDT,34,0
Oct 31 2024,10:00:08 AM EDT,91,1
Oct 31 2024,10:03:25 AM EDT,138,1
Oct 31 2024,10:04:20 AM EDT,56,1
Oct 31 2024,10:45:32 AM EDT,140,1
Oct 31 2024,10:51:10 AM EDT,23,0
Oct 31 2024,11:03:54 AM EDT,93,1
Oct 31 2024,11:06:57 AM EDT,139,1
Oct 31 2024,11:17:04 AM EDT,140,1
Oct 31 2024,11:34:17 AM EDT,57,0
Oct 31 2024,11:58:23 AM EDT,46,0
Oct 31 2024,12:00:46 PM EDT,61,0
Oct 31 2024,12:06:03 PM EDT,89,0
Oct 31 2024,12:16:06 PM EDT,96,0
Oct 31 2024,12:27:45 PM EDT,140,1
Oct 31 2024,4:06:14 PM EDT,96,0
Oct 31 2024,4:51:50 PM EDT,140,1
Oct 31 2024,6:30:45 PM EDT,26,0
Oct 31 2024,6:31:50 PM EDT,34,0
Oct 31 2024,6:32:28 PM EDT,140,1
Oct 31 2024,8:07:42 PM EDT,31,0
Nov 1 2024,12:36:12 AM EDT,140,1
Nov 1 2024,12:37:37 AM EDT,49,0
Nov 1 2024,12:38:36 AM EDT,28,0
Nov 1 2024,12:39:13 AM EDT,36,1
Nov 1 2024,12:54:34 AM EDT,33,0
Nov 1 2024,12:58:02 AM EDT,74,0
Nov 1 2024,12:58:37 AM EDT,28,0
Nov 1 2024,1:09:31 AM EDT,90,1
Nov 1 2024,1:40:15 AM EDT,27,0
Nov 1 2024,1:44:47 AM EDT,28,0
Nov 1 2024,1:53:43 AM EDT,32,0
Nov 1 2024,1:57:33 AM EDT,31,0
Nov 1 2024,1:58:31 AM EDT,26,0
Nov 1 2024,2:11:13 AM EDT,66,0
Nov 1 2024,10:29:25 AM EDT,140,1
Nov 1 2024,10:35:29 AM EDT,31,0
Nov 1 2024,10:36:03 AM EDT,33,0
Nov 1 2024,10:38:40 AM EDT,32,0
Nov 1 2024,10:48:28 AM EDT,27,0
Nov 1 2024,10:48:55 AM EDT,45,0
Nov 1 2024,10:50:54 AM EDT,59,0
Nov 1 2024,10:52:45 AM EDT,140,1
Nov 1 2024,10:52:53 AM EDT,139,1
Nov 1 2024,10:53:35 AM EDT,41,0
Nov 1 2024,10:54:46 AM EDT,95,0
Nov 1 2024,10:57:22 AM EDT,104,0
Nov 1 2024,11:04:14 AM EDT,59,0
Nov 1 2024,11:04:39 AM EDT,136,1
Nov 1 2024,11:05:43 AM EDT,86,0
Nov 1 2024,11:08:37 AM EDT,91,0
Nov 1 2024,11:10:13 AM EDT,27,0
Nov 1 2024,11:21:35 AM EDT,56,0
Nov 1 2024,11:33:33 AM EDT,34,0
Nov 1 2024,11:55:12 AM EDT,23,0
Nov 1 2024,11:59:38 AM EDT,41,0
Nov 1 2024,12:00:01 PM EDT,27,0
Nov 1 2024,12:00:35 PM EDT,90,0
Nov 1 2024,12:02:29 PM EDT,75,0
Nov 1 2024,12:07:43 PM EDT,198,0
Nov 1 2024,12:10:37 PM EDT,27,0
Nov 1 2024,12:13:52 PM EDT,107,1
Nov 1 2024,2:27:14 PM EDT,255,0
Nov 1 2024,2:27:56 PM EDT,27,0
Nov 1 2024,2:28:20 PM EDT,61,0
Nov 1 2024,2:29:22 PM EDT,44,0
Nov 1 2024,2:35:41 PM EDT,98,1
Nov 1 2024,2:36:32 PM EDT,97,0
Nov 1 2024,2:38:46 PM EDT,140,1
Nov 1 2024,2:40:03 PM EDT,158,0
Nov 1 2024,2:47:32 PM EDT,23,0
Nov 1 2024,2:47:51 PM EDT,31,0
Nov 1 2024,2:48:24 PM EDT,84,0
Nov 1 2024,2:55:35 PM EDT,60,0
Nov 1 2024,6:02:35 PM EDT,34,0
Nov 1 2024,6:03:53 PM EDT,23,0
Nov 1 2024,6:05:25 PM EDT,31,0
Nov 1 2024,6:15:25 PM EDT,26,0
Nov 1 2024,6:18:46 PM EDT,140,1
Nov 1 2024,6:21:00 PM EDT,140,1
Nov 1 2024,6:21:58 PM EDT,63,0
Nov 1 2024,10:23:31 PM EDT,140,1
Nov 1 2024,10:33:41 PM EDT,90,0
Nov 1 2024,10:41:36 PM EDT,54,0
Nov 1 2024,10:44:04 PM EDT,57,0
Nov 1 2024,10:55:48 PM EDT,70,0
Nov 1 2024,10:56:03 PM EDT,62,1
Nov 1 2024,10:56:30 PM EDT,28,0
Nov 1 2024,10:56:48 PM EDT,140,1
Nov 1 2024,10:57:11 PM EDT,28,0
Nov 1 2024,11:01:13 PM EDT,93,0
Nov 1 2024,11:02:18 PM EDT,61,0
Nov 1 2024,11:03:48 PM EDT,55,1
Nov 2 2024,2:21:49 AM EDT,41,0
Nov 2 2024,2:32:34 AM EDT,144,0
Nov 2 2024,2:35:19 AM EDT,27,0
Nov 2 2024,2:41:27 AM EDT,40,0
Nov 2 2024,2:42:12 AM EDT,93,0
Nov 2 2024,2:49:48 AM EDT,26,0
Nov 2 2024,2:53:41 AM EDT,27,0
Nov 2 2024,2:54:36 AM EDT,140,1
Nov 2 2024,2:55:12 AM EDT,140,1
Nov 2 2024,3:02:19 AM EDT,73,0
Nov 2 2024,3:07:38 AM EDT,172,0
Nov 2 2024,11:33:53 AM EDT,40,0
Nov 2 2024,11:44:08 AM EDT,91,0
Nov 2 2024,11:49:38 AM EDT,255,0
Nov 2 2024,11:51:53 AM EDT,92,0
Nov 2 2024,12:03:20 PM EDT,255,0
Nov 2 2024,12:05:11 PM EDT,82,0
Nov 2 2024,12:13:01 PM EDT,124,0
Nov 2 2024,12:36:16 PM EDT,173,0
Nov 2 2024,12:38:01 PM EDT,47,0
Nov 2 2024,12:43:04 PM EDT,71,1
Nov 2 2024,12:58:33 PM EDT,49,0
Nov 2 2024,2:38:50 PM EDT,54,0
Nov 2 2024,2:41:02 PM EDT,16,0
Nov 2 2024,2:43:10 PM EDT,62,0
Nov 2 2024,2:49:20 PM EDT,132,0
Nov 2 2024,2:49:50 PM EDT,25,0
Nov 2 2024,2:51:26 PM EDT,89,0
Nov 2 2024,2:56:38 PM EDT,146,0
Nov 2 2024,3:04:27 PM EDT,143,0
Nov 2 2024,3:25:37 PM EDT,25,0
Nov 2 2024,3:28:29 PM EDT,42,0
Nov 2 2024,3:29:29 PM EDT,46,0
Nov 2 2024,3:30:45 PM EDT,65,0
Nov 2 2024,3:31:29 PM EDT,77,0
Nov 2 2024,3:33:23 PM EDT,231,0
Nov 2 2024,3:35:11 PM EDT,56,0
Nov 2 2024,4:09:53 PM EDT,96,0
Nov 2 2024,4:13:37 PM EDT,61,0
Nov 2 2024,4:18:12 PM EDT,80,0
Nov 2 2024,4:19:32 PM EDT,92,0
Nov 2 2024,4:24:07 PM EDT,141,0
Nov 2 2024,4:24:45 PM EDT,60,0
Nov 2 2024,4:25:58 PM EDT,35,0
Nov 2 2024,4:28:44 PM EDT,255,0
Nov 2 2024,4:29:14 PM EDT,41,0
Nov 2 2024,4:29:47 PM EDT,26,0
Nov 2 2024,4:31:42 PM EDT,83,0
Nov 2 2024,4:33:01 PM EDT,105,0
Nov 2 2024,4:36:30 PM EDT,107,1
Nov 2 2024,4:37:44 PM EDT,38,0
Nov 2 2024,6:09:59 PM EDT,32,0
Nov 2 2024,7:42:41 PM EDT,140,1
Nov 2 2024,7:45:18 PM EDT,81,0
Nov 2 2024,7:45:43 PM EDT,28,0
Nov 2 2024,8:24:19 PM EDT,115,1
Nov 2 2024,11:22:16 PM EDT,255,0
Nov 3 2024,12:34:40 AM EDT,26,0
Nov 3 2024,12:46:15 AM EDT,28,0
Nov 3 2024,1:14:09 AM EDT,62,0
Nov 3 2024,1:27:27 AM EDT,27,0
Nov 3 2024,1:28:07 AM EDT,25,0
Nov 3 2024,1:28:24 AM EDT,140,1
Nov 3 2024,1:32:28 AM EDT,140,1
Nov 3 2024,1:32:51 AM EDT,31,0
Nov 3 2024,1:49:59 AM EDT,173,0
Nov 3 2024,1:51:29 AM EDT,51,1
Nov 3 2024,1:54:54 AM EDT,30,0
Nov 3 2024,1:14:53 AM EST,137,1
Nov 3 2024,1:17:31 AM EST,37,1
Nov 3 2024,1:19:15 AM EST,36,0
Nov 3 2024,1:19:43 AM EST,23,0
Nov 3 2024,1:24:14 AM EST,140,1
Nov 3 2024,1:26:37 AM EST,64,1
Nov 3 2024,1:29:42 AM EST,25,0
Nov 3 2024,1:30:19 AM EST,55,0
Nov 3 2024,8:18:39 AM EST,31,0
Nov 3 2024,8:18:55 AM EST,60,1
Nov 3 2024,8:21:56 AM EST,125,0
Nov 3 2024,8:25:07 AM EST,168,0
Nov 3 2024,8:33:16 AM EST,180,0
Nov 3 2024,8:47:01 AM EST,59,0
Nov 3 2024,9:13:49 AM EST,140,1
Nov 3 2024,9:17:37 AM EST,58,0
Nov 3 2024,9:19:41 AM EST,137,0
Nov 3 2024,9:21:13 AM EST,61,0
Nov 3 2024,9:24:31 AM EST,34,0
Nov 3 2024,10:00:07 AM EST,30,0
Nov 3 2024,10:09:46 AM EST,132,0
Nov 3 2024,10:14:50 AM EST,164,0
Nov 3 2024,10:20:37 AM EST,140,1
Nov 3 2024,10:56:22 AM EST,44,0
Nov 3 2024,10:58:13 AM EST,28,0
Nov 3 2024,10:59:14 AM EST,140,1
Nov 3 2024,11:00:12 AM EST,28,0
Nov 3 2024,11:15:42 AM EST,254,0
Nov 3 2024,11:19:36 AM EST,92,1
Nov 3 2024,11:23:22 AM EST,204,0
Nov 3 2024,11:32:37 AM EST,141,0
Nov 3 2024,11:36:47 AM EST,68,0
Nov 3 2024,11:38:40 AM EST,28,0
Nov 3 2024,11:43:07 AM EST,255,0
Nov 3 2024,2:58:56 PM EST,37,0
Nov 3 2024,3:28:08 PM EST,34,0
Nov 3 2024,3:29:10 PM EST,28,0
Nov 3 2024,3:31:29 PM EST,106,0
Nov 3 2024,3:33:30 PM EST,131,0
Nov 3 2024,3:34:54 PM EST,140,1
Nov 3 2024,3:36:22 PM EST,52,0
Nov 3 2024,3:36:56 PM EST,28,0
Nov 3 2024,3:49:21 PM EST,140,1
Nov 3 2024,3:52:50 PM EST,53,0
Nov 3 2024,3:53:00 PM EST,140,1
Nov 3 2024,3:53:45 PM EST,61,0
Nov 3 2024,3:56:11 PM EST,67,0
Nov 3 2024,3:56:27 PM EST,27,0
Nov 3 2024,3:57:39 PM EST,28,0
Nov 3 2024,8:41:00 PM EST,39,0
Nov 3 2024,8:42:26 PM EST,132,0
Nov 3 2024,9:12:41 PM EST,251,0
Nov 3 2024,9:13:36 PM EST,44,0
Nov 3 2024,9:20:08 PM EST,41,0
Nov 3 2024,10:42:23 PM EST,67,1
Nov 3 2024,10:44:07 PM EST,28,0
Nov 3 2024,11:59:07 PM EST,28,0
Nov 4 2024,12:09:13 AM EST,23,0
Nov 4 2024,12:09:31 AM EST,140,1
Nov 4 2024,12:17:52 AM EST,25,0
Nov 4 2024,12:20:54 AM EST,140,1
Nov 4 2024,1:47:10 AM EST,128,0
Nov 4 2024,1:51:40 AM EST,255,0
Nov 4 2024,2:02:27 AM EST,172,0
Nov 4 2024,2:07:52 AM EST,45,0
Nov 4 2024,2:13:01 AM EST,88,0
Nov 4 2024,2:20:34 AM EST,50,0
Nov 4 2024,2:29:31 AM EST,27,0
Nov 4 2024,2:40:59 AM EST,27,0
Nov 4 2024,2:41:35 AM EST,40,0
Nov 4 2024,2:43:03 AM EST,38,0
Nov 4 2024,2:46:28 AM EST,25,0
Nov 4 2024,2:48:21 AM EST,131,1
Nov 4 2024,2:49:55 AM EST,60,0
Nov 4 2024,3:01:21 AM EST,38,0
Nov 4 2024,3:05:41 AM EST,139,1
Nov 4 2024,3:15:34 AM EST,23,0
Nov 4 2024,3:17:26 AM EST,62,1
Nov 4 2024,8:50:13 AM EST,38,0
Nov 4 2024,8:54:16 AM EST,204,0
Nov 4 2024,9:01:30 AM EST,167,0
Nov 4 2024,9:08:17 AM EST,25,0
Nov 4 2024,9:12:52 AM EST,45,0
Nov 4 2024,9:18:25 AM EST,138,1
Nov 4 2024,9:20:01 AM EST,140,1
Nov 4 2024,9:23:46 AM EST,42,0
Nov 4 2024,9:36:47 AM EST,82,0
Nov 4 2024,9:48:47 AM EST,57,0
Nov 4 2024,9:50:04 AM EST,131,1
Nov 4 2024,10:28:33 AM EST,74,0
Nov 4 2024,10:37:31 AM EST,44,1
Nov 4 2024,10:56:48 AM EST,61,1
Nov 4 2024,11:06:59 AM EST,32,0
Nov 4 2024,11:17:55 AM EST,73,0
Nov 4 2024,11:19:12 AM EST,50,0
Nov 4 2024,11:20:10 AM EST,74,0
Nov 4 2024,2:23:54 PM EST,140,1
Nov 4 2024,2:26:56 PM EST,53,0
Nov 4 2024,2:27:15 PM EST,27,0
Nov 4 2024,2:34:04 PM EST,23,0
Nov 4 2024,2:36:03 PM EST,23,0
Nov 4 2024,3:35:49 PM EST,140,1
Nov 4 2024,4:03:24 PM EST,23,0
Nov 4 2024,4:46:45 PM EST,23,0
Nov 4 2024,4:47:05 PM EST,140,1
Nov 4 2024,4:49:40 PM EST,23,0
Nov 4 2024,4:58:33 PM EST,55,0
Nov 4 2024,5:09:48 PM EST,140,1
Nov 4 2024,7:49:06 PM EST,23,0
Nov 4 2024,7:49:16 PM EST,23,0
Nov 4 2024,8:25:38 PM EST,47,0
Nov 4 2024,8:26:46 PM EST,71,0
Nov 4 2024,8:27:07 PM EST,23,0
Nov 4 2024,8:28:12 PM EST,23,0
Nov 4 2024,8:30:18 PM EST,28,0
Nov 4 2024,8:31:46 PM EST,139,1
Nov 4 2024,8:38:41 PM EST,23,0
Nov 4 2024,8:47:04 PM EST,97,0
Nov 4 2024,9:04:17 PM EST,32,0
Nov 4 2024,9:08:04 PM EST,150,0
Nov 4 2024,9:10:50 PM EST,23,0
Nov 4 2024,9:14:03 PM EST,27,0
Nov 4 2024,9:17:30 PM EST,29,0
Nov 4 2024,9:19:11 PM EST,57,0
Nov 4 2024,9:19:45 PM EST,35,0
Nov 4 2024,9:21:37 PM EST,52,0
Nov 4 2024,9:28:02 PM EST,184,0
Nov 4 2024,9:29:10 PM EST,95,0
Nov 4 2024,9:43:10 PM EST,34,0
Nov 4 2024,10:01:32 PM EST,66,0
Nov 4 2024,10:56:08 PM EST,140,1
Nov 4 2024,11:00:28 PM EST,91,1
Nov 4 2024,11:39:46 PM EST,25,0
Nov 4 2024,11:48:29 PM EST,92,0
Nov 5 2024,12:24:07 AM EST,27,0
Nov 5 2024,12:58:10 AM EST,28,0
Nov 5 2024,1:01:56 AM EST,42,0
Nov 5 2024,1:05:18 AM EST,51,0
Nov 5 2024,1:25:30 AM EST,52,0
Nov 5 2024,1:26:49 AM EST,140,1
Nov 5 2024,1:29:09 AM EST,137,1
Nov 5 2024,1:38:22 AM EST,59,0
Nov 5 2024,1:39:28 AM EST,140,1
Nov 5 2024,1:40:40 AM EST,73,0
Nov 5 2024,1:41:48 AM EST,45,1
Nov 5 2024,1:51:18 AM EST,255,0
Nov 5 2024,4:21:20 AM EST,120,1
Nov 5 2024,4:21:26 AM EST,77,1
Nov 5 2024,4:22:14 AM EST,61,0
Nov 5 2024,5:13:07 AM EST,106,1
Nov 5 2024,5:18:06 AM EST,139,1
Nov 5 2024,5:47:01 AM EST,79,1
Nov 5 2024,9:58:26 AM EST,140,1
Nov 5 2024,9:58:51 AM EST,140,1
Nov 5 2024,10:11:01 AM EST,87,1
Nov 5 2024,10:11:49 AM EST,48,1
Nov 5 2024,10:24:54 AM EST,94,0
Nov 5 2024,10:25:40 AM EST,115,0
Nov 5 2024,10:26:01 AM EST,139,1
Nov 5 2024,10:29:43 AM EST,140,1
Nov 5 2024,10:31:43 AM EST,140,1
Nov 5 2024,11:39:38 AM EST,53,1
Nov 5 2024,11:42:50 AM EST,64,0
Nov 5 2024,11:46:11 AM EST,140,1
Nov 5 2024,11:46:52 AM EST,52,0
Nov 5 2024,12:09:43 PM EST,102,0
Nov 5 2024,12:17:53 PM EST,140,1
Nov 5 2024,12:35:11 PM EST,140,1
Nov 5 2024,12:35:56 PM EST,67,0
Nov 5 2024,12:39:57 PM EST,30,0
Nov 5 2024,1:01:55 PM EST,84,0
Nov 5 2024,1:49:31 PM EST,140,1
Nov 5 2024,2:29:46 PM EST,51,0
Nov 5 2024,2:37:02 PM EST,25,0
Nov 5 2024,2:49:46 PM EST,42,0
Nov 5 2024,3:02:33 PM EST,25,0
Nov 5 2024,3:03:01 PM EST,34,0
Nov 5 2024,3:03:52 PM EST,41,0
Nov 5 2024,3:12:04 PM EST,136,0
Nov 5 2024,3:50:16 PM EST,52,0
Nov 5 2024,4:06:10 PM EST,78,0
Nov 5 2024,4:15:44 PM EST,82,0
Nov 5 2024,4:54:32 PM EST,63,0
Nov 5 2024,5:04:45 PM EST,23,0
Nov 5 2024,6:34:38 PM EST,138,1
Nov 5 2024,6:53:20 PM EST,44,0
Nov 5 2024,6:56:20 PM EST,57,0
Nov 5 2024,7:02:26 PM EST,128,0
Nov 5 2024,8:05:37 PM EST,34,0
Nov 5 2024,8:24:35 PM EST,56,0
Nov 5 2024,8:27:44 PM EST,65,1
Nov 5 2024,10:17:48 PM EST,36,0
Nov 5 2024,10:19:08 PM EST,31,0
Nov 5 2024,10:32:49 PM EST,19,0
Nov 5 2024,10:36:19 PM EST,39,0
Nov 5 2024,11:28:35 PM EST,139,1
Nov 5 2024,11:30:15 PM EST,68,1
Nov 5 2024,11:41:40 PM EST,31,0
Nov 5 2024,11:50:35 PM EST,63,0
Nov 5 2024,11:54:15 PM EST,179,0
Nov 6 2024,12:01:15 AM EST,60,0
Nov 6 2024,12:35:11 AM EST,40,0
Nov 6 2024,1:07:14 AM EST,55,0
Nov 6 2024,1:17:19 AM EST,21,0
Nov 6 2024,1:25:05 AM EST,86,0
Nov 6 2024,1:28:11 AM EST,56,0
Nov 6 2024,2:53:49 AM EST,52,1
Nov 6 2024,11:39:24 AM EST,54,0
Nov 6 2024,11:59:16 AM EST,253,0
Nov 6 2024,12:08:48 PM EST,119,0
Nov 6 2024,1:21:35 PM EST,140,1
Nov 6 2024,4:47:07 PM EST,105,0
Nov 6 2024,5:06:21 PM EST,140,1
Nov 6 2024,5:09:45 PM EST,58,1
Nov 6 2024,6:10:30 PM EST,43,0
Nov 6 2024,7:02:13 PM EST,43,0
Nov 6 2024,7:35:26 PM EST,255,0
Nov 6 2024,7:50:47 PM EST,27,0
Nov 6 2024,7:52:31 PM EST,27,0
Nov 6 2024,8:36:30 PM EST,23,0
Nov 6 2024,8:37:40 PM EST,90,0
Nov 6 2024,8:44:50 PM EST,51,0
Nov 6 2024,8:48:15 PM EST,32,0
Nov 6 2024,11:47:53 PM EST,255,0
Nov 6 2024,11:55:03 PM EST,254,0
Nov 7 2024,12:05:07 AM EST,103,0
Nov 7 2024,9:09:12 AM EST,28,0
Nov 7 2024,9:10:58 AM EST,139,1
Nov 7 2024,9:23:22 AM EST,241,0
Nov 7 2024,9:26:41 AM EST,104,0
Nov 7 2024,9:31:44 AM EST,139,1
Nov 7 2024,9:40:52 AM EST,255,0
Nov 7 2024,9:42:22 AM EST,139,1
Nov 7 2024,10:05:09 AM EST,25,0
Nov 7 2024,10:14:38 AM EST,191,0
Nov 7 2024,10:27:13 AM EST,65,0
Nov 7 2024,10:27:45 AM EST,34,0
Nov 7 2024,10:28:29 AM EST,192,0
Nov 7 2024,10:32:30 AM EST,86,0
Nov 7 2024,11:11:31 AM EST,37,1
Nov 7 2024,11:14:22 AM EST,58,0
Nov 7 2024,11:16:28 AM EST,41,0
Nov 7 2024,11:21:49 AM EST,61,0
Nov 7 2024,11:23:56 AM EST,120,0
Nov 7 2024,11:35:44 AM EST,127,0
Nov 7 2024,11:50:51 AM EST,195,0
Nov 7 2024,12:20:28 PM EST,46,0
Nov 7 2024,12:22:09 PM EST,43,0
Nov 7 2024,12:28:13 PM EST,49,0
Nov 7 2024,12:40:53 PM EST,223,0
Nov 7 2024,2:01:51 PM EST,104,0
Nov 7 2024,2:03:18 PM EST,84,0
Nov 7 2024,2:04:12 PM EST,41,0
Nov 7 2024,2:06:03 PM EST,209,0
Nov 7 2024,9:29:23 PM EST,31,0
Nov 8 2024,12:59:45 AM EST,88,0
Nov 8 2024,1:00:36 AM EST,47,0
Nov 8 2024,1:05:17 AM EST,140,1
Nov 8 2024,1:43:44 AM EST,140,1
Nov 8 2024,1:47:45 AM EST,61,0
Nov 8 2024,1:48:58 AM EST,86,0
Nov 8 2024,1:49:42 AM EST,105,1
Nov 8 2024,1:52:23 AM EST,28,0
Nov 8 2024,2:01:52 AM EST,45,0
Nov 8 2024,2:03:15 AM EST,95,1
Nov 8 2024,2:03:56 AM EST,59,0
Nov 8 2024,2:04:32 AM EST,36,1
Nov 8 2024,2:10:46 AM EST,94,1
Nov 8 2024,2:11:07 AM EST,41,0
Nov 8 2024,2:11:20 AM EST,25,0
Nov 8 2024,2:35:05 AM EST,44,0
Nov 8 2024,2:43:25 AM EST,75,0
Nov 8 2024,9:35:21 AM EST,140,1
Nov 8 2024,9:43:45 AM EST,64,1
Nov 8 2024,9:43:52 AM EST,57,1
Nov 8 2024,9:49:11 AM EST,255,0
Nov 8 2024,10:54:57 AM EST,129,0
Nov 8 2024,11:20:47 AM EST,78,0
Nov 8 2024,11:21:41 AM EST,41,0
Nov 8 2024,11:33:34 AM EST,135,0
Nov 8 2024,11:35:29 AM EST,53,0
Nov 8 2024,11:40:55 AM EST,62,0
Nov 8 2024,11:51:49 AM EST,102,1
Nov 8 2024,12:14:32 PM EST,27,0
Nov 8 2024,12:19:31 PM EST,64,0
Nov 8 2024,12:23:46 PM EST,31,0
Nov 8 2024,12:28:36 PM EST,26,0
Nov 8 2024,12:31:37 PM EST,166,0
Nov 8 2024,12:36:38 PM EST,28,0
Nov 8 2024,12:38:43 PM EST,45,0
Nov 8 2024,12:53:21 PM EST,45,0
Nov 8 2024,2:53:31 PM EST,87,0
Nov 8 2024,7:30:02 PM EST,29,0
Nov 8 2024,11:26:32 PM EST,33,0
Nov 8 2024,11:29:15 PM EST,35,0
Nov 8 2024,11:39:31 PM EST,25,0
Nov 8 2024,11:42:52 PM EST,27,0
Nov 8 2024,11:46:11 PM EST,26,0
Nov 8 2024,11:49:04 PM EST,37,0
Nov 9 2024,12:06:21 AM EST,94,1
Nov 9 2024,12:07:34 AM EST,28,0
Nov 9 2024,12:26:54 AM EST,29,0
Nov 9 2024,12:32:36 AM EST,35,0
Nov 9 2024,12:37:47 AM EST,28,0
Nov 9 2024,12:39:43 AM EST,54,0
Nov 9 2024,12:44:38 AM EST,23,0
Nov 9 2024,12:45:17 AM EST,140,1
Nov 9 2024,12:46:11 AM EST,25,0
Nov 9 2024,1:06:25 AM EST,190,0
Nov 9 2024,1:08:50 AM EST,25,0
Nov 9 2024,1:10:08 AM EST,140,1
Nov 9 2024,1:13:12 AM EST,126,1
Nov 9 2024,1:14:31 AM EST,140,1
Nov 9 2024,1:14:48 AM EST,87,1
Nov 9 2024,1:35:30 AM EST,114,0
Nov 9 2024,1:39:34 AM EST,140,1
Nov 9 2024,1:40:39 AM EST,41,0
Nov 9 2024,1:41:43 AM EST,55,0
Nov 9 2024,1:49:12 AM EST,117,0
Nov 9 2024,1:55:06 AM EST,27,0
Nov 9 2024,1:56:38 AM EST,140,1
Nov 9 2024,1:57:59 AM EST,139,1
Nov 9 2024,1:58:40 AM EST,35,0
Nov 9 2024,2:00:19 AM EST,178,0
Nov 9 2024,2:04:02 AM EST,137,0
Nov 9 2024,2:09:04 AM EST,27,0
Nov 9 2024,2:17:03 AM EST,77,1
Nov 9 2024,2:18:18 AM EST,140,1
Nov 9 2024,2:29:25 AM EST,50,0
Nov 9 2024,2:34:01 AM EST,71,0
Nov 9 2024,2:36:29 AM EST,140,1
Nov 9 2024,2:38:25 AM EST,23,0
Nov 9 2024,2:39:37 AM EST,68,1
Nov 9 2024,2:39:53 AM EST,44,1
Nov 9 2024,2:45:50 AM EST,46,0
Nov 9 2024,2:48:29 AM EST,28,0
Nov 9 2024,2:49:00 AM EST,140,1
Nov 9 2024,2:49:48 AM EST,43,1
Nov 9 2024,3:01:01 AM EST,102,1
Nov 9 2024,11:37:47 AM EST,25,0
Nov 9 2024,11:55:31 AM EST,45,0
Nov 9 2024,3:29:14 PM EST,87,1
Nov 9 2024,5:15:24 PM EST,125,1
Nov 9 2024,6:00:13 PM EST,140,1
Nov 9 2024,6:05:14 PM EST,140,1
Nov 9 2024,6:09:53 PM EST,173,0
Nov 9 2024,6:11:35 PM EST,69,0
Nov 9 2024,6:18:42 PM EST,34,0
Nov 9 2024,6:23:22 PM EST,47,0
Nov 9 2024,6:53:16 PM EST,26,0
Nov 9 2024,7:03:58 PM EST,51,1
Nov 9 2024,7:47:41 PM EST,56,1
Nov 9 2024,8:02:35 PM EST,45,0
Nov 9 2024,10:19:28 PM EST,57,0
Nov 9 2024,10:40:59 PM EST,27,0
Nov 9 2024,11:05:23 PM EST,140,1
Nov 9 2024,11:13:27 PM EST,38,0
Nov 9 2024,11:30:59 PM EST,45,0
Nov 9 2024,11:49:41 PM EST,47,0
Nov 9 2024,11:53:17 PM EST,27,0
Nov 9 2024,11:53:52 PM EST,140,1
Nov 9 2024,11:57:13 PM EST,140,1
Nov 10 2024,12:00:57 AM EST,119,1
Nov 10 2024,12:27:22 AM EST,140,1
Nov 10 2024,5:39:40 AM EST,114,0
Nov 10 2024,5:59:17 AM EST,27,0
Nov 10 2024,6:03:21 AM EST,67,1
Nov 10 2024,6:06:31 AM EST,84,1
Nov 10 2024,6:06:37 AM EST,70,1
Nov 10 2024,6:09:30 AM EST,124,1
Nov 10 2024,6:10:45 AM EST,47,0
Nov 10 2024,6:27:18 AM EST,43,0
Nov 10 2024,6:28:12 AM EST,31,0
Nov 10 2024,6:29:13 AM EST,53,0
Nov 10 2024,6:32:15 AM EST,60,0
Nov 10 2024,6:33:28 AM EST,27,0
Nov 10 2024,11:22:11 AM EST,37,0
Nov 10 2024,11:34:30 AM EST,47,0
Nov 10 2024,11:37:28 AM EST,28,0
Nov 10 2024,11:42:01 AM EST,122,1
Nov 10 2024,11:44:25 AM EST,56,0
Nov 10 2024,11:49:37 AM EST,83,1
Nov 10 2024,12:50:51 PM EST,36,1
Nov 10 2024,2:00:15 PM EST,84,0
Nov 10 2024,2:04:25 PM EST,140,1
Nov 10 2024,2:28:34 PM EST,234,0
Nov 10 2024,2:31:25 PM EST,143,0
Nov 10 2024,2:59:25 PM EST,87,0
Nov 10 2024,3:01:27 PM EST,62,0
Nov 10 2024,3:52:18 PM EST,28,0
Nov 10 2024,4:04:09 PM EST,48,0
Nov 10 2024,4:26:10 PM EST,50,0
Nov 10 2024,4:29:39 PM EST,99,1
Nov 10 2024,4:30:21 PM EST,139,1
Nov 10 2024,4:31:01 PM EST,36,0
Nov 10 2024,4:38:36 PM EST,89,1
Nov 10 2024,4:39:05 PM EST,139,1
Nov 10 2024,6:01:20 PM EST,45,0
Nov 10 2024,6:10:18 PM EST,133,1
Nov 10 2024,6:23:48 PM EST,129,1
Nov 10 2024,6:42:16 PM EST,27,0
Nov 10 2024,6:44:37 PM EST,85,1
Nov 10 2024,8:07:09 PM EST,39,0
Nov 10 2024,8:07:55 PM EST,140,1
Nov 10 2024,8:28:34 PM EST,139,1
Nov 10 2024,8:31:59 PM EST,144,1
Nov 10 2024,9:32:48 PM EST,49,1
Nov 10 2024,10:13:14 PM EST,30,0
Nov 10 2024,11:24:40 PM EST,152,0
Nov 10 2024,11:43:04 PM EST,99,1
Nov 10 2024,11:59:13 PM EST,225,0
Nov 11 2024,12:04:47 AM EST,86,0
Nov 11 2024,12:21:27 AM EST,79,0
Nov 11 2024,12:22:57 AM EST,140,1
Nov 11 2024,12:27:05 AM EST,80,1
Nov 11 2024,12:42:22 AM EST,43,1
Nov 11 2024,6:36:36 AM EST,93,0
Nov 11 2024,10:11:36 AM EST,139,1
Nov 11 2024,11:01:00 AM EST,31,0
Nov 11 2024,11:02:28 AM EST,140,1
Nov 11 2024,12:08:20 PM EST,58,0
Nov 11 2024,12:10:11 PM EST,34,0
Nov 11 2024,2:21:13 PM EST,44,1
Nov 11 2024,2:26:51 PM EST,51,0
Nov 11 2024,2:27:12 PM EST,68,1
Nov 11 2024,2:37:20 PM EST,87,1
Nov 11 2024,2:46:03 PM EST,55,0
Nov 11 2024,3:29:39 PM EST,127,1
Nov 11 2024,3:29:44 PM EST,81,1
Nov 11 2024,5:52:55 PM EST,140,1
Nov 11 2024,6:06:11 PM EST,38,0
Nov 11 2024,6:20:07 PM EST,23,0
Nov 11 2024,7:52:39 PM EST,140,1
Nov 11 2024,8:48:48 PM EST,140,1
Nov 11 2024,10:11:14 PM EST,36,0
Nov 12 2024,1:34:13 AM EST,245,0
Nov 12 2024,1:34:39 AM EST,53,0
Nov 12 2024,1:42:48 AM EST,100,0
Nov 12 2024,2:24:42 AM EST,36,0
Nov 12 2024,9:28:21 AM EST,138,0
Nov 12 2024,9:28:45 AM EST,35,0
Nov 12 2024,9:29:41 AM EST,37,0
Nov 12 2024,9:40:46 AM EST,48,0
Nov 12 2024,9:44:02 AM EST,232,0
Nov 12 2024,9:49:55 AM EST,34,0
Nov 12 2024,9:52:23 AM EST,160,0
Nov 12 2024,10:00:32 AM EST,95,0
Nov 12 2024,10:01:35 AM EST,74,0
Nov 12 2024,11:37:08 AM EST,64,1
Nov 12 2024,11:39:48 AM EST,140,1
Nov 12 2024,12:03:50 PM EST,92,1
Nov 12 2024,12:37:04 PM EST,255,0
Nov 12 2024,3:54:26 PM EST,109,1
Nov 12 2024,3:57:10 PM EST,56,0
Nov 12 2024,4:48:26 PM EST,37,1
Nov 12 2024,4:50:25 PM EST,41,0
Nov 12 2024,4:59:09 PM EST,44,0
Nov 12 2024,4:59:59 PM EST,25,0
Nov 12 2024,5:12:26 PM EST,140,1
Nov 12 2024,5:34:00 PM EST,141,1
Nov 12 2024,5:58:24 PM EST,53,0
Nov 12 2024,6:39:11 PM EST,90,0
Nov 12 2024,6:47:57 PM EST,29,0
Nov 12 2024,7:59:21 PM EST,55,0
Nov 12 2024,8:02:11 PM EST,23,0
Nov 12 2024,8:03:05 PM EST,27,0
Nov 12 2024,8:08:42 PM EST,59,0
Nov 12 2024,8:10:30 PM EST,57,1
Nov 12 2024,8:13:12 PM EST,53,0
Nov 12 2024,8:16:11 PM EST,35,0
Nov 12 2024,8:18:44 PM EST,140,1
Nov 12 2024,9:00:59 PM EST,42,0
Nov 12 2024,9:06:26 PM EST,32,0
Nov 12 2024,9:07:39 PM EST,54,0
Nov 12 2024,9:08:21 PM EST,45,1
Nov 12 2024,9:09:13 PM EST,98,1
Nov 12 2024,9:13:36 PM EST,255,0
Nov 12 2024,9:23:26 PM EST,23,0
Nov 12 2024,9:25:26 PM EST,27,0
Nov 12 2024,9:26:04 PM EST,52,0
Nov 12 2024,9:27:46 PM EST,106,1
Nov 12 2024,9:29:30 PM EST,52,0
Nov 12 2024,9:30:14 PM EST,28,0
Nov 12 2024,9:31:05 PM EST,61,1
Nov 12 2024,9:34:20 PM EST,39,0
Nov 12 2024,9:35:50 PM EST,140,1
Nov 12 2024,9:36:11 PM EST,140,1
Nov 12 2024,9:37:03 PM EST,13,1
Nov 12 2024,9:37:33 PM EST,27,0
Nov 12 2024,9:40:25 PM EST,151,0
Nov 12 2024,9:40:57 PM EST,42,0
Nov 12 2024,9:43:48 PM EST,140,1
Nov 12 2024,9:44:33 PM EST,140,1
Nov 12 2024,9:50:58 PM EST,32,0
Nov 12 2024,9:51:36 PM EST,32,0
Nov 12 2024,9:54:07 PM EST,62,0
Nov 12 2024,9:54:44 PM EST,140,1
Nov 12 2024,9:54:54 PM EST,64,1
Nov 12 2024,9:56:18 PM EST,36,0
Nov 12 2024,9:56:57 PM EST,85,1
Nov 12 2024,9:57:17 PM EST,27,0
Nov 12 2024,10:00:04 PM EST,139,1
Nov 12 2024,10:00:21 PM EST,61,1
Nov 12 2024,10:01:01 PM EST,52,0
Nov 12 2024,10:02:05 PM EST,63,0
Nov 12 2024,10:03:15 PM EST,131,1
Nov 12 2024,10:19:17 PM EST,51,0
Nov 12 2024,10:19:27 PM EST,144,1
Nov 12 2024,10:38:13 PM EST,144,1
Nov 12 2024,10:38:34 PM EST,140,1
Nov 12 2024,10:40:31 PM EST,140,1
Nov 12 2024,10:40:45 PM EST,56,1
Nov 12 2024,10:41:38 PM EST,87,1
Nov 12 2024,10:48:22 PM EST,46,0
Nov 12 2024,10:49:10 PM EST,27,0
Nov 12 2024,11:04:33 PM EST,25,0
Nov 12 2024,11:04:47 PM EST,140,1
Nov 12 2024,11:06:13 PM EST,30,1
Nov 12 2024,11:08:11 PM EST,28,0
Nov 12 2024,11:09:10 PM EST,140,1
Nov 12 2024,11:09:45 PM EST,140,1
Nov 13 2024,4:52:39 AM EST,53,0
Nov 13 2024,4:55:21 AM EST,177,0
Nov 13 2024,4:57:26 AM EST,50,0
Nov 13 2024,4:58:33 AM EST,84,0
Nov 13 2024,4:59:56 AM EST,28,0
Nov 13 2024,5:04:28 AM EST,31,0
Nov 13 2024,5:04:53 AM EST,42,0
Nov 13 2024,5:31:59 AM EST,41,1
Nov 13 2024,5:55:08 AM EST,139,0
Nov 13 2024,6:50:28 AM EST,92,0
Nov 13 2024,7:22:18 AM EST,44,0
Nov 13 2024,7:23:20 AM EST,37,0
Nov 13 2024,7:24:57 AM EST,44,1
Nov 13 2024,7:27:17 AM EST,41,0
Nov 13 2024,9:37:39 AM EST,51,0
Nov 13 2024,9:50:32 AM EST,25,0
Nov 13 2024,10:57:40 AM EST,25,0
Nov 13 2024,11:00:02 AM EST,92,0
Nov 13 2024,11:04:42 AM EST,240,0
Nov 13 2024,11:05:28 AM EST,31,0
Nov 13 2024,11:06:54 AM EST,25,0
Nov 13 2024,11:07:07 AM EST,144,1
Nov 13 2024,11:18:46 AM EST,255,0
Nov 13 2024,11:21:23 AM EST,163,0
Nov 13 2024,11:31:21 AM EST,28,0
Nov 13 2024,1:17:18 PM EST,27,0
Nov 13 2024,1:24:49 PM EST,81,0
Nov 13 2024,2:49:23 PM EST,33,0
Nov 13 2024,2:50:21 PM EST,140,1
Nov 13 2024,3:14:09 PM EST,139,1
Nov 13 2024,3:43:02 PM EST,41,1
Nov 13 2024,4:17:07 PM EST,140,1
Nov 13 2024,4:18:34 PM EST,67,1
Nov 13 2024,4:19:26 PM EST,31,0
Nov 13 2024,4:19:45 PM EST,104,1
Nov 13 2024,5:14:42 PM EST,121,0
Nov 13 2024,5:14:57 PM EST,42,1
Nov 13 2024,5:21:35 PM EST,53,1
Nov 13 2024,5:25:43 PM EST,106,0
Nov 13 2024,5:48:44 PM EST,137,1
Nov 13 2024,5:49:11 PM EST,140,1
Nov 13 2024,5:50:01 PM EST,140,1
Nov 13 2024,6:36:09 PM EST,74,0
Nov 13 2024,6:37:13 PM EST,25,0
Nov 13 2024,6:39:40 PM EST,143,1
Nov 13 2024,7:09:38 PM EST,81,0
Nov 13 2024,7:25:48 PM EST,50,0
Nov 13 2024,7:26:58 PM EST,29,0
Nov 13 2024,7:28:40 PM EST,46,0
Nov 13 2024,7:30:49 PM EST,25,0
Nov 13 2024,7:31:22 PM EST,43,1
Nov 13 2024,7:33:06 PM EST,118,1
Nov 13 2024,7:35:35 PM EST,55,0
Nov 13 2024,11:45:44 PM EST,82,0
Nov 14 2024,12:05:40 AM EST,28,0
Nov 14 2024,12:06:33 AM EST,140,1
Nov 14 2024,12:20:23 AM EST,23,0
Nov 14 2024,12:30:15 AM EST,33,0
Nov 14 2024,12:32:52 AM EST,117,0
Nov 14 2024,12:34:20 AM EST,33,0
Nov 14 2024,12:34:39 AM EST,108,1
Nov 14 2024,12:34:58 AM EST,117,1
Nov 14 2024,12:37:19 AM EST,25,0
Nov 14 2024,12:39:55 AM EST,56,1
Nov 14 2024,12:41:13 AM EST,46,0
Nov 14 2024,12:41:59 AM EST,88,0
Nov 14 2024,12:46:10 AM EST,60,0
Nov 14 2024,12:48:27 AM EST,255,0
Nov 14 2024,12:53:09 AM EST,53,0
Nov 14 2024,12:55:27 AM EST,34,0
Nov 14 2024,12:56:28 AM EST,35,0
Nov 14 2024,12:57:43 AM EST,34,0
Nov 14 2024,12:58:49 AM EST,60,0
Nov 14 2024,1:15:56 AM EST,46,0
Nov 14 2024,1:24:52 AM EST,55,0
Nov 14 2024,1:36:58 AM EST,41,0
Nov 14 2024,1:38:19 AM EST,50,0
Nov 14 2024,2:02:03 AM EST,28,0
Nov 14 2024,2:02:31 AM EST,39,0
Nov 14 2024,2:03:09 AM EST,28,0
Nov 14 2024,2:07:15 AM EST,58,0
Nov 14 2024,2:19:05 AM EST,28,0
Nov 14 2024,2:27:13 AM EST,29,0
Nov 14 2024,7:24:42 AM EST,61,0
Nov 14 2024,7:53:24 AM EST,120,0
Nov 14 2024,7:57:11 AM EST,102,0
Nov 14 2024,8:00:13 AM EST,128,0
Nov 14 2024,8:00:47 AM EST,28,0
Nov 14 2024,8:11:24 AM EST,136,0
Nov 14 2024,8:13:03 AM EST,40,0
Nov 14 2024,8:16:37 AM EST,46,0
Nov 14 2024,8:19:41 AM EST,66,0
Nov 14 2024,8:21:55 AM EST,140,1
Nov 14 2024,8:22:08 AM EST,31,0
Nov 14 2024,8:23:32 AM EST,140,1
Nov 14 2024,8:27:12 AM EST,140,1
Nov 14 2024,8:27:30 AM EST,29,0
Nov 14 2024,8:36:10 AM EST,36,0
Nov 14 2024,8:42:23 AM EST,140,1
Nov 14 2024,8:45:05 AM EST,140,1
Nov 14 2024,8:48:02 AM EST,51,1
Nov 14 2024,8:50:58 AM EST,140,1
Nov 14 2024,9:15:35 AM EST,23,0
Nov 14 2024,9:16:04 AM EST,27,0
Nov 14 2024,9:17:47 AM EST,29,0
Nov 14 2024,9:20:52 AM EST,121,0
Nov 14 2024,9:21:23 AM EST,28,0
Nov 14 2024,9:21:37 AM EST,25,0
Nov 14 2024,9:22:35 AM EST,43,1
Nov 14 2024,9:24:21 AM EST,31,0
Nov 14 2024,9:25:33 AM EST,139,1
Nov 14 2024,9:28:23 AM EST,28,0
Nov 14 2024,9:29:22 AM EST,59,0
Nov 14 2024,9:30:58 AM EST,28,0
Nov 14 2024,12:16:59 PM EST,25,0
Nov 14 2024,12:17:36 PM EST,117,1
Nov 14 2024,12:18:16 PM EST,116,1
Nov 14 2024,12:21:40 PM EST,140,1
Nov 14 2024,12:22:39 PM EST,71,0
Nov 14 2024,12:24:44 PM EST,130,0
Nov 14 2024,4:24:31 PM EST,57,0
Nov 14 2024,5:53:36 PM EST,25,0
Nov 14 2024,6:00:53 PM EST,23,0
Nov 14 2024,7:04:43 PM EST,28,0
Nov 14 2024,9:57:29 PM EST,140,1
Nov 15 2024,12:05:38 AM EST,140,1
Nov 15 2024,12:35:44 AM EST,27,0
Nov 15 2024,1:00:01 AM EST,25,0
Nov 15 2024,1:24:16 AM EST,79,1
Nov 15 2024,1:43:05 AM EST,140,1
Nov 15 2024,2:09:07 AM EST,118,1
Nov 15 2024,2:17:44 AM EST,140,1
Nov 15 2024,2:21:12 AM EST,101,1
Nov 15 2024,8:16:05 AM EST,35,0
Nov 15 2024,8:16:56 AM EST,91,0
Nov 15 2024,8:25:03 AM EST,27,0
Nov 15 2024,8:36:37 AM EST,41,1
Nov 15 2024,8:38:05 AM EST,107,0
Nov 15 2024,8:39:29 AM EST,140,1
Nov 15 2024,8:40:05 AM EST,50,0
Nov 15 2024,8:41:01 AM EST,44,0
Nov 15 2024,8:42:31 AM EST,95,0
Nov 15 2024,8:47:17 AM EST,83,0
Nov 15 2024,8:48:15 AM EST,56,0
Nov 15 2024,8:48:56 AM EST,60,0
Nov 15 2024,10:31:29 AM EST,140,1
Nov 15 2024,10:33:58 AM EST,97,0
Nov 15 2024,10:36:37 AM EST,138,0
Nov 15 2024,10:38:55 AM EST,134,0
Nov 15 2024,10:40:14 AM EST,97,0
Nov 15 2024,10:43:30 AM EST,40,1
Nov 15 2024,10:45:43 AM EST,101,0
Nov 15 2024,10:54:33 AM EST,140,1
Nov 15 2024,10:56:38 AM EST,108,1
Nov 15 2024,10:59:15 AM EST,51,0
Nov 15 2024,11:09:03 AM EST,29,0
Nov 15 2024,11:10:33 AM EST,70,0
Nov 15 2024,11:14:08 AM EST,36,0
Nov 15 2024,11:14:58 AM EST,25,0
Nov 15 2024,12:03:13 PM EST,58,0
Nov 15 2024,12:12:54 PM EST,254,0
Nov 15 2024,12:14:18 PM EST,25,0
Nov 15 2024,3:43:20 PM EST,98,1
Nov 15 2024,3:52:22 PM EST,140,1
Nov 15 2024,5:58:46 PM EST,43,0
Nov 15 2024,5:58:53 PM EST,140,1
Nov 15 2024,6:00:15 PM EST,144,1
Nov 15 2024,8:03:06 PM EST,52,0
Nov 15 2024,8:25:36 PM EST,23,0
Nov 15 2024,8:47:50 PM EST,42,0
Nov 15 2024,9:42:24 PM EST,27,0
Nov 15 2024,9:43:40 PM EST,75,1
Nov 15 2024,10:05:38 PM EST,25,0
Nov 15 2024,10:11:31 PM EST,61,0
Nov 15 2024,11:09:50 PM EST,31,0
Nov 15 2024,11:11:28 PM EST,44,0
Nov 15 2024,11:14:14 PM EST,43,0
Nov 15 2024,11:15:09 PM EST,23,0
Nov 15 2024,11:54:29 PM EST,140,1
Nov 16 2024,12:01:47 AM EST,28,0
Nov 16 2024,12:52:02 AM EST,40,1
Nov 16 2024,1:04:29 AM EST,68,1
Nov 16 2024,1:07:44 AM EST,23,0
Nov 16 2024,1:09:15 AM EST,50,0
Nov 16 2024,1:20:22 AM EST,59,1
Nov 16 2024,1:22:05 AM EST,60,1
Nov 16 2024,2:31:08 AM EST,140,1
Nov 16 2024,2:56:30 AM EST,42,0
Nov 16 2024,2:59:35 AM EST,31,0
Nov 16 2024,3:03:43 AM EST,140,1
Nov 16 2024,3:04:56 AM EST,85,1
Nov 16 2024,3:13:04 AM EST,33,0
Nov 16 2024,3:15:58 AM EST,43,0
Nov 16 2024,8:29:17 AM EST,39,0
Nov 16 2024,8:30:44 AM EST,128,0
Nov 16 2024,8:34:25 AM EST,32,0
Nov 16 2024,9:41:40 AM EST,25,0
Nov 16 2024,9:55:57 AM EST,255,0
Nov 16 2024,10:00:31 AM EST,25,0
Nov 16 2024,10:01:28 AM EST,27,0
Nov 16 2024,10:03:57 AM EST,33,0
Nov 16 2024,10:06:48 AM EST,110,0
Nov 16 2024,10:14:46 AM EST,27,0
Nov 16 2024,10:25:27 AM EST,59,1
Nov 16 2024,10:27:19 AM EST,185,0
Nov 16 2024,10:28:02 AM EST,32,0
Nov 16 2024,10:30:36 AM EST,40,0
Nov 16 2024,10:32:44 AM EST,29,0
Nov 16 2024,10:35:34 AM EST,23,0
Nov 16 2024,10:35:58 AM EST,140,1
Nov 16 2024,10:36:27 AM EST,44,0
Nov 16 2024,10:43:11 AM EST,79,0
Nov 16 2024,10:44:08 AM EST,36,0
Nov 16 2024,10:54:19 AM EST,35,0
Nov 16 2024,10:54:53 AM EST,23,0
Nov 16 2024,10:56:21 AM EST,25,0
Nov 16 2024,10:57:14 AM EST,33,0
Nov 16 2024,10:58:27 AM EST,109,0
Nov 16 2024,10:59:43 AM EST,139,1
Nov 16 2024,11:02:17 AM EST,140,1
Nov 16 2024,11:15:27 AM EST,255,0
Nov 16 2024,11:15:45 AM EST,140,1
Nov 16 2024,11:24:38 AM EST,68,0
Nov 16 2024,11:25:11 AM EST,139,1
Nov 16 2024,11:54:02 AM EST,28,0
Nov 16 2024,11:54:26 AM EST,28,0
Nov 16 2024,12:55:25 PM EST,28,0
Nov 16 2024,12:57:22 PM EST,45,0
Nov 16 2024,1:01:15 PM EST,127,1
Nov 16 2024,1:10:19 PM EST,25,0
Nov 16 2024,2:42:14 PM EST,52,0
Nov 16 2024,2:43:00 PM EST,144,1
Nov 16 2024,3:15:57 PM EST,139,1
Nov 16 2024,3:17:27 PM EST,66,0
Nov 16 2024,3:19:21 PM EST,29,0
Nov 16 2024,4:15:32 PM EST,23,0
Nov 16 2024,4:26:50 PM EST,28,0
Nov 16 2024,4:29:51 PM EST,50,0
Nov 16 2024,4:31:45 PM EST,26,0
Nov 16 2024,4:36:13 PM EST,50,0
Nov 16 2024,4:37:57 PM EST,35,0
Nov 16 2024,4:38:37 PM EST,136,1
Nov 16 2024,4:39:33 PM EST,27,0
Nov 16 2024,4:40:57 PM EST,23,0
Nov 16 2024,4:41:57 PM EST,140,1
Nov 16 2024,4:46:23 PM EST,140,1
Nov 16 2024,4:47:34 PM EST,48,0
Nov 16 2024,4:49:48 PM EST,62,0
Nov 16 2024,4:51:57 PM EST,38,0
Nov 16 2024,5:02:42 PM EST,23,0
Nov 16 2024,5:05:49 PM EST,56,0
Nov 16 2024,5:12:48 PM EST,134,1
Nov 16 2024,5:49:01 PM EST,140,1
Nov 16 2024,5:50:14 PM EST,71,0
Nov 16 2024,6:11:55 PM EST,28,0
Nov 16 2024,6:12:11 PM EST,140,1
Nov 16 2024,6:16:58 PM EST,27,0
Nov 16 2024,6:30:32 PM EST,28,0
Nov 16 2024,7:52:57 PM EST,45,0
Nov 16 2024,8:00:05 PM EST,62,0
Nov 16 2024,8:10:19 PM EST,25,0
Nov 16 2024,8:18:02 PM EST,28,0
Nov 16 2024,8:20:48 PM EST,25,0
Nov 16 2024,8:26:26 PM EST,41,0
Nov 16 2024,8:35:35 PM EST,255,0
Nov 16 2024,8:42:50 PM EST,37,0
Nov 16 2024,9:06:06 PM EST,105,1
Nov 16 2024,11:42:46 PM EST,56,0
Nov 16 2024,11:58:15 PM EST,85,1
Nov 17 2024,5:26:06 AM EST,57,1
Nov 17 2024,5:40:58 AM EST,100,0
Nov 17 2024,5:41:23 AM EST,144,1
Nov 17 2024,6:02:34 AM EST,140,1
Nov 17 2024,6:04:11 AM EST,26,0
Nov 17 2024,6:08:49 AM EST,36,0
Nov 17 2024,6:34:00 AM EST,139,1
Nov 17 2024,11:01:03 AM EST,66,0
Nov 17 2024,11:01:44 AM EST,55,0
Nov 17 2024,11:04:55 AM EST,62,0
Nov 17 2024,11:09:45 AM EST,63,0
Nov 17 2024,11:13:27 AM EST,28,0
Nov 17 2024,11:15:49 AM EST,27,0
Nov 17 2024,11:16:37 AM EST,56,1
Nov 17 2024,11:26:14 AM EST,34,0
Nov 17 2024,12:56:31 PM EST,140,1
Nov 17 2024,12:56:59 PM EST,53,1
Nov 17 2024,12:58:21 PM EST,144,1
Nov 17 2024,1:46:11 PM EST,82,1
Nov 17 2024,1:51:24 PM EST,26,0
Nov 17 2024,1:52:23 PM EST,28,0
Nov 17 2024,1:53:25 PM EST,73,0
Nov 17 2024,1:55:10 PM EST,72,0
Nov 17 2024,1:57:46 PM EST,34,0
Nov 17 2024,4:09:39 PM EST,34,0
Nov 17 2024,4:12:06 PM EST,66,0
Nov 17 2024,4:13:22 PM EST,23,0
Nov 17 2024,4:16:51 PM EST,51,0
Nov 17 2024,4:48:37 PM EST,98,0
Nov 17 2024,4:48:52 PM EST,23,0
Nov 17 2024,4:50:43 PM EST,38,0
Nov 17 2024,5:20:04 PM EST,23,0
Nov 17 2024,5:21:41 PM EST,23,0
Nov 17 2024,5:49:17 PM EST,59,0
Nov 17 2024,7:17:06 PM EST,25,0
Nov 17 2024,7:17:51 PM EST,41,0
Nov 17 2024,7:20:28 PM EST,107,1
Nov 17 2024,7:24:52 PM EST,140,1
Nov 17 2024,7:52:14 PM EST,25,0
Nov 17 2024,7:56:09 PM EST,131,1
Nov 17 2024,8:01:04 PM EST,140,1
Nov 17 2024,8:05:44 PM EST,40,0
Nov 17 2024,8:15:23 PM EST,69,0
Nov 17 2024,8:17:37 PM EST,27,0
Nov 17 2024,8:18:50 PM EST,123,0
Nov 17 2024,8:19:31 PM EST,140,1
Nov 17 2024,8:22:27 PM EST,73,1
Nov 17 2024,8:23:53 PM EST,40,1
Nov 17 2024,8:24:11 PM EST,65,1
Nov 17 2024,8:32:07 PM EST,60,1
Nov 17 2024,8:34:55 PM EST,139,1
Nov 17 2024,8:35:34 PM EST,23,0
Nov 17 2024,8:42:26 PM EST,23,0
Nov 17 2024,8:48:46 PM EST,78,1
Nov 17 2024,8:49:04 PM EST,39,1
Nov 17 2024,8:49:51 PM EST,140,1
Nov 17 2024,8:51:53 PM EST,60,0
Nov 17 2024,8:55:26 PM EST,135,1
Nov 17 2024,8:57:53 PM EST,134,1
Nov 17 2024,8:58:59 PM EST,137,1
Nov 17 2024,9:01:02 PM EST,42,0
Nov 17 2024,9:05:56 PM EST,114,1
Nov 17 2024,9:29:42 PM EST,23,0
Nov 17 2024,9:31:02 PM EST,23,0
Nov 17 2024,9:37:47 PM EST,48,0
Nov 17 2024,9:39:38 PM EST,72,1
Nov 17 2024,9:40:45 PM EST,139,1
Nov 18 2024,1:19:41 AM EST,89,1
Nov 18 2024,1:25:22 AM EST,35,0
Nov 18 2024,1:35:11 AM EST,97,1
Nov 18 2024,9:21:35 AM EST,140,1
Nov 18 2024,9:41:03 AM EST,113,0
Nov 18 2024,9:43:41 AM EST,52,0
Nov 18 2024,9:45:55 AM EST,63,0
Nov 18 2024,9:50:56 AM EST,140,1
Nov 18 2024,9:52:28 AM EST,144,1
Nov 18 2024,9:59:09 AM EST,140,1
Nov 18 2024,10:08:07 AM EST,63,0
Nov 18 2024,10:16:47 AM EST,90,0
Nov 18 2024,10:23:38 AM EST,107,1
Nov 18 2024,10:25:39 AM EST,137,1
Nov 18 2024,10:26:05 AM EST,140,1
Nov 18 2024,10:35:59 AM EST,140,1
Nov 18 2024,10:37:04 AM EST,23,0
Nov 18 2024,10:40:41 AM EST,139,1
Nov 18 2024,10:45:47 AM EST,27,0
Nov 18 2024,11:09:43 AM EST,140,1
Nov 18 2024,11:20:01 AM EST,73,0
Nov 18 2024,11:42:43 AM EST,40,1
Nov 18 2024,11:47:01 AM EST,27,0
Nov 18 2024,11:47:31 AM EST,90,0
Nov 18 2024,11:48:52 AM EST,52,0
Nov 18 2024,12:08:17 PM EST,55,0
Nov 18 2024,12:09:09 PM EST,27,0
Nov 18 2024,1:46:39 PM EST,25,0
Nov 18 2024,1:50:17 PM EST,97,0
Nov 18 2024,5:10:43 PM EST,67,0
Nov 18 2024,5:12:44 PM EST,140,1
Nov 18 2024,5:13:51 PM EST,101,0
Nov 18 2024,5:26:46 PM EST,93,0
Nov 18 2024,5:42:38 PM EST,23,0
Nov 18 2024,5:45:38 PM EST,34,0
Nov 18 2024,5:46:43 PM EST,71,1
Nov 18 2024,5:55:03 PM EST,28,0
Nov 18 2024,6:11:23 PM EST,153,0
Nov 18 2024,6:13:35 PM EST,171,0
Nov 18 2024,6:17:31 PM EST,112,1
Nov 18 2024,6:19:12 PM EST,23,0
Nov 18 2024,6:41:38 PM EST,140,1
Nov 18 2024,6:48:34 PM EST,140,1
Nov 18 2024,6:58:50 PM EST,97,1
Nov 18 2024,6:59:13 PM EST,27,0
Nov 18 2024,7:03:13 PM EST,79,1
Nov 18 2024,7:09:42 PM EST,40,0
Nov 18 2024,7:17:50 PM EST,62,0
Nov 18 2024,8:22:01 PM EST,23,0
Nov 18 2024,8:24:58 PM EST,23,0
Nov 19 2024,12:20:57 AM EST,119,1
Nov 19 2024,12:24:44 AM EST,40,0
Nov 19 2024,12:29:28 AM EST,48,0
Nov 19 2024,12:33:58 AM EST,92,0
Nov 19 2024,12:34:48 AM EST,96,1
Nov 19 2024,12:38:47 AM EST,28,0
Nov 19 2024,12:39:50 AM EST,27,0
Nov 19 2024,12:42:36 AM EST,23,0
Nov 19 2024,12:47:14 AM EST,255,0
Nov 19 2024,12:47:21 AM EST,140,1
Nov 19 2024,12:47:42 AM EST,28,0
Nov 19 2024,12:48:37 AM EST,136,1
Nov 19 2024,12:50:30 AM EST,124,1
Nov 19 2024,12:50:39 AM EST,23,0
Nov 19 2024,12:51:39 AM EST,23,0
Nov 19 2024,12:53:40 AM EST,85,1
Nov 19 2024,12:56:20 AM EST,109,1
Nov 19 2024,12:59:47 AM EST,32,0
Nov 19 2024,1:01:14 AM EST,70,1
Nov 19 2024,1:06:20 AM EST,39,0
Nov 19 2024,1:06:25 AM EST,140,1
Nov 19 2024,1:38:25 AM EST,42,0
Nov 19 2024,1:39:46 AM EST,100,0
Nov 19 2024,1:41:26 AM EST,127,0
Nov 19 2024,1:43:11 AM EST,161,0
Nov 19 2024,1:44:08 AM EST,27,0
Nov 19 2024,1:46:01 AM EST,23,0
Nov 19 2024,1:47:12 AM EST,27,0
Nov 19 2024,1:48:57 AM EST,161,0
Nov 19 2024,1:49:13 AM EST,35,0
Nov 19 2024,1:49:44 AM EST,140,1
Nov 19 2024,1:50:18 AM EST,35,0
Nov 19 2024,1:59:18 AM EST,255,0
Nov 19 2024,2:03:33 AM EST,255,0
Nov 19 2024,2:09:02 AM EST,144,1
Nov 19 2024,8:24:09 AM EST,47,0
Nov 19 2024,8:25:32 AM EST,62,0
Nov 19 2024,8:26:30 AM EST,27,0
Nov 19 2024,8:27:53 AM EST,94,0
Nov 19 2024,8:29:38 AM EST,27,0
Nov 19 2024,8:31:57 AM EST,59,0
Nov 19 2024,8:39:29 AM EST,254,0
Nov 19 2024,8:41:49 AM EST,179,0
Nov 19 2024,8:57:22 AM EST,36,0
Nov 19 2024,8:59:40 AM EST,68,0
Nov 19 2024,9:01:37 AM EST,31,0
Nov 19 2024,9:02:15 AM EST,34,0
Nov 19 2024,9:04:03 AM EST,25,0
Nov 19 2024,9:10:56 AM EST,26,0
Nov 19 2024,9:12:09 AM EST,23,0
Nov 19 2024,9:13:25 AM EST,93,0
Nov 19 2024,9:14:03 AM EST,25,0
Nov 19 2024,9:14:42 AM EST,49,0
Nov 19 2024,9:15:44 AM EST,87,1
Nov 19 2024,9:16:11 AM EST,28,0
Nov 19 2024,9:18:23 AM EST,44,0
Nov 19 2024,9:18:46 AM EST,29,0
Nov 19 2024,9:23:42 AM EST,140,1
Nov 19 2024,9:25:14 AM EST,153,0
Nov 19 2024,9:26:39 AM EST,60,0
Nov 19 2024,11:12:15 AM EST,39,0
Nov 19 2024,11:13:11 AM EST,41,0
Nov 19 2024,11:16:39 AM EST,238,0
Nov 19 2024,11:18:21 AM EST,90,0
Nov 19 2024,11:40:36 AM EST,140,1
Nov 19 2024,11:44:23 AM EST,58,0
Nov 19 2024,11:44:53 AM EST,26,0
Nov 19 2024,11:53:36 AM EST,41,0
Nov 19 2024,12:21:55 PM EST,36,0
Nov 19 2024,12:26:38 PM EST,93,1
Nov 19 2024,12:37:55 PM EST,255,0
Nov 19 2024,1:10:45 PM EST,25,0
Nov 19 2024,1:25:44 PM EST,155,0
Nov 19 2024,1:56:25 PM EST,139,1
Nov 19 2024,1:57:07 PM EST,42,0
Nov 19 2024,1:58:33 PM EST,66,1
Nov 19 2024,2:21:15 PM EST,38,0
Nov 19 2024,2:23:40 PM EST,108,0
Nov 19 2024,2:47:41 PM EST,23,0
Nov 19 2024,2:50:53 PM EST,23,0
Nov 19 2024,2:58:33 PM EST,27,0
Nov 19 2024,3:36:37 PM EST,90,0
Nov 19 2024,3:38:20 PM EST,27,0
Nov 19 2024,4:47:16 PM EST,140,1
Nov 19 2024,4:48:14 PM EST,140,1
Nov 19 2024,4:48:30 PM EST,103,1
Nov 19 2024,4:49:00 PM EST,140,1
Nov 19 2024,4:49:43 PM EST,77,0
Nov 19 2024,4:50:28 PM EST,114,1
Nov 19 2024,4:51:47 PM EST,58,0
Nov 19 2024,4:52:57 PM EST,140,1
Nov 19 2024,4:54:10 PM EST,103,1
Nov 19 2024,4:54:30 PM EST,140,1
Nov 19 2024,7:51:53 PM EST,187,0
Nov 19 2024,9:05:28 PM EST,47,0
Nov 19 2024,9:43:46 PM EST,23,0
Nov 19 2024,9:53:10 PM EST,57,0
Nov 19 2024,9:58:38 PM EST,248,0
Nov 19 2024,10:14:40 PM EST,96,0
Nov 19 2024,10:48:38 PM EST,95,0
Nov 20 2024,12:22:55 AM EST,87,0
Nov 20 2024,8:42:38 AM EST,54,0
Nov 20 2024,10:52:19 AM EST,25,0
Nov 20 2024,2:07:27 PM EST,215,0
Nov 20 2024,3:26:20 PM EST,91,1
Nov 20 2024,3:30:01 PM EST,119,0
Nov 20 2024,3:31:13 PM EST,27,0
Nov 20 2024,3:42:25 PM EST,139,1
Nov 20 2024,3:42:40 PM EST,139,1
Nov 20 2024,4:25:21 PM EST,38,0
Nov 20 2024,4:34:19 PM EST,4,0
Nov 20 2024,4:36:44 PM EST,59,0
Nov 20 2024,5:02:28 PM EST,23,0
Nov 20 2024,5:52:04 PM EST,152,0
Nov 20 2024,5:53:15 PM EST,27,0
Nov 20 2024,7:55:12 PM EST,23,0
Nov 20 2024,9:08:18 PM EST,140,1
Nov 20 2024,9:14:24 PM EST,143,0
Nov 20 2024,9:25:37 PM EST,23,0
Nov 20 2024,9:26:32 PM EST,140,1
Nov 20 2024,9:27:17 PM EST,140,1
Nov 20 2024,9:27:55 PM EST,78,1
Nov 20 2024,9:29:37 PM EST,130,0
Nov 20 2024,9:30:01 PM EST,23,0
Nov 20 2024,9:33:59 PM EST,94,0
Nov 20 2024,9:48:52 PM EST,94,0
Nov 20 2024,9:51:58 PM EST,23,0
Nov 20 2024,10:03:10 PM EST,116,0
Nov 20 2024,10:06:04 PM EST,35,0
Nov 20 2024,10:25:22 PM EST,39,0
Nov 20 2024,10:38:30 PM EST,140,1
Nov 21 2024,12:28:35 AM EST,25,0
Nov 21 2024,12:29:25 AM EST,54,0
Nov 21 2024,12:44:06 AM EST,51,0
Nov 21 2024,12:46:14 AM EST,46,0
Nov 21 2024,12:47:18 AM EST,39,1
Nov 21 2024,12:49:11 AM EST,97,0
Nov 21 2024,12:49:37 AM EST,140,1
Nov 21 2024,12:57:01 AM EST,80,1
Nov 21 2024,12:59:36 AM EST,163,0
Nov 21 2024,1:01:38 AM EST,73,0
Nov 21 2024,1:05:40 AM EST,43,0
Nov 21 2024,1:09:05 AM EST,25,0
Nov 21 2024,1:10:33 AM EST,44,0
Nov 21 2024,1:11:45 AM EST,102,0
Nov 21 2024,1:17:05 AM EST,101,0
Nov 21 2024,1:17:55 AM EST,143,1
Nov 21 2024,1:19:57 AM EST,181,0
Nov 21 2024,1:22:11 AM EST,23,0
Nov 21 2024,1:23:11 AM EST,63,1
Nov 21 2024,1:26:39 AM EST,169,0
Nov 21 2024,1:37:30 AM EST,132,1
Nov 21 2024,1:37:48 AM EST,140,1
Nov 21 2024,1:38:17 AM EST,47,0
Nov 21 2024,1:38:38 AM EST,127,1
Nov 21 2024,1:42:10 AM EST,57,0
Nov 21 2024,1:43:26 AM EST,59,0
Nov 21 2024,1:49:51 AM EST,28,0
Nov 21 2024,1:51:42 AM EST,28,0
Nov 21 2024,1:58:29 AM EST,80,0
Nov 21 2024,2:07:40 AM EST,25,0
Nov 21 2024,8:40:41 AM EST,140,1
Nov 21 2024,8:44:54 AM EST,54,0
Nov 21 2024,8:47:45 AM EST,39,1
Nov 21 2024,8:51:31 AM EST,25,0
Nov 21 2024,8:54:38 AM EST,23,0
Nov 21 2024,9:03:33 AM EST,140,1
Nov 21 2024,9:07:20 AM EST,140,1
Nov 21 2024,9:08:28 AM EST,35,0
Nov 21 2024,9:12:33 AM EST,37,0
Nov 21 2024,9:14:28 AM EST,8,0
Nov 21 2024,9:17:02 AM EST,48,0
Nov 21 2024,9:23:28 AM EST,241,0
Nov 21 2024,9:26:53 AM EST,255,0
Nov 21 2024,9:27:23 AM EST,30,0
Nov 21 2024,9:29:52 AM EST,81,1
Nov 21 2024,9:32:17 AM EST,251,0
Nov 21 2024,9:33:19 AM EST,64,0
Nov 21 2024,9:50:51 AM EST,57,1
Nov 21 2024,10:01:32 AM EST,140,1
Nov 21 2024,10:04:25 AM EST,75,1
Nov 21 2024,10:06:22 AM EST,64,1
Nov 21 2024,12:25:42 PM EST,38,0
Nov 21 2024,12:44:05 PM EST,43,0
Nov 21 2024,12:47:41 PM EST,45,1
Nov 21 2024,12:49:16 PM EST,55,0
Nov 21 2024,12:52:28 PM EST,36,0
Nov 21 2024,12:54:18 PM EST,92,0
Nov 21 2024,12:55:21 PM EST,104,0
Nov 21 2024,1:09:55 PM EST,140,1
Nov 21 2024,1:22:55 PM EST,44,0
Nov 21 2024,1:28:08 PM EST,45,0
Nov 21 2024,1:30:22 PM EST,35,0
Nov 21 2024,1:30:51 PM EST,25,0
Nov 21 2024,1:57:38 PM EST,27,0
Nov 21 2024,1:58:12 PM EST,47,0
Nov 21 2024,2:36:07 PM EST,93,0
Nov 21 2024,3:30:51 PM EST,162,0
Nov 21 2024,3:38:10 PM EST,53,0
Nov 21 2024,4:17:07 PM EST,137,1
Nov 21 2024,4:22:02 PM EST,124,0
Nov 21 2024,5:00:55 PM EST,72,0
Nov 21 2024,6:45:46 PM EST,23,0
Nov 21 2024,7:27:33 PM EST,223,0
Nov 21 2024,7:27:45 PM EST,140,1
Nov 21 2024,7:28:54 PM EST,31,0
Nov 21 2024,7:38:30 PM EST,140,1
Nov 21 2024,7:39:30 PM EST,76,1
Nov 21 2024,7:56:16 PM EST,53,0
Nov 21 2024,7:58:02 PM EST,27,0
Nov 21 2024,8:16:44 PM EST,33,0
Nov 21 2024,8:23:09 PM EST,28,0
Nov 21 2024,8:34:09 PM EST,34,0
Nov 21 2024,8:36:30 PM EST,62,1
Nov 21 2024,8:46:32 PM EST,25,0
Nov 21 2024,8:56:54 PM EST,121,0
Nov 21 2024,10:17:05 PM EST,44,0
Nov 21 2024,10:22:17 PM EST,104,1
Nov 21 2024,10:47:09 PM EST,25,0
Nov 21 2024,11:14:07 PM EST,100,0
Nov 21 2024,11:15:26 PM EST,77,0
Nov 21 2024,11:22:20 PM EST,54,0
Nov 21 2024,11:29:47 PM EST,140,1
Nov 21 2024,11:49:09 PM EST,86,1
Nov 21 2024,11:57:50 PM EST,47,0
Nov 21 2024,11:58:21 PM EST,54,1
Nov 21 2024,11:59:44 PM EST,89,0
Nov 22 2024,12:08:47 AM EST,28,0
Nov 22 2024,12:14:12 AM EST,23,0
Nov 22 2024,12:20:06 AM EST,23,0
Nov 22 2024,12:21:05 AM EST,56,0
Nov 22 2024,12:21:22 AM EST,140,1
Nov 22 2024,12:22:45 AM EST,93,0
Nov 22 2024,12:23:01 AM EST,27,0
Nov 22 2024,12:25:04 AM EST,98,0
Nov 22 2024,6:44:32 AM EST,64,1
Nov 22 2024,6:46:07 AM EST,140,1
Nov 22 2024,6:53:08 AM EST,140,1
Nov 22 2024,6:56:35 AM EST,52,0
Nov 22 2024,6:57:08 AM EST,45,0
Nov 22 2024,7:02:40 AM EST,85,0
Nov 22 2024,7:10:33 AM EST,197,0
Nov 22 2024,7:14:09 AM EST,69,0
Nov 22 2024,7:21:10 AM EST,54,1
Nov 22 2024,7:27:13 AM EST,42,1
Nov 22 2024,7:55:07 AM EST,140,1
Nov 22 2024,7:56:41 AM EST,35,1
Nov 22 2024,7:56:54 AM EST,72,1
Nov 22 2024,8:16:32 AM EST,144,1
Nov 22 2024,11:01:47 AM EST,106,0
Nov 22 2024,11:22:30 AM EST,27,0
Nov 22 2024,11:23:06 AM EST,85,0
Nov 22 2024,11:23:33 AM EST,144,1
Nov 22 2024,11:34:54 AM EST,42,0
Nov 22 2024,11:45:20 AM EST,255,0
Nov 22 2024,11:49:35 AM EST,226,0
Nov 22 2024,11:50:54 AM EST,27,0
Nov 22 2024,11:54:24 AM EST,25,0
Nov 22 2024,12:01:57 PM EST,62,0
Nov 22 2024,12:02:28 PM EST,28,0
Nov 22 2024,12:04:43 PM EST,56,0
Nov 22 2024,12:06:10 PM EST,27,0
Nov 22 2024,2:06:05 PM EST,119,0
Nov 22 2024,2:10:29 PM EST,54,0
Nov 22 2024,2:12:22 PM EST,196,0
Nov 22 2024,2:17:56 PM EST,54,0
Nov 22 2024,2:20:04 PM EST,93,0
Nov 22 2024,2:34:49 PM EST,23,0
Nov 22 2024,2:40:55 PM EST,108,1
Nov 22 2024,2:48:49 PM EST,101,0
Nov 22 2024,6:56:18 PM EST,85,0
Nov 23 2024,12:15:34 AM EST,45,0
Nov 23 2024,12:23:07 AM EST,67,0
Nov 23 2024,12:38:48 AM EST,140,1
Nov 23 2024,12:40:51 AM EST,116,0
Nov 23 2024,12:49:42 AM EST,107,0
Nov 23 2024,12:56:39 AM EST,28,0
Nov 23 2024,1:03:18 AM EST,23,0
Nov 23 2024,1:04:05 AM EST,25,0
Nov 23 2024,1:05:00 AM EST,28,0
Nov 23 2024,1:06:43 AM EST,139,1
Nov 23 2024,1:09:26 AM EST,118,1
Nov 23 2024,1:25:34 AM EST,27,0
Nov 23 2024,1:28:41 AM EST,140,1
Nov 23 2024,1:35:29 AM EST,131,0
Nov 23 2024,1:38:10 AM EST,139,1
Nov 23 2024,1:44:28 AM EST,77,0
Nov 23 2024,1:50:33 AM EST,28,0
Nov 23 2024,1:53:12 AM EST,27,0
Nov 23 2024,9:02:03 AM EST,255,0
Nov 23 2024,9:03:02 AM EST,63,0
Nov 23 2024,2:38:01 PM EST,49,0
Nov 23 2024,2:39:15 PM EST,61,0
Nov 23 2024,3:30:30 PM EST,28,0
Nov 23 2024,3:38:18 PM EST,25,0
Nov 23 2024,3:52:03 PM EST,34,0
Nov 23 2024,3:53:29 PM EST,73,0
Nov 23 2024,4:01:52 PM EST,255,0
Nov 23 2024,4:03:23 PM EST,46,0
Nov 23 2024,4:05:26 PM EST,23,0
Nov 23 2024,4:05:34 PM EST,74,1
Nov 23 2024,4:10:12 PM EST,86,0
Nov 23 2024,4:33:31 PM EST,38,0
Nov 23 2024,4:36:43 PM EST,123,1
Nov 23 2024,4:38:55 PM EST,34,0
Nov 23 2024,5:02:50 PM EST,140,1
Nov 23 2024,5:08:33 PM EST,35,0
Nov 23 2024,5:37:48 PM EST,135,0
Nov 23 2024,5:42:58 PM EST,80,0
Nov 23 2024,5:43:47 PM EST,58,0
Nov 23 2024,5:45:30 PM EST,50,0
Nov 23 2024,5:46:00 PM EST,27,0
Nov 23 2024,5:53:33 PM EST,135,0
Nov 23 2024,5:59:20 PM EST,42,0
Nov 23 2024,6:03:45 PM EST,56,0
Nov 23 2024,6:04:10 PM EST,27,0
Nov 23 2024,6:09:24 PM EST,232,0
Nov 23 2024,6:15:22 PM EST,65,0
Nov 23 2024,6:17:00 PM EST,71,1
Nov 23 2024,6:21:28 PM EST,119,1
Nov 23 2024,6:31:15 PM EST,60,1
Nov 23 2024,6:31:38 PM EST,25,0
Nov 23 2024,6:42:06 PM EST,164,0
Nov 23 2024,6:42:18 PM EST,28,0
Nov 23 2024,6:45:51 PM EST,33,0
Nov 23 2024,6:50:23 PM EST,26,0
Nov 23 2024,6:54:57 PM EST,19,0
Nov 23 2024,6:57:44 PM EST,95,0
Nov 23 2024,6:59:00 PM EST,103,0
Nov 23 2024,7:00:39 PM EST,41,0
Nov 23 2024,7:09:41 PM EST,71,0
Nov 23 2024,7:13:04 PM EST,25,0
Nov 23 2024,7:14:16 PM EST,107,0
Nov 23 2024,7:17:34 PM EST,155,0
Nov 23 2024,7:21:34 PM EST,62,0
Nov 23 2024,7:24:38 PM EST,52,0
Nov 23 2024,7:27:33 PM EST,72,0
Nov 23 2024,7:31:01 PM EST,46,0
Nov 23 2024,7:32:07 PM EST,71,1
Nov 23 2024,7:32:37 PM EST,27,0
Nov 23 2024,7:46:03 PM EST,61,0
Nov 23 2024,7:49:33 PM EST,89,1
Nov 23 2024,7:50:22 PM EST,46,0
Nov 23 2024,7:50:36 PM EST,53,1
Nov 23 2024,7:55:54 PM EST,43,1
Nov 23 2024,7:59:42 PM EST,39,0
Nov 23 2024,8:00:41 PM EST,49,0
Nov 23 2024,8:03:25 PM EST,23,0
Nov 23 2024,8:06:49 PM EST,30,0
Nov 23 2024,8:13:30 PM EST,59,0
Nov 23 2024,8:19:56 PM EST,47,0
Nov 23 2024,8:21:26 PM EST,66,0
Nov 23 2024,8:23:13 PM EST,27,0
Nov 23 2024,8:27:18 PM EST,43,1
Nov 23 2024,8:29:42 PM EST,30,0
Nov 23 2024,8:35:51 PM EST,58,0
Nov 23 2024,8:41:46 PM EST,139,1
Nov 23 2024,8:59:09 PM EST,104,0
Nov 23 2024,9:04:40 PM EST,51,0
Nov 23 2024,9:06:19 PM EST,40,0
Nov 23 2024,9:33:48 PM EST,136,1
Nov 23 2024,9:43:20 PM EST,26,0
Nov 23 2024,9:47:39 PM EST,68,0
Nov 23 2024,9:48:32 PM EST,46,0
Nov 23 2024,9:59:25 PM EST,36,0
Nov 23 2024,10:04:28 PM EST,28,0
Nov 23 2024,10:47:23 PM EST,63,0
Nov 23 2024,10:48:07 PM EST,52,0
Nov 23 2024,10:48:25 PM EST,33,0
Nov 23 2024,10:50:03 PM EST,4,0
Nov 23 2024,11:27:18 PM EST,140,1
Nov 23 2024,11:37:14 PM EST,88,0
Nov 23 2024,11:39:24 PM EST,70,1
Nov 23 2024,11:41:03 PM EST,23,0
Nov 23 2024,11:43:41 PM EST,30,0
Nov 23 2024,11:46:16 PM EST,25,0
Nov 23 2024,11:47:08 PM EST,27,0
Nov 23 2024,11:55:20 PM EST,59,0
Nov 23 2024,11:56:49 PM EST,42,0
Nov 23 2024,11:58:05 PM EST,140,1
Nov 23 2024,11:58:58 PM EST,31,0
Nov 24 2024,12:01:03 AM EST,77,1
Nov 24 2024,12:03:47 AM EST,63,0
Nov 24 2024,12:16:21 AM EST,137,1
Nov 24 2024,12:16:43 AM EST,23,0
Nov 24 2024,12:20:15 AM EST,175,0
Nov 24 2024,12:21:17 AM EST,35,0
Nov 24 2024,12:22:25 AM EST,42,0
Nov 24 2024,12:22:52 AM EST,140,1
Nov 24 2024,12:29:15 AM EST,251,0
Nov 24 2024,12:29:32 AM EST,23,0
Nov 24 2024,12:32:03 AM EST,113,1
Nov 24 2024,12:46:00 AM EST,23,0
Nov 24 2024,12:48:43 AM EST,103,0
Nov 24 2024,12:50:03 AM EST,41,1
Nov 24 2024,12:52:30 AM EST,19,0
Nov 24 2024,12:56:00 AM EST,89,0
Nov 24 2024,1:06:29 AM EST,43,0
Nov 24 2024,1:09:01 AM EST,57,0
Nov 24 2024,1:11:35 AM EST,45,0
Nov 24 2024,1:24:18 AM EST,31,0
Nov 24 2024,1:25:27 AM EST,47,0
Nov 24 2024,1:27:51 AM EST,23,0
Nov 24 2024,1:33:05 AM EST,46,0
Nov 24 2024,1:41:13 AM EST,105,0
Nov 24 2024,1:41:47 AM EST,38,0
Nov 24 2024,1:42:37 AM EST,140,1
Nov 24 2024,1:43:05 AM EST,60,0
Nov 24 2024,1:45:28 AM EST,77,0
Nov 24 2024,1:52:56 AM EST,28,0
Nov 24 2024,2:04:11 AM EST,102,1
Nov 24 2024,2:15:40 AM EST,47,0
Nov 24 2024,2:16:26 AM EST,49,0
Nov 24 2024,2:22:20 AM EST,43,0
Nov 24 2024,2:49:56 AM EST,57,0
Nov 24 2024,2:55:28 AM EST,58,0
Nov 24 2024,2:56:44 AM EST,140,1
Nov 24 2024,9:38:38 AM EST,111,1
Nov 24 2024,9:45:23 AM EST,61,0
Nov 24 2024,9:59:33 AM EST,25,0
Nov 24 2024,10:04:36 AM EST,70,1
Nov 24 2024,10:11:36 AM EST,140,1
Nov 24 2024,10:13:27 AM EST,29,0
Nov 24 2024,10:20:51 AM EST,71,0
Nov 24 2024,10:23:40 AM EST,154,0
Nov 24 2024,10:33:09 AM EST,68,0
Nov 24 2024,10:35:05 AM EST,26,0
Nov 24 2024,10:35:35 AM EST,23,0
Nov 24 2024,10:36:09 AM EST,94,1
Nov 24 2024,10:36:58 AM EST,26,0
Nov 24 2024,10:39:41 AM EST,140,1
Nov 24 2024,10:43:23 AM EST,140,1
Nov 24 2024,10:47:00 AM EST,81,0
Nov 24 2024,10:48:44 AM EST,90,0
Nov 24 2024,10:51:39 AM EST,42,1
Nov 24 2024,10:52:16 AM EST,77,1
Nov 24 2024,11:43:27 AM EST,243,0
Nov 24 2024,11:44:50 AM EST,44,1
Nov 24 2024,11:45:42 AM EST,27,0
Nov 24 2024,11:46:51 AM EST,28,0
Nov 24 2024,12:04:58 PM EST,90,0
Nov 24 2024,12:06:55 PM EST,108,0
Nov 24 2024,12:07:27 PM EST,140,1
Nov 24 2024,12:37:31 PM EST,53,0
Nov 24 2024,12:45:35 PM EST,28,0
Nov 24 2024,12:55:13 PM EST,79,1
Nov 24 2024,1:03:14 PM EST,140,1
Nov 24 2024,1:36:06 PM EST,140,1
Nov 24 2024,2:24:25 PM EST,143,0
Nov 24 2024,2:31:16 PM EST,44,0
Nov 24 2024,2:32:26 PM EST,27,0
Nov 24 2024,2:39:33 PM EST,27,0
Nov 24 2024,2:42:13 PM EST,128,0
Nov 24 2024,2:44:54 PM EST,56,0
Nov 24 2024,2:47:28 PM EST,36,0
Nov 24 2024,2:52:00 PM EST,140,1
Nov 24 2024,3:31:52 PM EST,95,0
Nov 24 2024,3:39:53 PM EST,28,0
Nov 24 2024,3:44:27 PM EST,23,0
Nov 24 2024,4:11:55 PM EST,175,0
Nov 24 2024,4:30:58 PM EST,95,0
Nov 24 2024,4:34:41 PM EST,90,0
Nov 24 2024,4:37:05 PM EST,41,0
Nov 24 2024,4:46:01 PM EST,39,0
Nov 24 2024,5:05:11 PM EST,50,0
Nov 24 2024,5:27:40 PM EST,136,1
Nov 24 2024,5:28:21 PM EST,25,0
Nov 24 2024,6:10:32 PM EST,40,0
Nov 24 2024,6:14:08 PM EST,139,1
Nov 24 2024,6:14:38 PM EST,138,1
Nov 24 2024,6:14:59 PM EST,43,1
Nov 24 2024,6:17:37 PM EST,72,1
Nov 24 2024,8:27:38 PM EST,139,1
Nov 24 2024,8:35:49 PM EST,26,0
Nov 24 2024,8:36:07 PM EST,40,1
Nov 24 2024,8:42:47 PM EST,27,0
Nov 24 2024,8:43:32 PM EST,43,0
Nov 24 2024,8:52:01 PM EST,23,0
Nov 24 2024,8:57:16 PM EST,40,1
Nov 24 2024,9:00:06 PM EST,25,0
Nov 24 2024,9:07:34 PM EST,58,1
Nov 24 2024,9:33:58 PM EST,25,0
Nov 24 2024,9:50:08 PM EST,140,1
Nov 24 2024,11:18:15 PM EST,45,0
Nov 25 2024,1:31:19 AM EST,67,0
Nov 25 2024,1:32:47 AM EST,44,0
Nov 25 2024,1:33:51 AM EST,95,0
Nov 25 2024,1:41:34 AM EST,47,0
Nov 25 2024,1:44:31 AM EST,38,0
Nov 25 2024,1:50:39 AM EST,28,0
Nov 25 2024,1:53:31 AM EST,41,0
Nov 25 2024,1:54:34 AM EST,61,0
Nov 25 2024,2:01:59 AM EST,38,0
Nov 25 2024,2:06:08 AM EST,39,0
Nov 25 2024,2:07:34 AM EST,29,0
Nov 25 2024,2:12:05 AM EST,92,1
Nov 25 2024,2:12:54 AM EST,139,1
Nov 25 2024,2:20:51 AM EST,27,0
Nov 25 2024,3:06:58 AM EST,102,1
Nov 25 2024,10:03:24 AM EST,97,0
Nov 25 2024,10:05:30 AM EST,25,0
Nov 25 2024,10:07:03 AM EST,140,1
Nov 25 2024,10:20:53 AM EST,52,0
Nov 25 2024,10:32:22 AM EST,255,0
Nov 25 2024,10:40:47 AM EST,28,0
Nov 25 2024,10:43:21 AM EST,140,1
Nov 25 2024,10:46:24 AM EST,140,1
Nov 25 2024,10:47:37 AM EST,25,0
Nov 25 2024,10:51:49 AM EST,149,0
Nov 25 2024,10:59:40 AM EST,75,0
Nov 25 2024,11:00:30 AM EST,132,1
Nov 25 2024,11:02:56 AM EST,131,0
Nov 25 2024,11:05:25 AM EST,80,1
Nov 25 2024,11:12:13 AM EST,31,0
Nov 25 2024,11:15:36 AM EST,106,0
Nov 25 2024,11:18:12 AM EST,60,0
Nov 25 2024,11:23:39 AM EST,255,0
Nov 25 2024,11:25:12 AM EST,29,0
Nov 25 2024,11:28:13 AM EST,61,0
Nov 25 2024,11:42:17 AM EST,87,0
Nov 25 2024,12:14:46 PM EST,29,0
Nov 25 2024,12:18:13 PM EST,111,0
Nov 25 2024,1:19:35 PM EST,140,1
Nov 25 2024,1:24:35 PM EST,139,1
Nov 25 2024,1:25:30 PM EST,77,0
Nov 25 2024,1:27:41 PM EST,84,1
Nov 25 2024,1:28:13 PM EST,118,1
Nov 25 2024,1:28:21 PM EST,25,0
Nov 25 2024,1:30:21 PM EST,87,0
Nov 25 2024,1:33:21 PM EST,38,0
Nov 25 2024,1:34:44 PM EST,139,1
Nov 25 2024,1:37:18 PM EST,42,0
Nov 25 2024,3:02:21 PM EST,56,0
Nov 25 2024,3:12:11 PM EST,45,0
Nov 25 2024,3:28:52 PM EST,120,0
Nov 25 2024,4:00:03 PM EST,80,0
Nov 25 2024,4:55:06 PM EST,31,0
Nov 25 2024,4:55:27 PM EST,140,1
Nov 25 2024,5:04:58 PM EST,126,1
Nov 25 2024,5:06:07 PM EST,72,0
Nov 25 2024,5:25:55 PM EST,237,0
Nov 25 2024,5:29:42 PM EST,137,0
Nov 25 2024,5:29:55 PM EST,139,1
Nov 25 2024,6:03:58 PM EST,171,0
Nov 25 2024,6:08:42 PM EST,56,1
Nov 25 2024,6:09:01 PM EST,63,1
Nov 25 2024,6:10:00 PM EST,26,0
Nov 25 2024,6:11:01 PM EST,25,0
Nov 25 2024,6:14:08 PM EST,26,0
Nov 25 2024,6:18:10 PM EST,36,0
Nov 25 2024,6:23:09 PM EST,62,0
Nov 25 2024,6:26:22 PM EST,214,0
Nov 25 2024,6:26:28 PM EST,140,1
Nov 25 2024,6:38:34 PM EST,79,0
Nov 25 2024,6:44:24 PM EST,42,0
Nov 25 2024,6:54:22 PM EST,23,0
Nov 25 2024,6:58:47 PM EST,255,0
Nov 25 2024,7:08:04 PM EST,46,0
Nov 25 2024,7:09:59 PM EST,53,0
Nov 25 2024,7:11:16 PM EST,59,0
Nov 25 2024,8:37:04 PM EST,140,1
Nov 25 2024,9:07:29 PM EST,62,0
Nov 25 2024,10:14:01 PM EST,139,1
Nov 25 2024,10:23:57 PM EST,53,0
Nov 25 2024,10:26:08 PM EST,61,0
Nov 25 2024,10:45:42 PM EST,139,1
Nov 25 2024,10:59:55 PM EST,43,0
Nov 25 2024,11:14:41 PM EST,58,0
Nov 26 2024,2:12:29 AM EST,45,0
Nov 26 2024,2:37:31 AM EST,144,1
Nov 26 2024,2:54:13 AM EST,54,0
Nov 26 2024,2:55:27 AM EST,25,0
Nov 26 2024,3:03:56 AM EST,140,1
Nov 26 2024,3:05:45 AM EST,140,1
Nov 26 2024,10:04:34 AM EST,32,0
Nov 26 2024,10:06:04 AM EST,65,0
Nov 26 2024,10:14:34 AM EST,103,1
Nov 26 2024,10:26:56 AM EST,139,1
Nov 26 2024,10:37:11 AM EST,87,0
Nov 26 2024,10:46:22 AM EST,60,0
Nov 26 2024,11:13:10 AM EST,113,0
Nov 26 2024,11:17:02 AM EST,127,1
Nov 26 2024,12:08:14 PM EST,140,1
Nov 26 2024,12:09:45 PM EST,34,0
Nov 26 2024,12:10:27 PM EST,140,1
Nov 26 2024,12:24:15 PM EST,140,1
Nov 26 2024,1:20:13 PM EST,127,0
Nov 26 2024,1:23:16 PM EST,36,0
Nov 26 2024,1:23:41 PM EST,139,1
Nov 26 2024,1:25:12 PM EST,26,0
Nov 26 2024,1:27:06 PM EST,45,0
Nov 26 2024,2:18:53 PM EST,47,0
Nov 26 2024,2:20:47 PM EST,140,1
Nov 26 2024,2:22:42 PM EST,23,0
Nov 26 2024,2:27:54 PM EST,31,0
Nov 26 2024,2:31:21 PM EST,84,0
Nov 26 2024,2:34:52 PM EST,28,0
Nov 26 2024,2:53:52 PM EST,28,0
Nov 26 2024,2:54:42 PM EST,48,0
Nov 26 2024,2:55:51 PM EST,64,0
Nov 26 2024,3:07:51 PM EST,75,1
Nov 26 2024,3:08:07 PM EST,140,1
Nov 26 2024,3:12:35 PM EST,27,0
Nov 26 2024,3:13:42 PM EST,36,0
Nov 26 2024,3:19:58 PM EST,45,0
Nov 26 2024,3:21:10 PM EST,72,0
Nov 26 2024,3:37:22 PM EST,138,0
Nov 26 2024,3:44:07 PM EST,25,0
Nov 26 2024,3:51:46 PM EST,54,0
Nov 26 2024,3:57:35 PM EST,23,0
Nov 26 2024,3:57:51 PM EST,45,1
Nov 26 2024,4:37:59 PM EST,44,1
Nov 26 2024,4:38:25 PM EST,140,1
Nov 26 2024,4:42:23 PM EST,151,0
Nov 26 2024,5:58:45 PM EST,138,1
Nov 26 2024,6:32:14 PM EST,33,0
Nov 26 2024,6:43:43 PM EST,23,0
Nov 26 2024,6:44:28 PM EST,20,0
Nov 26 2024,9:07:43 PM EST,49,0
Nov 26 2024,9:20:42 PM EST,38,0
Nov 26 2024,9:42:35 PM EST,23,0
Nov 26 2024,11:45:21 PM EST,79,1
Nov 26 2024,11:49:35 PM EST,23,0
Nov 26 2024,11:51:41 PM EST,31,0
Nov 26 2024,11:52:43 PM EST,55,0
Nov 26 2024,11:54:36 PM EST,90,0
Nov 27 2024,12:22:09 AM EST,26,0
Nov 27 2024,12:40:02 AM EST,255,0
Nov 27 2024,12:44:12 AM EST,36,0
Nov 27 2024,2:02:36 AM EST,34,0
Nov 27 2024,2:03:48 AM EST,82,0
Nov 27 2024,2:13:14 AM EST,33,0
Nov 27 2024,2:16:22 AM EST,60,0
Nov 27 2024,2:18:41 AM EST,140,1
Nov 27 2024,2:19:24 AM EST,54,0
Nov 27 2024,2:20:11 AM EST,36,1
Nov 27 2024,2:20:21 AM EST,140,1
Nov 27 2024,2:25:51 AM EST,26,0
Nov 27 2024,2:27:28 AM EST,51,1
Nov 27 2024,2:40:32 AM EST,140,1
Nov 27 2024,2:43:49 AM EST,134,1
Nov 27 2024,2:44:17 AM EST,139,1
Nov 27 2024,9:47:08 AM EST,47,0
Nov 27 2024,9:51:51 AM EST,81,0
Nov 27 2024,9:52:28 AM EST,51,0
Nov 27 2024,9:55:48 AM EST,23,0
Nov 27 2024,10:05:06 AM EST,99,0
Nov 27 2024,10:11:25 AM EST,58,0
Nov 27 2024,10:18:45 AM EST,140,1
Nov 27 2024,10:23:06 AM EST,56,0
Nov 27 2024,10:32:24 AM EST,48,0
Nov 27 2024,10:34:37 AM EST,140,1
Nov 27 2024,10:41:02 AM EST,140,0
Nov 27 2024,10:42:42 AM EST,55,0
Nov 27 2024,10:43:35 AM EST,84,0
Nov 27 2024,10:51:01 AM EST,140,1
Nov 27 2024,10:51:53 AM EST,38,0
Nov 27 2024,10:52:08 AM EST,27,0
Nov 27 2024,10:52:36 AM EST,28,0
Nov 27 2024,10:54:14 AM EST,42,0
Nov 27 2024,10:55:34 AM EST,155,0
Nov 27 2024,10:56:06 AM EST,63,1
Nov 27 2024,10:57:58 AM EST,88,0
Nov 27 2024,11:03:48 AM EST,205,0
Nov 27 2024,11:08:05 AM EST,140,0
Nov 27 2024,11:10:40 AM EST,51,0
Nov 27 2024,11:11:59 AM EST,140,1
Nov 27 2024,11:17:00 AM EST,41,0
Nov 27 2024,12:02:00 PM EST,89,0
Nov 27 2024,12:04:34 PM EST,17,1
Nov 27 2024,12:13:12 PM EST,56,0
Nov 27 2024,12:19:47 PM EST,28,0
Nov 27 2024,12:22:53 PM EST,140,1
Nov 27 2024,12:24:42 PM EST,134,0
Nov 27 2024,12:27:33 PM EST,132,0
Nov 27 2024,12:28:40 PM EST,129,1
Nov 27 2024,12:31:19 PM EST,76,0
Nov 27 2024,12:33:05 PM EST,25,0
Nov 27 2024,12:36:18 PM EST,90,0
Nov 27 2024,12:38:42 PM EST,50,0
Nov 27 2024,12:40:08 PM EST,28,0
Nov 27 2024,12:44:00 PM EST,138,1
Nov 27 2024,12:56:46 PM EST,78,0
Nov 27 2024,12:57:40 PM EST,27,0
Nov 27 2024,3:33:37 PM EST,28,0
Nov 27 2024,4:47:13 PM EST,81,1
Nov 27 2024,4:56:53 PM EST,140,1
Nov 27 2024,4:57:13 PM EST,143,1
Nov 27 2024,5:00:42 PM EST,36,0
Nov 27 2024,6:24:46 PM EST,70,0
Nov 27 2024,6:26:55 PM EST,140,1
Nov 27 2024,6:32:56 PM EST,59,1
Nov 27 2024,9:21:01 PM EST,70,0
Nov 27 2024,9:50:04 PM EST,99,1
Nov 28 2024,3:59:46 AM EST,28,0
Nov 28 2024,4:09:57 AM EST,27,0
Nov 28 2024,9:35:54 AM EST,77,0
Nov 28 2024,9:36:31 AM EST,29,0
Nov 28 2024,9:38:25 AM EST,25,0
Nov 28 2024,9:40:42 AM EST,140,1
Nov 28 2024,9:41:59 AM EST,144,1
Nov 28 2024,9:44:22 AM EST,39,0
Nov 28 2024,9:47:01 AM EST,69,0
Nov 28 2024,9:59:54 AM EST,140,1
Nov 28 2024,10:13:25 AM EST,87,0
Nov 28 2024,10:54:16 AM EST,140,1
Nov 28 2024,11:12:37 AM EST,63,0
Nov 28 2024,11:14:19 AM EST,30,0
Nov 28 2024,11:17:35 AM EST,23,0
Nov 28 2024,11:21:48 AM EST,69,1
Nov 28 2024,11:24:15 AM EST,140,1
Nov 28 2024,10:05:03 PM EST,62,0
Nov 28 2024,10:09:09 PM EST,156,0
Nov 28 2024,10:29:04 PM EST,27,0
Nov 28 2024,10:42:26 PM EST,81,1
Nov 28 2024,11:19:32 PM EST,32,0
Nov 28 2024,11:23:48 PM EST,139,1
Nov 28 2024,11:25:19 PM EST,25,0
Nov 28 2024,11:33:46 PM EST,140,1
Nov 28 2024,11:39:47 PM EST,44,1
Nov 28 2024,11:47:40 PM EST,25,0
Nov 28 2024,11:48:10 PM EST,138,1
Nov 28 2024,11:51:34 PM EST,27,0
Nov 28 2024,11:54:21 PM EST,70,0
Nov 28 2024,11:55:23 PM EST,139,1
Nov 28 2024,11:55:49 PM EST,140,1
Nov 29 2024,12:02:57 AM EST,27,0
Nov 29 2024,12:03:11 AM EST,140,1
Nov 29 2024,12:06:42 AM EST,36,0
Nov 29 2024,12:09:39 AM EST,138,0
Nov 29 2024,12:10:35 AM EST,27,0
Nov 29 2024,12:10:53 AM EST,139,1
Nov 29 2024,12:15:15 AM EST,117,1
Nov 29 2024,12:18:25 AM EST,37,0
Nov 29 2024,12:23:13 AM EST,27,0
Nov 29 2024,12:34:20 AM EST,140,1
Nov 29 2024,7:47:04 AM EST,140,1
Nov 29 2024,8:04:56 AM EST,69,0
Nov 29 2024,4:03:34 PM EST,9,0
Nov 29 2024,5:58:22 PM EST,140,1
Nov 29 2024,6:01:51 PM EST,119,0
Nov 29 2024,6:28:04 PM EST,140,1
Nov 29 2024,6:31:02 PM EST,44,0
Nov 29 2024,6:34:06 PM EST,62,0
Nov 29 2024,7:17:27 PM EST,59,0
Nov 29 2024,7:19:22 PM EST,69,0
Nov 29 2024,8:45:38 PM EST,77,0
Nov 29 2024,8:47:24 PM EST,61,0
Nov 30 2024,12:24:35 AM EST,100,1
Nov 30 2024,12:28:46 AM EST,28,0
Nov 30 2024,12:29:11 AM EST,27,0
Nov 30 2024,12:30:46 AM EST,130,0
Nov 30 2024,1:36:50 AM EST,28,0
Nov 30 2024,1:52:51 AM EST,88,0
Nov 30 2024,1:54:51 AM EST,45,0
Nov 30 2024,1:55:56 AM EST,67,0
Nov 30 2024,1:56:21 AM EST,99,1
Nov 30 2024,1:56:36 AM EST,23,0
Nov 30 2024,2:01:51 AM EST,139,1
Nov 30 2024,2:02:46 AM EST,105,1
Nov 30 2024,2:03:07 AM EST,140,1
Nov 30 2024,2:07:20 AM EST,140,1
Nov 30 2024,2:21:08 AM EST,70,0
Nov 30 2024,7:27:02 AM EST,103,0
Nov 30 2024,7:30:32 AM EST,60,0
Nov 30 2024,7:31:14 AM EST,44,0
Nov 30 2024,7:33:59 AM EST,71,0
Nov 30 2024,7:35:46 AM EST,116,0
Nov 30 2024,7:47:51 AM EST,76,1
Nov 30 2024,7:53:04 AM EST,113,1
Nov 30 2024,7:54:27 AM EST,99,0
Nov 30 2024,7:59:20 AM EST,140,1
Nov 30 2024,8:01:50 AM EST,43,1
Nov 30 2024,8:05:37 AM EST,145,0
Nov 30 2024,8:16:33 AM EST,144,1
Nov 30 2024,8:20:12 AM EST,25,0
Nov 30 2024,8:21:03 AM EST,32,0
Nov 30 2024,8:22:15 AM EST,43,1
Nov 30 2024,8:30:14 AM EST,28,0
Nov 30 2024,8:31:52 AM EST,140,1
Nov 30 2024,8:59:42 AM EST,89,0
Nov 30 2024,9:13:20 AM EST,25,0
Nov 30 2024,9:14:07 AM EST,44,1
Nov 30 2024,9:18:36 AM EST,28,0
Nov 30 2024,12:48:12 PM EST,93,0
Nov 30 2024,1:20:37 PM EST,30,0
Nov 30 2024,1:47:26 PM EST,27,0
Nov 30 2024,1:57:07 PM EST,27,0
Nov 30 2024,3:45:09 PM EST,109,0
Nov 30 2024,3:45:22 PM EST,113,1
Nov 30 2024,3:45:34 PM EST,140,1
Dec 1 2024,1:06:14 AM EST,63,0
Dec 1 2024,1:14:04 AM EST,28,0
Dec 1 2024,1:18:55 AM EST,140,1
Dec 1 2024,1:20:35 AM EST,102,0
Dec 1 2024,1:24:20 AM EST,125,1
Dec 1 2024,1:24:31 AM EST,40,1
Dec 1 2024,1:26:03 AM EST,36,0
Dec 1 2024,1:28:19 AM EST,23,0
Dec 1 2024,1:30:03 AM EST,168,0
Dec 1 2024,1:31:32 AM EST,140,1
Dec 1 2024,1:49:09 AM EST,64,1
Dec 1 2024,2:00:38 AM EST,84,0
Dec 1 2024,2:13:46 AM EST,31,0
Dec 1 2024,2:16:31 AM EST,139,1
Dec 1 2024,2:17:15 AM EST,23,0
Dec 1 2024,2:25:06 AM EST,94,1
Dec 1 2024,2:27:13 AM EST,193,0
Dec 1 2024,2:28:48 AM EST,33,0
Dec 1 2024,2:29:17 AM EST,140,1
Dec 1 2024,2:39:50 AM EST,33,0
Dec 1 2024,2:40:14 AM EST,140,1
Dec 1 2024,2:42:23 AM EST,140,1
Dec 1 2024,2:52:43 AM EST,49,1
Dec 1 2024,2:53:36 AM EST,95,1
Dec 1 2024,2:56:53 AM EST,39,1
Dec 1 2024,2:57:02 AM EST,61,1
Dec 1 2024,2:59:31 AM EST,62,1
Dec 1 2024,2:59:58 AM EST,28,0
Dec 1 2024,4:41:15 AM EST,140,1
Dec 1 2024,4:45:00 AM EST,140,1
Dec 1 2024,4:45:11 AM EST,139,1
Dec 1 2024,4:45:41 AM EST,27,0
Dec 1 2024,2:39:50 PM EST,56,0
Dec 1 2024,9:36:51 PM EST,139,1
Dec 1 2024,10:26:24 PM EST,27,0
Dec 1 2024,10:56:35 PM EST,36,1
Dec 2 2024,3:30:58 AM EST,27,0
Dec 2 2024,3:31:18 AM EST,33,0
Dec 2 2024,3:33:12 AM EST,62,0
Dec 2 2024,3:41:56 AM EST,25,0
Dec 2 2024,3:43:04 AM EST,45,0
Dec 2 2024,9:12:01 AM EST,250,0
Dec 2 2024,10:29:24 AM EST,140,1
Dec 2 2024,10:30:09 AM EST,136,1
Dec 2 2024,10:31:57 AM EST,26,0
Dec 2 2024,10:36:27 AM EST,28,0
Dec 2 2024,10:43:02 AM EST,25,0
Dec 2 2024,10:59:29 AM EST,139,1
Dec 2 2024,11:11:34 AM EST,34,0
Dec 2 2024,11:12:10 AM EST,140,1
Dec 2 2024,11:45:54 AM EST,56,0
Dec 2 2024,11:48:01 AM EST,36,1
Dec 2 2024,11:54:14 AM EST,58,1
Dec 2 2024,11:54:32 AM EST,140,1
Dec 2 2024,11:58:10 AM EST,23,0
Dec 2 2024,11:58:40 AM EST,47,0
Dec 2 2024,11:59:45 AM EST,140,1
Dec 2 2024,12:00:51 PM EST,140,1
Dec 2 2024,12:01:10 PM EST,140,1
Dec 2 2024,12:03:12 PM EST,140,1
Dec 2 2024,12:05:38 PM EST,140,1
Dec 2 2024,1:18:50 PM EST,144,1
Dec 2 2024,1:27:30 PM EST,32,0
Dec 2 2024,2:24:32 PM EST,140,1
Dec 2 2024,2:27:07 PM EST,67,0
Dec 2 2024,2:27:19 PM EST,140,1
Dec 2 2024,2:27:39 PM EST,140,1
Dec 2 2024,2:29:27 PM EST,27,0
Dec 2 2024,3:11:21 PM EST,83,0
Dec 2 2024,3:20:36 PM EST,70,0
Dec 2 2024,6:56:10 PM EST,116,1
Dec 2 2024,7:07:58 PM EST,71,1
Dec 2 2024,7:08:20 PM EST,140,1
Dec 2 2024,7:20:24 PM EST,34,0
Dec 2 2024,7:29:41 PM EST,140,1
Dec 2 2024,7:31:53 PM EST,47,1
Dec 2 2024,8:10:16 PM EST,77,0
Dec 2 2024,8:46:34 PM EST,139,1
Dec 2 2024,8:53:39 PM EST,27,0
Dec 2 2024,9:04:43 PM EST,140,1
Dec 2 2024,9:10:20 PM EST,86,0
Dec 2 2024,9:30:23 PM EST,101,1
Dec 2 2024,9:34:53 PM EST,44,1
Dec 2 2024,9:47:26 PM EST,42,0
Dec 2 2024,9:47:51 PM EST,140,1
Dec 2 2024,10:02:24 PM EST,23,0
Dec 2 2024,10:38:12 PM EST,67,1
Dec 3 2024,8:22:45 AM EST,29,1
Dec 3 2024,8:36:24 AM EST,31,0
Dec 3 2024,8:37:50 AM EST,75,0
Dec 3 2024,8:39:20 AM EST,140,1
Dec 3 2024,9:37:29 AM EST,37,1
Dec 3 2024,9:38:35 AM EST,140,1
Dec 3 2024,10:01:11 AM EST,140,1
Dec 3 2024,11:24:33 AM EST,113,1
Dec 3 2024,11:30:27 AM EST,30,0
Dec 3 2024,12:14:13 PM EST,102,0
Dec 3 2024,3:11:40 PM EST,140,1
Dec 3 2024,3:12:23 PM EST,138,1
Dec 3 2024,3:14:22 PM EST,27,0
Dec 3 2024,3:16:52 PM EST,140,1
Dec 3 2024,3:22:55 PM EST,27,0
Dec 3 2024,5:26:16 PM EST,29,0
Dec 3 2024,5:40:09 PM EST,26,0
Dec 3 2024,5:40:56 PM EST,130,1
Dec 3 2024,5:45:22 PM EST,140,1
Dec 3 2024,6:15:21 PM EST,91,1
Dec 3 2024,6:20:05 PM EST,131,1
Dec 3 2024,6:21:50 PM EST,134,1
Dec 3 2024,6:28:41 PM EST,138,1
Dec 3 2024,6:34:46 PM EST,31,0
Dec 3 2024,6:49:15 PM EST,140,1
Dec 3 2024,7:02:45 PM EST,105,1
Dec 3 2024,7:14:29 PM EST,108,1
Dec 3 2024,7:26:15 PM EST,70,0
Dec 3 2024,8:02:30 PM EST,32,0
Dec 3 2024,8:24:38 PM EST,140,1
Dec 3 2024,8:36:40 PM EST,137,1
Dec 3 2024,8:46:20 PM EST,25,0
Dec 3 2024,8:48:50 PM EST,140,1
Dec 3 2024,10:29:11 PM EST,25,0
Dec 3 2024,10:41:58 PM EST,124,1
Dec 3 2024,10:43:48 PM EST,27,0
Dec 3 2024,11:02:10 PM EST,39,0
Dec 4 2024,3:51:02 AM EST,55,0
Dec 4 2024,3:57:10 AM EST,47,0
Dec 4 2024,4:25:34 AM EST,140,1
Dec 4 2024,4:30:11 AM EST,28,0
Dec 4 2024,4:31:31 AM EST,44,0
Dec 4 2024,4:31:53 AM EST,139,1
Dec 4 2024,4:48:06 AM EST,23,0
Dec 4 2024,4:57:46 AM EST,140,1
Dec 4 2024,5:03:17 AM EST,138,1
Dec 4 2024,5:06:38 AM EST,23,0
Dec 4 2024,5:11:20 AM EST,23,0
Dec 4 2024,5:11:50 AM EST,23,0
Dec 4 2024,8:31:28 AM EST,99,1
Dec 4 2024,8:32:24 AM EST,140,1
Dec 4 2024,8:45:16 AM EST,131,1
Dec 4 2024,9:00:27 AM EST,28,0
Dec 4 2024,9:08:44 AM EST,140,0
Dec 4 2024,9:09:04 AM EST,15,0
Dec 4 2024,9:11:29 AM EST,60,0
Dec 4 2024,9:13:29 AM EST,140,1
Dec 4 2024,9:25:14 AM EST,140,1
Dec 4 2024,9:31:53 AM EST,116,1
Dec 4 2024,9:46:39 AM EST,140,1
Dec 4 2024,9:47:22 AM EST,100,1
Dec 4 2024,9:56:34 AM EST,87,1
Dec 4 2024,10:12:05 AM EST,26,0
Dec 4 2024,10:12:45 AM EST,140,1
Dec 4 2024,10:44:12 AM EST,59,0
Dec 4 2024,10:45:13 AM EST,23,0
Dec 4 2024,10:45:46 AM EST,23,0
Dec 4 2024,10:46:15 AM EST,25,0
Dec 4 2024,12:07:32 PM EST,23,0
Dec 4 2024,12:18:04 PM EST,54,0
Dec 4 2024,12:20:09 PM EST,140,1
Dec 4 2024,2:06:32 PM EST,139,1
Dec 4 2024,2:07:39 PM EST,139,1
Dec 4 2024,8:04:38 PM EST,140,1
Dec 4 2024,8:15:57 PM EST,27,0
Dec 4 2024,8:22:27 PM EST,140,1
Dec 4 2024,8:40:24 PM EST,248,0
Dec 4 2024,8:51:13 PM EST,77,0
Dec 4 2024,8:57:37 PM EST,89,0
Dec 4 2024,8:57:49 PM EST,97,1
Dec 4 2024,8:59:47 PM EST,78,0
Dec 4 2024,9:06:24 PM EST,23,0
Dec 4 2024,9:17:17 PM EST,35,0
Dec 4 2024,9:19:27 PM EST,140,1
Dec 4 2024,9:32:09 PM EST,100,1
Dec 4 2024,9:40:46 PM EST,34,0
Dec 4 2024,9:41:38 PM EST,55,0
Dec 4 2024,9:46:47 PM EST,45,1
Dec 4 2024,9:47:48 PM EST,69,1
Dec 4 2024,10:07:13 PM EST,23,0
Dec 4 2024,10:15:55 PM EST,52,0
Dec 4 2024,10:31:19 PM EST,140,1
Dec 4 2024,10:31:55 PM EST,41,0
Dec 4 2024,11:19:16 PM EST,59,1
Dec 4 2024,11:19:27 PM EST,140,1
Dec 4 2024,11:22:02 PM EST,38,1
Dec 4 2024,11:26:07 PM EST,140,1
Dec 4 2024,11:28:37 PM EST,140,1
Dec 5 2024,2:23:12 AM EST,255,0
Dec 5 2024,2:30:47 AM EST,27,0
Dec 5 2024,5:40:25 AM EST,140,1
Dec 5 2024,5:49:03 AM EST,53,1
Dec 5 2024,5:52:16 AM EST,47,0
Dec 5 2024,5:54:45 AM EST,59,0
Dec 5 2024,5:58:00 AM EST,83,0
Dec 5 2024,6:04:26 AM EST,97,1
Dec 5 2024,6:06:37 AM EST,25,0
Dec 5 2024,6:09:21 AM EST,66,1
Dec 5 2024,6:11:28 AM EST,140,1
Dec 5 2024,6:12:59 AM EST,130,1
Dec 5 2024,9:26:48 AM EST,140,1
Dec 5 2024,9:42:06 AM EST,140,1
Dec 5 2024,9:47:52 AM EST,93,0
Dec 5 2024,9:49:34 AM EST,97,0
Dec 5 2024,10:14:36 AM EST,40,0
Dec 5 2024,10:21:24 AM EST,73,0
Dec 5 2024,10:22:22 AM EST,103,0
Dec 5 2024,10:23:36 AM EST,80,0
Dec 5 2024,10:58:35 AM EST,31,0
Dec 5 2024,11:01:02 AM EST,54,0
Dec 5 2024,11:05:15 AM EST,202,0
Dec 5 2024,11:15:29 AM EST,34,0
Dec 5 2024,1:38:35 PM EST,104,1
Dec 5 2024,5:16:22 PM EST,140,1
Dec 5 2024,5:18:08 PM EST,25,0
Dec 5 2024,5:32:04 PM EST,83,0
Dec 5 2024,6:23:45 PM EST,150,0
Dec 5 2024,6:26:48 PM EST,255,0
Dec 5 2024,8:21:00 PM EST,140,1
Dec 5 2024,8:26:52 PM EST,23,0
Dec 5 2024,8:49:41 PM EST,140,1
Dec 5 2024,8:50:38 PM EST,103,0
Dec 5 2024,9:27:29 PM EST,75,1
Dec 5 2024,9:31:05 PM EST,103,1
Dec 5 2024,9:35:35 PM EST,32,0
Dec 5 2024,9:41:28 PM EST,87,0
Dec 6 2024,12:13:20 AM EST,37,0
Dec 6 2024,12:21:22 AM EST,59,0
Dec 6 2024,12:29:40 AM EST,25,0
Dec 6 2024,12:30:03 AM EST,139,1
Dec 6 2024,12:37:06 AM EST,140,1
Dec 6 2024,12:41:21 AM EST,139,1
Dec 6 2024,12:47:42 AM EST,58,1
Dec 6 2024,10:36:49 AM EST,38,0
Dec 6 2024,12:34:34 PM EST,30,0
Dec 6 2024,12:35:09 PM EST,55,0
Dec 6 2024,6:06:38 PM EST,112,1
Dec 6 2024,6:07:41 PM EST,47,0
Dec 6 2024,6:13:38 PM EST,140,1
Dec 6 2024,6:13:53 PM EST,26,0
Dec 6 2024,6:25:41 PM EST,140,1
Dec 6 2024,6:31:30 PM EST,26,0
Dec 6 2024,10:52:10 PM EST,45,0
Dec 7 2024,12:27:12 AM EST,41,1
Dec 7 2024,1:09:04 AM EST,126,0
Dec 7 2024,1:25:33 AM EST,49,0
Dec 7 2024,1:34:41 AM EST,25,0
Dec 7 2024,1:36:08 AM EST,29,0
Dec 7 2024,1:42:33 AM EST,23,0
Dec 7 2024,1:43:42 AM EST,140,1
Dec 7 2024,1:48:30 AM EST,78,0
Dec 7 2024,2:23:22 AM EST,105,1
Dec 7 2024,2:23:59 AM EST,39,0
Dec 7 2024,2:24:49 AM EST,62,1
Dec 7 2024,2:30:00 AM EST,46,0
Dec 7 2024,2:32:44 AM EST,65,0
Dec 7 2024,2:44:05 AM EST,25,0
Dec 7 2024,2:48:18 AM EST,51,0
Dec 7 2024,2:56:59 AM EST,23,0
Dec 7 2024,2:59:16 AM EST,19,0
Dec 7 2024,3:00:44 AM EST,66,1
Dec 7 2024,3:02:04 AM EST,33,0
Dec 7 2024,3:05:25 AM EST,63,0
Dec 7 2024,3:07:40 AM EST,45,0
Dec 7 2024,3:18:12 AM EST,27,0
Dec 7 2024,3:19:21 AM EST,138,1
Dec 7 2024,3:21:12 AM EST,40,0
Dec 7 2024,3:24:35 AM EST,36,1
Dec 7 2024,3:29:08 AM EST,118,1
Dec 7 2024,3:37:20 AM EST,134,0
Dec 7 2024,3:38:48 AM EST,140,1
Dec 7 2024,3:46:06 AM EST,138,1
Dec 7 2024,3:49:37 AM EST,46,0
Dec 7 2024,3:54:17 AM EST,140,1
Dec 7 2024,3:57:13 AM EST,59,1
Dec 7 2024,3:59:11 AM EST,31,0
Dec 7 2024,4:01:51 AM EST,72,0
Dec 7 2024,4:07:28 AM EST,62,0
Dec 7 2024,4:08:06 AM EST,35,0
Dec 7 2024,4:12:21 AM EST,36,0
Dec 7 2024,4:15:10 AM EST,138,1
Dec 7 2024,4:57:45 AM EST,140,1
Dec 7 2024,4:59:45 AM EST,140,1
Dec 7 2024,5:10:31 AM EST,139,1
Dec 7 2024,5:15:53 AM EST,92,0
Dec 7 2024,5:16:36 AM EST,140,1
Dec 7 2024,5:18:01 AM EST,77,1
Dec 7 2024,5:19:24 AM EST,117,1
Dec 7 2024,5:20:45 AM EST,140,1
Dec 7 2024,5:23:12 AM EST,102,0
Dec 7 2024,5:24:36 AM EST,69,0
Dec 7 2024,5:26:03 AM EST,95,1
Dec 7 2024,5:27:52 AM EST,140,1
Dec 7 2024,10:54:51 AM EST,140,1
Dec 7 2024,10:56:28 AM EST,136,1
Dec 7 2024,11:01:51 AM EST,23,0
Dec 7 2024,12:50:12 PM EST,140,1
Dec 7 2024,1:03:28 PM EST,183,0
Dec 7 2024,1:23:15 PM EST,62,0
Dec 7 2024,3:28:36 PM EST,140,1
Dec 7 2024,3:34:04 PM EST,115,1
Dec 7 2024,9:12:54 PM EST,140,1
Dec 7 2024,9:21:15 PM EST,139,1
Dec 7 2024,9:48:23 PM EST,86,1
Dec 7 2024,9:52:52 PM EST,34,0
Dec 7 2024,9:55:12 PM EST,140,1
Dec 7 2024,10:03:39 PM EST,28,0
Dec 7 2024,10:04:14 PM EST,123,1
Dec 7 2024,10:21:23 PM EST,50,0
Dec 7 2024,10:23:11 PM EST,88,0
Dec 8 2024,5:38:46 AM EST,140,1
Dec 8 2024,5:50:08 AM EST,140,1
Dec 8 2024,5:51:27 AM EST,50,0
Dec 8 2024,6:06:03 AM EST,140,1
Dec 8 2024,12:01:23 PM EST,120,0
Dec 8 2024,12:01:26 PM EST,73,0
Dec 8 2024,12:01:27 PM EST,49,0
Dec 8 2024,12:15:30 PM EST,71,0
Dec 8 2024,2:51:49 PM EST,140,1
Dec 8 2024,5:04:57 PM EST,63,0
Dec 8 2024,5:24:25 PM EST,140,1
Dec 8 2024,5:26:17 PM EST,140,1
Dec 8 2024,5:32:30 PM EST,29,0
Dec 8 2024,5:38:53 PM EST,66,0
Dec 8 2024,5:39:32 PM EST,56,0
Dec 8 2024,9:19:05 PM EST,36,0
Dec 8 2024,9:39:22 PM EST,52,0
Dec 8 2024,9:40:11 PM EST,140,1
Dec 8 2024,9:43:35 PM EST,23,0
Dec 8 2024,9:44:56 PM EST,140,1
Dec 8 2024,9:47:08 PM EST,23,0
Dec 8 2024,9:50:47 PM EST,127,0
Dec 8 2024,9:51:36 PM EST,56,0
Dec 8 2024,9:52:37 PM EST,25,0
Dec 8 2024,9:52:58 PM EST,139,1
Dec 8 2024,9:54:02 PM EST,61,1
Dec 8 2024,9:55:21 PM EST,23,0
Dec 8 2024,10:08:32 PM EST,57,0
Dec 8 2024,10:10:24 PM EST,48,0
Dec 8 2024,10:22:41 PM EST,85,0
Dec 8 2024,10:32:38 PM EST,78,0
Dec 8 2024,10:45:28 PM EST,27,0
Dec 8 2024,10:57:55 PM EST,42,1
Dec 8 2024,11:11:49 PM EST,140,1
Dec 8 2024,11:17:21 PM EST,82,1
Dec 8 2024,11:22:36 PM EST,45,0
Dec 8 2024,11:24:43 PM EST,139,1
Dec 8 2024,11:27:37 PM EST,137,1
Dec 8 2024,11:31:06 PM EST,97,0
Dec 9 2024,12:02:28 AM EST,139,1
Dec 9 2024,12:09:22 AM EST,74,0
Dec 9 2024,12:09:41 AM EST,134,1
Dec 9 2024,12:11:11 AM EST,67,0
Dec 9 2024,9:20:39 AM EST,140,1
Dec 9 2024,9:21:58 AM EST,140,1
Dec 9 2024,9:30:57 AM EST,140,1
Dec 9 2024,9:38:30 AM EST,27,0
Dec 9 2024,10:04:52 AM EST,255,0
Dec 9 2024,10:09:49 AM EST,51,0
Dec 9 2024,10:10:51 AM EST,36,0
Dec 9 2024,10:11:28 AM EST,40,0
Dec 9 2024,10:14:44 AM EST,139,1
Dec 9 2024,10:20:38 AM EST,23,0
Dec 9 2024,10:39:46 AM EST,84,0
Dec 9 2024,10:51:06 AM EST,68,0
Dec 9 2024,10:54:38 AM EST,25,0
Dec 9 2024,11:02:56 AM EST,168,0
Dec 9 2024,11:03:22 AM EST,39,0
Dec 9 2024,11:05:09 AM EST,25,0
Dec 9 2024,11:53:39 AM EST,94,0
Dec 9 2024,12:11:41 PM EST,110,0
Dec 9 2024,12:20:32 PM EST,139,1
Dec 9 2024,12:22:28 PM EST,125,0
Dec 9 2024,12:26:16 PM EST,191,0
Dec 9 2024,12:43:25 PM EST,67,0
Dec 9 2024,12:44:11 PM EST,25,0
Dec 9 2024,12:47:32 PM EST,40,0
Dec 9 2024,4:46:28 PM EST,32,1
Dec 9 2024,5:01:01 PM EST,255,0
Dec 9 2024,5:05:01 PM EST,50,0
Dec 9 2024,6:51:19 PM EST,44,1
Dec 9 2024,7:04:43 PM EST,137,0
Dec 9 2024,10:37:40 PM EST,49,0
Dec 9 2024,10:55:58 PM EST,255,0
Dec 9 2024,10:56:18 PM EST,27,0
Dec 9 2024,10:57:31 PM EST,25,0
Dec 9 2024,11:25:29 PM EST,61,0
Dec 10 2024,12:08:59 AM EST,140,1
Dec 10 2024,12:09:53 AM EST,70,0
Dec 10 2024,12:34:55 AM EST,32,0
Dec 10 2024,12:52:45 AM EST,140,1
Dec 10 2024,1:00:26 AM EST,35,0
Dec 10 2024,1:02:02 AM EST,140,1
Dec 10 2024,1:03:08 AM EST,48,0
Dec 10 2024,1:10:14 AM EST,140,1
Dec 10 2024,1:14:19 AM EST,255,0
Dec 10 2024,1:15:51 AM EST,115,0
Dec 10 2024,1:30:17 AM EST,28,0
Dec 10 2024,1:36:41 AM EST,135,1
Dec 10 2024,1:37:46 AM EST,43,0
Dec 10 2024,1:38:29 AM EST,140,1
Dec 10 2024,1:42:13 AM EST,58,0
Dec 10 2024,1:52:29 AM EST,50,0
Dec 10 2024,1:56:59 AM EST,140,1
Dec 10 2024,2:23:08 AM EST,49,0
Dec 10 2024,2:28:04 AM EST,47,0
Dec 10 2024,2:28:56 AM EST,33,0
Dec 10 2024,2:31:02 AM EST,46,0
Dec 10 2024,2:31:57 AM EST,85,1
Dec 10 2024,2:32:30 AM EST,27,0
Dec 10 2024,2:38:34 AM EST,140,1
Dec 10 2024,2:41:33 AM EST,96,1
Dec 10 2024,2:48:10 AM EST,131,0
Dec 10 2024,2:49:22 AM EST,35,0
Dec 10 2024,2:49:54 AM EST,138,1
Dec 10 2024,2:56:09 AM EST,104,0
Dec 10 2024,2:56:30 AM EST,140,1
Dec 10 2024,2:56:53 AM EST,25,0
Dec 10 2024,2:57:39 AM EST,137,1
Dec 10 2024,3:08:19 AM EST,53,0
Dec 10 2024,3:11:18 AM EST,66,1
Dec 10 2024,3:23:52 AM EST,16,1
Dec 10 2024,3:29:38 AM EST,43,0
Dec 10 2024,3:37:52 AM EST,115,0
Dec 10 2024,3:38:19 AM EST,68,1
Dec 10 2024,3:42:33 AM EST,140,1
Dec 10 2024,3:49:26 AM EST,139,1
Dec 10 2024,3:49:57 AM EST,27,0
Dec 10 2024,3:50:17 AM EST,60,1
Dec 10 2024,3:56:15 AM EST,140,1
Dec 10 2024,3:57:07 AM EST,140,1
Dec 10 2024,4:01:48 AM EST,31,0
Dec 10 2024,4:11:53 AM EST,28,1
Dec 10 2024,4:18:15 AM EST,140,1
Dec 10 2024,4:20:43 AM EST,147,0
Dec 10 2024,4:24:52 AM EST,140,1
Dec 10 2024,4:36:24 AM EST,50,0
Dec 10 2024,4:42:40 AM EST,144,0
Dec 10 2024,4:53:09 AM EST,27,0
Dec 10 2024,4:55:04 AM EST,45,0
Dec 10 2024,8:01:08 AM EST,138,1
Dec 10 2024,8:05:20 AM EST,31,0
Dec 10 2024,8:07:56 AM EST,140,1
Dec 10 2024,8:11:03 AM EST,75,0
Dec 10 2024,8:13:17 AM EST,140,1
Dec 10 2024,8:23:46 AM EST,27,0
Dec 10 2024,8:26:09 AM EST,55,0
Dec 10 2024,8:38:31 AM EST,154,0
Dec 10 2024,8:42:31 AM EST,139,1
Dec 10 2024,8:52:15 AM EST,140,1
Dec 10 2024,9:03:30 AM EST,23,0
Dec 10 2024,9:07:08 AM EST,38,0
Dec 10 2024,9:07:58 AM EST,70,0
Dec 10 2024,9:10:28 AM EST,27,0
Dec 10 2024,9:13:58 AM EST,140,1
Dec 10 2024,12:10:49 PM EST,140,1
Dec 10 2024,12:16:43 PM EST,121,0
Dec 10 2024,12:16:56 PM EST,53,1
Dec 10 2024,12:18:34 PM EST,140,1
Dec 10 2024,12:22:53 PM EST,23,0
Dec 10 2024,12:27:33 PM EST,36,1
Dec 10 2024,12:30:37 PM EST,34,1
Dec 10 2024,2:51:55 PM EST,43,0
Dec 10 2024,2:54:51 PM EST,140,1
Dec 10 2024,5:53:00 PM EST,25,0
Dec 10 2024,9:56:58 PM EST,87,0
Dec 10 2024,10:00:19 PM EST,47,0
Dec 10 2024,10:02:11 PM EST,67,0
Dec 10 2024,10:03:10 PM EST,28,0
Dec 10 2024,11:09:26 PM EST,51,0
Dec 11 2024,3:04:56 AM EST,27,0
Dec 11 2024,3:26:24 AM EST,140,1
Dec 11 2024,3:27:17 AM EST,59,0
Dec 11 2024,3:32:33 AM EST,77,1
Dec 11 2024,3:33:34 AM EST,140,1
Dec 11 2024,3:35:54 AM EST,135,0
Dec 11 2024,3:36:49 AM EST,29,0
Dec 11 2024,3:40:36 AM EST,74,0
Dec 11 2024,3:47:04 AM EST,199,0
Dec 11 2024,4:04:48 AM EST,30,0
Dec 11 2024,4:06:27 AM EST,198,0
Dec 11 2024,4:13:24 AM EST,28,0
Dec 11 2024,4:16:42 AM EST,40,0
Dec 11 2024,4:18:57 AM EST,83,1
Dec 11 2024,4:21:16 AM EST,27,0
Dec 11 2024,4:23:09 AM EST,140,1
Dec 11 2024,4:27:02 AM EST,99,0
Dec 11 2024,4:31:20 AM EST,116,0
Dec 11 2024,4:32:02 AM EST,65,0
Dec 11 2024,4:32:32 AM EST,45,0
Dec 11 2024,4:33:39 AM EST,125,1
Dec 11 2024,4:35:31 AM EST,26,0
Dec 11 2024,4:55:24 AM EST,61,0
Dec 11 2024,4:58:04 AM EST,10,0
Dec 11 2024,5:01:37 AM EST,140,1
Dec 11 2024,5:04:06 AM EST,93,1
Dec 11 2024,5:04:16 AM EST,61,1
Dec 11 2024,5:08:20 AM EST,26,0
Dec 11 2024,5:21:42 AM EST,106,1
Dec 11 2024,5:34:59 AM EST,140,1
Dec 11 2024,5:38:01 AM EST,95,1
Dec 11 2024,5:48:44 AM EST,69,0
Dec 11 2024,5:49:19 AM EST,42,0
Dec 11 2024,5:50:50 AM EST,61,0
Dec 11 2024,6:01:11 AM EST,33,0
Dec 11 2024,6:06:47 AM EST,140,1
Dec 11 2024,6:10:09 AM EST,115,1
Dec 11 2024,6:13:03 AM EST,91,0
Dec 11 2024,6:20:25 AM EST,175,0
Dec 11 2024,6:22:44 AM EST,140,1
Dec 11 2024,6:23:42 AM EST,85,1
Dec 11 2024,6:25:55 AM EST,29,0
Dec 11 2024,6:34:22 AM EST,125,0
Dec 11 2024,10:27:27 AM EST,26,0
Dec 11 2024,10:28:54 AM EST,27,0
Dec 11 2024,10:33:11 AM EST,42,0
Dec 11 2024,11:14:59 AM EST,37,0
Dec 11 2024,1:46:25 PM EST,25,0
Dec 11 2024,1:52:29 PM EST,47,0
Dec 11 2024,2:19:40 PM EST,139,1
Dec 11 2024,2:21:28 PM EST,139,1
Dec 11 2024,2:46:44 PM EST,43,0
Dec 11 2024,2:59:33 PM EST,53,0
Dec 11 2024,3:14:47 PM EST,26,0
Dec 11 2024,5:05:24 PM EST,26,0
Dec 11 2024,7:36:25 PM EST,61,0
Dec 11 2024,7:55:46 PM EST,36,0
Dec 11 2024,10:16:56 PM EST,140,1
Dec 11 2024,11:06:40 PM EST,23,0
Dec 11 2024,11:09:40 PM EST,48,0
Dec 11 2024,11:12:46 PM EST,34,0
Dec 11 2024,11:27:18 PM EST,48,0
Dec 11 2024,11:43:10 PM EST,101,0
Dec 11 2024,11:44:16 PM EST,49,0
Dec 11 2024,11:47:26 PM EST,114,0
Dec 11 2024,11:49:17 PM EST,77,1
Dec 11 2024,11:51:09 PM EST,67,0
Dec 12 2024,12:01:04 AM EST,34,0
Dec 12 2024,12:02:31 AM EST,23,0
Dec 12 2024,12:11:11 AM EST,25,0
Dec 12 2024,12:28:17 AM EST,31,0
Dec 12 2024,12:28:39 AM EST,140,1
Dec 12 2024,12:29:20 AM EST,28,0
Dec 12 2024,12:31:26 AM EST,67,0
Dec 12 2024,12:39:23 AM EST,140,1
Dec 12 2024,12:40:02 AM EST,121,1
Dec 12 2024,12:46:09 AM EST,95,0
Dec 12 2024,12:58:07 AM EST,23,0
Dec 12 2024,1:11:54 AM EST,99,0
Dec 12 2024,1:15:38 AM EST,114,1
Dec 12 2024,1:16:05 AM EST,139,1
Dec 12 2024,1:24:28 AM EST,34,0
Dec 12 2024,1:32:22 AM EST,140,1
Dec 12 2024,1:33:13 AM EST,100,1
Dec 12 2024,1:33:31 AM EST,140,1
Dec 12 2024,1:34:04 AM EST,36,0
Dec 12 2024,1:46:16 AM EST,34,0
Dec 12 2024,2:13:22 AM EST,140,1
Dec 12 2024,2:14:12 AM EST,140,1
Dec 12 2024,6:37:37 AM EST,140,1
Dec 12 2024,6:37:48 AM EST,140,1
Dec 12 2024,6:49:28 AM EST,97,1
Dec 12 2024,6:54:50 AM EST,95,1
Dec 12 2024,7:05:51 AM EST,73,0
Dec 12 2024,7:09:20 AM EST,139,1
Dec 12 2024,7:10:26 AM EST,27,0
Dec 12 2024,7:13:52 AM EST,51,0
Dec 12 2024,7:16:21 AM EST,66,1
Dec 12 2024,7:25:59 AM EST,96,1
Dec 12 2024,7:26:44 AM EST,138,1
Dec 12 2024,7:31:02 AM EST,140,1
Dec 12 2024,7:32:15 AM EST,123,0
Dec 12 2024,7:35:44 AM EST,97,0
Dec 12 2024,7:44:03 AM EST,116,0
Dec 12 2024,7:49:21 AM EST,50,1
Dec 12 2024,8:08:06 AM EST,143,1
Dec 12 2024,8:15:45 AM EST,30,0
Dec 12 2024,8:15:59 AM EST,138,1
Dec 12 2024,8:16:42 AM EST,140,1
Dec 12 2024,8:17:17 AM EST,34,0
Dec 12 2024,8:36:27 AM EST,66,0
Dec 12 2024,8:38:45 AM EST,140,1
Dec 12 2024,8:41:24 AM EST,46,0
Dec 12 2024,8:42:23 AM EST,23,0
Dec 12 2024,8:45:49 AM EST,97,0
Dec 12 2024,8:49:27 AM EST,140,1
Dec 12 2024,8:51:51 AM EST,27,0
Dec 12 2024,9:00:36 AM EST,140,1
Dec 12 2024,9:24:27 AM EST,83,1
Dec 12 2024,1:25:13 PM EST,27,0
Dec 12 2024,1:26:33 PM EST,30,0
Dec 12 2024,1:27:20 PM EST,140,1
Dec 12 2024,1:27:45 PM EST,140,1
Dec 12 2024,1:47:21 PM EST,27,0
Dec 12 2024,1:47:38 PM EST,30,0
Dec 12 2024,1:50:50 PM EST,33,0
Dec 12 2024,1:51:54 PM EST,113,0
Dec 12 2024,2:02:55 PM EST,140,1
Dec 12 2024,2:03:38 PM EST,104,1
Dec 12 2024,2:18:43 PM EST,27,0
Dec 12 2024,2:19:48 PM EST,41,0
Dec 12 2024,6:45:45 PM EST,117,0
Dec 12 2024,6:54:40 PM EST,63,0
Dec 12 2024,6:56:53 PM EST,98,0
Dec 12 2024,7:11:27 PM EST,34,0
Dec 12 2024,7:12:31 PM EST,108,0
Dec 12 2024,8:08:41 PM EST,140,1
Dec 12 2024,8:18:18 PM EST,30,0
Dec 12 2024,8:30:00 PM EST,103,0
Dec 12 2024,8:32:55 PM EST,133,0
Dec 12 2024,8:34:13 PM EST,88,0
Dec 12 2024,9:19:12 PM EST,98,0
Dec 12 2024,9:35:25 PM EST,25,0
Dec 12 2024,9:39:57 PM EST,23,0
Dec 12 2024,10:40:17 PM EST,23,0
Dec 12 2024,10:43:15 PM EST,23,0
Dec 13 2024,1:19:26 AM EST,35,0
Dec 13 2024,1:20:38 AM EST,55,0
Dec 13 2024,1:43:07 AM EST,140,1
Dec 13 2024,1:46:02 AM EST,75,0
Dec 13 2024,2:06:06 AM EST,140,1
Dec 13 2024,2:07:38 AM EST,27,0
Dec 13 2024,2:13:03 AM EST,140,1
Dec 13 2024,2:15:36 AM EST,28,0
Dec 13 2024,2:30:25 AM EST,55,1
Dec 13 2024,2:48:45 AM EST,81,0
Dec 13 2024,2:49:16 AM EST,69,1
Dec 13 2024,2:51:01 AM EST,140,1
Dec 13 2024,2:54:23 AM EST,91,1
Dec 13 2024,2:58:01 AM EST,52,0
Dec 13 2024,2:59:34 AM EST,52,0
Dec 13 2024,3:01:15 AM EST,23,0
Dec 13 2024,3:01:55 AM EST,66,1
Dec 13 2024,3:02:31 AM EST,64,1
Dec 13 2024,3:12:46 AM EST,138,1
Dec 13 2024,3:13:59 AM EST,139,1
Dec 13 2024,3:16:15 AM EST,41,0
Dec 13 2024,3:26:29 AM EST,48,0
Dec 13 2024,3:40:11 AM EST,50,0
Dec 13 2024,3:41:02 AM EST,50,1
Dec 13 2024,3:52:47 AM EST,48,0
Dec 13 2024,5:26:00 AM EST,27,0
Dec 13 2024,5:26:25 AM EST,139,1
Dec 13 2024,5:44:31 AM EST,46,0
Dec 13 2024,5:48:16 AM EST,138,1
Dec 13 2024,5:48:34 AM EST,140,1
Dec 13 2024,5:49:04 AM EST,140,1
Dec 13 2024,5:54:55 AM EST,29,0
Dec 13 2024,6:11:30 AM EST,59,0
Dec 13 2024,6:15:05 AM EST,33,0
Dec 13 2024,6:15:58 AM EST,95,0
Dec 13 2024,6:23:10 AM EST,76,1
Dec 13 2024,6:26:29 AM EST,52,0
Dec 13 2024,6:43:50 AM EST,114,1
Dec 13 2024,1:35:47 PM EST,28,0
Dec 13 2024,1:37:05 PM EST,51,0
Dec 13 2024,1:39:18 PM EST,47,0
Dec 13 2024,2:16:22 PM EST,140,1
Dec 13 2024,2:16:37 PM EST,140,1
Dec 13 2024,2:18:01 PM EST,44,1
Dec 13 2024,2:18:53 PM EST,114,1
Dec 13 2024,2:20:57 PM EST,39,0
Dec 13 2024,2:22:02 PM EST,109,1
Dec 13 2024,2:22:39 PM EST,28,0
Dec 13 2024,2:22:58 PM EST,79,1
Dec 13 2024,2:23:16 PM EST,140,1
Dec 13 2024,2:24:02 PM EST,76,1
Dec 13 2024,2:25:46 PM EST,28,0
Dec 13 2024,2:25:58 PM EST,103,1
Dec 13 2024,2:26:31 PM EST,25,0
Dec 13 2024,2:26:50 PM EST,40,0
Dec 13 2024,2:29:53 PM EST,27,0
Dec 13 2024,2:33:35 PM EST,28,0
Dec 13 2024,2:35:07 PM EST,80,0
Dec 13 2024,2:35:57 PM EST,49,0
Dec 13 2024,2:36:35 PM EST,41,1
Dec 13 2024,2:38:26 PM EST,53,0
Dec 13 2024,2:46:41 PM EST,25,0
Dec 13 2024,2:48:57 PM EST,25,0
Dec 13 2024,4:05:58 PM EST,99,1
Dec 13 2024,4:10:15 PM EST,28,0
Dec 13 2024,4:13:44 PM EST,130,0
Dec 13 2024,4:16:40 PM EST,101,0
Dec 13 2024,4:16:56 PM EST,25,0
Dec 13 2024,4:17:37 PM EST,32,0
Dec 13 2024,4:32:31 PM EST,70,1
Dec 13 2024,4:33:12 PM EST,140,1
Dec 13 2024,4:35:28 PM EST,216,0
Dec 13 2024,4:36:51 PM EST,27,0
Dec 13 2024,4:38:27 PM EST,25,0
Dec 13 2024,4:48:50 PM EST,79,0
Dec 13 2024,6:20:03 PM EST,123,0
Dec 13 2024,6:49:17 PM EST,25,0
Dec 13 2024,6:58:27 PM EST,88,0
Dec 13 2024,7:00:13 PM EST,27,0
Dec 13 2024,7:01:58 PM EST,64,1
Dec 13 2024,7:06:18 PM EST,64,0
Dec 13 2024,7:08:22 PM EST,75,1
Dec 13 2024,7:17:05 PM EST,68,0
Dec 13 2024,7:22:01 PM EST,23,0
Dec 13 2024,7:26:35 PM EST,124,0
Dec 13 2024,7:27:31 PM EST,144,1
Dec 13 2024,7:33:59 PM EST,138,1
Dec 13 2024,7:35:19 PM EST,140,1
Dec 13 2024,8:49:20 PM EST,89,1
Dec 13 2024,8:50:07 PM EST,54,0
Dec 13 2024,8:50:29 PM EST,41,0
Dec 13 2024,9:05:30 PM EST,40,0
Dec 13 2024,11:01:48 PM EST,140,1
Dec 13 2024,11:02:37 PM EST,140,1
Dec 13 2024,11:05:50 PM EST,32,1
Dec 13 2024,11:06:07 PM EST,117,1
Dec 13 2024,11:07:33 PM EST,140,1
Dec 13 2024,11:07:35 PM EST,111,1
Dec 13 2024,11:10:47 PM EST,140,1
Dec 14 2024,12:44:29 AM EST,139,1
Dec 14 2024,12:55:41 AM EST,140,1
Dec 14 2024,1:20:22 AM EST,94,0
Dec 14 2024,12:02:37 PM EST,249,0
Dec 14 2024,2:37:27 PM EST,26,0
Dec 14 2024,2:40:23 PM EST,138,1
Dec 14 2024,7:49:11 PM EST,254,0
Dec 14 2024,7:52:27 PM EST,140,1
Dec 14 2024,7:59:42 PM EST,51,0
Dec 14 2024,11:08:17 PM EST,94,1
Dec 14 2024,11:16:23 PM EST,28,0
Dec 14 2024,11:17:15 PM EST,139,1
Dec 15 2024,1:24:58 AM EST,87,1
Dec 15 2024,1:32:36 AM EST,140,1
Dec 15 2024,1:36:28 AM EST,91,1
Dec 15 2024,1:36:36 AM EST,102,1
Dec 15 2024,1:50:45 AM EST,63,0
Dec 15 2024,1:50:58 AM EST,98,1
Dec 15 2024,2:05:33 AM EST,140,1
Dec 15 2024,2:05:51 AM EST,105,1
Dec 15 2024,2:07:23 AM EST,44,0
Dec 15 2024,2:16:15 AM EST,85,0
Dec 15 2024,3:07:08 AM EST,57,1
Dec 15 2024,3:42:01 AM EST,23,0
Dec 15 2024,3:55:46 AM EST,140,1
Dec 15 2024,3:56:16 AM EST,45,0
Dec 15 2024,9:28:51 AM EST,23,0
Dec 15 2024,11:52:32 AM EST,30,0
Dec 15 2024,11:54:18 AM EST,56,0
Dec 15 2024,11:57:24 AM EST,80,0
Dec 15 2024,11:58:20 AM EST,139,1
Dec 15 2024,12:45:05 PM EST,158,0
Dec 15 2024,12:46:30 PM EST,104,0
Dec 15 2024,12:47:11 PM EST,140,1
Dec 15 2024,5:14:24 PM EST,85,1
Dec 15 2024,5:19:27 PM EST,28,0
Dec 15 2024,5:21:55 PM EST,165,0
Dec 15 2024,5:22:38 PM EST,27,0
Dec 15 2024,5:38:15 PM EST,28,0
Dec 15 2024,5:40:13 PM EST,25,0
Dec 15 2024,6:07:05 PM EST,34,0
Dec 15 2024,6:12:07 PM EST,49,1
Dec 15 2024,6:22:01 PM EST,55,0
Dec 16 2024,12:10:11 AM EST,30,0
Dec 16 2024,1:38:06 AM EST,45,0
Dec 16 2024,1:38:48 AM EST,138,1
Dec 16 2024,1:39:55 AM EST,140,1
Dec 16 2024,1:46:07 AM EST,208,0
Dec 16 2024,1:49:41 AM EST,140,1
Dec 16 2024,2:12:13 AM EST,140,1
Dec 16 2024,2:12:37 AM EST,28,0
Dec 16 2024,2:13:38 AM EST,108,1
Dec 16 2024,7:21:14 AM EST,115,1
Dec 16 2024,7:22:12 AM EST,63,0
Dec 16 2024,7:23:04 AM EST,27,0
Dec 16 2024,7:26:39 AM EST,139,1
Dec 16 2024,12:11:52 PM EST,68,0
Dec 16 2024,12:13:19 PM EST,27,0
Dec 16 2024,12:36:25 PM EST,31,0
Dec 16 2024,2:26:54 PM EST,139,1
Dec 16 2024,5:02:06 PM EST,140,1
Dec 16 2024,5:11:18 PM EST,28,0
Dec 16 2024,5:12:18 PM EST,140,1
Dec 16 2024,5:16:29 PM EST,122,1
Dec 16 2024,5:17:05 PM EST,31,0
Dec 16 2024,5:18:19 PM EST,23,0
Dec 16 2024,5:20:25 PM EST,27,0
Dec 16 2024,5:20:55 PM EST,24,1
Dec 16 2024,5:24:57 PM EST,140,1
Dec 16 2024,7:05:12 PM EST,50,0
Dec 16 2024,7:05:54 PM EST,43,1
Dec 16 2024,7:17:29 PM EST,38,0
Dec 16 2024,7:18:08 PM EST,38,0
Dec 16 2024,7:20:50 PM EST,140,1
Dec 16 2024,7:26:13 PM EST,133,1
Dec 16 2024,7:34:53 PM EST,38,0
Dec 16 2024,7:37:35 PM EST,209,0
Dec 16 2024,7:43:49 PM EST,138,0
Dec 16 2024,7:44:39 PM EST,140,1
Dec 16 2024,7:45:49 PM EST,140,1
Dec 16 2024,7:57:35 PM EST,42,0
Dec 16 2024,7:58:58 PM EST,23,0
Dec 16 2024,8:04:30 PM EST,91,0
Dec 16 2024,8:04:45 PM EST,23,0
Dec 16 2024,8:05:05 PM EST,140,1
Dec 16 2024,8:05:20 PM EST,74,1
Dec 16 2024,8:06:33 PM EST,63,0
Dec 16 2024,8:09:03 PM EST,35,0
Dec 16 2024,8:09:43 PM EST,31,0
Dec 16 2024,8:18:39 PM EST,63,0
Dec 16 2024,8:28:25 PM EST,28,0
Dec 16 2024,8:51:45 PM EST,26,0
Dec 16 2024,9:51:59 PM EST,72,1
Dec 16 2024,9:58:36 PM EST,128,1
Dec 16 2024,10:01:50 PM EST,29,0
Dec 16 2024,10:03:07 PM EST,122,1
Dec 16 2024,10:24:26 PM EST,50,0
Dec 16 2024,10:53:47 PM EST,44,1
Dec 16 2024,10:57:24 PM EST,31,0
Dec 16 2024,10:58:26 PM EST,48,0
Dec 17 2024,12:04:07 AM EST,139,1
Dec 17 2024,12:09:59 AM EST,140,1
Dec 17 2024,12:11:50 AM EST,103,1
Dec 17 2024,12:14:10 AM EST,68,1
Dec 17 2024,12:35:52 AM EST,50,0
Dec 17 2024,12:47:05 AM EST,25,0
Dec 17 2024,3:55:21 AM EST,79,0
Dec 17 2024,4:14:35 AM EST,27,0
Dec 17 2024,4:17:05 AM EST,47,0
Dec 17 2024,4:32:25 AM EST,144,1
Dec 17 2024,4:32:28 AM EST,88,1
Dec 17 2024,4:33:59 AM EST,139,1
Dec 17 2024,4:50:49 AM EST,27,0
Dec 17 2024,4:58:20 AM EST,27,0
Dec 17 2024,5:19:59 AM EST,52,0
Dec 17 2024,5:35:17 AM EST,40,0
Dec 17 2024,5:39:06 AM EST,139,1
Dec 17 2024,6:06:59 AM EST,140,1
Dec 17 2024,10:30:56 AM EST,138,1
Dec 17 2024,10:44:50 AM EST,113,1
Dec 17 2024,11:45:44 AM EST,135,1
Dec 17 2024,12:03:31 PM EST,79,0
Dec 17 2024,12:06:30 PM EST,81,0
Dec 17 2024,12:07:15 PM EST,140,1
Dec 17 2024,12:11:50 PM EST,65,0
Dec 17 2024,12:15:26 PM EST,105,1
Dec 17 2024,12:18:31 PM EST,30,0
Dec 17 2024,12:21:13 PM EST,108,0
Dec 17 2024,12:21:27 PM EST,27,0
Dec 17 2024,12:22:30 PM EST,27,0
Dec 17 2024,12:24:09 PM EST,110,0
Dec 17 2024,12:25:49 PM EST,25,0
Dec 17 2024,1:23:38 PM EST,78,0
Dec 17 2024,1:27:07 PM EST,224,0
Dec 17 2024,1:30:08 PM EST,49,0
Dec 17 2024,2:31:02 PM EST,140,1
Dec 17 2024,2:34:49 PM EST,111,0
Dec 17 2024,2:38:15 PM EST,54,0
Dec 17 2024,2:42:14 PM EST,48,0
Dec 17 2024,3:26:59 PM EST,59,0
Dec 17 2024,3:38:15 PM EST,87,0
Dec 17 2024,4:07:48 PM EST,57,0
Dec 17 2024,4:10:09 PM EST,172,0
Dec 17 2024,4:26:31 PM EST,39,0
Dec 17 2024,4:29:43 PM EST,28,0
Dec 17 2024,4:31:57 PM EST,45,0
Dec 17 2024,4:32:36 PM EST,39,0
Dec 17 2024,4:46:52 PM EST,141,0
Dec 17 2024,4:50:55 PM EST,90,0
Dec 18 2024,2:01:52 AM EST,35,0
Dec 18 2024,2:06:58 AM EST,53,0
Dec 18 2024,4:02:27 AM EST,140,1
Dec 18 2024,4:15:16 AM EST,49,0
Dec 18 2024,4:17:34 AM EST,57,0
Dec 18 2024,11:05:25 AM EST,74,0
Dec 18 2024,11:07:39 AM EST,120,0
Dec 18 2024,11:11:06 AM EST,35,0
Dec 18 2024,12:09:34 PM EST,73,0
Dec 18 2024,12:52:39 PM EST,31,0
Dec 18 2024,12:56:42 PM EST,49,0
Dec 18 2024,12:59:50 PM EST,115,0
Dec 18 2024,1:05:31 PM EST,207,0
Dec 18 2024,1:06:08 PM EST,41,0
Dec 18 2024,1:17:00 PM EST,114,0
Dec 18 2024,1:30:31 PM EST,92,0
Dec 18 2024,1:32:17 PM EST,56,0
Dec 18 2024,1:37:59 PM EST,27,0
Dec 18 2024,1:38:20 PM EST,42,0
Dec 18 2024,1:39:37 PM EST,96,0
Dec 18 2024,1:41:35 PM EST,178,0
Dec 18 2024,1:42:06 PM EST,117,1
Dec 18 2024,1:42:59 PM EST,45,0
Dec 18 2024,1:47:15 PM EST,57,0
Dec 18 2024,1:48:20 PM EST,45,0
Dec 18 2024,1:49:42 PM EST,34,0
Dec 18 2024,1:51:03 PM EST,157,0
Dec 18 2024,1:54:55 PM EST,117,0
Dec 18 2024,1:55:51 PM EST,59,0
Dec 18 2024,1:56:27 PM EST,140,1
Dec 18 2024,1:57:20 PM EST,79,0
Dec 18 2024,1:58:28 PM EST,86,1
Dec 18 2024,1:59:00 PM EST,140,1
Dec 18 2024,1:59:44 PM EST,137,1
Dec 18 2024,2:00:41 PM EST,71,0
Dec 18 2024,2:01:01 PM EST,140,1
Dec 18 2024,2:01:11 PM EST,139,1
Dec 18 2024,2:01:26 PM EST,34,0
Dec 18 2024,2:01:42 PM EST,34,0
Dec 18 2024,2:01:59 PM EST,36,0
Dec 18 2024,2:04:48 PM EST,197,0
Dec 18 2024,2:06:18 PM EST,155,0
Dec 18 2024,2:06:27 PM EST,140,1
Dec 18 2024,2:07:01 PM EST,66,0
Dec 18 2024,2:08:56 PM EST,103,0
Dec 18 2024,2:09:17 PM EST,31,0
Dec 18 2024,2:09:35 PM EST,25,0
Dec 18 2024,2:10:04 PM EST,34,0
Dec 18 2024,2:13:41 PM EST,98,0
Dec 18 2024,2:15:12 PM EST,95,0
Dec 18 2024,2:27:04 PM EST,111,0
Dec 18 2024,2:28:11 PM EST,25,0
Dec 18 2024,2:29:14 PM EST,70,0
Dec 18 2024,2:30:21 PM EST,35,0
Dec 18 2024,2:32:16 PM EST,38,0
Dec 18 2024,2:37:09 PM EST,34,0
Dec 18 2024,2:37:54 PM EST,34,0
Dec 18 2024,2:38:39 PM EST,28,0
Dec 18 2024,2:42:50 PM EST,255,0
Dec 18 2024,2:44:14 PM EST,140,1
Dec 18 2024,2:45:21 PM EST,140,1
Dec 18 2024,2:46:16 PM EST,137,1
Dec 18 2024,2:46:56 PM EST,59,0
Dec 18 2024,2:47:31 PM EST,27,0
Dec 18 2024,2:48:39 PM EST,34,0
Dec 18 2024,2:49:21 PM EST,140,1
Dec 18 2024,2:50:43 PM EST,93,1
Dec 18 2024,2:51:39 PM EST,30,0
Dec 18 2024,2:51:54 PM EST,140,1
Dec 18 2024,3:14:20 PM EST,162,0
Dec 18 2024,3:15:00 PM EST,34,0
Dec 18 2024,3:17:10 PM EST,140,1
Dec 18 2024,3:18:26 PM EST,112,0
Dec 18 2024,3:20:22 PM EST,133,0
Dec 18 2024,3:21:02 PM EST,26,0
Dec 18 2024,3:22:58 PM EST,34,0
Dec 18 2024,3:24:06 PM EST,34,0
Dec 18 2024,3:25:03 PM EST,140,1
Dec 18 2024,3:26:12 PM EST,37,0
Dec 18 2024,3:27:03 PM EST,34,0
Dec 18 2024,3:27:35 PM EST,34,0
Dec 18 2024,3:29:09 PM EST,140,1
Dec 18 2024,3:29:31 PM EST,25,0
Dec 18 2024,3:30:47 PM EST,50,1
Dec 18 2024,3:34:58 PM EST,205,0
Dec 18 2024,3:35:38 PM EST,140,1
Dec 18 2024,3:35:55 PM EST,25,0
Dec 18 2024,3:36:53 PM EST,60,0
Dec 18 2024,3:37:23 PM EST,28,0
Dec 18 2024,3:39:15 PM EST,59,0
Dec 18 2024,3:39:42 PM EST,28,0
Dec 18 2024,3:40:10 PM EST,140,1
Dec 18 2024,3:42:28 PM EST,43,0
Dec 18 2024,3:43:12 PM EST,34,0
Dec 18 2024,3:45:14 PM EST,139,1
Dec 18 2024,3:45:38 PM EST,108,1
Dec 18 2024,3:47:30 PM EST,30,0
Dec 18 2024,3:49:59 PM EST,34,0
Dec 18 2024,3:51:10 PM EST,82,0
Dec 18 2024,3:51:50 PM EST,34,0
Dec 18 2024,3:52:21 PM EST,43,0
Dec 18 2024,3:58:14 PM EST,137,0
Dec 18 2024,3:59:05 PM EST,23,1
Dec 18 2024,4:00:21 PM EST,25,0
Dec 18 2024,4:02:56 PM EST,138,1
Dec 18 2024,5:31:55 PM EST,50,0
Dec 18 2024,5:33:03 PM EST,27,0
Dec 18 2024,5:39:50 PM EST,120,0
Dec 18 2024,5:41:27 PM EST,28,0
Dec 18 2024,5:45:24 PM EST,95,1
Dec 18 2024,5:53:55 PM EST,27,0
Dec 18 2024,5:57:42 PM EST,129,0
Dec 18 2024,5:59:14 PM EST,25,0
Dec 18 2024,6:02:52 PM EST,149,0
Dec 18 2024,6:04:45 PM EST,28,0
Dec 18 2024,6:05:33 PM EST,71,1
Dec 18 2024,6:07:54 PM EST,60,0
Dec 18 2024,6:09:07 PM EST,28,0
Dec 18 2024,6:12:13 PM EST,93,0
Dec 18 2024,6:21:07 PM EST,38,0
Dec 18 2024,6:33:16 PM EST,60,1
Dec 18 2024,6:35:23 PM EST,55,1
Dec 18 2024,6:37:45 PM EST,137,1
Dec 18 2024,6:38:39 PM EST,114,0
Dec 18 2024,6:51:38 PM EST,25,0
Dec 18 2024,8:02:07 PM EST,29,0
Dec 18 2024,8:18:36 PM EST,23,0
Dec 18 2024,11:26:22 PM EST,23,0
Dec 19 2024,12:10:27 AM EST,23,0
Dec 19 2024,12:19:54 AM EST,23,0
Dec 19 2024,12:21:50 AM EST,140,1
Dec 19 2024,11:27:19 AM EST,47,0
Dec 19 2024,11:33:03 AM EST,60,1
Dec 19 2024,11:37:20 AM EST,27,0
Dec 19 2024,11:44:20 AM EST,73,0
Dec 19 2024,11:45:15 AM EST,65,1
Dec 19 2024,11:46:01 AM EST,140,1
Dec 19 2024,11:50:27 AM EST,88,0
Dec 19 2024,12:11:58 PM EST,133,0
Dec 19 2024,12:16:54 PM EST,170,0
Dec 19 2024,2:49:07 PM EST,144,1
Dec 19 2024,2:49:29 PM EST,25,0
Dec 19 2024,3:23:42 PM EST,131,0
Dec 19 2024,3:39:16 PM EST,88,1
Dec 19 2024,4:10:52 PM EST,70,1
Dec 19 2024,5:00:01 PM EST,58,0
Dec 19 2024,5:05:00 PM EST,149,0
Dec 19 2024,5:38:13 PM EST,255,0
Dec 19 2024,5:39:28 PM EST,31,0
Dec 19 2024,6:25:56 PM EST,140,1
Dec 19 2024,6:40:52 PM EST,38,0
Dec 19 2024,7:01:02 PM EST,158,0
Dec 19 2024,7:23:40 PM EST,214,0
Dec 19 2024,7:30:48 PM EST,163,0
Dec 19 2024,7:55:28 PM EST,144,1
Dec 19 2024,8:27:52 PM EST,255,0
Dec 19 2024,8:30:48 PM EST,25,0
Dec 19 2024,11:35:29 PM EST,137,0
Dec 19 2024,11:48:45 PM EST,45,0
Dec 19 2024,11:49:31 PM EST,32,0
Dec 20 2024,12:02:52 AM EST,25,0
Dec 20 2024,12:04:06 AM EST,28,0
Dec 20 2024,12:12:59 AM EST,83,1
Dec 20 2024,12:17:20 AM EST,139,1
Dec 20 2024,12:17:44 AM EST,27,0
Dec 20 2024,12:59:37 AM EST,27,0
Dec 20 2024,1:03:25 AM EST,53,0
Dec 20 2024,8:47:38 AM EST,100,0
Dec 20 2024,8:47:44 AM EST,130,1
Dec 20 2024,8:52:58 AM EST,67,0
Dec 20 2024,8:57:09 AM EST,225,0
Dec 20 2024,9:01:22 AM EST,140,1
Dec 20 2024,9:03:32 AM EST,57,0
Dec 20 2024,9:04:22 AM EST,25,0
Dec 20 2024,9:08:16 AM EST,94,0
Dec 20 2024,9:20:14 AM EST,121,0
Dec 20 2024,9:33:35 AM EST,140,1
Dec 20 2024,10:03:28 AM EST,115,1
Dec 20 2024,10:17:45 AM EST,81,0
Dec 20 2024,10:23:05 AM EST,120,0
Dec 20 2024,10:25:49 AM EST,69,0
Dec 20 2024,10:41:40 AM EST,43,0
Dec 20 2024,10:42:30 AM EST,140,1
Dec 20 2024,10:43:15 AM EST,41,0
Dec 20 2024,10:44:27 AM EST,27,0
Dec 20 2024,10:55:44 AM EST,34,0
Dec 20 2024,11:06:05 AM EST,140,1
Dec 20 2024,11:11:08 AM EST,40,0
Dec 20 2024,11:11:27 AM EST,27,0
Dec 20 2024,11:14:57 AM EST,23,0
Dec 20 2024,11:16:48 AM EST,84,0
Dec 20 2024,11:20:21 AM EST,240,0
Dec 20 2024,11:23:04 AM EST,153,0
Dec 20 2024,11:25:39 AM EST,166,0
Dec 20 2024,11:30:32 AM EST,55,0
Dec 20 2024,11:31:08 AM EST,55,0
Dec 20 2024,11:33:35 AM EST,140,1
Dec 20 2024,11:35:57 AM EST,92,0
Dec 20 2024,11:41:36 AM EST,139,1
Dec 20 2024,11:47:21 AM EST,27,0
Dec 20 2024,11:51:02 AM EST,103,0
Dec 20 2024,11:58:45 AM EST,49,0
Dec 20 2024,12:00:59 PM EST,43,0
Dec 20 2024,12:04:02 PM EST,62,0
Dec 20 2024,12:04:17 PM EST,86,1
Dec 20 2024,12:26:39 PM EST,43,0
Dec 20 2024,12:28:30 PM EST,31,0
Dec 20 2024,12:30:20 PM EST,39,0
Dec 20 2024,12:32:00 PM EST,52,0
Dec 20 2024,12:33:37 PM EST,140,1
Dec 20 2024,12:34:02 PM EST,35,0
Dec 20 2024,12:34:29 PM EST,28,0
Dec 20 2024,12:35:19 PM EST,61,0
Dec 20 2024,12:36:46 PM EST,25,0
Dec 20 2024,12:39:52 PM EST,68,0
Dec 20 2024,12:40:55 PM EST,37,0
Dec 20 2024,1:24:58 PM EST,60,1
Dec 20 2024,1:25:30 PM EST,140,1
Dec 20 2024,1:37:36 PM EST,140,1
Dec 20 2024,2:18:58 PM EST,136,1
Dec 20 2024,2:19:23 PM EST,140,1
Dec 20 2024,2:37:45 PM EST,40,0
Dec 20 2024,2:38:06 PM EST,139,1
Dec 20 2024,2:52:01 PM EST,72,0
Dec 20 2024,2:52:27 PM EST,30,0
Dec 20 2024,2:54:49 PM EST,140,1
Dec 20 2024,2:55:29 PM EST,51,0
Dec 20 2024,2:56:51 PM EST,73,1
Dec 20 2024,3:00:33 PM EST,32,0
Dec 20 2024,3:05:51 PM EST,178,0
Dec 20 2024,3:06:43 PM EST,140,1
Dec 20 2024,3:09:15 PM EST,140,1
Dec 20 2024,3:11:35 PM EST,46,0
Dec 20 2024,3:12:20 PM EST,30,0
Dec 20 2024,3:16:46 PM EST,79,0
Dec 20 2024,3:19:25 PM EST,139,1
Dec 20 2024,3:20:39 PM EST,31,0
Dec 20 2024,3:25:47 PM EST,59,0
Dec 20 2024,3:28:31 PM EST,40,0
Dec 20 2024,3:30:03 PM EST,68,0
Dec 20 2024,3:30:38 PM EST,140,1
Dec 20 2024,3:31:44 PM EST,26,0
Dec 20 2024,3:35:25 PM EST,37,0
Dec 20 2024,3:38:01 PM EST,124,1
Dec 20 2024,3:49:42 PM EST,70,0
Dec 20 2024,3:51:23 PM EST,34,0
Dec 20 2024,3:53:28 PM EST,74,0
Dec 20 2024,4:18:05 PM EST,140,1
Dec 20 2024,4:31:20 PM EST,138,1
Dec 20 2024,4:45:57 PM EST,140,1
Dec 20 2024,4:47:14 PM EST,37,0
Dec 20 2024,4:49:23 PM EST,97,0
Dec 20 2024,4:50:20 PM EST,139,1
Dec 20 2024,4:51:38 PM EST,61,0
Dec 20 2024,5:04:07 PM EST,73,0
Dec 20 2024,5:07:26 PM EST,42,1
Dec 20 2024,5:19:41 PM EST,70,1
Dec 20 2024,5:31:05 PM EST,47,0
Dec 20 2024,5:36:14 PM EST,193,0
Dec 20 2024,5:48:14 PM EST,93,1
Dec 20 2024,5:53:09 PM EST,72,1
Dec 20 2024,6:00:42 PM EST,28,0
Dec 20 2024,6:27:50 PM EST,140,1
Dec 20 2024,6:38:08 PM EST,86,1
Dec 20 2024,6:43:08 PM EST,23,0
Dec 20 2024,6:53:40 PM EST,147,0
Dec 20 2024,7:02:16 PM EST,120,0
Dec 21 2024,12:19:59 AM EST,139,1
Dec 21 2024,12:20:53 AM EST,120,1
Dec 21 2024,12:27:41 AM EST,139,1
Dec 21 2024,12:39:48 AM EST,140,1
Dec 21 2024,12:45:04 AM EST,140,1
Dec 21 2024,12:46:20 AM EST,64,0
Dec 21 2024,12:54:33 AM EST,184,0
Dec 21 2024,1:24:24 AM EST,140,1
Dec 21 2024,8:39:53 AM EST,140,1
Dec 21 2024,8:43:03 AM EST,34,0
Dec 21 2024,8:46:32 AM EST,139,1
Dec 21 2024,8:48:28 AM EST,69,0
Dec 21 2024,9:06:44 AM EST,25,0
Dec 21 2024,9:08:50 AM EST,63,0
Dec 21 2024,9:09:56 AM EST,57,0
Dec 21 2024,9:18:47 AM EST,140,1
Dec 21 2024,9:22:37 AM EST,27,0
Dec 21 2024,9:23:01 AM EST,32,0
Dec 21 2024,9:53:50 AM EST,88,1
Dec 21 2024,9:54:19 AM EST,73,0
Dec 21 2024,9:55:34 AM EST,140,1
Dec 21 2024,9:55:56 AM EST,140,1
Dec 21 2024,9:58:08 AM EST,28,0
Dec 21 2024,9:58:20 AM EST,56,1
Dec 21 2024,10:02:58 AM EST,139,1
Dec 21 2024,10:04:23 AM EST,55,0
Dec 21 2024,10:14:45 AM EST,31,0
Dec 21 2024,10:18:01 AM EST,141,0
Dec 21 2024,10:19:53 AM EST,50,0
Dec 21 2024,10:25:39 AM EST,109,1
Dec 21 2024,10:25:44 AM EST,140,1
Dec 21 2024,10:37:39 AM EST,79,0
Dec 21 2024,10:38:53 AM EST,44,1
Dec 21 2024,10:45:53 AM EST,221,0
Dec 21 2024,10:46:48 AM EST,76,0
Dec 21 2024,10:49:08 AM EST,57,0
Dec 21 2024,10:54:18 AM EST,87,0
Dec 21 2024,11:00:35 AM EST,51,0
Dec 21 2024,11:02:05 AM EST,124,1
Dec 21 2024,11:03:57 AM EST,104,0
Dec 21 2024,11:09:56 AM EST,41,0
Dec 21 2024,1:13:28 PM EST,83,0
Dec 21 2024,1:14:59 PM EST,55,0
Dec 21 2024,1:19:03 PM EST,151,0
Dec 21 2024,1:21:22 PM EST,39,0
Dec 21 2024,1:23:26 PM EST,61,0
Dec 21 2024,1:29:07 PM EST,14,0
Dec 21 2024,1:36:46 PM EST,69,0
Dec 21 2024,1:42:04 PM EST,71,0
Dec 21 2024,1:43:22 PM EST,30,0
Dec 21 2024,2:33:33 PM EST,139,1
Dec 21 2024,2:37:58 PM EST,119,1
Dec 21 2024,2:39:37 PM EST,46,0
Dec 21 2024,2:45:20 PM EST,71,0
Dec 21 2024,3:20:26 PM EST,25,0
Dec 21 2024,3:43:12 PM EST,34,0
Dec 21 2024,4:32:30 PM EST,140,1
Dec 21 2024,4:33:01 PM EST,25,0
Dec 21 2024,4:52:15 PM EST,27,0
Dec 21 2024,4:55:27 PM EST,27,0
Dec 21 2024,8:10:38 PM EST,23,0
Dec 21 2024,8:14:14 PM EST,23,0
Dec 21 2024,8:18:29 PM EST,118,0
Dec 21 2024,8:18:51 PM EST,140,1
Dec 21 2024,8:32:24 PM EST,27,0
Dec 21 2024,8:45:30 PM EST,214,0
Dec 21 2024,8:46:36 PM EST,72,0
Dec 22 2024,1:38:58 AM EST,125,0
Dec 22 2024,2:49:59 AM EST,27,0
Dec 22 2024,2:54:34 AM EST,47,0
Dec 22 2024,3:01:45 AM EST,27,0
Dec 22 2024,3:03:45 AM EST,36,0
Dec 22 2024,3:39:16 AM EST,45,0
Dec 22 2024,12:07:26 PM EST,88,1
Dec 22 2024,12:18:05 PM EST,35,0
Dec 22 2024,12:20:08 PM EST,42,0
Dec 22 2024,12:22:12 PM EST,69,0
Dec 22 2024,12:27:36 PM EST,254,0
Dec 22 2024,12:38:49 PM EST,255,0
Dec 22 2024,12:44:24 PM EST,94,0
Dec 22 2024,12:50:56 PM EST,140,1
Dec 22 2024,1:00:44 PM EST,234,0
Dec 22 2024,1:07:18 PM EST,174,0
Dec 22 2024,1:08:23 PM EST,45,0
Dec 22 2024,1:11:31 PM EST,23,0
Dec 22 2024,1:15:17 PM EST,27,0
Dec 22 2024,1:16:18 PM EST,139,1
Dec 22 2024,1:16:33 PM EST,139,1
Dec 22 2024,1:17:24 PM EST,66,0
Dec 22 2024,1:18:21 PM EST,140,1
Dec 22 2024,1:19:04 PM EST,125,1
Dec 22 2024,1:29:49 PM EST,66,0
Dec 22 2024,1:34:37 PM EST,124,0
Dec 22 2024,1:37:34 PM EST,23,0
Dec 22 2024,1:38:47 PM EST,49,0
Dec 22 2024,1:41:46 PM EST,127,0
Dec 22 2024,1:46:41 PM EST,207,0
Dec 22 2024,1:47:47 PM EST,30,0
Dec 22 2024,1:55:27 PM EST,139,1
Dec 22 2024,2:13:56 PM EST,146,0
Dec 22 2024,2:19:00 PM EST,77,1
Dec 22 2024,3:02:31 PM EST,144,1
Dec 22 2024,3:47:26 PM EST,41,0
Dec 22 2024,5:18:16 PM EST,33,0
Dec 22 2024,5:34:29 PM EST,26,0
Dec 22 2024,5:43:34 PM EST,118,1
Dec 22 2024,5:46:01 PM EST,136,1
Dec 22 2024,5:49:55 PM EST,152,0
Dec 22 2024,6:01:25 PM EST,40,0
Dec 22 2024,6:05:45 PM EST,50,0
Dec 22 2024,6:27:27 PM EST,61,0
Dec 22 2024,6:28:56 PM EST,140,1
Dec 22 2024,6:51:25 PM EST,100,0
Dec 22 2024,6:53:23 PM EST,27,0
Dec 22 2024,8:26:28 PM EST,62,0
Dec 22 2024,8:39:41 PM EST,27,0
Dec 23 2024,12:36:29 AM EST,47,0
Dec 23 2024,12:41:12 AM EST,140,1
Dec 23 2024,12:50:26 AM EST,140,1
Dec 23 2024,12:54:09 AM EST,140,1
Dec 23 2024,1:10:38 AM EST,34,0
Dec 23 2024,1:32:59 AM EST,25,0
Dec 23 2024,1:50:50 AM EST,135,1
Dec 23 2024,1:56:08 AM EST,33,0
Dec 23 2024,1:56:57 AM EST,140,1
Dec 23 2024,1:58:04 AM EST,55,0
Dec 23 2024,2:01:31 AM EST,37,0
Dec 23 2024,2:02:16 AM EST,140,1
Dec 23 2024,2:07:18 AM EST,131,1
Dec 23 2024,2:12:53 AM EST,140,1
Dec 23 2024,2:14:04 AM EST,137,1
Dec 23 2024,2:26:39 AM EST,29,0
Dec 23 2024,2:33:40 AM EST,140,1
Dec 23 2024,3:15:28 AM EST,59,0
Dec 23 2024,3:17:27 AM EST,26,0
Dec 23 2024,6:21:42 AM EST,140,1
Dec 23 2024,6:23:38 AM EST,140,1
Dec 23 2024,6:36:53 AM EST,27,0
Dec 23 2024,6:40:14 AM EST,97,1
Dec 23 2024,6:48:56 AM EST,110,1
Dec 23 2024,6:49:34 AM EST,28,0
Dec 23 2024,6:50:02 AM EST,23,0
Dec 23 2024,6:53:41 AM EST,68,0
Dec 23 2024,6:56:29 AM EST,23,0
Dec 23 2024,6:57:37 AM EST,34,0
Dec 23 2024,6:57:49 AM EST,106,1
Dec 23 2024,7:04:39 AM EST,140,1
Dec 23 2024,7:09:27 AM EST,139,1
Dec 23 2024,7:11:05 AM EST,144,1
Dec 23 2024,7:12:58 AM EST,139,1
Dec 23 2024,7:15:03 AM EST,140,1
Dec 23 2024,11:53:22 AM EST,27,0
Dec 23 2024,4:14:29 PM EST,96,1
Dec 23 2024,4:17:37 PM EST,97,0
Dec 23 2024,11:24:34 PM EST,50,0
Dec 24 2024,12:11:16 AM EST,140,1
Dec 24 2024,12:12:02 AM EST,140,1
Dec 24 2024,1:17:35 AM EST,67,0
Dec 24 2024,1:32:19 AM EST,104,0
Dec 24 2024,1:45:14 AM EST,101,1
Dec 24 2024,1:49:06 AM EST,68,0
Dec 24 2024,1:50:19 AM EST,138,1
Dec 24 2024,2:03:50 AM EST,239,0
Dec 24 2024,2:10:43 AM EST,28,0
Dec 24 2024,2:15:21 AM EST,102,1
Dec 24 2024,2:36:28 AM EST,27,0
Dec 24 2024,2:40:25 AM EST,140,1
Dec 24 2024,2:41:33 AM EST,140,1
Dec 24 2024,4:15:41 AM EST,140,1
Dec 24 2024,4:17:25 AM EST,138,1
Dec 24 2024,5:39:41 AM EST,76,0
Dec 24 2024,5:41:16 AM EST,119,0
Dec 24 2024,5:42:40 AM EST,67,1
Dec 24 2024,5:52:10 AM EST,99,0
Dec 24 2024,6:23:45 AM EST,139,1
Dec 24 2024,6:35:42 AM EST,41,0
Dec 24 2024,6:36:55 AM EST,140,1
Dec 24 2024,4:03:14 PM EST,90,1
Dec 24 2024,4:40:22 PM EST,140,1
Dec 24 2024,7:29:35 PM EST,121,1
Dec 24 2024,8:14:05 PM EST,95,0
Dec 24 2024,8:19:03 PM EST,80,0
Dec 24 2024,10:05:35 PM EST,140,1
Dec 25 2024,1:13:14 AM EST,140,1
Dec 25 2024,10:47:50 AM EST,85,0
Dec 25 2024,11:02:42 AM EST,140,1
Dec 25 2024,11:03:05 AM EST,140,1
Dec 25 2024,11:04:19 AM EST,140,1
Dec 25 2024,11:13:28 AM EST,139,1
Dec 25 2024,11:32:53 AM EST,137,1
Dec 25 2024,11:48:45 AM EST,78,1
Dec 25 2024,12:09:22 PM EST,110,1
Dec 25 2024,12:38:49 PM EST,140,1
Dec 25 2024,12:40:40 PM EST,25,0
Dec 25 2024,1:03:37 PM EST,49,0
Dec 25 2024,7:26:41 PM EST,70,1
Dec 25 2024,7:26:51 PM EST,93,1
Dec 25 2024,7:43:10 PM EST,121,1
Dec 25 2024,7:44:23 PM EST,23,0
Dec 25 2024,8:08:10 PM EST,37,0
Dec 25 2024,8:09:52 PM EST,44,1
Dec 25 2024,8:12:36 PM EST,41,0
Dec 25 2024,8:14:40 PM EST,56,0
Dec 25 2024,8:22:04 PM EST,66,0
Dec 25 2024,9:47:53 PM EST,140,1
Dec 25 2024,9:51:21 PM EST,76,1
Dec 25 2024,9:56:40 PM EST,139,1
Dec 25 2024,9:58:52 PM EST,27,0
Dec 25 2024,10:31:25 PM EST,38,1
Dec 25 2024,10:54:40 PM EST,138,1
Dec 26 2024,12:21:34 AM EST,23,0
Dec 26 2024,12:24:41 AM EST,23,0
Dec 26 2024,12:29:51 AM EST,43,0
Dec 26 2024,12:35:56 AM EST,61,0
Dec 26 2024,2:16:42 AM EST,59,0
Dec 26 2024,2:18:20 AM EST,25,0
Dec 26 2024,2:19:54 AM EST,46,1
Dec 26 2024,2:26:47 AM EST,92,1
Dec 26 2024,2:26:55 AM EST,81,1
Dec 26 2024,2:28:46 AM EST,140,1
Dec 26 2024,2:29:19 AM EST,140,1
Dec 26 2024,10:47:44 AM EST,143,1
Dec 26 2024,1:20:10 PM EST,28,0
Dec 26 2024,1:23:57 PM EST,51,0
Dec 26 2024,2:54:25 PM EST,78,0
Dec 26 2024,2:56:33 PM EST,18,0
Dec 26 2024,3:09:08 PM EST,255,0
Dec 26 2024,3:09:52 PM EST,57,0
Dec 26 2024,3:12:39 PM EST,156,0
Dec 26 2024,3:15:42 PM EST,123,1
Dec 26 2024,3:26:46 PM EST,82,0
Dec 26 2024,3:29:07 PM EST,27,0
Dec 26 2024,3:47:19 PM EST,66,0
Dec 26 2024,3:52:42 PM EST,130,0
Dec 26 2024,3:53:22 PM EST,140,1
Dec 26 2024,4:01:01 PM EST,133,1
Dec 26 2024,4:01:41 PM EST,25,0
Dec 26 2024,5:02:00 PM EST,252,0
Dec 26 2024,5:07:50 PM EST,140,1
Dec 26 2024,9:08:54 PM EST,248,0
Dec 26 2024,9:13:04 PM EST,140,1
Dec 26 2024,9:14:39 PM EST,140,1
Dec 26 2024,9:35:15 PM EST,125,0
Dec 26 2024,9:56:30 PM EST,139,1
Dec 26 2024,11:18:40 PM EST,222,0
Dec 26 2024,11:26:59 PM EST,140,1
Dec 26 2024,11:47:25 PM EST,140,1
Dec 26 2024,11:51:14 PM EST,27,0
Dec 26 2024,11:52:06 PM EST,24,1
Dec 26 2024,11:53:18 PM EST,128,1
Dec 26 2024,11:55:19 PM EST,83,1
Dec 27 2024,9:12:07 AM EST,139,1
Dec 27 2024,1:06:44 PM EST,176,0
Dec 27 2024,3:27:46 PM EST,140,1
Dec 27 2024,4:45:54 PM EST,25,0
Dec 27 2024,5:24:32 PM EST,255,0
Dec 27 2024,5:25:46 PM EST,68,0
Dec 27 2024,5:40:08 PM EST,206,0
Dec 27 2024,5:42:47 PM EST,23,0
Dec 27 2024,6:23:28 PM EST,62,0
Dec 27 2024,6:26:14 PM EST,31,0
Dec 27 2024,7:39:50 PM EST,27,0
Dec 27 2024,9:39:35 PM EST,140,1
Dec 27 2024,9:54:29 PM EST,136,1
Dec 27 2024,10:06:22 PM EST,108,1
Dec 27 2024,10:06:47 PM EST,139,1
Dec 27 2024,10:27:16 PM EST,26,0
Dec 27 2024,10:43:15 PM EST,107,1
Dec 27 2024,10:52:02 PM EST,33,0
Dec 27 2024,11:02:37 PM EST,54,0
Dec 27 2024,11:23:02 PM EST,139,1
Dec 27 2024,11:28:26 PM EST,237,0
Dec 28 2024,5:42:44 AM EST,140,1
Dec 28 2024,6:28:25 AM EST,84,1
Dec 28 2024,6:58:34 AM EST,28,0
Dec 28 2024,11:08:44 AM EST,28,0
Dec 28 2024,11:16:56 AM EST,62,0
Dec 28 2024,11:39:02 AM EST,32,0
Dec 28 2024,11:40:14 AM EST,140,1
Dec 28 2024,11:41:41 AM EST,140,1
Dec 28 2024,11:44:06 AM EST,53,0
Dec 28 2024,11:45:19 AM EST,27,0
Dec 28 2024,11:53:09 AM EST,101,1
Dec 28 2024,11:59:44 AM EST,40,1
Dec 28 2024,12:11:23 PM EST,48,0
Dec 28 2024,12:16:29 PM EST,140,1
Dec 28 2024,12:29:33 PM EST,30,0
Dec 28 2024,12:53:39 PM EST,30,0
Dec 28 2024,12:56:43 PM EST,140,1
Dec 28 2024,1:22:47 PM EST,27,0
Dec 28 2024,1:30:19 PM EST,27,0
Dec 28 2024,1:34:47 PM EST,115,1
Dec 28 2024,1:35:07 PM EST,140,1
Dec 28 2024,1:37:02 PM EST,138,1
Dec 28 2024,1:37:23 PM EST,140,1
Dec 28 2024,1:38:20 PM EST,78,0
Dec 28 2024,1:39:09 PM EST,44,1
Dec 28 2024,8:37:01 PM EST,98,1
Dec 28 2024,9:06:17 PM EST,48,0
Dec 28 2024,10:08:45 PM EST,88,0
Dec 28 2024,10:13:47 PM EST,140,1
Dec 28 2024,10:19:12 PM EST,140,1
Dec 29 2024,1:36:29 AM EST,97,0
Dec 29 2024,1:38:54 AM EST,139,1
Dec 29 2024,2:09:23 AM EST,140,1
Dec 29 2024,2:45:06 AM EST,28,0
Dec 29 2024,2:51:48 AM EST,140,1
Dec 29 2024,2:58:12 AM EST,83,1
Dec 29 2024,2:58:29 AM EST,38,0
Dec 29 2024,2:59:47 AM EST,140,1
Dec 29 2024,9:13:09 AM EST,140,1
Dec 29 2024,9:16:36 AM EST,27,0
Dec 29 2024,9:19:05 AM EST,140,1
Dec 29 2024,9:19:50 AM EST,39,1
Dec 29 2024,9:20:06 AM EST,66,1
Dec 29 2024,9:34:44 AM EST,27,0
Dec 29 2024,10:20:42 AM EST,132,1
Dec 29 2024,10:38:14 AM EST,132,1
Dec 29 2024,10:39:35 AM EST,138,1
Dec 29 2024,11:00:38 AM EST,138,1
Dec 29 2024,11:49:43 AM EST,68,1
Dec 29 2024,11:55:39 AM EST,140,1
Dec 29 2024,11:57:15 AM EST,23,0
Dec 29 2024,11:57:28 AM EST,140,1
Dec 29 2024,12:11:38 PM EST,140,1
Dec 29 2024,12:13:16 PM EST,82,0
Dec 29 2024,3:36:52 PM EST,140,1
Dec 29 2024,3:37:37 PM EST,75,0
Dec 29 2024,3:42:58 PM EST,255,0
Dec 29 2024,3:46:17 PM EST,36,0
Dec 29 2024,4:03:30 PM EST,57,1
Dec 29 2024,4:04:10 PM EST,80,1
Dec 29 2024,4:07:53 PM EST,66,0
Dec 29 2024,4:15:35 PM EST,25,0
Dec 29 2024,4:21:05 PM EST,55,1
Dec 29 2024,4:35:30 PM EST,140,1
Dec 29 2024,4:38:25 PM EST,140,1
Dec 29 2024,4:49:39 PM EST,139,1
Dec 29 2024,4:51:54 PM EST,98,1
Dec 29 2024,7:17:14 PM EST,140,1
Dec 29 2024,7:19:03 PM EST,46,1
Dec 29 2024,7:20:10 PM EST,51,1
Dec 29 2024,9:51:23 PM EST,25,0
Dec 29 2024,10:05:42 PM EST,128,1
Dec 29 2024,11:44:26 PM EST,50,0
Dec 30 2024,12:04:05 AM EST,54,0
Dec 30 2024,12:07:52 AM EST,28,0
Dec 30 2024,12:08:22 AM EST,28,0
Dec 30 2024,12:42:26 AM EST,35,0
Dec 30 2024,12:52:20 AM EST,140,1
Dec 30 2024,12:59:53 AM EST,121,1
Dec 30 2024,1:04:07 AM EST,36,0
Dec 30 2024,7:02:21 AM EST,140,1
Dec 30 2024,7:22:54 AM EST,140,1
Dec 30 2024,10:07:13 AM EST,117,1
Dec 30 2024,10:11:37 AM EST,140,1
Dec 30 2024,10:12:36 AM EST,140,1
Dec 30 2024,10:19:12 AM EST,140,1
Dec 30 2024,10:20:42 AM EST,120,1
Dec 30 2024,12:18:47 PM EST,199,0
Dec 30 2024,12:28:43 PM EST,59,0
Dec 30 2024,12:31:35 PM EST,23,0
Dec 30 2024,1:18:19 PM EST,199,0
Dec 30 2024,1:21:43 PM EST,66,0
Dec 30 2024,1:26:59 PM EST,44,0
Dec 30 2024,1:41:55 PM EST,93,1
Dec 30 2024,2:14:13 PM EST,37,0
Dec 30 2024,2:17:19 PM EST,80,0
Dec 30 2024,2:17:34 PM EST,140,1
Dec 30 2024,2:22:52 PM EST,73,0
Dec 30 2024,5:33:53 PM EST,136,1
Dec 30 2024,5:42:58 PM EST,254,0
Dec 30 2024,6:00:22 PM EST,31,0
Dec 30 2024,6:03:18 PM EST,140,1
Dec 30 2024,6:16:59 PM EST,99,0
Dec 30 2024,6:20:58 PM EST,228,0
Dec 30 2024,6:25:18 PM EST,139,1
Dec 30 2024,6:31:56 PM EST,140,1
Dec 30 2024,6:37:18 PM EST,60,0
Dec 30 2024,6:52:36 PM EST,25,0
Dec 30 2024,8:26:50 PM EST,66,0
Dec 30 2024,8:40:28 PM EST,171,0
Dec 30 2024,9:14:53 PM EST,69,0
Dec 30 2024,9:18:13 PM EST,140,1
Dec 30 2024,9:18:54 PM EST,39,1
Dec 30 2024,9:20:21 PM EST,54,0
Dec 30 2024,9:21:09 PM EST,28,0
Dec 30 2024,9:22:05 PM EST,35,0
Dec 30 2024,9:40:52 PM EST,45,0
Dec 30 2024,10:01:47 PM EST,254,0
Dec 30 2024,10:04:09 PM EST,96,0
Dec 30 2024,10:13:36 PM EST,171,0
Dec 30 2024,10:21:42 PM EST,56,0
Dec 30 2024,10:48:41 PM EST,150,0
Dec 30 2024,11:05:47 PM EST,45,0
Dec 31 2024,12:32:52 AM EST,23,0
Dec 31 2024,12:37:28 AM EST,89,0
Dec 31 2024,12:48:25 AM EST,128,0
Dec 31 2024,12:49:23 AM EST,81,1
Dec 31 2024,12:54:03 AM EST,53,0
Dec 31 2024,12:58:49 AM EST,105,0
Dec 31 2024,12:59:11 AM EST,140,1
Dec 31 2024,1:00:38 AM EST,130,0
Dec 31 2024,1:02:01 AM EST,61,0
Dec 31 2024,1:28:03 AM EST,69,1
Dec 31 2024,1:31:18 AM EST,160,0
Dec 31 2024,1:33:35 AM EST,139,1
Dec 31 2024,1:34:16 AM EST,82,1
Dec 31 2024,1:35:12 AM EST,49,0
Dec 31 2024,1:50:41 AM EST,79,0
Dec 31 2024,1:52:59 AM EST,27,0
Dec 31 2024,2:03:14 AM EST,32,0
Dec 31 2024,2:09:22 AM EST,139,1
Dec 31 2024,2:13:28 AM EST,35,0
Dec 31 2024,2:14:21 AM EST,113,1
Dec 31 2024,2:21:55 AM EST,115,0
Dec 31 2024,2:34:59 AM EST,91,1
Dec 31 2024,2:37:36 AM EST,140,1
Dec 31 2024,2:39:59 AM EST,140,1
Dec 31 2024,2:44:22 AM EST,140,1
Dec 31 2024,8:54:06 AM EST,79,1
Dec 31 2024,8:57:32 AM EST,140,1
Dec 31 2024,9:48:15 AM EST,140,1
Dec 31 2024,12:52:42 PM EST,135,0
Dec 31 2024,12:54:57 PM EST,77,0
Dec 31 2024,12:59:03 PM EST,140,1
Dec 31 2024,1:00:34 PM EST,41,0
Dec 31 2024,1:29:56 PM EST,183,0
Dec 31 2024,2:55:24 PM EST,50,0
Dec 31 2024,2:56:08 PM EST,140,1
Dec 31 2024,2:56:28 PM EST,139,1
Dec 31 2024,2:57:59 PM EST,27,0
Dec 31 2024,3:17:37 PM EST,98,0
Dec 31 2024,3:52:55 PM EST,140,1
Dec 31 2024,4:02:20 PM EST,40,0
Dec 31 2024,4:03:13 PM EST,140,1
Dec 31 2024,4:03:19 PM EST,107,1
Dec 31 2024,4:27:39 PM EST,140,1
Dec 31 2024,4:27:52 PM EST,140,1
Dec 31 2024,4:28:08 PM EST,134,1
Dec 31 2024,4:39:05 PM EST,90,1
Dec 31 2024,4:46:49 PM EST,139,1
Dec 31 2024,5:28:05 PM EST,25,0
Dec 31 2024,5:31:11 PM EST,140,1
Jan 1 2025,12:18:52 AM EST,20,0
Jan 1 2025,12:44:46 AM EST,23,0
Jan 1 2025,1:27:03 AM EST,49,1
Jan 1 2025,1:31:36 AM EST,56,0
Jan 1 2025,1:39:10 AM EST,140,1
Jan 1 2025,2:22:30 AM EST,140,1
Jan 1 2025,5:31:46 AM EST,26,0
Jan 1 2025,5:46:23 AM EST,94,0
Jan 1 2025,5:48:30 AM EST,137,1
Jan 1 2025,5:50:05 AM EST,28,0
Jan 1 2025,6:01:23 AM EST,140,1
Jan 1 2025,6:23:29 AM EST,140,1
Jan 1 2025,6:28:10 AM EST,25,0
Jan 1 2025,6:40:54 AM EST,135,1
Jan 1 2025,6:42:25 AM EST,140,1
Jan 1 2025,6:47:41 AM EST,140,1
Jan 1 2025,6:50:08 AM EST,140,1
Jan 1 2025,6:52:01 AM EST,102,0
Jan 1 2025,6:54:32 AM EST,56,0
Jan 1 2025,6:57:57 AM EST,140,1
Jan 1 2025,6:58:34 AM EST,140,1
Jan 1 2025,7:01:10 AM EST,28,0
Jan 1 2025,2:27:29 PM EST,66,1
Jan 1 2025,2:28:14 PM EST,34,0
Jan 1 2025,3:00:35 PM EST,196,0
Jan 1 2025,3:51:00 PM EST,188,0
Jan 1 2025,4:51:40 PM EST,139,1
Jan 1 2025,5:12:46 PM EST,255,0
Jan 1 2025,5:42:57 PM EST,190,0
Jan 1 2025,5:44:26 PM EST,53,0
Jan 1 2025,6:10:03 PM EST,66,0
Jan 1 2025,6:12:13 PM EST,41,0
Jan 1 2025,6:12:44 PM EST,34,0
Jan 1 2025,6:13:51 PM EST,74,0
Jan 1 2025,6:43:01 PM EST,28,0
Jan 1 2025,6:50:00 PM EST,140,1
Jan 1 2025,6:54:34 PM EST,39,0
Jan 1 2025,7:00:06 PM EST,140,1
Jan 1 2025,7:02:57 PM EST,139,1
Jan 1 2025,7:31:07 PM EST,223,0
Jan 1 2025,8:01:49 PM EST,139,1
Jan 1 2025,8:02:44 PM EST,140,1
Jan 1 2025,8:03:05 PM EST,140,1
Jan 1 2025,8:08:07 PM EST,121,1
Jan 1 2025,8:11:25 PM EST,52,0
Jan 1 2025,8:13:03 PM EST,82,0
Jan 1 2025,8:13:42 PM EST,140,1
Jan 1 2025,8:14:33 PM EST,38,0
Jan 1 2025,8:15:23 PM EST,37,0
Jan 1 2025,8:16:46 PM EST,33,0
Jan 1 2025,8:18:12 PM EST,140,1
Jan 1 2025,8:32:22 PM EST,139,0
Jan 1 2025,8:33:37 PM EST,34,0
Jan 1 2025,8:35:40 PM EST,119,0
Jan 1 2025,8:56:58 PM EST,59,0
Jan 1 2025,9:02:26 PM EST,140,1
Jan 1 2025,9:07:20 PM EST,140,1
Jan 1 2025,9:16:03 PM EST,27,0
Jan 1 2025,9:19:12 PM EST,52,1
Jan 1 2025,9:21:20 PM EST,140,1
Jan 1 2025,9:22:11 PM EST,27,0
Jan 1 2025,9:26:20 PM EST,50,0
Jan 1 2025,9:36:10 PM EST,62,0
Jan 1 2025,9:37:24 PM EST,66,0
Jan 1 2025,9:37:54 PM EST,33,0
Jan 1 2025,9:54:04 PM EST,140,1
Jan 1 2025,9:56:30 PM EST,38,1
Jan 1 2025,10:03:49 PM EST,49,0
Jan 1 2025,10:48:43 PM EST,253,0
Jan 1 2025,10:55:31 PM EST,27,0
Jan 1 2025,10:58:52 PM EST,140,1
Jan 1 2025,11:06:15 PM EST,27,0
Jan 1 2025,11:09:21 PM EST,140,1
Jan 1 2025,11:12:18 PM EST,140,1
Jan 1 2025,11:37:06 PM EST,34,0
Jan 2 2025,12:03:28 AM EST,140,1
Jan 2 2025,12:03:37 AM EST,140,1
Jan 2 2025,12:16:39 AM EST,74,1
Jan 2 2025,12:18:25 AM EST,54,1
Jan 2 2025,12:24:11 AM EST,211,0
Jan 2 2025,12:25:23 AM EST,66,0
Jan 2 2025,12:29:28 AM EST,140,1
Jan 2 2025,12:30:06 AM EST,139,1
Jan 2 2025,9:13:33 AM EST,29,0
Jan 2 2025,9:14:25 AM EST,91,0
Jan 2 2025,9:14:46 AM EST,92,1
Jan 2 2025,11:37:23 AM EST,25,0
Jan 2 2025,11:38:18 AM EST,144,1
Jan 2 2025,11:40:01 AM EST,49,0
Jan 2 2025,11:47:36 AM EST,115,1
Jan 2 2025,11:50:56 AM EST,140,1
Jan 2 2025,11:51:06 AM EST,140,1
Jan 2 2025,11:51:53 AM EST,69,0
Jan 2 2025,11:58:30 AM EST,56,0
Jan 2 2025,11:59:54 AM EST,57,0
Jan 2 2025,12:02:23 PM EST,53,0
Jan 2 2025,12:07:03 PM EST,229,0
Jan 2 2025,12:14:43 PM EST,37,0
Jan 2 2025,12:15:19 PM EST,28,0
Jan 2 2025,12:16:38 PM EST,66,0
Jan 2 2025,12:17:37 PM EST,49,0
Jan 2 2025,12:18:48 PM EST,37,0
Jan 2 2025,12:21:58 PM EST,140,1
Jan 2 2025,12:31:50 PM EST,196,0
Jan 2 2025,12:33:16 PM EST,140,1
Jan 2 2025,12:35:22 PM EST,33,0
Jan 2 2025,12:39:54 PM EST,140,1
Jan 2 2025,12:42:55 PM EST,111,0
Jan 2 2025,12:45:18 PM EST,47,0
Jan 2 2025,12:46:25 PM EST,47,0
Jan 2 2025,12:47:52 PM EST,140,1
Jan 2 2025,12:49:14 PM EST,80,0
Jan 2 2025,12:51:05 PM EST,98,0
Jan 2 2025,12:53:15 PM EST,109,1
Jan 2 2025,12:56:01 PM EST,25,0
Jan 2 2025,12:58:44 PM EST,44,0
Jan 2 2025,1:42:53 PM EST,25,0
Jan 2 2025,1:49:17 PM EST,64,0
Jan 2 2025,1:51:16 PM EST,140,1
Jan 2 2025,3:56:47 PM EST,25,0
Jan 2 2025,4:00:31 PM EST,140,1
Jan 2 2025,4:05:10 PM EST,34,0
Jan 2 2025,4:19:20 PM EST,58,0
Jan 2 2025,5:36:34 PM EST,128,1
Jan 2 2025,6:06:39 PM EST,140,1
Jan 2 2025,6:12:36 PM EST,28,0
Jan 2 2025,6:15:56 PM EST,124,1
Jan 2 2025,6:20:43 PM EST,188,0
Jan 2 2025,6:21:34 PM EST,25,0
Jan 2 2025,6:23:28 PM EST,47,0
Jan 2 2025,6:24:05 PM EST,44,0
Jan 2 2025,6:33:48 PM EST,27,0
Jan 2 2025,6:34:22 PM EST,70,1
Jan 2 2025,6:37:31 PM EST,27,0
Jan 2 2025,6:54:43 PM EST,167,0
Jan 2 2025,7:09:38 PM EST,30,0
Jan 2 2025,7:10:33 PM EST,25,0
Jan 2 2025,7:13:31 PM EST,25,0
Jan 2 2025,7:28:10 PM EST,35,0
Jan 2 2025,7:28:38 PM EST,140,1
Jan 2 2025,7:36:07 PM EST,25,0
Jan 2 2025,7:38:23 PM EST,92,1
Jan 2 2025,7:39:10 PM EST,39,0
Jan 2 2025,8:55:09 PM EST,84,0
Jan 2 2025,9:03:43 PM EST,27,0
Jan 2 2025,9:24:18 PM EST,137,1
Jan 2 2025,9:25:41 PM EST,140,1
Jan 2 2025,10:19:43 PM EST,25,0
Jan 2 2025,10:44:25 PM EST,140,1
Jan 2 2025,10:45:08 PM EST,30,0
Jan 2 2025,10:48:03 PM EST,27,0
Jan 2 2025,10:51:47 PM EST,86,0
Jan 2 2025,10:58:02 PM EST,163,0
Jan 2 2025,11:13:40 PM EST,23,0
Jan 2 2025,11:53:35 PM EST,140,1
Jan 2 2025,11:58:47 PM EST,140,1
Jan 3 2025,12:01:42 AM EST,27,0
Jan 3 2025,12:18:54 AM EST,139,1
Jan 3 2025,12:20:19 AM EST,37,0
Jan 3 2025,12:23:49 AM EST,140,1
Jan 3 2025,12:29:14 AM EST,140,1
Jan 3 2025,12:30:55 AM EST,41,0
Jan 3 2025,5:57:12 AM EST,139,1
Jan 3 2025,6:00:00 AM EST,140,1
Jan 3 2025,6:00:53 AM EST,140,1
Jan 3 2025,6:02:53 AM EST,140,1
Jan 3 2025,6:03:37 AM EST,58,0
Jan 3 2025,6:04:31 AM EST,140,1
Jan 3 2025,6:06:48 AM EST,64,0
Jan 3 2025,6:08:42 AM EST,140,1
Jan 3 2025,6:10:18 AM EST,48,0
Jan 3 2025,6:13:07 AM EST,96,0
Jan 3 2025,6:16:35 AM EST,140,1
Jan 3 2025,6:20:33 AM EST,91,0
Jan 3 2025,6:38:32 AM EST,23,0
Jan 3 2025,6:40:21 AM EST,65,0
Jan 3 2025,6:42:27 AM EST,84,0
Jan 3 2025,6:43:21 AM EST,118,1
Jan 3 2025,6:44:26 AM EST,140,1
Jan 3 2025,6:45:45 AM EST,140,1
Jan 3 2025,6:46:15 AM EST,92,1
Jan 3 2025,6:46:49 AM EST,30,0
Jan 3 2025,6:48:51 AM EST,140,1
Jan 3 2025,6:50:35 AM EST,140,1
Jan 3 2025,6:50:46 AM EST,27,0
Jan 3 2025,6:52:36 AM EST,140,1
Jan 3 2025,6:54:33 AM EST,37,0
Jan 3 2025,6:55:34 AM EST,69,0
Jan 3 2025,7:00:19 AM EST,207,0
Jan 3 2025,7:13:49 AM EST,23,0
Jan 3 2025,7:14:04 AM EST,138,1
Jan 3 2025,7:19:59 AM EST,79,0
Jan 3 2025,7:20:57 AM EST,140,1
Jan 3 2025,7:21:53 AM EST,140,1
Jan 3 2025,7:22:39 AM EST,140,1
Jan 3 2025,7:26:26 AM EST,140,1
Jan 3 2025,7:26:32 AM EST,139,1
Jan 3 2025,7:28:17 AM EST,140,1
Jan 3 2025,7:29:15 AM EST,128,1
Jan 3 2025,7:35:28 AM EST,28,0
Jan 3 2025,7:37:55 AM EST,92,0
Jan 3 2025,7:38:35 AM EST,139,1
Jan 3 2025,7:38:53 AM EST,140,1
Jan 3 2025,7:42:02 AM EST,45,0
Jan 3 2025,8:35:49 AM EST,51,0
Jan 3 2025,9:24:43 AM EST,139,1
Jan 3 2025,9:27:24 AM EST,140,1
Jan 3 2025,9:28:22 AM EST,53,0
Jan 3 2025,9:50:12 AM EST,140,1
Jan 3 2025,9:54:11 AM EST,128,0
Jan 3 2025,9:57:54 AM EST,28,0
Jan 3 2025,10:17:13 AM EST,140,1
Jan 3 2025,10:19:36 AM EST,140,1
Jan 3 2025,10:25:40 AM EST,63,0
Jan 3 2025,10:28:24 AM EST,63,0
Jan 3 2025,10:30:19 AM EST,76,1
Jan 3 2025,10:33:22 AM EST,117,1
Jan 3 2025,10:36:42 AM EST,140,1
Jan 3 2025,10:38:46 AM EST,73,0
Jan 3 2025,10:40:16 AM EST,54,1
Jan 3 2025,10:46:29 AM EST,140,1
Jan 3 2025,1:10:17 PM EST,126,0
Jan 3 2025,1:11:35 PM EST,71,0
Jan 3 2025,1:12:09 PM EST,28,0
Jan 3 2025,1:12:26 PM EST,140,1
Jan 3 2025,1:17:18 PM EST,139,1
Jan 3 2025,1:22:59 PM EST,39,0
Jan 3 2025,1:25:06 PM EST,167,0
Jan 3 2025,1:26:47 PM EST,139,1
Jan 3 2025,1:27:50 PM EST,68,1
Jan 3 2025,1:32:58 PM EST,140,1
Jan 3 2025,1:37:57 PM EST,120,1
Jan 3 2025,2:54:29 PM EST,140,1
Jan 3 2025,3:12:51 PM EST,140,1
Jan 3 2025,3:34:00 PM EST,140,1
Jan 3 2025,4:30:24 PM EST,50,0
Jan 3 2025,4:34:10 PM EST,140,1
Jan 3 2025,4:46:45 PM EST,27,0
Jan 3 2025,4:59:34 PM EST,140,1
Jan 3 2025,4:59:45 PM EST,140,1
Jan 3 2025,5:14:45 PM EST,106,1
Jan 3 2025,5:29:53 PM EST,140,1
Jan 3 2025,5:34:06 PM EST,117,1
Jan 3 2025,5:41:41 PM EST,97,1
Jan 3 2025,6:40:46 PM EST,35,0
Jan 3 2025,6:44:44 PM EST,83,1
Jan 3 2025,6:59:25 PM EST,169,0
Jan 3 2025,8:27:36 PM EST,46,0
Jan 3 2025,8:35:50 PM EST,255,0
Jan 3 2025,8:38:26 PM EST,129,0
Jan 3 2025,8:59:26 PM EST,140,1
Jan 3 2025,9:00:30 PM EST,140,1
Jan 3 2025,9:02:19 PM EST,140,1
Jan 3 2025,9:03:51 PM EST,95,1
Jan 3 2025,9:06:19 PM EST,27,0
Jan 3 2025,9:09:14 PM EST,69,1
Jan 3 2025,9:10:04 PM EST,28,0
Jan 3 2025,9:20:00 PM EST,96,1
Jan 4 2025,12:09:44 AM EST,78,1
Jan 4 2025,12:25:09 AM EST,140,1
Jan 4 2025,7:28:41 AM EST,62,0
Jan 4 2025,7:32:47 AM EST,82,0
Jan 4 2025,7:36:45 AM EST,78,0
Jan 4 2025,7:38:29 AM EST,54,0
Jan 4 2025,7:52:19 AM EST,95,0
Jan 4 2025,7:52:50 AM EST,140,1
Jan 4 2025,8:00:02 AM EST,137,1
Jan 4 2025,8:40:20 AM EST,140,1
Jan 4 2025,8:42:24 AM EST,79,0
Jan 4 2025,10:09:04 AM EST,177,0
Jan 4 2025,10:13:12 AM EST,127,0
Jan 4 2025,10:20:01 AM EST,31,0
Jan 4 2025,10:25:47 AM EST,27,0
Jan 4 2025,10:26:23 AM EST,55,0
Jan 4 2025,10:43:22 AM EST,139,1
Jan 4 2025,10:49:10 AM EST,25,0
Jan 4 2025,11:10:01 AM EST,117,0
Jan 4 2025,11:14:50 AM EST,121,0
Jan 4 2025,11:25:32 AM EST,140,1
Jan 4 2025,11:26:28 AM EST,137,1
Jan 4 2025,11:30:34 AM EST,117,0
Jan 4 2025,11:41:52 AM EST,27,0
Jan 4 2025,11:42:24 AM EST,37,0
Jan 4 2025,11:42:53 AM EST,140,1
Jan 4 2025,11:50:19 AM EST,61,0
Jan 4 2025,1:16:19 PM EST,111,0
Jan 4 2025,1:18:03 PM EST,38,0
Jan 4 2025,1:18:35 PM EST,140,1
Jan 4 2025,1:25:28 PM EST,30,0
Jan 4 2025,1:25:41 PM EST,125,1
Jan 4 2025,1:58:45 PM EST,140,1
Jan 4 2025,2:10:10 PM EST,92,0
Jan 4 2025,8:56:14 PM EST,83,0
Jan 4 2025,8:58:51 PM EST,84,0
Jan 4 2025,8:59:15 PM EST,34,0
Jan 4 2025,9:05:27 PM EST,30,0
Jan 4 2025,9:14:50 PM EST,29,0
Jan 4 2025,9:29:21 PM EST,27,0
Jan 4 2025,9:39:46 PM EST,38,0
Jan 4 2025,9:55:47 PM EST,101,0
Jan 4 2025,9:56:26 PM EST,140,1
Jan 4 2025,10:28:25 PM EST,227,0
Jan 4 2025,10:36:02 PM EST,102,0
Jan 4 2025,10:51:18 PM EST,104,0
Jan 4 2025,10:53:38 PM EST,114,0
Jan 4 2025,11:04:03 PM EST,67,0
Jan 4 2025,11:04:36 PM EST,23,0
Jan 4 2025,11:05:24 PM EST,23,0
Jan 4 2025,11:23:26 PM EST,170,0
Jan 4 2025,11:56:05 PM EST,64,0
Jan 4 2025,11:56:59 PM EST,33,0
Jan 5 2025,12:18:29 AM EST,137,1
Jan 5 2025,12:40:39 AM EST,36,0
Jan 5 2025,12:41:39 AM EST,140,1
Jan 5 2025,12:42:54 AM EST,139,1
Jan 5 2025,12:44:56 AM EST,34,0
Jan 5 2025,12:45:18 AM EST,63,1
Jan 5 2025,12:48:15 AM EST,131,1
Jan 5 2025,12:54:10 AM EST,28,0
Jan 5 2025,1:10:56 AM EST,140,1
Jan 5 2025,1:15:43 AM EST,225,0
Jan 5 2025,1:36:29 AM EST,31,0
Jan 5 2025,1:48:44 AM EST,81,1
Jan 5 2025,1:50:24 AM EST,57,1
Jan 5 2025,1:50:37 AM EST,134,1
Jan 5 2025,1:51:31 AM EST,68,1
Jan 5 2025,1:52:06 AM EST,140,1
Jan 5 2025,2:01:44 AM EST,68,0
Jan 5 2025,2:04:07 AM EST,140,1
Jan 5 2025,2:09:10 AM EST,31,0
Jan 5 2025,2:14:29 AM EST,61,0
Jan 5 2025,2:22:55 AM EST,43,0
Jan 5 2025,2:30:23 AM EST,26,0
Jan 5 2025,2:31:14 AM EST,140,1
Jan 5 2025,2:56:12 AM EST,48,0
Jan 5 2025,2:56:43 AM EST,43,0
Jan 5 2025,8:29:42 AM EST,33,0
Jan 5 2025,8:36:58 AM EST,34,0
Jan 5 2025,8:47:15 AM EST,255,0
Jan 5 2025,8:52:57 AM EST,68,0
Jan 5 2025,8:58:12 AM EST,71,0
Jan 5 2025,9:01:58 AM EST,173,0
Jan 5 2025,9:02:39 AM EST,27,0
Jan 5 2025,9:59:54 AM EST,140,1
Jan 5 2025,10:00:30 AM EST,140,1
Jan 5 2025,10:03:03 AM EST,138,0
Jan 5 2025,10:06:37 AM EST,122,0
Jan 5 2025,10:06:59 AM EST,28,0
Jan 5 2025,10:09:46 AM EST,151,0
Jan 5 2025,10:14:12 AM EST,103,0
Jan 5 2025,10:17:16 AM EST,23,0
Jan 5 2025,10:17:57 AM EST,42,0
Jan 5 2025,10:19:30 AM EST,36,0
Jan 5 2025,10:20:46 AM EST,33,0
Jan 5 2025,10:23:08 AM EST,139,1
Jan 5 2025,10:26:17 AM EST,60,0
Jan 5 2025,10:33:11 AM EST,47,0
Jan 5 2025,10:34:35 AM EST,25,0
Jan 5 2025,10:44:09 AM EST,233,0
Jan 5 2025,10:44:33 AM EST,23,0
Jan 5 2025,10:45:47 AM EST,23,0
Jan 5 2025,10:51:01 AM EST,126,0
Jan 5 2025,10:56:33 AM EST,121,0
Jan 5 2025,10:58:15 AM EST,111,0
Jan 5 2025,10:59:04 AM EST,70,0
Jan 5 2025,11:31:32 AM EST,25,0
Jan 5 2025,2:04:35 PM EST,27,0
Jan 5 2025,2:12:43 PM EST,52,0
Jan 5 2025,2:17:39 PM EST,50,0
Jan 5 2025,3:06:20 PM EST,87,1
Jan 5 2025,3:07:52 PM EST,41,0
Jan 5 2025,3:11:03 PM EST,27,0
Jan 5 2025,4:56:20 PM EST,27,0
Jan 5 2025,4:59:03 PM EST,57,0
Jan 5 2025,4:59:53 PM EST,47,0
Jan 5 2025,8:45:53 PM EST,140,1
Jan 5 2025,8:48:34 PM EST,35,0
Jan 5 2025,8:48:49 PM EST,139,1
Jan 5 2025,8:55:24 PM EST,51,0
Jan 5 2025,10:23:19 PM EST,84,0
Jan 5 2025,10:24:03 PM EST,62,0
Jan 5 2025,10:30:52 PM EST,27,0
Jan 5 2025,11:03:58 PM EST,43,0
Jan 5 2025,11:06:06 PM EST,62,0
Jan 5 2025,11:10:07 PM EST,63,0
Jan 5 2025,11:12:22 PM EST,102,1
Jan 5 2025,11:13:23 PM EST,30,0
Jan 5 2025,11:13:41 PM EST,25,0
Jan 5 2025,11:14:48 PM EST,140,1
Jan 5 2025,11:15:56 PM EST,139,1
Jan 5 2025,11:40:50 PM EST,103,1
Jan 5 2025,11:50:51 PM EST,27,0
Jan 5 2025,11:53:39 PM EST,27,0
Jan 5 2025,11:55:23 PM EST,79,1
Jan 6 2025,12:00:03 AM EST,128,1
Jan 6 2025,12:01:20 AM EST,28,0
Jan 6 2025,12:05:24 AM EST,64,0
Jan 6 2025,12:10:06 AM EST,140,1
Jan 6 2025,12:44:46 AM EST,77,0
Jan 6 2025,12:54:42 AM EST,28,0
Jan 6 2025,12:55:21 AM EST,144,1
Jan 6 2025,12:56:27 AM EST,58,0
Jan 6 2025,12:59:03 AM EST,25,0
Jan 6 2025,1:01:24 AM EST,95,0
Jan 6 2025,1:02:42 AM EST,42,0
Jan 6 2025,1:16:59 AM EST,144,1
Jan 6 2025,1:28:54 AM EST,55,0
Jan 6 2025,1:32:26 AM EST,115,0
Jan 6 2025,1:33:01 AM EST,27,0
Jan 6 2025,1:34:36 AM EST,77,0
Jan 6 2025,1:36:54 AM EST,27,0
Jan 6 2025,1:42:33 AM EST,33,0
Jan 6 2025,1:55:06 AM EST,32,0
Jan 6 2025,1:57:41 AM EST,140,1
Jan 6 2025,2:00:19 AM EST,50,0
Jan 6 2025,2:06:10 AM EST,140,1
Jan 6 2025,2:16:51 AM EST,140,1
Jan 6 2025,2:21:04 AM EST,139,1
Jan 6 2025,2:23:25 AM EST,134,0
Jan 6 2025,2:42:10 AM EST,140,1
Jan 6 2025,2:43:16 AM EST,140,1
Jan 6 2025,2:47:36 AM EST,85,0
Jan 6 2025,2:49:34 AM EST,33,0
Jan 6 2025,2:51:59 AM EST,78,0
Jan 6 2025,2:53:49 AM EST,120,0
Jan 6 2025,2:55:48 AM EST,140,1
Jan 6 2025,2:56:40 AM EST,138,1
Jan 6 2025,3:07:12 AM EST,66,0
Jan 6 2025,3:09:39 AM EST,78,0
Jan 6 2025,3:12:34 AM EST,70,0
Jan 6 2025,3:12:54 AM EST,72,1
Jan 6 2025,3:13:54 AM EST,33,0
Jan 6 2025,3:14:30 AM EST,25,0
Jan 6 2025,3:22:12 AM EST,140,1
Jan 6 2025,3:25:07 AM EST,41,0
Jan 6 2025,3:31:02 AM EST,23,0
Jan 6 2025,7:06:10 AM EST,138,1
Jan 6 2025,7:07:54 AM EST,42,0
Jan 6 2025,7:10:12 AM EST,70,0
Jan 6 2025,7:12:03 AM EST,57,0
Jan 6 2025,7:14:16 AM EST,28,0
Jan 6 2025,7:16:37 AM EST,144,1
Jan 6 2025,7:18:48 AM EST,67,0
Jan 6 2025,7:23:03 AM EST,131,0
Jan 6 2025,7:34:27 AM EST,255,0
Jan 6 2025,7:39:44 AM EST,140,1
Jan 6 2025,7:41:12 AM EST,38,1
Jan 6 2025,7:41:33 AM EST,140,1
Jan 6 2025,7:43:39 AM EST,140,1
Jan 6 2025,7:45:30 AM EST,38,0
Jan 6 2025,7:50:05 AM EST,128,1
Jan 6 2025,11:14:05 AM EST,50,0
Jan 6 2025,12:31:40 PM EST,30,0
Jan 6 2025,12:32:33 PM EST,27,0
Jan 6 2025,12:49:24 PM EST,255,0
Jan 6 2025,12:50:17 PM EST,34,0
Jan 6 2025,12:57:29 PM EST,50,1
Jan 6 2025,1:02:06 PM EST,71,0
Jan 6 2025,1:12:38 PM EST,51,0
Jan 6 2025,1:16:56 PM EST,38,0
Jan 6 2025,1:17:50 PM EST,89,1
Jan 6 2025,1:18:49 PM EST,77,1
Jan 6 2025,1:19:51 PM EST,27,0
Jan 6 2025,1:38:51 PM EST,140,1
Jan 6 2025,4:13:32 PM EST,25,0
Jan 6 2025,7:10:32 PM EST,34,0
Jan 6 2025,7:30:57 PM EST,53,0
Jan 6 2025,7:33:11 PM EST,48,0
Jan 6 2025,7:37:49 PM EST,37,0
Jan 6 2025,7:39:30 PM EST,94,0
Jan 6 2025,7:49:06 PM EST,34,0
Jan 6 2025,7:50:10 PM EST,38,0
Jan 6 2025,7:50:52 PM EST,110,1
Jan 6 2025,7:57:23 PM EST,192,0
Jan 6 2025,7:57:58 PM EST,139,1
Jan 6 2025,7:59:02 PM EST,39,0
Jan 6 2025,8:05:54 PM EST,58,0
Jan 6 2025,8:07:15 PM EST,84,0
Jan 6 2025,8:08:56 PM EST,25,0
Jan 6 2025,8:09:43 PM EST,140,1
Jan 6 2025,8:13:17 PM EST,79,0
Jan 6 2025,8:14:32 PM EST,85,1
Jan 6 2025,8:15:56 PM EST,28,0
Jan 6 2025,8:18:30 PM EST,55,0
Jan 6 2025,8:19:02 PM EST,43,0
Jan 6 2025,8:21:04 PM EST,54,0
Jan 6 2025,8:41:44 PM EST,140,1
Jan 6 2025,8:42:10 PM EST,140,1
Jan 6 2025,8:43:27 PM EST,140,1
Jan 6 2025,8:43:42 PM EST,140,1
Jan 6 2025,8:45:05 PM EST,69,1
Jan 6 2025,8:46:14 PM EST,39,1
Jan 6 2025,8:50:41 PM EST,132,0
Jan 6 2025,8:51:22 PM EST,41,0
Jan 6 2025,9:16:21 PM EST,72,0
Jan 6 2025,9:19:21 PM EST,81,0
Jan 6 2025,9:21:10 PM EST,33,0
Jan 6 2025,9:24:29 PM EST,25,0
Jan 6 2025,9:26:53 PM EST,27,0
Jan 6 2025,9:29:09 PM EST,28,0
Jan 6 2025,9:32:42 PM EST,140,1
Jan 6 2025,10:00:53 PM EST,139,1
Jan 6 2025,10:01:19 PM EST,37,0
Jan 6 2025,10:04:42 PM EST,30,0
Jan 6 2025,10:07:11 PM EST,70,0
Jan 6 2025,10:20:06 PM EST,23,0
Jan 6 2025,10:24:51 PM EST,61,0
Jan 6 2025,10:25:14 PM EST,140,1
Jan 6 2025,10:27:25 PM EST,27,0
Jan 6 2025,10:35:13 PM EST,140,1
Jan 6 2025,10:40:45 PM EST,140,1
Jan 6 2025,10:45:54 PM EST,49,0
Jan 6 2025,10:48:10 PM EST,78,1
Jan 6 2025,10:49:53 PM EST,39,1
Jan 6 2025,11:21:53 PM EST,28,0
Jan 6 2025,11:25:39 PM EST,82,1
Jan 6 2025,11:26:12 PM EST,140,1
Jan 6 2025,11:28:27 PM EST,43,0
Jan 6 2025,11:30:58 PM EST,78,1
Jan 6 2025,11:37:22 PM EST,27,0
Jan 6 2025,11:38:32 PM EST,140,1
Jan 6 2025,11:39:20 PM EST,27,0
Jan 6 2025,11:41:11 PM EST,139,1
Jan 6 2025,11:43:40 PM EST,41,0
Jan 6 2025,11:46:24 PM EST,27,0
Jan 6 2025,11:52:19 PM EST,126,0
Jan 6 2025,11:56:22 PM EST,54,0
Jan 6 2025,11:57:16 PM EST,31,0
Jan 6 2025,11:59:11 PM EST,140,1
Jan 7 2025,12:07:04 AM EST,28,0
Jan 7 2025,12:11:57 AM EST,255,0
Jan 7 2025,12:17:15 AM EST,140,1
Jan 7 2025,12:18:17 AM EST,27,0
Jan 7 2025,12:23:43 AM EST,27,0
Jan 7 2025,12:29:11 AM EST,140,1
Jan 7 2025,12:38:06 AM EST,47,0
Jan 7 2025,12:48:42 AM EST,140,1
Jan 7 2025,1:16:50 AM EST,76,0
Jan 7 2025,2:06:30 AM EST,45,0
Jan 7 2025,3:15:44 AM EST,23,0
Jan 7 2025,3:17:24 AM EST,66,0
Jan 7 2025,3:42:48 AM EST,23,0
Jan 7 2025,3:49:03 AM EST,69,1
Jan 7 2025,4:01:59 AM EST,57,0
Jan 7 2025,5:03:15 AM EST,255,0
Jan 7 2025,5:08:22 AM EST,65,0
Jan 7 2025,5:11:48 AM EST,140,1
Jan 7 2025,5:12:36 AM EST,27,0
Jan 7 2025,5:17:22 AM EST,118,0
Jan 7 2025,5:22:25 AM EST,25,0
Jan 7 2025,5:22:43 AM EST,139,1
Jan 7 2025,5:24:16 AM EST,140,1
Jan 7 2025,5:33:01 AM EST,92,0
Jan 7 2025,5:37:30 AM EST,28,0
Jan 7 2025,5:51:03 AM EST,255,0
Jan 7 2025,5:54:17 AM EST,140,1
Jan 7 2025,5:55:04 AM EST,140,1
Jan 7 2025,5:56:12 AM EST,140,1
Jan 7 2025,6:05:58 AM EST,25,0
Jan 7 2025,6:06:24 AM EST,25,0
Jan 7 2025,6:15:48 AM EST,27,0
Jan 7 2025,6:16:49 AM EST,28,0
Jan 7 2025,10:50:27 AM EST,36,0
Jan 7 2025,10:56:58 AM EST,140,1
Jan 7 2025,11:04:50 AM EST,32,0
Jan 7 2025,11:16:37 AM EST,134,0
Jan 7 2025,11:18:31 AM EST,140,1
Jan 7 2025,1:29:27 PM EST,43,0
Jan 7 2025,1:41:44 PM EST,76,0
Jan 7 2025,3:33:12 PM EST,144,1
Jan 7 2025,3:34:28 PM EST,140,1
Jan 7 2025,3:41:39 PM EST,140,1
Jan 7 2025,3:41:49 PM EST,139,1
Jan 7 2025,3:42:43 PM EST,130,1
Jan 7 2025,3:43:56 PM EST,48,0
Jan 7 2025,3:51:56 PM EST,139,1
Jan 7 2025,9:44:11 PM EST,27,0
Jan 7 2025,9:55:49 PM EST,255,0
Jan 7 2025,9:58:20 PM EST,153,0
Jan 7 2025,9:58:48 PM EST,25,0
Jan 7 2025,10:02:32 PM EST,48,0
Jan 7 2025,10:03:52 PM EST,34,0
Jan 7 2025,10:10:21 PM EST,55,0
Jan 7 2025,10:12:32 PM EST,55,0
Jan 7 2025,10:15:56 PM EST,77,0
Jan 7 2025,10:17:13 PM EST,40,0
Jan 7 2025,10:31:25 PM EST,205,0
Jan 7 2025,10:36:49 PM EST,139,1
Jan 7 2025,10:37:30 PM EST,35,0
Jan 7 2025,10:40:55 PM EST,34,0
Jan 7 2025,10:56:29 PM EST,30,0
Jan 7 2025,10:59:37 PM EST,55,0
Jan 7 2025,11:26:42 PM EST,31,0
Jan 7 2025,11:34:52 PM EST,201,0
Jan 7 2025,11:38:03 PM EST,27,0
Jan 7 2025,11:46:41 PM EST,140,1
Jan 7 2025,11:48:20 PM EST,140,1
Jan 7 2025,11:49:09 PM EST,138,1
Jan 7 2025,11:50:45 PM EST,143,1
Jan 7 2025,11:51:05 PM EST,45,1
Jan 7 2025,11:52:47 PM EST,23,0
Jan 7 2025,11:53:24 PM EST,51,1
Jan 7 2025,11:53:39 PM EST,140,1
Jan 7 2025,11:55:08 PM EST,140,1
Jan 7 2025,11:57:51 PM EST,140,1
Jan 8 2025,12:01:54 AM EST,60,0
Jan 8 2025,12:03:24 AM EST,38,1
Jan 8 2025,12:06:09 AM EST,140,1
Jan 8 2025,12:06:39 AM EST,140,1
Jan 8 2025,12:48:50 AM EST,140,1
Jan 8 2025,12:51:41 AM EST,33,0
Jan 8 2025,1:02:18 AM EST,28,0
Jan 8 2025,1:06:33 AM EST,39,0
Jan 8 2025,1:08:01 AM EST,23,0
Jan 8 2025,1:13:31 AM EST,110,1
Jan 8 2025,1:15:34 AM EST,107,0
Jan 8 2025,1:17:35 AM EST,74,1
Jan 8 2025,1:18:14 AM EST,25,0
Jan 8 2025,1:20:09 AM EST,87,1
Jan 8 2025,1:21:36 AM EST,23,0
Jan 8 2025,1:22:12 AM EST,140,1
Jan 8 2025,1:27:56 AM EST,140,1
Jan 8 2025,1:30:03 AM EST,140,1
Jan 8 2025,1:31:03 AM EST,140,1
Jan 8 2025,1:33:38 AM EST,67,0
Jan 8 2025,1:36:12 AM EST,40,0
Jan 8 2025,2:01:20 AM EST,99,1
Jan 8 2025,2:02:13 AM EST,138,1
Jan 8 2025,2:07:59 AM EST,25,0
Jan 8 2025,2:14:16 AM EST,128,0
Jan 8 2025,2:20:33 AM EST,140,1
Jan 8 2025,2:26:08 AM EST,140,1
Jan 8 2025,2:26:31 AM EST,140,1
Jan 8 2025,2:29:37 AM EST,118,1
Jan 8 2025,2:41:56 AM EST,140,1
Jan 8 2025,2:42:51 AM EST,139,1
Jan 8 2025,3:01:26 AM EST,135,0
Jan 8 2025,3:01:54 AM EST,140,1
Jan 8 2025,3:11:52 AM EST,28,0
Jan 8 2025,3:19:48 AM EST,248,0
Jan 8 2025,3:36:30 AM EST,140,1
Jan 8 2025,7:21:34 AM EST,140,1
Jan 8 2025,7:22:58 AM EST,140,1
Jan 8 2025,7:25:33 AM EST,140,1
Jan 8 2025,7:32:57 AM EST,130,0
Jan 8 2025,7:43:28 AM EST,23,0
Jan 8 2025,7:44:19 AM EST,31,0
Jan 8 2025,7:52:45 AM EST,255,0
Jan 8 2025,7:57:14 AM EST,52,0
Jan 8 2025,7:58:35 AM EST,140,1
Jan 8 2025,7:59:41 AM EST,44,0
Jan 8 2025,8:04:42 AM EST,37,0
Jan 8 2025,8:05:58 AM EST,140,1
Jan 8 2025,8:09:13 AM EST,40,0
Jan 8 2025,8:19:47 AM EST,23,0
Jan 8 2025,8:21:47 AM EST,86,0
Jan 8 2025,8:24:25 AM EST,38,0
Jan 8 2025,8:25:37 AM EST,27,0
Jan 8 2025,8:26:59 AM EST,64,0
Jan 8 2025,8:28:44 AM EST,38,0
Jan 8 2025,8:34:08 AM EST,153,0
Jan 8 2025,8:45:14 AM EST,140,1
Jan 8 2025,8:49:35 AM EST,44,0
Jan 8 2025,8:51:39 AM EST,25,0
Jan 8 2025,8:52:47 AM EST,39,0
Jan 8 2025,8:54:20 AM EST,97,0
Jan 8 2025,8:54:59 AM EST,31,0
Jan 8 2025,9:06:39 AM EST,140,1
Jan 8 2025,9:13:30 AM EST,81,0
Jan 8 2025,9:14:19 AM EST,34,0
Jan 8 2025,9:15:40 AM EST,103,1
Jan 8 2025,9:17:20 AM EST,75,0
Jan 8 2025,9:19:34 AM EST,87,0
Jan 8 2025,9:22:08 AM EST,179,0
Jan 8 2025,9:24:44 AM EST,52,0
Jan 8 2025,9:27:04 AM EST,137,1
Jan 8 2025,9:27:57 AM EST,140,1
Jan 8 2025,9:29:41 AM EST,34,0
Jan 8 2025,9:33:17 AM EST,140,1
Jan 8 2025,9:37:29 AM EST,23,0
Jan 8 2025,9:45:47 AM EST,104,0
Jan 8 2025,9:46:25 AM EST,32,0
Jan 8 2025,9:49:44 AM EST,50,0
Jan 8 2025,9:50:25 AM EST,140,1
Jan 8 2025,9:52:23 AM EST,141,0
Jan 8 2025,11:04:31 AM EST,113,0
Jan 8 2025,11:06:01 AM EST,140,1
Jan 8 2025,11:08:47 AM EST,29,0
Jan 8 2025,11:10:48 AM EST,72,0
Jan 8 2025,11:12:35 AM EST,28,0
Jan 8 2025,11:13:32 AM EST,27,0
Jan 8 2025,11:18:01 AM EST,67,0
Jan 8 2025,11:22:04 AM EST,154,0
Jan 8 2025,11:23:07 AM EST,70,0
Jan 8 2025,11:24:18 AM EST,27,0
Jan 8 2025,11:32:28 AM EST,28,0
Jan 8 2025,11:32:46 AM EST,125,1
Jan 8 2025,11:34:59 AM EST,56,0
Jan 8 2025,11:37:54 AM EST,27,0
Jan 8 2025,11:38:51 AM EST,99,1
Jan 8 2025,11:39:01 AM EST,23,0
Jan 8 2025,11:40:45 AM EST,140,1
Jan 8 2025,11:42:51 AM EST,143,1
Jan 8 2025,11:44:25 AM EST,138,1
Jan 8 2025,11:45:00 AM EST,140,1
Jan 8 2025,11:48:26 AM EST,28,0
Jan 8 2025,11:51:52 AM EST,102,0
Jan 8 2025,11:53:55 AM EST,23,0
Jan 8 2025,11:58:14 AM EST,138,1
Jan 8 2025,12:00:12 PM EST,109,0
Jan 8 2025,12:05:51 PM EST,140,1
Jan 8 2025,12:06:28 PM EST,28,0
Jan 8 2025,12:08:22 PM EST,139,1
Jan 8 2025,12:08:47 PM EST,105,1
Jan 8 2025,12:29:38 PM EST,23,0
Jan 8 2025,12:31:03 PM EST,140,1
Jan 8 2025,12:44:53 PM EST,23,0
Jan 8 2025,12:46:40 PM EST,30,0
Jan 8 2025,12:48:04 PM EST,139,1
Jan 8 2025,12:48:56 PM EST,140,1
Jan 8 2025,12:51:33 PM EST,26,0
Jan 8 2025,12:53:53 PM EST,140,1
Jan 8 2025,12:54:13 PM EST,140,1
Jan 8 2025,1:01:28 PM EST,59,0
Jan 8 2025,1:18:12 PM EST,221,0
Jan 8 2025,1:22:19 PM EST,140,1
Jan 8 2025,1:28:42 PM EST,31,0
Jan 8 2025,5:06:07 PM EST,36,0
Jan 8 2025,5:07:41 PM EST,27,0
Jan 8 2025,5:17:23 PM EST,31,0
Jan 8 2025,5:18:29 PM EST,25,0
Jan 8 2025,5:20:36 PM EST,34,0
Jan 8 2025,5:31:59 PM EST,140,1
Jan 8 2025,5:33:56 PM EST,140,1
Jan 8 2025,5:35:06 PM EST,31,0
Jan 8 2025,5:35:37 PM EST,140,1
Jan 8 2025,5:39:51 PM EST,25,0
Jan 8 2025,5:43:54 PM EST,94,0
Jan 8 2025,5:46:07 PM EST,140,1
Jan 8 2025,5:47:39 PM EST,140,1
Jan 8 2025,5:49:14 PM EST,140,1
Jan 8 2025,5:58:43 PM EST,25,0
Jan 8 2025,6:05:10 PM EST,140,1
Jan 8 2025,6:05:32 PM EST,28,0
Jan 8 2025,6:08:21 PM EST,140,1
Jan 8 2025,6:09:07 PM EST,27,0
Jan 8 2025,6:11:17 PM EST,140,1
Jan 8 2025,6:31:59 PM EST,51,1
Jan 8 2025,6:42:30 PM EST,139,1
Jan 8 2025,8:50:20 PM EST,140,1
Jan 8 2025,8:50:50 PM EST,38,1
Jan 8 2025,9:02:03 PM EST,140,1
Jan 8 2025,9:05:53 PM EST,140,1
Jan 8 2025,9:09:47 PM EST,140,1
Jan 8 2025,9:11:45 PM EST,25,0
Jan 8 2025,9:19:12 PM EST,23,0
Jan 8 2025,11:59:12 PM EST,110,1
Jan 9 2025,12:03:36 AM EST,108,0
Jan 9 2025,12:13:19 AM EST,27,0
Jan 9 2025,12:17:46 AM EST,36,0
Jan 9 2025,12:18:46 AM EST,25,0
Jan 9 2025,12:19:06 AM EST,140,1
Jan 9 2025,12:19:29 AM EST,38,1
Jan 9 2025,12:19:41 AM EST,34,0
Jan 9 2025,12:20:54 AM EST,44,0
Jan 9 2025,12:22:35 AM EST,41,1
Jan 9 2025,12:25:42 AM EST,140,1
Jan 9 2025,12:26:05 AM EST,27,0
Jan 9 2025,12:29:42 AM EST,32,0
Jan 9 2025,12:43:56 AM EST,27,0
Jan 9 2025,1:15:03 AM EST,70,1
Jan 9 2025,1:16:00 AM EST,139,1
Jan 9 2025,1:16:29 AM EST,92,1
Jan 9 2025,1:18:02 AM EST,27,0
Jan 9 2025,1:19:06 AM EST,140,1
Jan 9 2025,1:32:03 AM EST,140,1
Jan 9 2025,1:33:05 AM EST,140,1
Jan 9 2025,1:34:17 AM EST,28,0
Jan 9 2025,1:37:44 AM EST,26,0
Jan 9 2025,1:58:21 AM EST,140,1
Jan 9 2025,2:00:38 AM EST,135,1
Jan 9 2025,2:09:34 AM EST,139,1
Jan 9 2025,2:10:01 AM EST,140,1
Jan 9 2025,2:11:29 AM EST,132,1
Jan 9 2025,2:13:44 AM EST,138,1
Jan 9 2025,2:28:32 AM EST,139,1
Jan 9 2025,2:30:06 AM EST,23,0
Jan 9 2025,9:36:50 AM EST,140,1
Jan 9 2025,9:37:35 AM EST,140,1
Jan 9 2025,9:43:26 AM EST,140,1
Jan 9 2025,9:45:20 AM EST,140,1
Jan 9 2025,9:54:50 AM EST,139,1
Jan 9 2025,10:16:19 AM EST,140,1
Jan 9 2025,10:16:43 AM EST,116,1
Jan 9 2025,10:17:50 AM EST,140,1
Jan 9 2025,10:19:16 AM EST,140,1
Jan 9 2025,10:37:18 AM EST,255,0
Jan 9 2025,10:48:25 AM EST,140,1
Jan 9 2025,11:00:11 AM EST,51,0
Jan 9 2025,11:01:11 AM EST,58,1
Jan 9 2025,11:26:11 AM EST,52,0
Jan 9 2025,11:27:07 AM EST,50,1
Jan 9 2025,11:37:07 AM EST,23,0
Jan 9 2025,11:39:45 AM EST,72,0
Jan 9 2025,11:45:51 AM EST,61,0
Jan 9 2025,12:02:43 PM EST,49,0
Jan 9 2025,12:05:41 PM EST,44,0
Jan 9 2025,12:06:37 PM EST,25,0
Jan 9 2025,12:08:31 PM EST,67,0
Jan 9 2025,12:51:45 PM EST,23,0
Jan 9 2025,12:57:04 PM EST,62,0
Jan 9 2025,1:01:48 PM EST,49,0
Jan 9 2025,2:18:38 PM EST,28,0
Jan 9 2025,2:19:02 PM EST,31,0
Jan 9 2025,2:19:32 PM EST,140,1
Jan 9 2025,2:21:38 PM EST,23,0
Jan 9 2025,2:22:21 PM EST,53,0
Jan 9 2025,2:23:26 PM EST,140,1
Jan 9 2025,2:24:26 PM EST,63,0
Jan 9 2025,2:24:49 PM EST,25,0
Jan 9 2025,2:26:01 PM EST,140,1
Jan 9 2025,2:27:15 PM EST,27,0
Jan 9 2025,2:28:23 PM EST,140,1
Jan 9 2025,2:28:50 PM EST,95,1
Jan 9 2025,2:31:06 PM EST,29,0
Jan 9 2025,2:31:48 PM EST,140,1
Jan 9 2025,2:44:18 PM EST,33,0
Jan 9 2025,5:33:28 PM EST,28,0
Jan 9 2025,5:34:57 PM EST,26,0
Jan 9 2025,5:37:51 PM EST,140,1
Jan 9 2025,5:38:42 PM EST,67,1
Jan 9 2025,6:27:52 PM EST,56,0
Jan 9 2025,6:28:31 PM EST,25,0
Jan 9 2025,6:30:16 PM EST,140,1
Jan 9 2025,6:31:06 PM EST,62,0
Jan 9 2025,6:32:39 PM EST,44,0
Jan 9 2025,6:33:10 PM EST,45,0
Jan 9 2025,6:35:59 PM EST,120,1
Jan 9 2025,6:45:02 PM EST,48,0
Jan 9 2025,6:52:33 PM EST,49,0
Jan 9 2025,7:09:25 PM EST,53,0
Jan 9 2025,7:46:17 PM EST,30,0
Jan 9 2025,9:00:44 PM EST,113,1
Jan 9 2025,9:11:57 PM EST,140,1
Jan 9 2025,10:39:53 PM EST,112,0
Jan 9 2025,10:43:50 PM EST,140,1
Jan 9 2025,10:44:57 PM EST,23,0
Jan 9 2025,11:08:02 PM EST,23,0
Jan 9 2025,11:11:51 PM EST,140,1
Jan 9 2025,11:15:13 PM EST,46,0
Jan 10 2025,12:33:06 AM EST,42,0
Jan 10 2025,12:39:35 AM EST,140,1
Jan 10 2025,12:41:36 AM EST,23,0
Jan 10 2025,1:08:48 AM EST,88,0
Jan 10 2025,1:23:31 AM EST,140,1
Jan 10 2025,1:23:47 AM EST,25,0
Jan 10 2025,1:24:57 AM EST,139,1
Jan 10 2025,1:29:35 AM EST,26,0
Jan 10 2025,1:32:07 AM EST,28,0
Jan 10 2025,1:33:01 AM EST,140,1
Jan 10 2025,1:33:22 AM EST,23,0
Jan 10 2025,1:45:19 AM EST,27,0
Jan 10 2025,1:47:24 AM EST,66,0
Jan 10 2025,1:48:31 AM EST,51,0
Jan 10 2025,1:49:09 AM EST,140,1
Jan 10 2025,2:31:57 AM EST,239,0
Jan 10 2025,2:39:50 AM EST,81,1
Jan 10 2025,2:59:12 AM EST,35,0
Jan 10 2025,3:14:30 AM EST,31,0
Jan 10 2025,3:29:15 AM EST,28,0
Jan 10 2025,3:33:36 AM EST,23,0
Jan 10 2025,3:44:21 AM EST,140,1
Jan 10 2025,3:45:55 AM EST,26,0
Jan 10 2025,3:53:08 AM EST,44,0
Jan 10 2025,4:11:57 AM EST,27,0
Jan 10 2025,4:19:57 AM EST,178,0
Jan 10 2025,4:25:00 AM EST,140,1
Jan 10 2025,4:32:45 AM EST,140,1
Jan 10 2025,8:30:03 AM EST,139,1
Jan 10 2025,8:33:29 AM EST,140,1
Jan 10 2025,8:38:34 AM EST,106,1
Jan 10 2025,8:39:33 AM EST,28,0
Jan 10 2025,8:46:52 AM EST,128,1
Jan 10 2025,8:51:47 AM EST,123,1
Jan 10 2025,8:53:03 AM EST,42,0
Jan 10 2025,8:55:23 AM EST,56,0
Jan 10 2025,8:58:23 AM EST,66,0
Jan 10 2025,9:01:40 AM EST,166,0
Jan 10 2025,9:46:51 AM EST,58,0
Jan 10 2025,10:11:28 AM EST,128,1
Jan 10 2025,10:44:51 AM EST,140,1
Jan 10 2025,10:47:08 AM EST,43,0
Jan 10 2025,1:39:39 PM EST,28,0
Jan 10 2025,1:48:19 PM EST,140,1
Jan 10 2025,1:57:04 PM EST,99,1
Jan 10 2025,1:57:35 PM EST,140,1
Jan 10 2025,1:59:37 PM EST,140,1
Jan 10 2025,2:08:33 PM EST,23,0
Jan 10 2025,2:14:57 PM EST,140,1
Jan 10 2025,2:16:45 PM EST,43,0
Jan 10 2025,2:18:36 PM EST,48,0
Jan 10 2025,2:30:16 PM EST,210,0
Jan 10 2025,2:35:12 PM EST,140,1
Jan 10 2025,3:41:46 PM EST,140,1
Jan 10 2025,4:34:11 PM EST,37,0
Jan 11 2025,12:19:39 AM EST,90,0
Jan 11 2025,12:20:48 AM EST,23,0
Jan 11 2025,12:33:58 AM EST,27,0
Jan 11 2025,12:35:52 AM EST,25,0
Jan 11 2025,12:37:02 AM EST,33,0
Jan 11 2025,12:50:57 AM EST,89,0
Jan 11 2025,12:52:24 AM EST,23,0
Jan 11 2025,12:52:53 AM EST,139,1
Jan 11 2025,1:03:16 AM EST,25,0
Jan 11 2025,1:09:40 AM EST,23,0
Jan 11 2025,1:24:31 AM EST,41,0
Jan 11 2025,1:27:05 AM EST,140,1
Jan 11 2025,1:29:06 AM EST,139,1
Jan 11 2025,1:29:55 AM EST,140,1
Jan 11 2025,1:30:03 AM EST,140,1
Jan 11 2025,1:30:47 AM EST,26,0
Jan 11 2025,1:33:02 AM EST,28,0
Jan 11 2025,1:38:16 AM EST,140,1
Jan 11 2025,5:45:19 AM EST,89,0
Jan 11 2025,5:48:27 AM EST,95,1
Jan 11 2025,5:49:39 AM EST,140,1
Jan 11 2025,6:06:46 AM EST,23,0
Jan 11 2025,6:07:40 AM EST,140,1
Jan 11 2025,6:10:33 AM EST,99,0
Jan 11 2025,6:10:56 AM EST,140,1
Jan 11 2025,6:18:25 AM EST,60,0
Jan 11 2025,6:21:57 AM EST,135,1
Jan 11 2025,6:23:04 AM EST,26,0
Jan 11 2025,6:25:41 AM EST,47,0
Jan 11 2025,6:44:12 AM EST,97,1
Jan 11 2025,6:45:25 AM EST,49,0
Jan 11 2025,6:45:51 AM EST,25,0
Jan 11 2025,6:46:50 AM EST,106,1
Jan 11 2025,6:49:34 AM EST,31,0
Jan 11 2025,6:56:41 AM EST,41,0
Jan 11 2025,2:33:32 PM EST,36,0
Jan 11 2025,2:34:48 PM EST,140,1
Jan 11 2025,2:35:31 PM EST,140,1
Jan 11 2025,2:36:35 PM EST,140,1
Jan 11 2025,2:39:20 PM EST,139,0
Jan 11 2025,3:13:10 PM EST,140,1
Jan 11 2025,3:13:54 PM EST,26,0
Jan 11 2025,3:18:05 PM EST,86,0
Jan 11 2025,3:33:08 PM EST,53,0
Jan 11 2025,3:35:19 PM EST,60,0
Jan 11 2025,3:35:51 PM EST,34,0
Jan 11 2025,3:49:28 PM EST,25,0
Jan 11 2025,4:13:06 PM EST,42,0
Jan 11 2025,4:14:03 PM EST,140,1
Jan 11 2025,5:12:33 PM EST,58,0
Jan 11 2025,5:51:20 PM EST,139,1
Jan 11 2025,5:54:41 PM EST,140,1
Jan 11 2025,7:39:49 PM EST,57,0
Jan 11 2025,7:54:16 PM EST,67,0
Jan 11 2025,7:57:06 PM EST,88,0
Jan 11 2025,9:00:45 PM EST,44,0
Jan 11 2025,9:03:49 PM EST,140,1
Jan 11 2025,9:06:41 PM EST,72,0
Jan 11 2025,9:36:57 PM EST,71,1
Jan 11 2025,10:02:28 PM EST,27,0
Jan 11 2025,10:03:44 PM EST,25,0
Jan 11 2025,10:04:55 PM EST,27,0
Jan 11 2025,10:10:52 PM EST,255,0
Jan 11 2025,10:12:39 PM EST,111,0
Jan 11 2025,10:21:24 PM EST,112,0
Jan 11 2025,10:35:37 PM EST,253,0
Jan 11 2025,10:54:30 PM EST,77,0
Jan 11 2025,10:56:36 PM EST,49,0
Jan 11 2025,10:57:39 PM EST,23,0
Jan 11 2025,10:59:46 PM EST,114,0
Jan 11 2025,11:19:08 PM EST,28,0
Jan 12 2025,12:12:19 AM EST,57,0
Jan 12 2025,12:32:47 AM EST,49,0
Jan 12 2025,12:45:49 AM EST,50,0
Jan 12 2025,12:48:39 AM EST,37,1
Jan 12 2025,12:49:17 AM EST,42,0
Jan 12 2025,12:52:36 AM EST,122,0
Jan 12 2025,12:53:24 AM EST,39,0
Jan 12 2025,12:56:57 AM EST,38,1
Jan 12 2025,1:00:02 AM EST,28,0
Jan 12 2025,2:03:18 AM EST,59,0
Jan 12 2025,2:07:19 AM EST,37,0
Jan 12 2025,2:11:31 AM EST,60,0
Jan 12 2025,2:13:12 AM EST,25,0
Jan 12 2025,2:13:57 AM EST,140,1
Jan 12 2025,2:36:00 AM EST,140,1
Jan 12 2025,10:26:33 AM EST,139,1
Jan 12 2025,10:36:46 AM EST,140,1
Jan 12 2025,10:48:45 AM EST,27,0
Jan 12 2025,2:59:58 PM EST,140,1
Jan 12 2025,3:07:31 PM EST,37,0
Jan 12 2025,3:26:34 PM EST,60,0
Jan 12 2025,3:31:20 PM EST,31,0
Jan 12 2025,4:05:31 PM EST,255,0
Jan 12 2025,4:11:34 PM EST,168,0
Jan 12 2025,4:35:17 PM EST,77,0
Jan 12 2025,4:54:02 PM EST,28,0
Jan 12 2025,5:05:00 PM EST,255,0
Jan 12 2025,5:08:33 PM EST,218,0
Jan 12 2025,5:11:51 PM EST,140,1
Jan 12 2025,5:15:49 PM EST,168,0
Jan 12 2025,5:16:32 PM EST,140,1
Jan 12 2025,5:25:26 PM EST,215,0
Jan 12 2025,5:26:08 PM EST,140,1
Jan 12 2025,5:35:12 PM EST,131,0
Jan 12 2025,7:05:33 PM EST,140,1
Jan 12 2025,7:13:30 PM EST,60,0
Jan 12 2025,7:46:07 PM EST,71,1
Jan 12 2025,7:53:41 PM EST,140,1
Jan 12 2025,7:53:58 PM EST,143,1
Jan 12 2025,8:21:32 PM EST,92,0
Jan 12 2025,9:06:19 PM EST,158,0
Jan 12 2025,9:26:12 PM EST,26,0
Jan 12 2025,10:19:24 PM EST,23,0
Jan 12 2025,10:48:30 PM EST,140,1
Jan 12 2025,11:05:56 PM EST,76,0
Jan 12 2025,11:07:20 PM EST,25,0
Jan 12 2025,11:59:08 PM EST,35,0
Jan 13 2025,12:53:44 AM EST,119,0
Jan 13 2025,12:54:39 AM EST,139,1
Jan 13 2025,12:57:19 AM EST,220,0
Jan 13 2025,1:20:52 AM EST,65,0
Jan 13 2025,1:22:05 AM EST,25,0
Jan 13 2025,1:23:46 AM EST,25,0
Jan 13 2025,1:40:36 AM EST,42,0
Jan 13 2025,1:52:31 AM EST,59,1
Jan 13 2025,1:52:48 AM EST,139,1
Jan 13 2025,1:54:40 AM EST,26,0
Jan 13 2025,2:18:03 AM EST,139,1
Jan 13 2025,2:18:43 AM EST,140,1
Jan 13 2025,2:19:58 AM EST,140,1
Jan 13 2025,2:24:53 AM EST,45,0
Jan 13 2025,3:37:24 AM EST,140,1
Jan 13 2025,3:53:38 AM EST,23,0
Jan 13 2025,4:02:42 AM EST,140,1
Jan 13 2025,4:03:25 AM EST,140,1
Jan 13 2025,4:04:10 AM EST,140,1
Jan 13 2025,4:05:18 AM EST,26,0
Jan 13 2025,4:10:41 AM EST,184,0
Jan 13 2025,4:21:00 AM EST,23,0
Jan 13 2025,4:22:02 AM EST,139,1
Jan 13 2025,10:44:13 AM EST,31,0
Jan 13 2025,10:45:30 AM EST,37,0
Jan 13 2025,10:47:13 AM EST,140,1
Jan 13 2025,12:01:33 PM EST,140,1
Jan 13 2025,12:55:46 PM EST,140,1
Jan 13 2025,1:51:49 PM EST,107,0
Jan 13 2025,1:52:30 PM EST,134,1
Jan 13 2025,2:28:10 PM EST,101,1
Jan 13 2025,2:35:06 PM EST,71,0
Jan 13 2025,2:40:14 PM EST,219,0
Jan 13 2025,3:26:44 PM EST,140,1
Jan 13 2025,3:28:24 PM EST,50,0
Jan 13 2025,3:32:42 PM EST,27,0
Jan 13 2025,3:33:48 PM EST,127,1
Jan 13 2025,3:59:36 PM EST,164,0
Jan 13 2025,4:02:31 PM EST,27,0
Jan 13 2025,4:19:50 PM EST,25,0
Jan 13 2025,7:07:04 PM EST,139,1
Jan 13 2025,7:08:07 PM EST,60,0
Jan 13 2025,7:08:54 PM EST,23,0
Jan 13 2025,9:32:59 PM EST,140,1
Jan 13 2025,11:40:23 PM EST,140,1
Jan 13 2025,11:41:48 PM EST,25,0
Jan 13 2025,11:47:38 PM EST,140,1
Jan 13 2025,11:50:15 PM EST,119,1
Jan 13 2025,11:54:55 PM EST,47,0
Jan 13 2025,11:59:14 PM EST,69,0
Jan 13 2025,11:59:30 PM EST,27,0
Jan 14 2025,1:42:49 AM EST,139,1
Jan 14 2025,2:15:12 AM EST,140,1
Jan 14 2025,2:27:04 AM EST,38,1
Jan 14 2025,7:39:02 AM EST,45,0
Jan 14 2025,7:56:14 AM EST,140,1
Jan 14 2025,8:19:54 AM EST,139,1
Jan 14 2025,8:20:58 AM EST,43,0
Jan 14 2025,8:22:20 AM EST,113,1
Jan 14 2025,8:35:58 AM EST,140,1
Jan 14 2025,8:40:11 AM EST,140,1
Jan 14 2025,8:55:45 AM EST,131,1
Jan 14 2025,9:06:59 AM EST,140,1
Jan 14 2025,10:59:23 AM EST,140,1
Jan 14 2025,1:08:03 PM EST,72,0
Jan 14 2025,1:42:20 PM EST,140,1
Jan 14 2025,1:43:15 PM EST,140,1
Jan 14 2025,1:43:49 PM EST,139,1
Jan 14 2025,1:53:29 PM EST,140,1
Jan 14 2025,2:01:14 PM EST,23,0
Jan 14 2025,2:02:14 PM EST,137,1
Jan 14 2025,4:06:01 PM EST,139,1
Jan 14 2025,4:31:45 PM EST,25,0
Jan 14 2025,4:32:27 PM EST,27,0
Jan 14 2025,5:00:42 PM EST,115,1
Jan 14 2025,5:22:25 PM EST,85,0
Jan 14 2025,11:56:40 PM EST,25,0
Jan 14 2025,11:57:30 PM EST,44,0
Jan 14 2025,11:58:08 PM EST,48,0
Jan 14 2025,11:58:44 PM EST,61,0
Jan 14 2025,11:59:30 PM EST,140,1
Jan 15 2025,12:29:36 AM EST,27,0
Jan 15 2025,12:30:40 AM EST,117,1
Jan 15 2025,12:47:46 AM EST,63,1
Jan 15 2025,12:49:05 AM EST,23,0
Jan 15 2025,12:49:24 AM EST,27,0
Jan 15 2025,12:51:44 AM EST,28,0
Jan 15 2025,12:52:44 AM EST,49,0
Jan 15 2025,12:53:20 AM EST,25,0
Jan 15 2025,12:53:59 AM EST,42,0
Jan 15 2025,12:59:32 AM EST,25,0
Jan 15 2025,1:02:11 AM EST,25,0
Jan 15 2025,1:03:21 AM EST,34,0
Jan 15 2025,1:29:50 AM EST,43,0
Jan 15 2025,1:31:45 AM EST,139,1
Jan 15 2025,1:32:30 AM EST,60,1
Jan 15 2025,1:33:11 AM EST,140,1
Jan 15 2025,1:35:02 AM EST,23,0
Jan 15 2025,1:35:47 AM EST,34,0
Jan 15 2025,1:36:13 AM EST,140,1
Jan 15 2025,1:39:05 AM EST,28,0
Jan 15 2025,1:45:18 AM EST,93,0
Jan 15 2025,1:46:15 AM EST,140,1
Jan 15 2025,1:46:32 AM EST,105,1
Jan 15 2025,1:47:06 AM EST,53,0
Jan 15 2025,1:47:33 AM EST,53,0
Jan 15 2025,1:48:03 AM EST,26,0
Jan 15 2025,1:49:19 AM EST,99,1
Jan 15 2025,1:59:50 AM EST,254,0
Jan 15 2025,2:00:31 AM EST,139,1
Jan 15 2025,2:00:58 AM EST,140,1
Jan 15 2025,2:01:17 AM EST,116,1
Jan 15 2025,2:05:09 AM EST,45,0
Jan 15 2025,2:07:39 AM EST,34,0
Jan 15 2025,2:12:42 AM EST,114,1
Jan 15 2025,2:13:41 AM EST,87,0
Jan 15 2025,2:15:04 AM EST,140,1
Jan 15 2025,2:15:08 AM EST,140,1
Jan 15 2025,2:16:51 AM EST,23,0
Jan 15 2025,2:18:03 AM EST,41,0
Jan 15 2025,2:19:57 AM EST,100,1
Jan 15 2025,8:13:39 AM EST,244,0
Jan 15 2025,8:13:55 AM EST,27,0
Jan 15 2025,8:15:53 AM EST,131,0
Jan 15 2025,8:23:32 AM EST,193,0
Jan 15 2025,8:26:46 AM EST,232,0
Jan 15 2025,8:28:15 AM EST,30,0
Jan 15 2025,8:29:09 AM EST,23,0
Jan 15 2025,8:46:56 AM EST,62,0
Jan 15 2025,8:53:57 AM EST,139,1
Jan 15 2025,8:54:17 AM EST,139,1
Jan 15 2025,8:59:06 AM EST,113,0
Jan 15 2025,9:09:57 AM EST,255,0
Jan 15 2025,9:12:52 AM EST,129,1
Jan 15 2025,9:13:13 AM EST,140,1
Jan 15 2025,9:18:15 AM EST,225,0
Jan 15 2025,9:23:15 AM EST,175,0
Jan 15 2025,9:37:45 AM EST,36,0
Jan 15 2025,9:38:13 AM EST,39,0
Jan 15 2025,9:39:22 AM EST,103,0
Jan 15 2025,11:26:25 AM EST,66,0
Jan 15 2025,11:29:16 AM EST,202,0
Jan 15 2025,12:51:05 PM EST,52,0
Jan 15 2025,12:52:50 PM EST,53,0
Jan 15 2025,1:07:27 PM EST,49,0
Jan 15 2025,3:27:15 PM EST,135,1
Jan 15 2025,3:28:07 PM EST,118,1
Jan 15 2025,3:28:27 PM EST,88,1
Jan 15 2025,3:32:58 PM EST,51,1
Jan 15 2025,3:34:22 PM EST,45,0
Jan 15 2025,3:34:43 PM EST,25,0
Jan 15 2025,3:37:12 PM EST,135,1
Jan 15 2025,3:39:40 PM EST,140,1
Jan 15 2025,3:40:42 PM EST,140,1
Jan 15 2025,3:42:40 PM EST,133,1
Jan 15 2025,3:42:55 PM EST,139,1
Jan 15 2025,3:43:35 PM EST,139,1
Jan 15 2025,3:44:51 PM EST,140,1
Jan 15 2025,3:45:00 PM EST,140,1
Jan 15 2025,3:53:28 PM EST,140,1
Jan 15 2025,4:05:47 PM EST,140,1
Jan 15 2025,7:36:29 PM EST,36,0
Jan 15 2025,11:23:51 PM EST,140,1
Jan 15 2025,11:23:58 PM EST,28,0
Jan 15 2025,11:26:15 PM EST,139,1
Jan 15 2025,11:26:26 PM EST,140,1
Jan 15 2025,11:26:42 PM EST,28,0
Jan 15 2025,11:27:56 PM EST,89,1
Jan 16 2025,2:09:33 AM EST,23,0
Jan 16 2025,2:30:00 AM EST,91,0
Jan 16 2025,2:36:08 AM EST,26,0
Jan 16 2025,2:38:10 AM EST,68,0
Jan 16 2025,2:38:51 AM EST,45,0
Jan 16 2025,2:42:33 AM EST,87,1
Jan 16 2025,2:42:51 AM EST,140,1
Jan 16 2025,2:43:07 AM EST,25,0
Jan 16 2025,3:09:17 AM EST,140,1
Jan 16 2025,3:11:53 AM EST,140,1
Jan 16 2025,3:12:29 AM EST,139,1
Jan 16 2025,3:14:09 AM EST,34,0
Jan 16 2025,3:15:57 AM EST,139,1
Jan 16 2025,3:24:08 AM EST,140,1
Jan 16 2025,3:24:31 AM EST,28,0
Jan 16 2025,8:40:17 AM EST,255,0
Jan 16 2025,8:43:59 AM EST,250,0
Jan 16 2025,8:45:16 AM EST,140,1
Jan 16 2025,8:51:51 AM EST,59,1
Jan 16 2025,8:51:57 AM EST,100,1
Jan 16 2025,8:53:09 AM EST,140,1
Jan 16 2025,8:55:48 AM EST,72,0
Jan 16 2025,9:00:14 AM EST,25,0
Jan 16 2025,9:04:58 AM EST,140,1
Jan 16 2025,9:05:13 AM EST,129,1
Jan 16 2025,9:23:18 AM EST,118,0
Jan 16 2025,9:33:43 AM EST,139,1
Jan 16 2025,9:35:14 AM EST,27,0
Jan 16 2025,10:47:47 AM EST,25,0
Jan 16 2025,10:57:19 AM EST,61,0
Jan 16 2025,11:02:27 AM EST,94,0
Jan 16 2025,11:07:39 AM EST,75,0
Jan 16 2025,11:09:42 AM EST,140,1
Jan 16 2025,11:10:44 AM EST,120,0
Jan 16 2025,11:29:24 AM EST,56,0
Jan 16 2025,11:38:29 AM EST,50,0
Jan 16 2025,11:38:48 AM EST,92,1
Jan 16 2025,11:52:44 AM EST,62,0
Jan 16 2025,11:56:03 AM EST,140,1
Jan 16 2025,11:59:54 AM EST,27,0
Jan 16 2025,12:05:13 PM EST,100,0
Jan 16 2025,12:05:47 PM EST,104,0
Jan 16 2025,12:07:55 PM EST,26,0
Jan 16 2025,12:26:58 PM EST,139,1
Jan 16 2025,12:30:06 PM EST,140,1
Jan 16 2025,12:31:43 PM EST,105,1
Jan 16 2025,12:32:20 PM EST,41,0
Jan 16 2025,12:33:24 PM EST,62,0
Jan 16 2025,12:47:09 PM EST,41,0
Jan 16 2025,12:48:18 PM EST,140,1
Jan 16 2025,12:50:09 PM EST,150,0
Jan 16 2025,12:52:28 PM EST,85,0
Jan 16 2025,1:06:05 PM EST,140,1
Jan 16 2025,1:16:54 PM EST,60,0
Jan 16 2025,1:26:18 PM EST,96,0
Jan 16 2025,1:28:40 PM EST,49,0
Jan 16 2025,1:33:46 PM EST,61,0
Jan 16 2025,1:38:19 PM EST,23,0
Jan 16 2025,1:39:43 PM EST,42,1
Jan 16 2025,3:43:28 PM EST,140,1
Jan 16 2025,3:44:48 PM EST,62,0
Jan 16 2025,4:10:56 PM EST,23,0
Jan 16 2025,4:26:48 PM EST,140,1
Jan 16 2025,4:43:42 PM EST,37,1
Jan 16 2025,4:55:15 PM EST,30,0
Jan 16 2025,4:56:42 PM EST,140,1
Jan 16 2025,5:22:01 PM EST,147,0
Jan 16 2025,5:32:32 PM EST,45,0
Jan 16 2025,5:50:50 PM EST,110,1
Jan 16 2025,5:51:54 PM EST,74,0
Jan 16 2025,5:52:29 PM EST,23,0
Jan 16 2025,5:53:21 PM EST,23,0
Jan 16 2025,6:51:05 PM EST,113,1
Jan 16 2025,6:53:03 PM EST,82,0
Jan 16 2025,6:57:16 PM EST,72,0
Jan 16 2025,6:57:47 PM EST,140,1
Jan 16 2025,7:22:39 PM EST,23,0
Jan 16 2025,7:23:45 PM EST,139,1
Jan 16 2025,7:40:16 PM EST,23,0
Jan 16 2025,7:50:59 PM EST,44,1
Jan 16 2025,7:54:34 PM EST,94,1
Jan 16 2025,7:55:55 PM EST,68,0
Jan 16 2025,7:59:32 PM EST,77,1
Jan 16 2025,8:01:04 PM EST,64,0
Jan 16 2025,8:14:03 PM EST,255,0
Jan 16 2025,8:21:01 PM EST,38,1
Jan 16 2025,8:24:00 PM EST,89,0
Jan 16 2025,8:24:47 PM EST,33,0
Jan 16 2025,11:37:38 PM EST,138,0
Jan 16 2025,11:42:26 PM EST,82,1
Jan 16 2025,11:45:29 PM EST,97,0
Jan 16 2025,11:48:04 PM EST,40,1
Jan 16 2025,11:48:11 PM EST,60,1
Jan 16 2025,11:49:26 PM EST,38,1
Jan 17 2025,12:02:10 AM EST,27,0
Jan 17 2025,12:07:05 AM EST,27,0
Jan 17 2025,12:10:02 AM EST,158,0
Jan 17 2025,12:16:33 AM EST,38,0
Jan 17 2025,12:17:21 AM EST,27,0
Jan 17 2025,12:28:46 AM EST,140,1
Jan 17 2025,12:29:16 AM EST,140,1
Jan 17 2025,12:29:50 AM EST,95,1
Jan 17 2025,12:30:02 AM EST,19,1
Jan 17 2025,12:49:11 AM EST,139,1
Jan 17 2025,12:50:20 AM EST,140,1
Jan 17 2025,12:51:49 AM EST,86,1
Jan 17 2025,1:02:09 AM EST,143,0
Jan 17 2025,1:18:00 AM EST,62,0
Jan 17 2025,2:02:46 AM EST,135,0
Jan 17 2025,2:05:02 AM EST,49,0
Jan 17 2025,2:19:22 AM EST,27,0
Jan 17 2025,2:20:18 AM EST,140,1
Jan 17 2025,2:56:40 AM EST,45,0
Jan 17 2025,2:58:59 AM EST,151,0
Jan 17 2025,2:59:18 AM EST,27,0
Jan 17 2025,2:59:45 AM EST,140,1
Jan 17 2025,3:02:00 AM EST,140,1
Jan 17 2025,11:05:25 AM EST,99,0
Jan 17 2025,11:05:50 AM EST,139,1
Jan 17 2025,11:08:36 AM EST,34,1
Jan 17 2025,2:35:49 PM EST,101,0
Jan 17 2025,2:49:53 PM EST,32,0
Jan 17 2025,4:47:07 PM EST,107,1
Jan 17 2025,5:37:17 PM EST,82,0
Jan 17 2025,5:55:18 PM EST,63,0
Jan 17 2025,6:05:04 PM EST,44,1
Jan 17 2025,11:10:46 PM EST,109,0
Jan 17 2025,11:16:05 PM EST,36,0
Jan 18 2025,12:07:50 AM EST,140,1
Jan 18 2025,12:10:42 AM EST,140,1
Jan 18 2025,2:41:55 AM EST,140,1
Jan 18 2025,3:18:05 AM EST,28,0
Jan 18 2025,3:20:14 AM EST,124,1
Jan 18 2025,3:21:59 AM EST,117,1
Jan 18 2025,3:25:54 AM EST,27,0
Jan 18 2025,3:30:23 AM EST,139,1
Jan 18 2025,3:33:12 AM EST,127,1
Jan 18 2025,3:36:33 AM EST,39,0
Jan 18 2025,3:41:36 AM EST,36,0
Jan 18 2025,3:43:29 AM EST,85,0
Jan 18 2025,3:45:13 AM EST,44,0
Jan 18 2025,4:00:30 AM EST,140,1
Jan 18 2025,10:43:39 AM EST,202,0
Jan 18 2025,10:44:30 AM EST,25,0
Jan 18 2025,10:54:05 AM EST,77,0
Jan 18 2025,11:13:52 AM EST,140,1
Jan 18 2025,11:45:33 AM EST,139,1
Jan 18 2025,11:48:03 AM EST,23,0
Jan 18 2025,12:09:10 PM EST,128,0
Jan 18 2025,12:14:50 PM EST,90,1
Jan 18 2025,12:15:55 PM EST,86,0
Jan 18 2025,12:47:24 PM EST,49,0
Jan 18 2025,12:52:17 PM EST,116,0
Jan 18 2025,12:54:55 PM EST,140,1
Jan 18 2025,12:55:12 PM EST,74,1
Jan 18 2025,1:22:28 PM EST,140,1
Jan 18 2025,1:25:45 PM EST,141,0
Jan 18 2025,1:30:47 PM EST,140,1
Jan 18 2025,4:19:34 PM EST,140,1
Jan 18 2025,4:24:28 PM EST,25,0
Jan 18 2025,4:27:08 PM EST,23,0
Jan 18 2025,4:38:57 PM EST,72,1
Jan 18 2025,4:49:48 PM EST,86,1
Jan 18 2025,10:15:24 PM EST,33,0
Jan 18 2025,11:01:58 PM EST,33,0
Jan 19 2025,12:46:52 AM EST,23,0
Jan 19 2025,1:00:24 AM EST,69,1
Jan 19 2025,7:52:43 AM EST,140,1
Jan 19 2025,7:55:27 AM EST,28,0
Jan 19 2025,8:15:36 AM EST,49,0
Jan 19 2025,8:16:39 AM EST,106,0
Jan 19 2025,8:21:16 AM EST,255,0
Jan 19 2025,8:29:16 AM EST,67,1
Jan 19 2025,8:30:53 AM EST,140,1
Jan 19 2025,8:31:19 AM EST,68,1
Jan 19 2025,8:36:16 AM EST,37,0
Jan 19 2025,8:38:33 AM EST,48,0
Jan 19 2025,8:39:00 AM EST,36,0
Jan 19 2025,8:40:40 AM EST,140,1
Jan 19 2025,8:42:25 AM EST,129,0
Jan 19 2025,8:48:31 AM EST,254,0
Jan 19 2025,1:33:35 PM EST,139,1
Jan 19 2025,1:45:17 PM EST,100,0
Jan 19 2025,1:55:32 PM EST,27,0
Jan 19 2025,3:10:01 PM EST,140,1
Jan 19 2025,3:15:01 PM EST,104,0
Jan 19 2025,3:25:36 PM EST,45,0
Jan 19 2025,3:46:48 PM EST,23,0
Jan 19 2025,4:33:09 PM EST,139,1
Jan 19 2025,7:01:11 PM EST,73,1
Jan 19 2025,7:01:57 PM EST,140,1
Jan 19 2025,7:06:01 PM EST,57,0
Jan 19 2025,7:06:28 PM EST,140,1
Jan 19 2025,7:07:41 PM EST,86,1
Jan 19 2025,7:10:20 PM EST,104,0
Jan 19 2025,7:11:10 PM EST,83,1
Jan 19 2025,7:23:33 PM EST,25,0
Jan 19 2025,7:34:03 PM EST,123,1
Jan 19 2025,7:39:23 PM EST,107,1
Jan 19 2025,7:41:27 PM EST,62,1
Jan 20 2025,12:27:08 AM EST,35,1
Jan 20 2025,12:38:51 AM EST,45,0
Jan 20 2025,1:19:07 AM EST,139,1
Jan 20 2025,1:23:06 AM EST,99,1
Jan 20 2025,1:23:29 AM EST,26,0
Jan 20 2025,1:49:50 AM EST,43,1
Jan 20 2025,7:13:33 AM EST,138,1
Jan 20 2025,1:04:44 PM EST,23,0
Jan 20 2025,1:53:37 PM EST,140,1
Jan 20 2025,1:56:40 PM EST,40,0
Jan 20 2025,2:01:15 PM EST,46,0
Jan 20 2025,2:04:58 PM EST,139,1
Jan 20 2025,2:11:01 PM EST,60,0
Jan 20 2025,2:41:36 PM EST,23,0
Jan 20 2025,3:29:35 PM EST,23,0
Jan 20 2025,3:30:24 PM EST,51,0
Jan 20 2025,3:45:12 PM EST,139,1
Jan 20 2025,3:46:13 PM EST,140,1
Jan 20 2025,3:46:55 PM EST,140,1
Jan 20 2025,4:16:59 PM EST,140,1
Jan 20 2025,4:17:55 PM EST,41,1
Jan 20 2025,4:19:49 PM EST,140,1
Jan 20 2025,4:20:30 PM EST,86,1
Jan 20 2025,4:50:25 PM EST,140,1
Jan 20 2025,5:09:13 PM EST,52,0
Jan 20 2025,5:10:29 PM EST,28,0
Jan 20 2025,7:57:56 PM EST,33,0
Jan 20 2025,8:24:55 PM EST,140,1
Jan 20 2025,8:40:16 PM EST,28,0
Jan 20 2025,8:41:31 PM EST,26,0
Jan 20 2025,8:48:44 PM EST,140,1
Jan 20 2025,9:01:20 PM EST,54,0
Jan 20 2025,9:06:25 PM EST,53,0
Jan 20 2025,9:10:37 PM EST,78,0
Jan 20 2025,9:14:44 PM EST,67,0
Jan 20 2025,9:16:45 PM EST,140,1
Jan 20 2025,9:27:59 PM EST,67,0
Jan 20 2025,9:30:55 PM EST,138,0
Jan 20 2025,9:32:49 PM EST,35,0
Jan 20 2025,9:34:54 PM EST,140,1
Jan 20 2025,9:48:09 PM EST,140,1
Jan 20 2025,9:53:59 PM EST,61,0
Jan 20 2025,9:54:43 PM EST,138,1
Jan 20 2025,9:57:17 PM EST,113,0
Jan 20 2025,10:00:12 PM EST,139,1
Jan 20 2025,10:04:18 PM EST,139,1
Jan 20 2025,10:07:23 PM EST,68,0
Jan 20 2025,10:09:40 PM EST,58,0
Jan 20 2025,10:13:08 PM EST,68,0
Jan 20 2025,10:14:10 PM EST,33,0
Jan 20 2025,10:28:27 PM EST,140,1
Jan 20 2025,10:28:50 PM EST,140,1
Jan 20 2025,10:40:01 PM EST,65,0
Jan 20 2025,10:50:28 PM EST,88,0
Jan 20 2025,10:50:35 PM EST,100,1
Jan 20 2025,10:59:57 PM EST,140,1
Jan 20 2025,11:01:55 PM EST,92,1
Jan 20 2025,11:06:45 PM EST,139,1
Jan 20 2025,11:07:24 PM EST,140,1
Jan 20 2025,11:09:14 PM EST,108,0
Jan 20 2025,11:12:22 PM EST,68,0
Jan 20 2025,11:15:00 PM EST,140,1
Jan 20 2025,11:32:50 PM EST,27,0
Jan 20 2025,11:40:01 PM EST,29,0
Jan 20 2025,11:50:39 PM EST,28,0
Jan 21 2025,12:04:49 AM EST,43,1
Jan 21 2025,12:05:06 AM EST,140,1
Jan 21 2025,12:19:52 AM EST,139,1
Jan 21 2025,8:59:02 AM EST,47,0
Jan 21 2025,9:00:52 AM EST,107,0
Jan 21 2025,9:10:21 AM EST,189,0
Jan 21 2025,9:15:08 AM EST,154,0
Jan 21 2025,9:16:40 AM EST,44,0
Jan 21 2025,9:22:58 AM EST,140,1
Jan 21 2025,9:27:17 AM EST,28,0
Jan 21 2025,9:32:29 AM EST,140,0
Jan 21 2025,9:33:25 AM EST,102,0
Jan 21 2025,9:35:13 AM EST,67,0
Jan 21 2025,9:46:21 AM EST,100,0
Jan 21 2025,10:28:58 AM EST,25,0
Jan 21 2025,10:35:43 AM EST,23,0
Jan 21 2025,10:39:54 AM EST,140,1
Jan 21 2025,11:45:31 AM EST,79,0
Jan 21 2025,11:47:10 AM EST,30,0
Jan 21 2025,11:51:37 AM EST,85,0
Jan 21 2025,11:52:02 AM EST,140,1
Jan 21 2025,11:54:26 AM EST,124,1
Jan 21 2025,11:56:20 AM EST,55,0
Jan 21 2025,12:12:10 PM EST,25,0
Jan 21 2025,12:16:46 PM EST,167,0
Jan 21 2025,12:17:18 PM EST,67,0
Jan 21 2025,12:30:55 PM EST,53,0
Jan 21 2025,12:45:23 PM EST,102,0
Jan 21 2025,1:14:59 PM EST,34,0
Jan 21 2025,1:16:18 PM EST,42,1
Jan 21 2025,8:24:10 PM EST,99,1
Jan 21 2025,8:25:11 PM EST,44,0
Jan 21 2025,11:25:53 PM EST,139,1
Jan 21 2025,11:33:01 PM EST,31,0
Jan 21 2025,11:35:36 PM EST,65,1
Jan 21 2025,11:39:59 PM EST,47,0
Jan 21 2025,11:44:50 PM EST,62,1
Jan 21 2025,11:45:25 PM EST,80,1
Jan 21 2025,11:49:23 PM EST,140,1
Jan 21 2025,11:54:22 PM EST,94,0
Jan 22 2025,12:08:14 AM EST,140,1
Jan 22 2025,12:36:47 AM EST,140,1
Jan 22 2025,12:38:20 AM EST,102,0
Jan 22 2025,12:40:46 AM EST,25,0
Jan 22 2025,12:49:36 AM EST,140,1
Jan 22 2025,12:58:01 AM EST,93,1
Jan 22 2025,1:33:20 AM EST,26,0
Jan 22 2025,1:42:06 AM EST,140,1
Jan 22 2025,2:01:53 AM EST,27,0
Jan 22 2025,2:13:14 AM EST,89,1
Jan 22 2025,2:13:45 AM EST,140,1
Jan 22 2025,1:12:24 PM EST,140,1
Jan 22 2025,1:12:58 PM EST,140,1
Jan 22 2025,1:14:03 PM EST,42,0
Jan 22 2025,1:21:22 PM EST,54,0
Jan 22 2025,1:35:13 PM EST,140,1
Jan 22 2025,1:48:02 PM EST,139,1
Jan 22 2025,1:48:21 PM EST,140,1
Jan 22 2025,1:50:21 PM EST,25,0
Jan 22 2025,1:50:41 PM EST,131,1
Jan 22 2025,1:52:12 PM EST,134,1
Jan 22 2025,3:40:48 PM EST,26,0
Jan 22 2025,3:41:08 PM EST,140,1
Jan 22 2025,3:46:20 PM EST,79,1
Jan 22 2025,7:54:47 PM EST,23,0
Jan 22 2025,7:55:22 PM EST,66,1
Jan 22 2025,7:56:44 PM EST,119,1
Jan 22 2025,7:56:55 PM EST,139,1
Jan 22 2025,7:57:53 PM EST,28,0
Jan 22 2025,8:01:38 PM EST,28,0
Jan 22 2025,8:03:11 PM EST,27,0
Jan 22 2025,9:17:19 PM EST,25,0
Jan 22 2025,9:37:38 PM EST,119,0
Jan 22 2025,9:38:31 PM EST,25,0
Jan 22 2025,9:39:21 PM EST,31,0
Jan 22 2025,9:47:09 PM EST,37,0
Jan 22 2025,9:47:59 PM EST,46,0
Jan 22 2025,9:50:27 PM EST,146,0
Jan 22 2025,10:33:14 PM EST,140,1
Jan 22 2025,11:49:11 PM EST,140,1
Jan 22 2025,11:50:34 PM EST,140,1
Jan 23 2025,12:11:45 AM EST,122,1
Jan 23 2025,12:13:28 AM EST,30,0
Jan 23 2025,12:15:27 AM EST,23,0
Jan 23 2025,12:29:17 AM EST,88,1
Jan 23 2025,12:36:12 AM EST,25,0
Jan 23 2025,12:46:18 AM EST,79,0
Jan 23 2025,12:50:15 AM EST,140,1
Jan 23 2025,1:14:11 AM EST,140,1
Jan 23 2025,6:32:01 AM EST,136,1
Jan 23 2025,6:33:03 AM EST,140,1
Jan 23 2025,6:33:56 AM EST,115,1
Jan 23 2025,6:34:16 AM EST,139,1
Jan 23 2025,6:35:53 AM EST,144,1
Jan 23 2025,6:44:13 AM EST,140,1
Jan 23 2025,6:46:42 AM EST,114,0
Jan 23 2025,6:49:14 AM EST,77,1
Jan 23 2025,6:52:33 AM EST,140,1
Jan 23 2025,6:55:46 AM EST,48,1
Jan 23 2025,6:57:07 AM EST,23,0
Jan 23 2025,6:58:10 AM EST,140,1
Jan 23 2025,7:02:19 AM EST,33,0
Jan 23 2025,7:04:39 AM EST,68,0
Jan 23 2025,7:07:00 AM EST,37,0
Jan 23 2025,7:08:05 AM EST,133,1
Jan 23 2025,7:09:08 AM EST,140,1
Jan 23 2025,7:11:14 AM EST,140,1
Jan 23 2025,7:13:13 AM EST,65,1
Jan 23 2025,7:14:34 AM EST,140,1
Jan 23 2025,7:15:04 AM EST,33,0
Jan 23 2025,7:33:08 AM EST,176,0
Jan 23 2025,7:34:04 AM EST,30,0
Jan 23 2025,7:34:29 AM EST,52,1
Jan 23 2025,7:36:47 AM EST,110,0
Jan 23 2025,7:46:30 AM EST,140,1
Jan 23 2025,7:48:30 AM EST,53,0
Jan 23 2025,7:49:41 AM EST,140,1
Jan 23 2025,8:04:12 AM EST,140,1
Jan 23 2025,8:04:22 AM EST,57,1
Jan 23 2025,8:05:45 AM EST,100,0
Jan 23 2025,8:11:53 AM EST,52,1
Jan 23 2025,8:32:23 AM EST,140,1
Jan 23 2025,9:37:24 AM EST,61,0
Jan 23 2025,9:41:45 AM EST,114,0
Jan 23 2025,9:49:19 AM EST,91,0
Jan 23 2025,11:11:10 AM EST,66,0
Jan 23 2025,11:14:55 AM EST,68,0
Jan 23 2025,11:45:56 AM EST,139,1
Jan 23 2025,3:46:09 PM EST,139,1
Jan 23 2025,3:46:27 PM EST,28,0
Jan 23 2025,3:47:12 PM EST,33,0
Jan 23 2025,3:48:02 PM EST,138,1
Jan 23 2025,4:51:47 PM EST,88,1
Jan 23 2025,4:52:13 PM EST,26,0
Jan 23 2025,5:01:19 PM EST,140,1
Jan 23 2025,5:01:42 PM EST,140,1
Jan 23 2025,5:02:12 PM EST,140,1
Jan 23 2025,5:02:33 PM EST,28,1
Jan 23 2025,7:42:26 PM EST,33,0
Jan 23 2025,7:48:15 PM EST,96,0
Jan 23 2025,8:00:38 PM EST,95,0
Jan 23 2025,8:02:05 PM EST,45,0
Jan 23 2025,8:02:51 PM EST,140,1
Jan 23 2025,9:05:02 PM EST,36,1
Jan 23 2025,9:15:16 PM EST,140,1
Jan 23 2025,9:15:50 PM EST,140,1
Jan 23 2025,9:23:31 PM EST,47,0
Jan 23 2025,9:25:48 PM EST,140,1
Jan 23 2025,9:32:22 PM EST,29,0
Jan 23 2025,9:36:41 PM EST,136,1
Jan 23 2025,9:37:00 PM EST,139,1
Jan 23 2025,9:37:47 PM EST,47,0
Jan 23 2025,9:41:32 PM EST,76,0
Jan 23 2025,9:59:04 PM EST,78,0
Jan 23 2025,9:59:26 PM EST,140,1
Jan 23 2025,10:00:00 PM EST,28,0
Jan 23 2025,10:01:37 PM EST,26,0
Jan 23 2025,11:04:44 PM EST,140,1
Jan 23 2025,11:07:04 PM EST,23,0
Jan 23 2025,11:34:33 PM EST,140,1
Jan 23 2025,11:39:29 PM EST,87,1
Jan 23 2025,11:45:59 PM EST,140,1
Jan 24 2025,3:28:30 AM EST,140,1
Jan 24 2025,3:32:16 AM EST,43,1
Jan 24 2025,3:45:39 AM EST,139,1
Jan 24 2025,3:53:24 AM EST,68,0
Jan 24 2025,3:59:57 AM EST,140,1
Jan 24 2025,4:16:27 AM EST,31,0
Jan 24 2025,4:28:37 AM EST,32,0
Jan 24 2025,4:31:45 AM EST,140,1
Jan 24 2025,4:35:02 AM EST,23,0
Jan 24 2025,4:36:23 AM EST,115,0
Jan 24 2025,4:40:19 AM EST,42,0
Jan 24 2025,4:43:40 AM EST,139,0
Jan 24 2025,4:53:51 AM EST,59,0
Jan 24 2025,4:55:05 AM EST,37,0
Jan 24 2025,4:55:54 AM EST,140,1
Jan 24 2025,4:59:41 AM EST,46,0
Jan 24 2025,5:00:23 AM EST,63,0
Jan 24 2025,5:02:35 AM EST,159,0
Jan 24 2025,5:04:30 AM EST,35,0
Jan 24 2025,5:05:06 AM EST,23,0
Jan 24 2025,5:10:33 AM EST,160,0
Jan 24 2025,5:11:28 AM EST,139,1
Jan 24 2025,5:11:44 AM EST,140,1
Jan 24 2025,5:17:49 AM EST,140,1
Jan 24 2025,5:18:22 AM EST,35,0
Jan 24 2025,5:22:21 AM EST,255,0
Jan 24 2025,5:23:33 AM EST,140,1
Jan 24 2025,5:23:56 AM EST,27,0
Jan 24 2025,5:29:45 AM EST,25,0
Jan 24 2025,5:31:27 AM EST,25,0
Jan 24 2025,5:34:26 AM EST,62,0
Jan 24 2025,5:46:55 AM EST,140,1
Jan 24 2025,5:47:34 AM EST,139,1
Jan 24 2025,5:48:47 AM EST,140,1
Jan 24 2025,5:53:03 AM EST,27,0
Jan 24 2025,6:07:02 AM EST,27,0
Jan 24 2025,6:07:38 AM EST,36,0
Jan 24 2025,5:14:53 PM EST,28,0
Jan 24 2025,5:31:21 PM EST,27,0
Jan 24 2025,10:57:20 PM EST,23,0
Jan 25 2025,12:51:29 AM EST,39,0
Jan 25 2025,12:51:47 AM EST,140,1
Jan 25 2025,1:00:42 AM EST,136,1
Jan 25 2025,6:57:37 AM EST,139,1
Jan 25 2025,7:06:44 AM EST,28,0
Jan 25 2025,7:13:20 AM EST,23,0
Jan 25 2025,7:26:04 AM EST,23,0
Jan 25 2025,7:40:15 AM EST,23,0
Jan 25 2025,7:47:37 AM EST,140,1
Jan 25 2025,8:40:04 AM EST,56,1
Jan 25 2025,8:43:32 AM EST,140,1
Jan 25 2025,8:43:55 AM EST,140,1
Jan 25 2025,8:46:20 AM EST,41,0
Jan 25 2025,8:51:23 AM EST,62,0
Jan 25 2025,8:53:59 AM EST,115,1
Jan 25 2025,8:55:58 AM EST,51,0
Jan 25 2025,8:57:31 AM EST,140,1
Jan 25 2025,9:10:27 AM EST,140,1
Jan 25 2025,9:42:12 AM EST,31,0
Jan 25 2025,11:04:10 AM EST,23,0
Jan 25 2025,1:34:54 PM EST,139,1
Jan 25 2025,6:01:13 PM EST,23,0
Jan 25 2025,6:34:36 PM EST,140,1
Jan 25 2025,11:09:34 PM EST,44,1
Jan 25 2025,11:10:27 PM EST,34,0
Jan 26 2025,1:45:53 AM EST,81,0
Jan 26 2025,1:51:36 AM EST,121,0
Jan 26 2025,2:01:19 AM EST,25,0
Jan 26 2025,2:02:19 AM EST,27,0
Jan 26 2025,2:05:08 AM EST,123,0
Jan 26 2025,2:06:49 AM EST,74,0
Jan 26 2025,2:07:30 AM EST,140,1
Jan 26 2025,2:11:14 AM EST,80,0
Jan 26 2025,2:14:59 AM EST,54,0
Jan 26 2025,2:28:05 AM EST,33,0
Jan 26 2025,2:31:21 AM EST,61,0
Jan 26 2025,2:35:13 AM EST,140,1
Jan 26 2025,2:38:03 AM EST,140,1
Jan 26 2025,2:41:44 AM EST,140,1
Jan 26 2025,7:56:34 AM EST,136,1
Jan 26 2025,8:01:10 AM EST,28,0
Jan 26 2025,8:03:14 AM EST,140,1
Jan 26 2025,8:04:36 AM EST,140,1
Jan 26 2025,8:14:55 AM EST,140,1
Jan 26 2025,3:12:29 PM EST,140,1
Jan 26 2025,8:52:23 PM EST,78,1
Jan 26 2025,8:53:30 PM EST,140,1
Jan 26 2025,8:53:58 PM EST,39,0
Jan 26 2025,11:19:13 PM EST,36,0
Jan 26 2025,11:23:50 PM EST,45,0
Jan 26 2025,11:26:28 PM EST,28,0
Jan 26 2025,11:42:19 PM EST,139,1
Jan 27 2025,1:01:06 AM EST,56,0
Jan 27 2025,1:32:42 AM EST,60,1
Jan 27 2025,1:41:56 AM EST,140,1
Jan 27 2025,1:57:00 AM EST,38,0
Jan 27 2025,9:01:33 AM EST,140,1
Jan 27 2025,9:02:14 AM EST,25,0
Jan 27 2025,11:46:39 AM EST,140,1
Jan 27 2025,11:48:31 AM EST,140,1
Jan 27 2025,11:49:26 AM EST,37,0
Jan 27 2025,11:58:10 AM EST,117,0
Jan 27 2025,5:00:09 PM EST,32,1
Jan 27 2025,10:08:20 PM EST,140,1
Jan 27 2025,10:10:12 PM EST,138,1
Jan 27 2025,10:10:16 PM EST,140,1
Jan 27 2025,10:19:13 PM EST,75,0
Jan 27 2025,10:23:22 PM EST,25,0
Jan 27 2025,10:32:10 PM EST,35,0
Jan 28 2025,12:16:02 AM EST,49,0
Jan 28 2025,12:23:25 AM EST,27,0
Jan 28 2025,12:32:58 AM EST,106,1
Jan 28 2025,12:42:33 AM EST,137,1
Jan 28 2025,12:44:54 AM EST,140,1
Jan 28 2025,1:00:06 AM EST,139,1
Jan 28 2025,1:02:59 AM EST,139,1
Jan 28 2025,1:13:21 AM EST,28,0
Jan 28 2025,1:38:36 PM EST,44,1
Jan 28 2025,1:39:13 PM EST,28,0
Jan 28 2025,1:40:37 PM EST,140,1
Jan 28 2025,1:41:08 PM EST,31,0
Jan 28 2025,1:48:02 PM EST,113,0
Jan 28 2025,2:43:37 PM EST,38,0
Jan 28 2025,2:49:23 PM EST,144,1
Jan 28 2025,2:49:51 PM EST,28,0
Jan 28 2025,2:51:17 PM EST,23,0
Jan 28 2025,2:53:58 PM EST,88,0
Jan 28 2025,5:20:21 PM EST,191,0
Jan 28 2025,5:28:35 PM EST,139,1
Jan 28 2025,5:37:58 PM EST,140,1
Jan 28 2025,5:39:27 PM EST,140,1
Jan 28 2025,5:42:35 PM EST,31,0
Jan 28 2025,5:45:41 PM EST,87,1
Jan 28 2025,5:54:11 PM EST,42,0
Jan 28 2025,5:59:11 PM EST,140,1
Jan 28 2025,6:02:03 PM EST,140,1
Jan 28 2025,6:04:38 PM EST,140,1
Jan 28 2025,6:07:14 PM EST,70,0
Jan 28 2025,8:47:33 PM EST,139,1
Jan 28 2025,8:51:47 PM EST,48,0
Jan 28 2025,8:53:36 PM EST,140,1
Jan 28 2025,8:57:58 PM EST,64,1
Jan 28 2025,8:58:39 PM EST,64,1
Jan 28 2025,9:01:43 PM EST,158,0
Jan 28 2025,11:04:17 PM EST,36,0
Jan 28 2025,11:06:29 PM EST,32,0
Jan 28 2025,11:09:41 PM EST,25,0
Jan 28 2025,11:51:46 PM EST,65,0
Jan 29 2025,12:00:26 AM EST,222,0
Jan 29 2025,12:02:21 AM EST,61,0
Jan 29 2025,12:02:52 AM EST,94,1
Jan 29 2025,12:03:24 AM EST,28,0
Jan 29 2025,12:05:18 AM EST,33,0
Jan 29 2025,12:16:33 AM EST,192,0
Jan 29 2025,12:20:52 AM EST,140,1
Jan 29 2025,12:21:40 AM EST,27,0
Jan 29 2025,12:22:52 AM EST,137,1
Jan 29 2025,12:31:36 AM EST,39,0
Jan 29 2025,12:33:19 AM EST,25,0
Jan 29 2025,12:34:40 AM EST,23,0
Jan 29 2025,12:37:16 AM EST,222,0
Jan 29 2025,12:42:42 AM EST,27,0
Jan 29 2025,1:02:39 AM EST,99,0
Jan 29 2025,1:11:25 AM EST,30,0
Jan 29 2025,1:12:18 AM EST,64,0
Jan 29 2025,1:13:41 AM EST,52,0
Jan 29 2025,1:16:04 AM EST,139,1
Jan 29 2025,1:23:36 AM EST,139,1
Jan 29 2025,1:23:53 AM EST,27,0
Jan 29 2025,1:24:14 AM EST,140,1
Jan 29 2025,1:26:43 AM EST,140,1
Jan 29 2025,1:27:27 AM EST,140,1
Jan 29 2025,1:30:07 AM EST,54,0
Jan 29 2025,1:33:37 AM EST,55,0
Jan 29 2025,1:35:01 AM EST,139,1
Jan 29 2025,1:37:36 AM EST,139,1
Jan 29 2025,1:38:22 AM EST,140,1
Jan 29 2025,1:40:23 AM EST,62,0
Jan 29 2025,1:41:24 AM EST,28,0
Jan 29 2025,1:46:45 AM EST,23,0
Jan 29 2025,1:49:56 AM EST,25,0
Jan 29 2025,8:16:01 AM EST,34,0
Jan 29 2025,8:18:02 AM EST,28,0
Jan 29 2025,8:19:41 AM EST,63,0
Jan 29 2025,8:20:42 AM EST,139,1
Jan 29 2025,8:21:57 AM EST,144,1
Jan 29 2025,8:23:23 AM EST,140,1
Jan 29 2025,8:31:00 AM EST,61,0
Jan 29 2025,8:36:55 AM EST,34,0
Jan 29 2025,8:41:45 AM EST,41,0
Jan 29 2025,8:50:43 AM EST,25,0
Jan 29 2025,8:56:43 AM EST,172,0
Jan 29 2025,9:01:51 AM EST,237,0
Jan 29 2025,9:03:17 AM EST,29,0
Jan 29 2025,9:04:59 AM EST,63,0
Jan 29 2025,9:07:15 AM EST,31,0
Jan 29 2025,9:10:26 AM EST,175,0
Jan 29 2025,9:12:43 AM EST,72,0
Jan 29 2025,9:16:02 AM EST,104,0
Jan 29 2025,9:19:16 AM EST,136,1
Jan 29 2025,9:22:01 AM EST,140,1
Jan 29 2025,9:23:49 AM EST,166,0
Jan 29 2025,9:24:24 AM EST,28,0
Jan 29 2025,11:17:16 AM EST,46,0
Jan 29 2025,11:18:29 AM EST,23,0
Jan 29 2025,11:19:29 AM EST,25,0
Jan 29 2025,11:25:33 AM EST,145,0
Jan 29 2025,11:29:11 AM EST,41,0
Jan 29 2025,1:30:30 PM EST,23,0
Jan 29 2025,3:49:38 PM EST,140,1
Jan 29 2025,4:46:30 PM EST,140,1
Jan 29 2025,4:47:16 PM EST,25,0
Jan 29 2025,4:48:13 PM EST,35,0
Jan 29 2025,4:49:56 PM EST,32,0
Jan 29 2025,4:51:55 PM EST,26,0
Jan 29 2025,4:53:09 PM EST,139,1
Jan 29 2025,5:56:56 PM EST,23,0
Jan 29 2025,6:52:51 PM EST,28,0
Jan 29 2025,6:54:28 PM EST,100,0
Jan 29 2025,7:04:39 PM EST,140,1
Jan 29 2025,7:07:17 PM EST,140,1
Jan 29 2025,7:10:55 PM EST,215,0
Jan 29 2025,7:12:14 PM EST,39,0
Jan 29 2025,9:07:49 PM EST,75,0
Jan 29 2025,9:16:16 PM EST,98,0
Jan 29 2025,9:17:09 PM EST,23,0
Jan 30 2025,1:02:07 AM EST,139,1
Jan 30 2025,1:06:35 AM EST,139,1
Jan 30 2025,1:12:09 AM EST,140,1
Jan 30 2025,1:17:10 AM EST,43,1
Jan 30 2025,1:19:37 AM EST,140,1
Jan 30 2025,1:31:05 AM EST,23,0
Jan 30 2025,1:36:43 AM EST,138,1
Jan 30 2025,8:04:31 AM EST,140,1
Jan 30 2025,8:05:32 AM EST,140,1
Jan 30 2025,8:09:23 AM EST,119,1
Jan 30 2025,8:10:06 AM EST,139,1
Jan 30 2025,8:10:31 AM EST,25,0
Jan 30 2025,8:16:35 AM EST,140,1
Jan 30 2025,8:17:37 AM EST,140,1
Jan 30 2025,8:30:46 AM EST,132,1
Jan 30 2025,8:30:51 AM EST,51,1
Jan 30 2025,9:30:30 AM EST,139,1
Jan 30 2025,9:32:15 AM EST,140,1
Jan 30 2025,9:32:48 AM EST,35,0
Jan 30 2025,9:34:21 AM EST,28,0
Jan 30 2025,10:06:40 AM EST,140,1
Jan 30 2025,10:09:23 AM EST,25,0
Jan 30 2025,10:23:39 AM EST,25,0
Jan 30 2025,3:10:13 PM EST,26,0
Jan 30 2025,3:11:44 PM EST,140,1
Jan 30 2025,4:44:55 PM EST,53,0
Jan 30 2025,4:46:18 PM EST,118,1
Jan 30 2025,4:57:43 PM EST,40,0
Jan 30 2025,5:08:59 PM EST,29,0
Jan 30 2025,5:13:44 PM EST,255,0
Jan 30 2025,5:15:56 PM EST,23,0
Jan 30 2025,5:26:22 PM EST,140,1
Jan 30 2025,5:30:10 PM EST,137,1
Jan 30 2025,6:05:07 PM EST,43,1
Jan 30 2025,6:06:53 PM EST,27,0
Jan 30 2025,6:30:52 PM EST,65,0
Jan 30 2025,9:06:02 PM EST,28,0
Jan 30 2025,9:06:52 PM EST,139,1
Jan 30 2025,9:40:00 PM EST,28,0
Jan 30 2025,9:44:05 PM EST,46,0
Jan 30 2025,9:47:01 PM EST,25,0
Jan 30 2025,9:48:12 PM EST,74,0
Jan 30 2025,9:49:19 PM EST,41,0
Jan 30 2025,9:49:34 PM EST,140,1
Jan 30 2025,9:52:50 PM EST,23,0
Jan 30 2025,9:57:20 PM EST,143,1
Jan 30 2025,10:02:42 PM EST,23,0
Jan 30 2025,10:38:40 PM EST,33,0
Jan 30 2025,10:39:04 PM EST,140,1
Jan 30 2025,10:47:37 PM EST,30,0
Jan 30 2025,10:56:04 PM EST,91,0
Jan 30 2025,11:02:16 PM EST,255,0
Jan 30 2025,11:04:04 PM EST,36,0
Jan 30 2025,11:10:13 PM EST,140,1
Jan 30 2025,11:38:02 PM EST,25,0
Jan 30 2025,11:42:54 PM EST,140,1
Jan 30 2025,11:43:12 PM EST,28,0
Jan 30 2025,11:43:55 PM EST,28,0
Jan 30 2025,11:44:51 PM EST,34,0
Jan 30 2025,11:47:17 PM EST,143,0
Jan 30 2025,11:48:33 PM EST,94,1
Jan 30 2025,11:57:30 PM EST,48,0
Jan 30 2025,11:59:14 PM EST,26,0
Jan 31 2025,12:00:25 AM EST,49,0
Jan 31 2025,12:03:33 AM EST,23,0
Jan 31 2025,12:04:21 AM EST,140,1
Jan 31 2025,12:06:10 AM EST,139,1
Jan 31 2025,12:08:28 AM EST,66,0
Jan 31 2025,12:17:11 AM EST,25,0
Jan 31 2025,12:19:12 AM EST,84,1
Jan 31 2025,12:20:49 AM EST,120,1
Jan 31 2025,12:23:22 AM EST,23,0
Jan 31 2025,12:24:18 AM EST,28,0
Jan 31 2025,12:28:44 AM EST,140,1
Jan 31 2025,1:25:44 AM EST,140,1
Jan 31 2025,1:27:16 AM EST,242,0
Jan 31 2025,1:28:45 AM EST,109,0
Jan 31 2025,1:30:44 AM EST,27,0
Jan 31 2025,1:32:48 AM EST,139,1
Jan 31 2025,1:33:10 AM EST,140,1
Jan 31 2025,6:39:07 AM EST,140,1
Jan 31 2025,6:44:54 AM EST,255,0
Jan 31 2025,6:50:00 AM EST,140,1
Jan 31 2025,6:51:23 AM EST,136,1
Jan 31 2025,6:51:43 AM EST,28,0
Jan 31 2025,6:53:13 AM EST,140,1
Jan 31 2025,6:53:52 AM EST,140,1
Jan 31 2025,7:04:32 AM EST,26,0
Jan 31 2025,7:06:50 AM EST,35,0
Jan 31 2025,7:09:28 AM EST,140,1
Jan 31 2025,7:10:31 AM EST,140,1
Jan 31 2025,7:10:56 AM EST,140,1
Jan 31 2025,7:11:13 AM EST,126,1
Jan 31 2025,7:12:30 AM EST,127,1
Jan 31 2025,7:15:08 AM EST,38,0
Jan 31 2025,7:17:27 AM EST,33,0
Jan 31 2025,7:18:10 AM EST,34,0
Jan 31 2025,7:19:27 AM EST,37,0
Jan 31 2025,7:19:46 AM EST,77,1
Jan 31 2025,7:20:13 AM EST,140,1
Jan 31 2025,1:37:53 PM EST,38,0
Jan 31 2025,1:45:06 PM EST,23,0
Jan 31 2025,1:47:32 PM EST,50,0
Jan 31 2025,1:59:41 PM EST,23,0
Jan 31 2025,2:00:08 PM EST,31,0
Jan 31 2025,2:01:14 PM EST,25,0
Jan 31 2025,2:01:59 PM EST,25,0
Jan 31 2025,2:04:53 PM EST,28,0
Jan 31 2025,2:05:47 PM EST,55,0
Jan 31 2025,2:06:09 PM EST,61,1
Jan 31 2025,2:06:38 PM EST,140,1
Jan 31 2025,2:07:43 PM EST,138,0
Jan 31 2025,2:09:21 PM EST,94,1
Jan 31 2025,2:09:36 PM EST,140,1
Jan 31 2025,2:26:43 PM EST,67,1
Jan 31 2025,4:22:36 PM EST,102,1
Feb 1 2025,12:59:27 AM EST,39,0
Feb 1 2025,1:21:03 AM EST,140,1
Feb 1 2025,1:21:23 AM EST,140,1
Feb 1 2025,1:23:30 AM EST,111,0
Feb 1 2025,1:25:35 AM EST,31,0
Feb 1 2025,1:26:20 AM EST,45,0
Feb 1 2025,1:32:21 AM EST,89,0
Feb 1 2025,1:40:19 AM EST,55,0
Feb 1 2025,1:45:18 AM EST,25,0
Feb 1 2025,1:46:27 AM EST,25,0
Feb 1 2025,1:52:54 AM EST,255,0
Feb 1 2025,1:56:00 AM EST,25,0
Feb 1 2025,1:58:15 AM EST,38,1
Feb 1 2025,2:02:56 AM EST,31,0
Feb 1 2025,2:07:17 AM EST,101,0
Feb 1 2025,2:24:12 AM EST,28,0
Feb 1 2025,2:35:43 AM EST,140,1
Feb 1 2025,2:37:02 AM EST,31,0
Feb 1 2025,2:37:58 AM EST,140,1
Feb 1 2025,2:43:00 AM EST,55,0
Feb 1 2025,2:45:34 AM EST,27,0
Feb 1 2025,2:47:01 AM EST,139,1
Feb 1 2025,2:49:05 AM EST,115,1
Feb 1 2025,2:49:53 AM EST,35,0
Feb 1 2025,2:50:11 AM EST,139,1
Feb 1 2025,5:26:12 AM EST,90,0
Feb 1 2025,5:29:27 AM EST,140,1
Feb 1 2025,5:37:21 AM EST,46,0
Feb 1 2025,5:38:52 AM EST,56,0
Feb 1 2025,5:42:24 AM EST,40,0
Feb 1 2025,5:43:27 AM EST,27,0
Feb 1 2025,5:47:06 AM EST,28,0
Feb 1 2025,5:49:17 AM EST,104,0
Feb 1 2025,5:49:54 AM EST,31,0
Feb 1 2025,5:58:29 AM EST,140,1
Feb 1 2025,6:02:04 AM EST,25,0
Feb 1 2025,6:03:10 AM EST,139,1
Feb 1 2025,6:05:58 AM EST,29,0
Feb 1 2025,6:06:39 AM EST,140,1
Feb 1 2025,6:09:29 AM EST,26,0
Feb 1 2025,6:10:30 AM EST,140,1
Feb 1 2025,6:12:54 AM EST,42,0
Feb 1 2025,11:15:28 AM EST,28,0
Feb 1 2025,11:15:48 AM EST,140,1
Feb 1 2025,11:38:34 AM EST,140,1
Feb 1 2025,11:43:10 AM EST,140,1
Feb 1 2025,12:30:46 PM EST,156,0
Feb 1 2025,12:31:34 PM EST,52,0
Feb 1 2025,1:01:32 PM EST,140,1
Feb 1 2025,1:02:44 PM EST,124,0
Feb 1 2025,1:02:58 PM EST,140,1
Feb 1 2025,1:03:15 PM EST,140,1
Feb 1 2025,1:16:30 PM EST,50,0
Feb 1 2025,1:16:57 PM EST,140,1
Feb 1 2025,1:21:10 PM EST,79,0
Feb 1 2025,1:21:57 PM EST,51,0
Feb 1 2025,1:22:46 PM EST,74,0
Feb 1 2025,1:35:13 PM EST,28,0
Feb 1 2025,1:55:18 PM EST,34,0
Feb 1 2025,1:56:00 PM EST,25,0
Feb 1 2025,1:58:20 PM EST,38,0
Feb 1 2025,2:09:29 PM EST,46,1
Feb 1 2025,2:10:53 PM EST,94,1
Feb 1 2025,2:14:58 PM EST,253,0
Feb 1 2025,2:16:25 PM EST,28,0
Feb 1 2025,2:16:52 PM EST,139,1
Feb 1 2025,2:51:08 PM EST,92,0
Feb 1 2025,2:51:58 PM EST,102,0
Feb 1 2025,2:53:05 PM EST,23,0
Feb 1 2025,2:56:08 PM EST,140,1
Feb 1 2025,2:56:56 PM EST,55,0
Feb 1 2025,2:57:30 PM EST,26,0
Feb 1 2025,3:06:22 PM EST,69,0
Feb 1 2025,3:34:11 PM EST,120,0
Feb 1 2025,3:37:00 PM EST,182,0
Feb 1 2025,3:40:25 PM EST,34,0
Feb 1 2025,3:40:47 PM EST,34,0
Feb 1 2025,3:42:05 PM EST,25,0
Feb 1 2025,3:46:16 PM EST,139,1
Feb 1 2025,3:46:37 PM EST,57,0
Feb 1 2025,3:53:02 PM EST,38,1
Feb 1 2025,3:53:16 PM EST,140,1
Feb 1 2025,3:53:32 PM EST,23,0
Feb 1 2025,4:09:29 PM EST,71,1
Feb 1 2025,4:10:13 PM EST,122,1
Feb 1 2025,4:37:39 PM EST,108,0
Feb 1 2025,4:38:37 PM EST,68,1
Feb 1 2025,6:36:14 PM EST,140,1
Feb 1 2025,7:12:02 PM EST,57,0
Feb 1 2025,7:12:37 PM EST,43,1
Feb 1 2025,7:14:38 PM EST,44,1
Feb 2 2025,2:59:50 AM EST,36,0
Feb 2 2025,3:06:16 AM EST,139,1
Feb 2 2025,3:07:14 AM EST,140,1
Feb 2 2025,3:08:25 AM EST,140,1
Feb 2 2025,3:10:00 AM EST,140,1
Feb 2 2025,3:11:19 AM EST,37,0
Feb 2 2025,3:11:53 AM EST,75,1
Feb 2 2025,3:14:22 AM EST,86,0
Feb 2 2025,3:16:48 AM EST,39,0
Feb 2 2025,3:21:45 AM EST,157,0
Feb 2 2025,3:24:14 AM EST,139,1
Feb 2 2025,3:24:52 AM EST,140,1
Feb 2 2025,3:26:10 AM EST,25,0
Feb 2 2025,3:26:44 AM EST,44,1
Feb 2 2025,3:27:00 AM EST,137,1
Feb 2 2025,3:27:23 AM EST,23,0
Feb 2 2025,3:27:37 AM EST,140,1
Feb 2 2025,3:28:59 AM EST,28,0
Feb 2 2025,3:30:32 AM EST,138,1
Feb 2 2025,3:31:17 AM EST,140,1
Feb 2 2025,3:35:28 AM EST,140,1
Feb 2 2025,3:37:24 AM EST,140,1
Feb 2 2025,3:40:23 AM EST,25,0
Feb 2 2025,3:41:00 AM EST,34,0
Feb 2 2025,3:41:20 AM EST,69,1
Feb 2 2025,3:41:45 AM EST,139,1
Feb 2 2025,3:43:52 AM EST,25,0
Feb 2 2025,3:44:02 AM EST,140,1
Feb 2 2025,4:18:14 AM EST,140,1
Feb 2 2025,4:29:44 AM EST,133,1
Feb 2 2025,4:30:29 AM EST,140,1
Feb 2 2025,9:10:56 AM EST,51,0
Feb 2 2025,11:03:59 AM EST,59,0
Feb 2 2025,11:06:25 AM EST,34,0
Feb 2 2025,11:09:29 AM EST,150,0
Feb 2 2025,11:27:42 AM EST,115,0
Feb 2 2025,11:29:49 AM EST,130,0
Feb 2 2025,11:36:33 AM EST,124,0
Feb 2 2025,11:40:41 AM EST,103,0
Feb 2 2025,11:45:23 AM EST,25,0
Feb 2 2025,11:46:21 AM EST,37,0
Feb 2 2025,11:48:59 AM EST,58,0
Feb 2 2025,11:50:01 AM EST,96,0
Feb 2 2025,12:04:28 PM EST,90,0
Feb 2 2025,12:06:58 PM EST,37,0
Feb 2 2025,12:08:00 PM EST,117,0
Feb 2 2025,12:13:34 PM EST,70,0
Feb 2 2025,12:14:43 PM EST,118,0
Feb 2 2025,12:16:21 PM EST,150,0
Feb 2 2025,12:17:11 PM EST,28,0
Feb 2 2025,12:18:55 PM EST,44,0
Feb 2 2025,12:20:32 PM EST,79,0
Feb 2 2025,12:21:08 PM EST,139,1
Feb 2 2025,12:22:14 PM EST,52,0
Feb 2 2025,12:28:41 PM EST,140,1
Feb 2 2025,12:50:52 PM EST,57,0
Feb 2 2025,12:54:27 PM EST,56,0
Feb 2 2025,12:55:50 PM EST,60,0
Feb 2 2025,12:58:27 PM EST,48,0
Feb 2 2025,1:01:04 PM EST,39,0
Feb 2 2025,1:02:22 PM EST,36,0
Feb 2 2025,2:04:02 PM EST,183,0
Feb 2 2025,2:06:12 PM EST,151,0
Feb 2 2025,2:07:21 PM EST,112,0
Feb 2 2025,2:21:24 PM EST,26,0
Feb 2 2025,2:21:44 PM EST,140,1
Feb 2 2025,2:27:58 PM EST,217,0
Feb 2 2025,2:32:28 PM EST,11,0
Feb 2 2025,2:33:01 PM EST,37,0
Feb 2 2025,2:42:11 PM EST,29,0
Feb 2 2025,2:44:52 PM EST,37,0
Feb 2 2025,3:04:10 PM EST,42,0
Feb 2 2025,3:05:00 PM EST,93,0
Feb 2 2025,4:25:18 PM EST,31,0
Feb 2 2025,4:42:32 PM EST,39,0
Feb 2 2025,4:42:33 PM EST,27,0
Feb 2 2025,10:44:32 PM EST,82,0
Feb 2 2025,10:48:53 PM EST,35,0
Feb 2 2025,10:49:20 PM EST,31,0
Feb 2 2025,10:59:26 PM EST,45,0
Feb 2 2025,11:01:26 PM EST,67,0
Feb 2 2025,11:01:45 PM EST,134,1
Feb 2 2025,11:04:22 PM EST,115,0
Feb 2 2025,11:04:43 PM EST,37,0
Feb 2 2025,11:06:56 PM EST,30,0
Feb 2 2025,11:08:07 PM EST,62,0
Feb 2 2025,11:26:59 PM EST,47,0
Feb 2 2025,11:31:48 PM EST,68,1
Feb 2 2025,11:32:38 PM EST,60,1
Feb 2 2025,11:35:04 PM EST,25,0
Feb 2 2025,11:37:35 PM EST,45,0
Feb 2 2025,11:40:02 PM EST,109,0
Feb 2 2025,11:58:30 PM EST,23,0
Feb 3 2025,12:14:03 AM EST,25,0
Feb 3 2025,12:28:17 AM EST,34,0
Feb 3 2025,12:45:14 AM EST,137,1
Feb 3 2025,12:48:14 AM EST,129,1
Feb 3 2025,12:48:43 AM EST,139,1
Feb 3 2025,12:49:52 AM EST,56,0
Feb 3 2025,12:51:16 AM EST,25,0
Feb 3 2025,1:02:54 AM EST,140,1
Feb 3 2025,1:05:27 AM EST,30,0
Feb 3 2025,1:12:47 AM EST,33,0
Feb 3 2025,1:17:41 AM EST,39,0
Feb 3 2025,1:27:03 AM EST,27,0
Feb 3 2025,1:28:27 AM EST,77,0
Feb 3 2025,1:30:53 AM EST,139,1
Feb 3 2025,1:33:23 AM EST,27,0
Feb 3 2025,1:33:42 AM EST,140,1
Feb 3 2025,1:34:30 AM EST,25,0
Feb 3 2025,1:36:26 AM EST,44,0
Feb 3 2025,1:37:50 AM EST,63,0
Feb 3 2025,1:39:53 AM EST,53,0
Feb 3 2025,1:41:36 AM EST,41,0
Feb 3 2025,1:42:40 AM EST,32,0
Feb 3 2025,1:43:24 AM EST,140,1
Feb 3 2025,1:44:04 AM EST,25,0
Feb 3 2025,1:45:30 AM EST,95,0
Feb 3 2025,1:48:14 AM EST,35,0
Feb 3 2025,1:49:02 AM EST,140,1
Feb 3 2025,1:52:19 AM EST,139,1
Feb 3 2025,1:54:44 AM EST,136,0
Feb 3 2025,1:57:31 AM EST,66,1
Feb 3 2025,2:04:17 AM EST,140,1
Feb 3 2025,2:04:58 AM EST,136,1
Feb 3 2025,2:10:34 AM EST,73,0
Feb 3 2025,2:11:35 AM EST,89,0
Feb 3 2025,2:12:20 AM EST,28,0
Feb 3 2025,2:17:37 AM EST,140,1
Feb 3 2025,2:19:08 AM EST,139,1
Feb 3 2025,2:28:03 AM EST,140,1
Feb 3 2025,2:28:58 AM EST,58,0
Feb 3 2025,2:30:47 AM EST,28,0
Feb 3 2025,2:32:05 AM EST,93,0
Feb 3 2025,2:34:40 AM EST,56,0
Feb 3 2025,2:35:24 AM EST,140,1
Feb 3 2025,2:36:33 AM EST,36,0
Feb 3 2025,2:50:58 AM EST,140,1
Feb 3 2025,2:51:37 AM EST,88,0
Feb 3 2025,2:52:20 AM EST,69,0
Feb 3 2025,2:54:36 AM EST,25,0
Feb 3 2025,2:56:49 AM EST,47,0
Feb 3 2025,2:59:21 AM EST,141,0
Feb 3 2025,3:00:13 AM EST,140,1
Feb 3 2025,3:01:58 AM EST,28,0
Feb 3 2025,3:03:38 AM EST,140,1
Feb 3 2025,3:06:11 AM EST,117,1
Feb 3 2025,3:06:45 AM EST,140,1
Feb 3 2025,3:08:10 AM EST,131,1
Feb 3 2025,3:08:42 AM EST,62,0
Feb 3 2025,10:05:31 AM EST,40,0
Feb 3 2025,11:00:27 AM EST,31,0
Feb 3 2025,11:02:21 AM EST,48,0
Feb 3 2025,11:14:24 AM EST,155,0
Feb 3 2025,11:17:53 AM EST,139,1
Feb 3 2025,11:19:21 AM EST,27,0
Feb 3 2025,11:21:39 AM EST,76,0
Feb 3 2025,11:29:28 AM EST,25,0
Feb 3 2025,11:30:27 AM EST,38,0
Feb 3 2025,11:32:50 AM EST,23,0
Feb 3 2025,11:37:41 AM EST,99,0
Feb 3 2025,11:38:15 AM EST,44,1
Feb 3 2025,11:43:11 AM EST,255,0
Feb 3 2025,11:48:00 AM EST,139,1
Feb 3 2025,11:49:47 AM EST,62,0
Feb 3 2025,11:51:38 AM EST,52,0
Feb 3 2025,11:52:14 AM EST,44,1
Feb 3 2025,11:52:42 AM EST,27,0
Feb 3 2025,11:55:33 AM EST,112,0
Feb 3 2025,12:42:01 PM EST,47,0
Feb 3 2025,12:42:19 PM EST,27,0
Feb 3 2025,12:45:01 PM EST,31,0
Feb 3 2025,12:46:20 PM EST,23,0
Feb 3 2025,12:48:06 PM EST,93,0
Feb 3 2025,1:30:04 PM EST,28,0
Feb 3 2025,2:11:26 PM EST,190,0
Feb 3 2025,2:16:21 PM EST,50,1
Feb 3 2025,2:16:21 PM EST,143,1
Feb 3 2025,2:17:29 PM EST,140,1
Feb 3 2025,2:29:22 PM EST,25,0
Feb 3 2025,2:29:46 PM EST,46,1
Feb 3 2025,2:30:03 PM EST,31,0
Feb 3 2025,2:30:09 PM EST,112,1
Feb 3 2025,2:30:26 PM EST,98,1
Feb 3 2025,2:30:50 PM EST,27,0
Feb 3 2025,2:31:44 PM EST,66,0
Feb 3 2025,2:33:12 PM EST,63,0
Feb 3 2025,2:33:31 PM EST,27,0
Feb 3 2025,2:33:42 PM EST,27,0
Feb 3 2025,2:34:01 PM EST,139,1
Feb 3 2025,2:34:58 PM EST,31,0
Feb 3 2025,2:35:26 PM EST,51,0
Feb 3 2025,2:36:10 PM EST,52,0
Feb 3 2025,2:45:02 PM EST,49,0
Feb 3 2025,4:53:05 PM EST,31,0
Feb 3 2025,4:56:14 PM EST,23,0
Feb 3 2025,4:57:07 PM EST,140,1
Feb 3 2025,5:44:51 PM EST,48,1
Feb 3 2025,5:44:56 PM EST,118,1
Feb 3 2025,5:50:19 PM EST,139,1
Feb 3 2025,6:05:34 PM EST,140,1
Feb 3 2025,6:06:15 PM EST,28,0
Feb 3 2025,6:07:55 PM EST,44,1
Feb 3 2025,10:37:00 PM EST,27,0
Feb 3 2025,10:42:35 PM EST,173,0
Feb 3 2025,10:46:14 PM EST,36,0
Feb 3 2025,10:49:42 PM EST,29,0
Feb 3 2025,10:50:56 PM EST,25,0
Feb 3 2025,10:53:09 PM EST,23,0
Feb 3 2025,10:53:59 PM EST,41,0
Feb 3 2025,10:56:09 PM EST,25,0
Feb 3 2025,10:59:37 PM EST,40,0
Feb 3 2025,11:08:10 PM EST,187,0
Feb 3 2025,11:09:36 PM EST,50,0
Feb 3 2025,11:15:50 PM EST,67,0
Feb 3 2025,11:17:40 PM EST,54,0
Feb 3 2025,11:30:40 PM EST,240,0
Feb 3 2025,11:45:37 PM EST,23,0
Feb 3 2025,11:47:05 PM EST,45,0
Feb 3 2025,11:49:06 PM EST,57,0
Feb 4 2025,12:08:15 AM EST,27,0
Feb 4 2025,12:09:16 AM EST,139,1
Feb 4 2025,12:09:20 AM EST,140,1
Feb 4 2025,12:20:43 AM EST,235,0
Feb 4 2025,12:22:21 AM EST,28,0
Feb 4 2025,12:22:51 AM EST,140,1
Feb 4 2025,12:24:38 AM EST,140,1
Feb 4 2025,12:25:06 AM EST,23,0
Feb 4 2025,12:40:40 AM EST,140,1
Feb 4 2025,12:50:23 AM EST,35,0
Feb 4 2025,2:01:04 AM EST,35,0
Feb 4 2025,2:15:40 AM EST,65,1
Feb 4 2025,2:16:15 AM EST,139,1
Feb 4 2025,2:17:43 AM EST,140,1
Feb 4 2025,2:18:05 AM EST,27,0
Feb 4 2025,2:21:28 AM EST,55,0
Feb 4 2025,2:23:19 AM EST,93,0
Feb 4 2025,2:29:29 AM EST,25,0
Feb 4 2025,2:32:33 AM EST,140,1
Feb 4 2025,2:34:55 AM EST,27,0
Feb 4 2025,2:35:19 AM EST,140,1
Feb 4 2025,2:35:49 AM EST,28,0
Feb 4 2025,2:36:15 AM EST,138,1
Feb 4 2025,2:39:16 AM EST,47,0
Feb 4 2025,2:43:37 AM EST,65,0
Feb 4 2025,2:46:06 AM EST,104,0
Feb 4 2025,3:02:32 AM EST,33,0
Feb 4 2025,3:03:01 AM EST,140,1
Feb 4 2025,3:35:08 AM EST,140,1
Feb 4 2025,3:36:27 AM EST,27,0
Feb 4 2025,3:44:32 AM EST,32,0
Feb 4 2025,3:51:04 AM EST,140,1
Feb 4 2025,3:53:11 AM EST,140,1
Feb 4 2025,3:53:34 AM EST,140,1
Feb 4 2025,3:59:52 AM EST,255,0
Feb 4 2025,4:00:35 AM EST,140,1
Feb 4 2025,4:01:14 AM EST,46,0
Feb 4 2025,4:03:24 AM EST,69,0
Feb 4 2025,4:04:11 AM EST,100,1
Feb 4 2025,4:04:33 AM EST,140,1
Feb 4 2025,4:07:28 AM EST,140,1
Feb 4 2025,4:08:00 AM EST,140,1
Feb 4 2025,11:14:05 AM EST,51,0
Feb 4 2025,11:16:48 AM EST,23,0
Feb 4 2025,11:19:03 AM EST,133,0
Feb 4 2025,11:20:23 AM EST,140,1
Feb 4 2025,11:23:12 AM EST,59,0
Feb 4 2025,11:23:53 AM EST,140,1
Feb 4 2025,11:26:41 AM EST,137,0
Feb 4 2025,11:28:09 AM EST,58,0
Feb 4 2025,11:29:04 AM EST,139,1
Feb 4 2025,11:31:45 AM EST,118,1
Feb 4 2025,11:35:44 AM EST,255,0
Feb 4 2025,11:39:02 AM EST,144,0
Feb 4 2025,11:42:29 AM EST,31,0
Feb 4 2025,11:47:37 AM EST,187,0
Feb 4 2025,11:48:39 AM EST,67,0
Feb 4 2025,11:49:46 AM EST,23,0
Feb 4 2025,11:51:49 AM EST,46,0
Feb 4 2025,11:53:26 AM EST,51,0
Feb 4 2025,11:56:40 AM EST,110,0
Feb 4 2025,11:57:01 AM EST,34,0
Feb 4 2025,11:57:40 AM EST,36,0
Feb 4 2025,11:58:35 AM EST,48,1
Feb 4 2025,12:00:26 PM EST,25,0
Feb 4 2025,12:04:21 PM EST,192,0
Feb 4 2025,12:05:54 PM EST,23,0
Feb 4 2025,12:20:31 PM EST,69,0
Feb 4 2025,12:21:01 PM EST,27,0
Feb 4 2025,12:22:13 PM EST,151,0
Feb 4 2025,1:07:38 PM EST,27,0
Feb 4 2025,1:12:53 PM EST,255,0
Feb 4 2025,1:14:49 PM EST,140,1
Feb 4 2025,1:16:30 PM EST,29,0
Feb 4 2025,1:17:12 PM EST,53,0
Feb 4 2025,1:18:04 PM EST,140,1
Feb 4 2025,1:23:00 PM EST,242,0
Feb 4 2025,1:24:48 PM EST,23,0
Feb 4 2025,1:26:48 PM EST,140,1
Feb 4 2025,1:27:00 PM EST,28,1
Feb 4 2025,1:36:36 PM EST,140,1
Feb 4 2025,1:39:37 PM EST,38,0
Feb 4 2025,1:39:56 PM EST,25,0
Feb 4 2025,2:09:03 PM EST,25,0
Feb 4 2025,2:12:29 PM EST,72,0
Feb 4 2025,2:53:22 PM EST,33,0
Feb 4 2025,3:02:23 PM EST,37,0
Feb 4 2025,3:03:34 PM EST,69,0
Feb 4 2025,3:05:29 PM EST,153,0
Feb 4 2025,3:08:34 PM EST,140,0
Feb 4 2025,3:12:32 PM EST,131,0
Feb 4 2025,3:13:10 PM EST,34,0
Feb 4 2025,3:16:58 PM EST,65,0
Feb 4 2025,3:18:48 PM EST,32,0
Feb 4 2025,3:20:28 PM EST,25,0
Feb 4 2025,3:42:12 PM EST,33,0
Feb 4 2025,5:28:37 PM EST,133,0
Feb 4 2025,6:06:03 PM EST,23,0
Feb 4 2025,6:32:53 PM EST,35,0
Feb 4 2025,6:34:32 PM EST,76,0
Feb 4 2025,6:35:01 PM EST,35,0
Feb 4 2025,6:35:36 PM EST,28,0
Feb 4 2025,6:39:42 PM EST,23,0
Feb 4 2025,6:41:02 PM EST,26,0
Feb 4 2025,7:31:45 PM EST,25,0
Feb 4 2025,7:35:46 PM EST,32,0
Feb 4 2025,7:39:14 PM EST,139,0
Feb 4 2025,7:51:39 PM EST,139,1
Feb 4 2025,8:03:03 PM EST,161,0
Feb 4 2025,8:04:27 PM EST,133,1
Feb 4 2025,10:04:13 PM EST,25,0
Feb 4 2025,10:05:01 PM EST,26,0
Feb 4 2025,10:57:41 PM EST,140,1
Feb 4 2025,10:59:01 PM EST,140,1
Feb 4 2025,10:59:29 PM EST,26,0
Feb 4 2025,11:00:24 PM EST,25,0
Feb 4 2025,11:05:20 PM EST,136,1
Feb 5 2025,12:13:04 AM EST,140,1
Feb 5 2025,12:28:23 AM EST,64,0
Feb 5 2025,12:48:29 AM EST,34,0
Feb 5 2025,1:19:29 AM EST,52,1
Feb 5 2025,1:19:34 AM EST,140,1
Feb 5 2025,1:58:38 AM EST,23,0
Feb 5 2025,2:12:01 AM EST,23,0
Feb 5 2025,2:12:16 AM EST,119,1
Feb 5 2025,2:14:19 AM EST,23,0
Feb 5 2025,2:15:15 AM EST,50,0
Feb 5 2025,2:19:24 AM EST,25,0
Feb 5 2025,2:20:41 AM EST,140,1
Feb 5 2025,2:24:15 AM EST,26,0
Feb 5 2025,9:16:53 AM EST,28,0
Feb 5 2025,9:17:22 AM EST,140,1
Feb 5 2025,9:31:04 AM EST,31,0
Feb 5 2025,9:32:25 AM EST,35,0
Feb 5 2025,9:34:21 AM EST,140,1
Feb 5 2025,9:36:40 AM EST,140,1
Feb 5 2025,9:37:34 AM EST,27,0
Feb 5 2025,9:38:56 AM EST,77,0
Feb 5 2025,9:39:52 AM EST,25,0
Feb 5 2025,10:10:30 AM EST,225,0
Feb 5 2025,10:11:07 AM EST,51,0
Feb 5 2025,10:13:21 AM EST,140,1
Feb 5 2025,10:14:50 AM EST,25,0
Feb 5 2025,10:19:24 AM EST,140,1
Feb 5 2025,10:26:10 AM EST,253,0
Feb 5 2025,10:27:01 AM EST,27,0
Feb 5 2025,10:28:39 AM EST,54,0
Feb 5 2025,10:29:34 AM EST,35,1
Feb 5 2025,10:38:42 AM EST,42,0
Feb 5 2025,10:41:38 AM EST,95,0
Feb 5 2025,10:41:57 AM EST,31,0
Feb 5 2025,10:52:40 AM EST,140,1
Feb 5 2025,10:55:32 AM EST,36,0
Feb 5 2025,10:57:10 AM EST,139,1
Feb 5 2025,11:12:03 AM EST,60,0
Feb 5 2025,11:14:24 AM EST,108,0
Feb 5 2025,11:15:24 AM EST,35,0
Feb 5 2025,11:18:50 AM EST,23,0
Feb 5 2025,11:33:19 AM EST,184,0
Feb 5 2025,11:41:09 AM EST,26,0
Feb 5 2025,11:42:10 AM EST,51,0
Feb 5 2025,11:42:33 AM EST,51,1
Feb 5 2025,11:43:05 AM EST,25,0
Feb 5 2025,11:59:21 AM EST,37,0
Feb 5 2025,12:00:32 PM EST,30,0
Feb 5 2025,12:01:57 PM EST,76,0
Feb 5 2025,12:03:51 PM EST,25,0
Feb 5 2025,12:05:08 PM EST,27,0
Feb 5 2025,12:06:09 PM EST,53,0
Feb 5 2025,12:09:00 PM EST,89,0
Feb 5 2025,12:09:38 PM EST,28,0
Feb 5 2025,12:10:14 PM EST,23,0
Feb 5 2025,12:49:40 PM EST,25,0
Feb 5 2025,12:50:44 PM EST,32,0
Feb 5 2025,12:51:47 PM EST,140,1
Feb 5 2025,12:52:33 PM EST,54,0
Feb 5 2025,1:18:24 PM EST,137,1
Feb 5 2025,1:18:34 PM EST,25,0
Feb 5 2025,1:27:49 PM EST,140,1
Feb 5 2025,1:28:20 PM EST,27,0
Feb 5 2025,1:32:28 PM EST,140,1
Feb 5 2025,1:41:57 PM EST,140,1
Feb 5 2025,2:03:47 PM EST,23,0
Feb 5 2025,2:04:40 PM EST,31,0
Feb 5 2025,2:05:13 PM EST,25,0
Feb 5 2025,2:14:06 PM EST,140,1
Feb 5 2025,2:14:13 PM EST,140,1
Feb 5 2025,2:15:15 PM EST,36,0
Feb 5 2025,2:54:11 PM EST,137,1
Feb 5 2025,2:54:36 PM EST,27,0
Feb 5 2025,2:55:42 PM EST,35,0
Feb 5 2025,3:02:37 PM EST,65,0
Feb 5 2025,3:08:15 PM EST,140,1
Feb 5 2025,3:15:19 PM EST,255,0
Feb 5 2025,3:43:02 PM EST,38,1
Feb 5 2025,4:49:06 PM EST,140,1
Feb 5 2025,4:52:18 PM EST,27,0
Feb 5 2025,4:54:13 PM EST,47,0
Feb 5 2025,5:12:48 PM EST,25,0
Feb 5 2025,5:14:42 PM EST,140,1
Feb 5 2025,5:15:23 PM EST,35,0
Feb 5 2025,6:11:04 PM EST,28,0
Feb 5 2025,6:14:33 PM EST,140,1
Feb 5 2025,7:29:48 PM EST,139,1
Feb 5 2025,7:44:46 PM EST,140,1
Feb 5 2025,9:09:38 PM EST,44,0
Feb 5 2025,10:24:57 PM EST,140,1
Feb 5 2025,10:41:34 PM EST,140,1
Feb 5 2025,11:57:16 PM EST,34,0
Feb 6 2025,1:06:10 AM EST,44,0
Feb 6 2025,1:06:39 AM EST,62,0
Feb 6 2025,1:12:45 AM EST,140,1
Feb 6 2025,1:13:04 AM EST,31,0
Feb 6 2025,1:15:03 AM EST,26,0
Feb 6 2025,1:17:00 AM EST,85,1
Feb 6 2025,1:17:26 AM EST,69,1
Feb 6 2025,1:17:38 AM EST,140,1
Feb 6 2025,1:17:48 AM EST,140,1
Feb 6 2025,1:26:04 AM EST,84,1
Feb 6 2025,1:29:51 AM EST,27,0
Feb 6 2025,1:37:12 AM EST,140,1
Feb 6 2025,8:48:00 AM EST,140,1
Feb 6 2025,8:52:14 AM EST,25,0
Feb 6 2025,9:05:17 AM EST,117,0
Feb 6 2025,9:22:36 AM EST,23,0
Feb 6 2025,9:23:50 AM EST,25,0
Feb 6 2025,9:25:21 AM EST,87,1
Feb 6 2025,11:06:53 AM EST,139,1
Feb 6 2025,11:07:55 AM EST,140,1
Feb 6 2025,11:10:00 AM EST,93,0
Feb 6 2025,11:13:46 AM EST,145,0
Feb 6 2025,11:14:12 AM EST,139,1
Feb 6 2025,11:14:28 AM EST,29,0
Feb 6 2025,11:15:30 AM EST,119,0
Feb 6 2025,11:23:20 AM EST,168,0
Feb 6 2025,11:24:28 AM EST,70,1
Feb 6 2025,11:26:20 AM EST,31,0
Feb 6 2025,11:27:26 AM EST,144,1
Feb 6 2025,11:30:13 AM EST,32,0
Feb 6 2025,11:31:30 AM EST,78,0
Feb 6 2025,11:38:01 AM EST,27,0
Feb 6 2025,11:38:27 AM EST,31,0
Feb 6 2025,11:39:27 AM EST,140,1
Feb 6 2025,11:39:36 AM EST,137,1
Feb 6 2025,11:42:26 AM EST,140,1
Feb 6 2025,12:16:09 PM EST,56,0
Feb 6 2025,12:28:13 PM EST,140,1
Feb 6 2025,2:01:32 PM EST,27,0
Feb 6 2025,2:01:50 PM EST,26,0
Feb 6 2025,2:11:48 PM EST,28,0
Feb 6 2025,2:13:21 PM EST,61,0
Feb 6 2025,3:55:17 PM EST,42,0
Feb 6 2025,4:12:43 PM EST,27,0
Feb 6 2025,4:13:45 PM EST,27,0
Feb 6 2025,4:14:13 PM EST,28,0
Feb 6 2025,4:14:39 PM EST,137,1
Feb 6 2025,4:15:02 PM EST,23,0
Feb 6 2025,6:29:39 PM EST,23,0
Feb 6 2025,7:39:23 PM EST,23,0
Feb 6 2025,8:17:19 PM EST,51,0
Feb 6 2025,8:17:48 PM EST,37,0
Feb 6 2025,8:19:47 PM EST,23,0
Feb 6 2025,8:24:44 PM EST,146,0
Feb 6 2025,8:28:35 PM EST,30,0
Feb 6 2025,8:28:58 PM EST,140,1
Feb 6 2025,9:21:15 PM EST,140,1
Feb 6 2025,9:29:24 PM EST,43,0
Feb 6 2025,9:48:01 PM EST,69,0
Feb 6 2025,9:52:26 PM EST,25,0
Feb 6 2025,9:59:27 PM EST,23,0
Feb 6 2025,10:07:56 PM EST,74,1
Feb 6 2025,10:09:31 PM EST,66,0
Feb 6 2025,10:11:35 PM EST,60,0
Feb 6 2025,10:14:12 PM EST,140,1
Feb 6 2025,10:16:40 PM EST,78,0
Feb 6 2025,10:17:01 PM EST,34,0
Feb 6 2025,10:19:08 PM EST,136,1
Feb 6 2025,10:20:59 PM EST,43,0
Feb 6 2025,10:21:31 PM EST,57,0
Feb 6 2025,10:27:10 PM EST,140,1
Feb 6 2025,10:27:35 PM EST,27,0
Feb 6 2025,10:31:16 PM EST,44,1
Feb 6 2025,10:48:30 PM EST,25,0
Feb 6 2025,10:49:16 PM EST,47,0
Feb 6 2025,10:51:17 PM EST,115,0
Feb 6 2025,10:52:21 PM EST,23,0
Feb 6 2025,10:52:32 PM EST,140,1
Feb 6 2025,10:59:25 PM EST,139,1
Feb 6 2025,11:31:37 PM EST,139,1
Feb 6 2025,11:41:02 PM EST,255,0
Feb 6 2025,11:42:33 PM EST,30,0
Feb 6 2025,11:44:14 PM EST,23,0
Feb 6 2025,11:44:36 PM EST,140,1
Feb 6 2025,11:48:25 PM EST,112,1
Feb 6 2025,11:55:26 PM EST,23,0
Feb 7 2025,12:02:28 AM EST,23,0
Feb 7 2025,12:04:37 AM EST,139,1
Feb 7 2025,12:15:23 AM EST,139,1
Feb 7 2025,7:38:06 AM EST,137,1
Feb 7 2025,7:56:51 AM EST,139,1
Feb 7 2025,7:57:24 AM EST,68,1
Feb 7 2025,8:07:29 AM EST,71,0
Feb 7 2025,8:10:03 AM EST,126,1
Feb 7 2025,8:25:32 AM EST,137,1
Feb 7 2025,8:26:42 AM EST,133,0
Feb 7 2025,8:28:15 AM EST,139,1
Feb 7 2025,8:33:24 AM EST,36,0
Feb 7 2025,8:41:42 AM EST,48,0
Feb 7 2025,8:45:25 AM EST,27,0
Feb 7 2025,8:46:09 AM EST,103,1
Feb 7 2025,8:46:47 AM EST,140,1
Feb 7 2025,8:48:09 AM EST,34,0
Feb 7 2025,8:52:01 AM EST,40,0
Feb 7 2025,8:52:44 AM EST,140,1
Feb 7 2025,8:53:33 AM EST,58,1
Feb 7 2025,8:53:59 AM EST,140,1
Feb 7 2025,8:57:22 AM EST,28,0
Feb 7 2025,8:57:45 AM EST,64,1
Feb 7 2025,8:58:22 AM EST,27,0
Feb 7 2025,9:03:17 AM EST,23,0
Feb 7 2025,9:04:27 AM EST,139,1
Feb 7 2025,9:05:24 AM EST,26,0
Feb 7 2025,9:05:54 AM EST,139,1
Feb 7 2025,9:06:19 AM EST,140,1
Feb 7 2025,9:06:32 AM EST,139,1
Feb 7 2025,9:09:08 AM EST,28,0
Feb 7 2025,9:09:53 AM EST,67,0
Feb 7 2025,9:11:24 AM EST,23,0
Feb 7 2025,9:11:41 AM EST,140,1
Feb 7 2025,9:14:56 AM EST,87,0
Feb 7 2025,9:16:40 AM EST,42,0
Feb 7 2025,9:27:36 AM EST,23,0
Feb 7 2025,9:28:33 AM EST,27,0
Feb 7 2025,9:29:48 AM EST,23,0
Feb 7 2025,9:32:46 AM EST,27,0
Feb 7 2025,9:33:06 AM EST,140,1
Feb 7 2025,9:34:58 AM EST,26,0
Feb 7 2025,10:16:21 AM EST,35,0
Feb 7 2025,10:25:03 AM EST,78,0
Feb 7 2025,10:26:52 AM EST,43,0
Feb 7 2025,10:29:21 AM EST,48,0
Feb 7 2025,10:30:21 AM EST,48,0
Feb 7 2025,10:39:56 AM EST,70,0
Feb 7 2025,3:13:06 PM EST,89,0
Feb 7 2025,3:13:30 PM EST,25,0
Feb 7 2025,3:42:45 PM EST,25,0
Feb 7 2025,3:43:49 PM EST,140,1
Feb 7 2025,3:47:16 PM EST,35,0
Feb 7 2025,3:48:55 PM EST,58,0
Feb 7 2025,4:08:22 PM EST,25,0
Feb 7 2025,4:10:56 PM EST,61,0
Feb 7 2025,4:34:41 PM EST,23,0
Feb 7 2025,4:38:04 PM EST,36,1
Feb 7 2025,4:39:27 PM EST,49,0
Feb 7 2025,4:41:09 PM EST,10,0
Feb 7 2025,4:41:27 PM EST,140,1
Feb 7 2025,4:42:02 PM EST,23,0
Feb 7 2025,4:42:39 PM EST,72,1
Feb 7 2025,4:45:10 PM EST,88,1
Feb 7 2025,4:46:10 PM EST,11,0
Feb 7 2025,4:55:03 PM EST,25,0
Feb 7 2025,4:55:27 PM EST,140,1
Feb 7 2025,4:55:46 PM EST,140,1
Feb 7 2025,4:56:37 PM EST,137,1
Feb 7 2025,5:00:03 PM EST,86,1
Feb 7 2025,5:05:32 PM EST,28,0
Feb 7 2025,5:09:33 PM EST,139,1
Feb 7 2025,5:12:02 PM EST,25,0
Feb 7 2025,5:16:45 PM EST,140,1
Feb 7 2025,5:18:18 PM EST,25,0
Feb 7 2025,5:18:35 PM EST,140,1
Feb 7 2025,5:18:55 PM EST,38,0
Feb 7 2025,5:20:43 PM EST,137,1
Feb 7 2025,5:21:32 PM EST,26,0
Feb 7 2025,5:22:02 PM EST,41,0
Feb 7 2025,5:27:16 PM EST,23,0
Feb 7 2025,6:08:45 PM EST,140,1
Feb 7 2025,6:09:57 PM EST,140,1
Feb 7 2025,6:10:48 PM EST,23,0
Feb 7 2025,6:26:27 PM EST,27,0
Feb 7 2025,7:24:14 PM EST,92,1
Feb 7 2025,7:26:51 PM EST,31,0
Feb 7 2025,7:29:02 PM EST,173,0
Feb 7 2025,7:33:07 PM EST,56,0
Feb 7 2025,7:34:17 PM EST,66,0
Feb 7 2025,7:48:35 PM EST,140,1
Feb 7 2025,8:22:42 PM EST,28,0
Feb 7 2025,8:24:28 PM EST,23,0
Feb 7 2025,8:24:56 PM EST,138,1
Feb 7 2025,8:25:43 PM EST,23,0
Feb 7 2025,8:26:29 PM EST,47,0
Feb 7 2025,8:28:31 PM EST,163,0
Feb 7 2025,8:36:51 PM EST,34,0
Feb 7 2025,8:58:02 PM EST,140,1
Feb 7 2025,9:12:41 PM EST,58,0
Feb 7 2025,11:13:34 PM EST,53,0
Feb 7 2025,11:18:35 PM EST,82,0
Feb 7 2025,11:19:39 PM EST,33,0
Feb 7 2025,11:54:25 PM EST,72,0
Feb 7 2025,11:56:44 PM EST,39,1
Feb 8 2025,12:23:41 AM EST,25,0
Feb 8 2025,12:25:22 AM EST,25,0
Feb 8 2025,5:12:41 AM EST,28,0
Feb 8 2025,5:37:44 AM EST,139,1
Feb 8 2025,5:38:42 AM EST,25,0
Feb 8 2025,5:40:45 AM EST,143,0
Feb 8 2025,5:44:22 AM EST,25,0
Feb 8 2025,5:45:27 AM EST,27,0
Feb 8 2025,5:46:12 AM EST,139,1
Feb 8 2025,5:47:00 AM EST,139,1
Feb 8 2025,5:47:34 AM EST,139,1
Feb 8 2025,5:50:11 AM EST,27,0
Feb 8 2025,5:55:20 AM EST,105,1
Feb 8 2025,5:55:46 AM EST,27,0
Feb 8 2025,5:59:30 AM EST,140,1
Feb 8 2025,12:16:09 PM EST,28,0
Feb 8 2025,12:28:26 PM EST,123,0
Feb 8 2025,12:45:13 PM EST,23,0
Feb 8 2025,12:54:00 PM EST,255,0
Feb 8 2025,12:57:04 PM EST,108,0
Feb 8 2025,12:58:06 PM EST,44,0
Feb 8 2025,1:05:14 PM EST,255,0
Feb 8 2025,1:07:11 PM EST,72,0
Feb 8 2025,1:07:43 PM EST,27,0
Feb 8 2025,1:09:16 PM EST,96,0
Feb 8 2025,1:14:00 PM EST,255,0
Feb 8 2025,1:14:49 PM EST,36,0
Feb 8 2025,1:15:03 PM EST,28,0
Feb 8 2025,1:15:17 PM EST,26,0
Feb 8 2025,2:22:57 PM EST,23,0
Feb 8 2025,2:23:04 PM EST,139,1
Feb 8 2025,2:25:19 PM EST,252,0
Feb 8 2025,2:51:57 PM EST,255,0
Feb 8 2025,2:52:24 PM EST,29,0
Feb 8 2025,2:55:22 PM EST,61,0
Feb 8 2025,3:02:51 PM EST,50,0
Feb 8 2025,3:08:12 PM EST,140,1
Feb 8 2025,3:09:19 PM EST,140,1
Feb 8 2025,3:11:57 PM EST,31,0
Feb 8 2025,3:12:35 PM EST,30,0
Feb 8 2025,3:13:09 PM EST,103,0
Feb 8 2025,3:13:54 PM EST,23,0
Feb 8 2025,3:14:09 PM EST,140,1
Feb 8 2025,3:15:22 PM EST,30,0
Feb 8 2025,3:15:56 PM EST,56,0
Feb 8 2025,3:16:18 PM EST,140,1
Feb 8 2025,3:17:26 PM EST,120,0
Feb 8 2025,3:17:47 PM EST,128,1
Feb 8 2025,3:17:59 PM EST,140,1
Feb 8 2025,3:19:36 PM EST,135,0
Feb 8 2025,3:20:07 PM EST,80,1
Feb 8 2025,3:20:38 PM EST,27,0
Feb 8 2025,3:23:10 PM EST,27,0
Feb 8 2025,3:27:00 PM EST,140,1
Feb 8 2025,3:27:31 PM EST,140,1
Feb 8 2025,3:27:47 PM EST,34,0
Feb 8 2025,3:28:03 PM EST,140,1
Feb 8 2025,3:29:14 PM EST,23,0
Feb 8 2025,3:33:47 PM EST,25,0
Feb 8 2025,3:35:14 PM EST,23,0
Feb 8 2025,3:35:27 PM EST,23,0
Feb 8 2025,3:38:37 PM EST,65,0
Feb 8 2025,4:04:04 PM EST,72,1
Feb 8 2025,4:04:45 PM EST,140,1
Feb 8 2025,4:05:18 PM EST,77,1
Feb 8 2025,6:48:57 PM EST,140,1
Feb 8 2025,7:11:41 PM EST,27,0
Feb 8 2025,7:14:26 PM EST,35,0
Feb 8 2025,7:14:39 PM EST,140,1
Feb 8 2025,7:15:08 PM EST,27,0
Feb 8 2025,7:15:48 PM EST,60,0
Feb 8 2025,7:16:09 PM EST,27,0
Feb 8 2025,8:14:53 PM EST,28,0
Feb 8 2025,8:44:46 PM EST,139,1
Feb 8 2025,8:45:05 PM EST,140,1
Feb 8 2025,8:45:17 PM EST,27,0
Feb 8 2025,8:50:52 PM EST,144,1
Feb 8 2025,8:51:09 PM EST,27,0
Feb 8 2025,9:15:33 PM EST,55,1
Feb 8 2025,11:36:53 PM EST,48,0
Feb 9 2025,1:14:53 AM EST,140,1
Feb 9 2025,1:18:00 AM EST,27,0
Feb 9 2025,1:20:04 AM EST,140,1
Feb 9 2025,1:40:01 AM EST,139,1
Feb 9 2025,1:40:16 AM EST,33,0
Feb 9 2025,1:44:47 AM EST,39,0
Feb 9 2025,1:59:44 AM EST,27,0
Feb 9 2025,2:00:06 AM EST,25,0
Feb 9 2025,2:01:30 AM EST,28,0
Feb 9 2025,2:06:18 AM EST,217,0
Feb 9 2025,2:07:51 AM EST,37,0
Feb 9 2025,2:08:11 AM EST,25,0
Feb 9 2025,2:09:35 AM EST,137,0
Feb 9 2025,2:11:51 AM EST,94,0
Feb 9 2025,2:14:16 AM EST,216,0
Feb 9 2025,2:16:12 AM EST,44,0
Feb 9 2025,2:17:18 AM EST,23,0
Feb 9 2025,2:19:55 AM EST,36,0
Feb 9 2025,2:21:35 AM EST,37,1
Feb 9 2025,2:24:20 AM EST,28,0
Feb 9 2025,2:24:38 AM EST,92,1
Feb 9 2025,2:43:39 AM EST,139,1
Feb 9 2025,2:43:51 AM EST,28,0
Feb 9 2025,2:52:23 AM EST,67,1
Feb 9 2025,2:52:39 AM EST,140,1
Feb 9 2025,2:53:56 AM EST,140,1
Feb 9 2025,2:57:00 AM EST,140,1
Feb 9 2025,3:02:16 AM EST,140,1
Feb 9 2025,3:02:53 AM EST,140,1
Feb 9 2025,3:03:44 AM EST,140,1
Feb 9 2025,3:05:29 AM EST,140,1
Feb 9 2025,3:07:39 AM EST,136,1
Feb 9 2025,8:02:34 AM EST,255,0
Feb 9 2025,8:04:45 AM EST,154,0
Feb 9 2025,8:05:10 AM EST,140,1
Feb 9 2025,8:07:34 AM EST,27,0
Feb 9 2025,8:08:56 AM EST,38,0
Feb 9 2025,8:11:28 AM EST,23,0
Feb 9 2025,8:12:34 AM EST,35,0
Feb 9 2025,8:16:28 AM EST,23,0
Feb 9 2025,8:17:40 AM EST,140,1
Feb 9 2025,8:22:06 AM EST,140,1
Feb 9 2025,8:31:38 AM EST,25,0
Feb 9 2025,8:33:50 AM EST,28,0
Feb 9 2025,8:36:05 AM EST,87,0
Feb 9 2025,8:39:15 AM EST,178,0
Feb 9 2025,8:41:07 AM EST,140,1
Feb 9 2025,8:42:16 AM EST,33,0
Feb 9 2025,8:46:31 AM EST,42,0
Feb 9 2025,8:49:05 AM EST,140,1
Feb 9 2025,8:51:22 AM EST,186,0
Feb 9 2025,8:53:55 AM EST,121,0
Feb 9 2025,8:57:31 AM EST,25,0
Feb 9 2025,8:58:05 AM EST,86,1
Feb 9 2025,8:58:10 AM EST,23,0
Feb 9 2025,9:01:31 AM EST,171,0
Feb 9 2025,9:03:05 AM EST,107,0
Feb 9 2025,9:04:21 AM EST,40,0
Feb 9 2025,9:10:33 AM EST,139,1
Feb 9 2025,9:13:24 AM EST,74,0
Feb 9 2025,9:13:47 AM EST,140,1
Feb 9 2025,9:15:44 AM EST,28,0
Feb 9 2025,9:16:32 AM EST,27,0
Feb 9 2025,9:17:33 AM EST,31,0
Feb 9 2025,9:19:56 AM EST,140,1
Feb 9 2025,9:20:55 AM EST,44,0
Feb 9 2025,9:27:29 AM EST,41,0
Feb 9 2025,9:39:07 AM EST,58,1
Feb 9 2025,9:42:31 AM EST,54,1
Feb 9 2025,9:43:52 AM EST,140,1
Feb 9 2025,9:45:38 AM EST,140,1
Feb 9 2025,11:54:07 AM EST,28,0
Feb 9 2025,11:56:57 AM EST,79,1
Feb 9 2025,11:58:28 AM EST,70,0
Feb 9 2025,12:05:35 PM EST,140,1
Feb 9 2025,12:07:31 PM EST,140,1
Feb 9 2025,12:10:17 PM EST,226,0
Feb 9 2025,12:11:23 PM EST,140,1
Feb 9 2025,12:12:33 PM EST,31,0
Feb 9 2025,12:13:01 PM EST,140,1
Feb 9 2025,12:14:43 PM EST,83,0
Feb 9 2025,12:23:44 PM EST,82,0
Feb 9 2025,12:24:57 PM EST,47,0
Feb 9 2025,1:47:51 PM EST,90,0
Feb 9 2025,1:49:36 PM EST,140,1
Feb 9 2025,1:49:47 PM EST,140,1
Feb 9 2025,1:50:31 PM EST,23,0
Feb 9 2025,1:55:51 PM EST,140,1
Feb 9 2025,1:56:33 PM EST,49,0
Feb 9 2025,1:56:59 PM EST,34,0
Feb 9 2025,1:57:42 PM EST,53,0
Feb 9 2025,1:58:16 PM EST,140,1
Feb 9 2025,1:58:42 PM EST,140,1
Feb 9 2025,2:00:09 PM EST,72,1
Feb 9 2025,2:02:16 PM EST,27,0
Feb 9 2025,2:02:52 PM EST,140,1
Feb 9 2025,2:03:14 PM EST,118,1
Feb 9 2025,2:03:25 PM EST,140,1
Feb 9 2025,2:03:50 PM EST,45,0
Feb 9 2025,2:57:25 PM EST,140,1
Feb 9 2025,3:00:14 PM EST,63,0
Feb 9 2025,3:02:00 PM EST,140,1
Feb 9 2025,3:02:17 PM EST,140,1
Feb 9 2025,3:39:33 PM EST,27,0
Feb 9 2025,3:50:54 PM EST,140,1
Feb 9 2025,3:51:00 PM EST,66,1
Feb 9 2025,4:07:42 PM EST,140,1
Feb 9 2025,4:08:28 PM EST,92,1
Feb 9 2025,4:12:39 PM EST,23,0
Feb 9 2025,4:13:34 PM EST,58,1
Feb 9 2025,5:36:41 PM EST,139,1
Feb 9 2025,5:37:10 PM EST,45,0
Feb 9 2025,5:37:48 PM EST,52,0
Feb 9 2025,5:37:49 PM EST,81,1
Feb 9 2025,5:38:06 PM EST,140,1
Feb 9 2025,5:38:57 PM EST,140,1
Feb 9 2025,5:40:56 PM EST,27,0
Feb 9 2025,5:41:04 PM EST,69,1
Feb 9 2025,5:42:16 PM EST,140,1
Feb 9 2025,5:48:17 PM EST,140,1
Feb 9 2025,5:53:26 PM EST,110,1
Feb 9 2025,5:53:38 PM EST,140,1
Feb 9 2025,5:54:11 PM EST,140,1
Feb 9 2025,5:58:24 PM EST,97,1
Feb 9 2025,6:00:48 PM EST,140,1
Feb 9 2025,6:02:34 PM EST,140,1
Feb 9 2025,7:24:55 PM EST,91,0
Feb 9 2025,7:25:16 PM EST,119,1
Feb 9 2025,7:33:12 PM EST,139,1
Feb 9 2025,7:33:29 PM EST,23,0
Feb 9 2025,7:34:03 PM EST,23,0
Feb 9 2025,7:46:27 PM EST,45,0
Feb 9 2025,7:50:31 PM EST,140,1
Feb 9 2025,10:35:48 PM EST,26,0
Feb 9 2025,10:36:55 PM EST,58,0
Feb 9 2025,10:38:59 PM EST,26,0
Feb 9 2025,10:53:06 PM EST,140,1
Feb 9 2025,10:55:47 PM EST,136,1
Feb 9 2025,11:05:00 PM EST,140,1
Feb 9 2025,11:06:00 PM EST,140,1
Feb 9 2025,11:06:34 PM EST,23,0
Feb 10 2025,12:12:38 AM EST,35,0
Feb 10 2025,12:13:16 AM EST,140,1
Feb 10 2025,12:13:48 AM EST,23,0
Feb 10 2025,12:15:47 AM EST,132,1
Feb 10 2025,12:19:10 AM EST,140,1
Feb 10 2025,12:23:52 AM EST,140,1
Feb 10 2025,12:24:16 AM EST,138,1
Feb 10 2025,12:24:26 AM EST,140,1
Feb 10 2025,12:25:12 AM EST,140,1
Feb 10 2025,12:43:58 AM EST,31,0
Feb 10 2025,12:44:18 AM EST,86,1
Feb 10 2025,12:44:31 AM EST,27,0
Feb 10 2025,12:45:20 AM EST,48,0
Feb 10 2025,12:52:47 AM EST,23,0
Feb 10 2025,12:54:29 AM EST,53,0
Feb 10 2025,1:06:24 AM EST,98,1
Feb 10 2025,1:06:56 AM EST,69,1
Feb 10 2025,1:14:49 AM EST,82,1
Feb 10 2025,1:15:01 AM EST,82,1
Feb 10 2025,1:15:31 AM EST,43,0
Feb 10 2025,1:16:05 AM EST,25,0
Feb 10 2025,1:22:53 AM EST,171,0
Feb 10 2025,1:23:58 AM EST,23,0
Feb 10 2025,1:24:46 AM EST,26,0
Feb 10 2025,1:37:13 AM EST,27,0
Feb 10 2025,1:39:28 AM EST,194,0
Feb 10 2025,1:45:35 AM EST,125,0
Feb 10 2025,1:50:22 AM EST,140,1
Feb 10 2025,1:54:57 AM EST,56,0
Feb 10 2025,2:01:27 AM EST,140,1
Feb 10 2025,2:05:50 AM EST,140,1
Feb 10 2025,2:57:18 AM EST,23,0
Feb 10 2025,2:59:52 AM EST,137,0
Feb 10 2025,3:01:54 AM EST,142,0
Feb 10 2025,3:03:49 AM EST,75,0
Feb 10 2025,3:05:14 AM EST,51,0
Feb 10 2025,3:08:11 AM EST,140,1
Feb 10 2025,3:09:14 AM EST,98,0
Feb 10 2025,3:16:45 AM EST,140,1
Feb 10 2025,3:17:16 AM EST,122,1
Feb 10 2025,3:17:32 AM EST,140,1
Feb 10 2025,3:22:14 AM EST,23,0
Feb 10 2025,3:22:32 AM EST,140,1
Feb 10 2025,3:23:10 AM EST,44,0
Feb 10 2025,3:24:03 AM EST,33,0
Feb 10 2025,3:24:23 AM EST,23,0
Feb 10 2025,3:25:09 AM EST,23,0
Feb 10 2025,3:26:21 AM EST,50,0
Feb 10 2025,3:42:19 AM EST,67,0
Feb 10 2025,3:42:42 AM EST,140,1
Feb 10 2025,3:43:38 AM EST,34,0
Feb 10 2025,3:47:32 AM EST,59,0
Feb 10 2025,3:47:54 AM EST,140,1
Feb 10 2025,3:48:13 AM EST,140,1
Feb 10 2025,3:48:40 AM EST,140,1
Feb 10 2025,3:49:15 AM EST,26,0
Feb 10 2025,3:52:07 AM EST,23,0
Feb 10 2025,3:52:54 AM EST,140,1
Feb 10 2025,3:57:19 AM EST,23,0
Feb 10 2025,3:58:16 AM EST,140,1
Feb 10 2025,3:58:45 AM EST,60,1
Feb 10 2025,4:34:11 AM EST,32,0
Feb 10 2025,4:34:57 AM EST,140,1
Feb 10 2025,4:35:30 AM EST,81,1
Feb 10 2025,4:35:35 AM EST,48,1
Feb 10 2025,4:41:51 AM EST,139,1
Feb 10 2025,4:43:31 AM EST,109,0
Feb 10 2025,4:49:45 AM EST,125,1
Feb 10 2025,4:52:25 AM EST,33,0
Feb 10 2025,4:54:56 AM EST,23,0
Feb 10 2025,5:03:25 AM EST,255,0
Feb 10 2025,5:04:07 AM EST,140,1
Feb 10 2025,5:06:55 AM EST,138,1
Feb 10 2025,5:07:50 AM EST,28,0
Feb 10 2025,10:10:24 AM EST,140,1
Feb 10 2025,10:14:35 AM EST,220,0
Feb 10 2025,10:15:53 AM EST,131,0
Feb 10 2025,10:16:53 AM EST,40,0
Feb 10 2025,10:30:34 AM EST,95,0
Feb 10 2025,10:31:43 AM EST,83,1
Feb 10 2025,10:35:15 AM EST,75,0
Feb 10 2025,10:39:31 AM EST,182,0
Feb 10 2025,10:41:05 AM EST,28,0
Feb 10 2025,10:41:25 AM EST,144,1
Feb 10 2025,10:41:53 AM EST,28,0
Feb 10 2025,10:42:30 AM EST,27,0
Feb 10 2025,10:47:39 AM EST,255,0
Feb 10 2025,10:52:24 AM EST,184,0
Feb 10 2025,10:53:39 AM EST,74,0
Feb 10 2025,10:56:14 AM EST,28,0
Feb 10 2025,11:18:44 AM EST,28,0
Feb 10 2025,11:32:01 AM EST,255,0
Feb 10 2025,11:34:10 AM EST,34,0
Feb 10 2025,11:34:53 AM EST,73,1
Feb 10 2025,11:35:15 AM EST,38,0
Feb 10 2025,11:36:26 AM EST,77,0
Feb 10 2025,11:36:40 AM EST,140,1
Feb 10 2025,11:36:54 AM EST,139,1
Feb 10 2025,12:03:40 PM EST,137,0
Feb 10 2025,12:05:23 PM EST,26,0
Feb 10 2025,12:10:15 PM EST,255,0
Feb 10 2025,12:20:48 PM EST,174,0
Feb 10 2025,12:22:08 PM EST,86,0
Feb 10 2025,12:25:51 PM EST,255,0
Feb 10 2025,12:27:05 PM EST,25,0
Feb 10 2025,12:27:48 PM EST,140,1
Feb 10 2025,12:28:35 PM EST,28,0
Feb 10 2025,12:29:40 PM EST,65,1
Feb 10 2025,12:29:53 PM EST,140,1
Feb 10 2025,12:32:04 PM EST,163,0
Feb 10 2025,12:36:02 PM EST,83,0
Feb 10 2025,12:36:41 PM EST,140,1
Feb 10 2025,12:40:34 PM EST,255,0
Feb 10 2025,12:41:24 PM EST,48,0
Feb 10 2025,12:42:16 PM EST,25,0
Feb 10 2025,12:47:19 PM EST,64,0
Feb 10 2025,12:47:50 PM EST,52,0
Feb 10 2025,12:52:05 PM EST,28,0
Feb 10 2025,1:31:33 PM EST,23,0
Feb 10 2025,1:32:25 PM EST,35,0
Feb 10 2025,1:33:25 PM EST,125,1
Feb 10 2025,1:37:48 PM EST,255,0
Feb 10 2025,1:41:21 PM EST,255,0
Feb 10 2025,2:16:27 PM EST,139,1
Feb 10 2025,2:16:47 PM EST,139,1
Feb 10 2025,2:17:26 PM EST,140,1
Feb 10 2025,2:18:31 PM EST,140,1
Feb 10 2025,2:29:28 PM EST,28,0
Feb 10 2025,2:47:29 PM EST,86,0
Feb 10 2025,2:52:53 PM EST,237,0
Feb 10 2025,2:53:23 PM EST,36,0
Feb 10 2025,2:53:55 PM EST,140,1
Feb 10 2025,2:54:05 PM EST,23,0
Feb 10 2025,2:54:30 PM EST,25,0
Feb 10 2025,2:55:53 PM EST,156,0
Feb 10 2025,2:56:25 PM EST,27,0
Feb 10 2025,3:06:56 PM EST,140,1
Feb 10 2025,3:08:15 PM EST,140,1
Feb 10 2025,3:09:37 PM EST,145,0
Feb 10 2025,3:10:44 PM EST,94,0
Feb 10 2025,3:13:32 PM EST,26,0
Feb 10 2025,3:14:04 PM EST,140,1
Feb 10 2025,3:14:36 PM EST,33,0
Feb 10 2025,3:31:16 PM EST,148,1
Feb 10 2025,3:37:20 PM EST,140,1
Feb 10 2025,3:42:13 PM EST,140,1
Feb 10 2025,3:53:55 PM EST,23,0
Feb 10 2025,3:59:33 PM EST,87,0
Feb 10 2025,4:01:24 PM EST,35,0
Feb 10 2025,4:27:06 PM EST,24,0
Feb 10 2025,4:33:07 PM EST,70,0
Feb 10 2025,4:36:13 PM EST,140,1
Feb 10 2025,4:37:49 PM EST,25,0
Feb 10 2025,4:43:00 PM EST,23,0
Feb 10 2025,4:48:26 PM EST,28,0
Feb 10 2025,4:49:27 PM EST,25,0
Feb 10 2025,4:51:47 PM EST,23,0
Feb 10 2025,4:54:48 PM EST,140,1
Feb 10 2025,4:55:09 PM EST,36,0
Feb 10 2025,7:42:10 PM EST,28,0
Feb 10 2025,7:43:46 PM EST,30,0
Feb 10 2025,7:46:20 PM EST,28,0
Feb 10 2025,11:51:58 PM EST,140,1
Feb 10 2025,11:52:02 PM EST,44,1
Feb 10 2025,11:52:13 PM EST,27,0
Feb 11 2025,12:09:35 AM EST,27,0
Feb 11 2025,12:11:22 AM EST,23,0
Feb 11 2025,12:14:44 AM EST,27,0
Feb 11 2025,12:16:47 AM EST,32,0
Feb 11 2025,12:17:09 AM EST,140,1
Feb 11 2025,12:17:58 AM EST,35,0
Feb 11 2025,12:41:48 AM EST,26,0
Feb 11 2025,12:44:08 AM EST,25,0
Feb 11 2025,12:47:59 AM EST,42,0
Feb 11 2025,12:59:43 AM EST,68,0
Feb 11 2025,1:02:15 AM EST,30,0
Feb 11 2025,1:03:45 AM EST,54,0
Feb 11 2025,1:09:18 AM EST,105,0
Feb 11 2025,1:12:42 AM EST,140,1
Feb 11 2025,1:17:04 AM EST,140,1
Feb 11 2025,1:19:29 AM EST,40,1
Feb 11 2025,1:23:33 AM EST,248,0
Feb 11 2025,1:24:04 AM EST,140,1
Feb 11 2025,1:25:12 AM EST,27,0
Feb 11 2025,1:28:16 AM EST,140,1
Feb 11 2025,2:38:04 AM EST,59,0
Feb 11 2025,2:39:19 AM EST,38,0
Feb 11 2025,2:40:00 AM EST,89,1
Feb 11 2025,2:40:23 AM EST,94,1
Feb 11 2025,2:40:39 AM EST,140,1
Feb 11 2025,2:42:33 AM EST,79,0
Feb 11 2025,2:50:15 AM EST,135,0
Feb 11 2025,2:52:16 AM EST,32,0
Feb 11 2025,2:53:29 AM EST,35,0
Feb 11 2025,2:55:52 AM EST,23,0
Feb 11 2025,3:03:45 AM EST,127,1
Feb 11 2025,3:06:29 AM EST,27,0
Feb 11 2025,3:24:37 AM EST,110,0
Feb 11 2025,3:28:59 AM EST,75,0
Feb 11 2025,3:29:53 AM EST,23,0
Feb 11 2025,3:30:29 AM EST,65,0
Feb 11 2025,3:31:21 AM EST,67,0
Feb 11 2025,3:32:06 AM EST,140,1
Feb 11 2025,3:36:58 AM EST,23,0
Feb 11 2025,3:37:21 AM EST,23,0
Feb 11 2025,3:40:01 AM EST,122,0
Feb 11 2025,3:46:10 AM EST,23,0
Feb 11 2025,3:47:18 AM EST,152,0
Feb 11 2025,3:57:00 AM EST,23,0
Feb 11 2025,3:57:37 AM EST,51,0
Feb 11 2025,3:57:56 AM EST,140,1
Feb 11 2025,3:58:38 AM EST,31,0
Feb 11 2025,4:00:19 AM EST,125,0
Feb 11 2025,4:01:47 AM EST,140,1
Feb 11 2025,4:07:44 AM EST,224,0
Feb 11 2025,4:15:42 AM EST,140,1
Feb 11 2025,4:17:59 AM EST,57,0
Feb 11 2025,4:19:44 AM EST,23,0
Feb 11 2025,4:20:03 AM EST,23,0
Feb 11 2025,4:20:49 AM EST,55,0
Feb 11 2025,4:21:21 AM EST,26,0
Feb 11 2025,4:25:57 AM EST,23,0
Feb 11 2025,4:28:05 AM EST,140,1
Feb 11 2025,4:30:02 AM EST,23,0
Feb 11 2025,4:46:21 AM EST,40,0
Feb 11 2025,4:48:09 AM EST,139,1
Feb 11 2025,4:48:47 AM EST,140,1
Feb 11 2025,5:00:35 AM EST,74,0
Feb 11 2025,5:05:27 AM EST,140,1
Feb 11 2025,5:25:53 AM EST,52,0
Feb 11 2025,5:30:53 AM EST,133,0
Feb 11 2025,5:31:33 AM EST,23,0
Feb 11 2025,5:36:44 AM EST,87,1
Feb 11 2025,5:40:11 AM EST,140,1
Feb 11 2025,5:44:06 AM EST,25,0
Feb 11 2025,11:28:34 AM EST,44,1
Feb 11 2025,11:28:38 AM EST,44,1
Feb 11 2025,12:38:07 PM EST,203,0
Feb 11 2025,12:40:48 PM EST,44,0
Feb 11 2025,12:41:57 PM EST,43,0
Feb 11 2025,12:46:13 PM EST,181,0
Feb 11 2025,12:47:04 PM EST,27,0
Feb 11 2025,12:48:13 PM EST,34,0
Feb 11 2025,12:51:00 PM EST,23,0
Feb 11 2025,12:58:58 PM EST,37,0
Feb 11 2025,12:59:25 PM EST,34,0
Feb 11 2025,1:01:02 PM EST,23,0
Feb 11 2025,1:01:09 PM EST,140,1
Feb 11 2025,1:03:24 PM EST,74,0
Feb 11 2025,1:04:37 PM EST,135,1
Feb 11 2025,1:05:04 PM EST,41,0
Feb 11 2025,1:06:35 PM EST,44,0
Feb 11 2025,1:08:37 PM EST,147,0
Feb 11 2025,1:10:25 PM EST,23,0
Feb 11 2025,1:10:32 PM EST,23,0
Feb 11 2025,1:12:19 PM EST,117,1
Feb 11 2025,1:14:40 PM EST,25,0
Feb 11 2025,1:19:53 PM EST,23,0
Feb 11 2025,1:21:42 PM EST,31,0
Feb 11 2025,1:24:52 PM EST,113,0
Feb 11 2025,1:25:12 PM EST,23,0
Feb 11 2025,1:27:23 PM EST,140,1
Feb 11 2025,1:28:35 PM EST,89,1
Feb 11 2025,1:29:50 PM EST,49,0
Feb 11 2025,1:31:05 PM EST,139,1
Feb 11 2025,1:31:32 PM EST,140,1
Feb 11 2025,1:33:02 PM EST,57,0
Feb 11 2025,1:33:18 PM EST,23,0
Feb 11 2025,1:34:43 PM EST,1,0
Feb 11 2025,1:38:09 PM EST,23,0
Feb 11 2025,1:38:40 PM EST,51,0
Feb 11 2025,1:44:16 PM EST,40,0
Feb 11 2025,1:45:03 PM EST,40,1
Feb 11 2025,1:45:16 PM EST,140,1
Feb 11 2025,1:45:35 PM EST,35,0
Feb 11 2025,1:47:09 PM EST,23,0
Feb 11 2025,1:48:46 PM EST,23,0
Feb 11 2025,1:49:33 PM EST,37,0
Feb 11 2025,1:51:31 PM EST,40,0
Feb 11 2025,1:52:04 PM EST,140,1
Feb 11 2025,1:52:44 PM EST,53,0
Feb 11 2025,1:55:17 PM EST,51,0
Feb 11 2025,1:58:22 PM EST,23,0
Feb 11 2025,1:58:40 PM EST,140,1
Feb 11 2025,1:59:24 PM EST,29,0
Feb 11 2025,2:03:34 PM EST,47,0
Feb 11 2025,2:30:01 PM EST,232,0
Feb 11 2025,2:45:41 PM EST,26,0
Feb 11 2025,2:46:06 PM EST,59,0
Feb 11 2025,2:46:25 PM EST,140,1
Feb 11 2025,2:48:17 PM EST,51,0
Feb 11 2025,2:51:52 PM EST,231,0
Feb 11 2025,2:54:32 PM EST,67,0
Feb 11 2025,2:55:31 PM EST,138,1
Feb 11 2025,3:00:33 PM EST,28,0
Feb 11 2025,3:00:53 PM EST,23,0
Feb 11 2025,4:49:45 PM EST,23,0
Feb 11 2025,5:33:41 PM EST,23,0
Feb 11 2025,5:34:45 PM EST,31,0
Feb 11 2025,7:04:13 PM EST,25,0
Feb 11 2025,7:56:40 PM EST,152,0
Feb 11 2025,7:57:14 PM EST,45,0
Feb 11 2025,7:57:53 PM EST,25,0
Feb 11 2025,7:59:40 PM EST,140,1
Feb 11 2025,8:03:48 PM EST,90,0
Feb 11 2025,8:05:08 PM EST,140,1
Feb 11 2025,8:05:36 PM EST,28,0
Feb 11 2025,8:09:29 PM EST,140,1
Feb 11 2025,8:11:06 PM EST,46,0
Feb 11 2025,9:40:40 PM EST,33,0
Feb 11 2025,9:40:55 PM EST,140,1
Feb 11 2025,9:41:57 PM EST,25,0
Feb 11 2025,9:42:38 PM EST,25,0
Feb 11 2025,9:43:10 PM EST,41,0
Feb 11 2025,10:20:14 PM EST,23,0
Feb 11 2025,10:54:51 PM EST,148,0
Feb 11 2025,10:58:12 PM EST,140,1
Feb 11 2025,11:00:14 PM EST,140,1
Feb 11 2025,11:01:29 PM EST,139,1
Feb 11 2025,11:01:37 PM EST,140,1
Feb 11 2025,11:03:37 PM EST,140,1
Feb 11 2025,11:04:17 PM EST,35,0
Feb 11 2025,11:04:40 PM EST,38,1
Feb 11 2025,11:06:28 PM EST,140,1
Feb 11 2025,11:16:50 PM EST,62,1
Feb 12 2025,12:09:44 AM EST,137,1
Feb 12 2025,12:10:07 AM EST,66,1
Feb 12 2025,12:12:27 AM EST,54,0
Feb 12 2025,12:14:56 AM EST,149,0
Feb 12 2025,12:16:33 AM EST,55,1
Feb 12 2025,12:35:23 AM EST,23,0
Feb 12 2025,12:43:42 AM EST,23,0
Feb 12 2025,12:45:14 AM EST,34,0
Feb 12 2025,12:48:37 AM EST,155,0
Feb 12 2025,12:52:52 AM EST,121,0
Feb 12 2025,12:53:37 AM EST,28,0
Feb 12 2025,1:04:36 AM EST,52,0
Feb 12 2025,1:07:20 AM EST,60,0
Feb 12 2025,1:12:04 AM EST,46,0
Feb 12 2025,1:16:01 AM EST,25,0
Feb 12 2025,1:17:24 AM EST,99,0
Feb 12 2025,1:18:53 AM EST,47,0
Feb 12 2025,1:19:18 AM EST,27,0
Feb 12 2025,1:19:40 AM EST,140,1
Feb 12 2025,1:21:22 AM EST,33,0
Feb 12 2025,1:23:00 AM EST,53,0
Feb 12 2025,1:35:46 AM EST,29,0
Feb 12 2025,1:37:19 AM EST,25,0
Feb 12 2025,1:38:54 AM EST,139,1
Feb 12 2025,1:51:43 AM EST,144,1
Feb 12 2025,1:52:55 AM EST,140,1
Feb 12 2025,1:57:27 AM EST,67,0
Feb 12 2025,2:00:58 AM EST,23,0
Feb 12 2025,2:04:57 AM EST,140,1
Feb 12 2025,2:07:55 AM EST,140,1
Feb 12 2025,2:08:11 AM EST,140,1
Feb 12 2025,2:09:10 AM EST,60,0
Feb 12 2025,2:13:00 AM EST,140,1
Feb 12 2025,2:13:52 AM EST,131,1
Feb 12 2025,10:03:32 AM EST,44,0
Feb 12 2025,10:04:40 AM EST,140,1
Feb 12 2025,10:06:28 AM EST,25,0
Feb 12 2025,10:10:22 AM EST,144,0
Feb 12 2025,10:16:01 AM EST,23,0
Feb 12 2025,10:21:01 AM EST,27,0
Feb 12 2025,10:25:01 AM EST,60,0
Feb 12 2025,10:26:25 AM EST,62,0
Feb 12 2025,10:28:54 AM EST,98,0
Feb 12 2025,10:35:20 AM EST,102,0
Feb 12 2025,10:43:49 AM EST,35,0
Feb 12 2025,10:47:13 AM EST,27,0
Feb 12 2025,10:48:06 AM EST,23,0
Feb 12 2025,10:48:07 AM EST,140,1
Feb 12 2025,10:49:38 AM EST,123,0
Feb 12 2025,10:50:06 AM EST,29,0
Feb 12 2025,10:55:42 AM EST,58,0
Feb 12 2025,11:04:27 AM EST,35,0
Feb 12 2025,11:13:06 AM EST,25,0
Feb 12 2025,11:23:35 AM EST,132,0
Feb 12 2025,11:36:23 AM EST,93,0
Feb 12 2025,11:38:11 AM EST,60,0
Feb 12 2025,11:40:06 AM EST,125,0
Feb 12 2025,11:40:51 AM EST,140,1
Feb 12 2025,11:55:59 AM EST,41,1
Feb 12 2025,12:03:35 PM EST,23,0
Feb 12 2025,12:19:56 PM EST,52,0
Feb 12 2025,12:27:31 PM EST,62,0
Feb 12 2025,12:31:53 PM EST,25,0
Feb 12 2025,12:32:20 PM EST,139,1
Feb 12 2025,12:36:14 PM EST,112,0
Feb 12 2025,12:43:39 PM EST,221,0
Feb 12 2025,12:44:02 PM EST,39,0
Feb 12 2025,12:48:00 PM EST,141,0
Feb 12 2025,12:51:46 PM EST,23,0
Feb 12 2025,12:52:06 PM EST,28,0
Feb 12 2025,12:52:54 PM EST,26,0
Feb 12 2025,12:53:32 PM EST,54,0
Feb 12 2025,1:24:08 PM EST,76,1
Feb 12 2025,1:24:13 PM EST,140,1
Feb 12 2025,1:30:23 PM EST,138,1
Feb 12 2025,1:33:12 PM EST,43,0
Feb 12 2025,1:43:51 PM EST,25,0
Feb 12 2025,2:21:03 PM EST,63,0
Feb 12 2025,3:31:20 PM EST,27,0
Feb 12 2025,3:34:23 PM EST,140,1
Feb 12 2025,3:39:18 PM EST,23,0
Feb 12 2025,3:40:11 PM EST,59,0
Feb 12 2025,3:40:56 PM EST,41,0
Feb 12 2025,3:46:54 PM EST,250,0
Feb 12 2025,3:48:23 PM EST,44,0
Feb 12 2025,5:37:03 PM EST,23,0
Feb 12 2025,6:08:43 PM EST,23,0
Feb 12 2025,6:11:24 PM EST,26,0
Feb 12 2025,6:49:22 PM EST,47,0
Feb 12 2025,6:50:20 PM EST,68,1
Feb 12 2025,7:03:04 PM EST,110,1
Feb 12 2025,7:03:56 PM EST,139,1
Feb 12 2025,7:04:18 PM EST,15,1
Feb 12 2025,7:05:14 PM EST,140,1
Feb 12 2025,7:06:49 PM EST,140,1
Feb 12 2025,7:49:30 PM EST,32,0
Feb 12 2025,7:51:02 PM EST,23,0
Feb 12 2025,7:56:32 PM EST,64,0
Feb 12 2025,7:58:08 PM EST,23,0
Feb 12 2025,8:00:56 PM EST,23,0
Feb 12 2025,8:03:36 PM EST,177,0
Feb 12 2025,8:49:51 PM EST,144,1
Feb 12 2025,9:19:05 PM EST,60,0
Feb 12 2025,9:22:43 PM EST,139,1
Feb 12 2025,10:28:32 PM EST,35,0
Feb 12 2025,10:30:06 PM EST,26,0
Feb 12 2025,10:30:34 PM EST,25,0
Feb 12 2025,10:30:54 PM EST,26,0
Feb 12 2025,10:35:06 PM EST,56,0
Feb 12 2025,10:36:52 PM EST,35,0
Feb 12 2025,10:40:14 PM EST,49,0
Feb 12 2025,10:41:32 PM EST,35,0
Feb 12 2025,10:43:14 PM EST,23,0
Feb 12 2025,10:46:31 PM EST,123,0
Feb 12 2025,10:49:21 PM EST,26,0
Feb 12 2025,10:53:46 PM EST,23,0
Feb 12 2025,11:11:48 PM EST,28,0
Feb 12 2025,11:18:28 PM EST,27,0
Feb 12 2025,11:23:56 PM EST,23,0
Feb 12 2025,11:38:10 PM EST,207,0
Feb 12 2025,11:40:04 PM EST,25,0
Feb 12 2025,11:42:38 PM EST,28,0
Feb 12 2025,11:49:39 PM EST,67,0
Feb 12 2025,11:53:18 PM EST,35,0
Feb 12 2025,11:57:03 PM EST,35,0
Feb 13 2025,12:37:56 AM EST,61,0
Feb 13 2025,12:43:08 AM EST,138,1
Feb 13 2025,12:45:06 AM EST,23,0
Feb 13 2025,12:47:04 AM EST,120,1
Feb 13 2025,12:48:04 AM EST,43,0
Feb 13 2025,12:48:20 AM EST,139,1
Feb 13 2025,12:48:40 AM EST,46,1
Feb 13 2025,12:50:48 AM EST,114,1
Feb 13 2025,12:56:21 AM EST,23,0
Feb 13 2025,1:02:56 AM EST,63,0
Feb 13 2025,1:03:29 AM EST,55,0
Feb 13 2025,1:04:10 AM EST,52,0
Feb 13 2025,1:04:47 AM EST,23,0
Feb 13 2025,1:08:31 AM EST,140,1
Feb 13 2025,1:09:14 AM EST,32,0
Feb 13 2025,1:09:29 AM EST,140,1
Feb 13 2025,1:10:15 AM EST,50,0
Feb 13 2025,1:20:14 AM EST,25,0
Feb 13 2025,1:24:22 AM EST,131,1
Feb 13 2025,1:25:16 AM EST,139,1
Feb 13 2025,1:26:43 AM EST,74,0
Feb 13 2025,1:27:12 AM EST,138,1
Feb 13 2025,1:30:50 AM EST,97,1
Feb 13 2025,1:33:13 AM EST,139,1
Feb 13 2025,1:39:40 AM EST,70,0
Feb 13 2025,1:41:15 AM EST,140,1
Feb 13 2025,1:43:12 AM EST,144,0
Feb 13 2025,1:44:15 AM EST,25,0
Feb 13 2025,1:46:09 AM EST,25,0
Feb 13 2025,3:30:53 AM EST,140,0
Feb 13 2025,3:35:38 AM EST,63,0
Feb 13 2025,3:42:38 AM EST,48,0
Feb 13 2025,3:50:29 AM EST,138,1
Feb 13 2025,3:52:07 AM EST,51,0
Feb 13 2025,3:52:51 AM EST,25,0
Feb 13 2025,3:53:26 AM EST,27,0
Feb 13 2025,3:57:44 AM EST,27,0
Feb 13 2025,3:59:21 AM EST,139,1
Feb 13 2025,4:01:59 AM EST,170,0
Feb 13 2025,4:03:27 AM EST,27,0
Feb 13 2025,4:04:33 AM EST,52,0
Feb 13 2025,4:05:33 AM EST,140,1
Feb 13 2025,4:06:51 AM EST,140,1
Feb 13 2025,4:08:41 AM EST,137,1
Feb 13 2025,4:10:15 AM EST,140,1
Feb 13 2025,4:11:19 AM EST,140,1
Feb 13 2025,4:13:12 AM EST,152,0
Feb 13 2025,4:17:51 AM EST,255,0
Feb 13 2025,4:20:19 AM EST,63,0
Feb 13 2025,4:20:39 AM EST,140,1
Feb 13 2025,4:21:09 AM EST,25,0
Feb 13 2025,4:23:22 AM EST,140,1
Feb 13 2025,4:23:52 AM EST,27,0
Feb 13 2025,4:24:27 AM EST,54,0
Feb 13 2025,4:26:01 AM EST,140,1
Feb 13 2025,4:26:42 AM EST,80,1
Feb 13 2025,4:29:23 AM EST,101,1
Feb 13 2025,4:31:52 AM EST,27,0
Feb 13 2025,4:33:34 AM EST,140,1
Feb 13 2025,4:33:48 AM EST,140,1
Feb 13 2025,4:37:29 AM EST,23,0
Feb 13 2025,4:52:34 AM EST,23,0
Feb 13 2025,4:54:40 AM EST,140,1
Feb 13 2025,4:55:59 AM EST,36,0
Feb 13 2025,5:07:59 AM EST,47,0
Feb 13 2025,9:54:00 AM EST,140,1
Feb 13 2025,10:21:34 AM EST,98,0
Feb 13 2025,10:26:07 AM EST,225,0
Feb 13 2025,10:27:41 AM EST,148,1
Feb 13 2025,10:34:35 AM EST,95,0
Feb 13 2025,10:35:33 AM EST,49,0
Feb 13 2025,10:38:23 AM EST,28,0
Feb 13 2025,10:39:47 AM EST,140,1
Feb 13 2025,10:40:51 AM EST,42,0
Feb 13 2025,10:41:52 AM EST,143,0
Feb 13 2025,10:42:16 AM EST,34,0
Feb 13 2025,10:42:43 AM EST,44,0
Feb 13 2025,10:45:23 AM EST,87,0
Feb 13 2025,10:46:40 AM EST,23,0
Feb 13 2025,10:48:21 AM EST,23,0
Feb 13 2025,10:48:59 AM EST,23,0
Feb 13 2025,10:50:14 AM EST,126,0
Feb 13 2025,10:51:24 AM EST,62,0
Feb 13 2025,11:02:38 AM EST,126,1
Feb 13 2025,11:04:26 AM EST,140,1
Feb 13 2025,11:05:51 AM EST,23,0
Feb 13 2025,11:07:55 AM EST,187,0
Feb 13 2025,3:28:20 PM EST,73,0
Feb 13 2025,3:28:52 PM EST,140,1
Feb 13 2025,3:29:26 PM EST,25,0
Feb 13 2025,3:29:42 PM EST,26,0
Feb 13 2025,3:31:32 PM EST,70,0
Feb 13 2025,3:32:10 PM EST,136,1
Feb 13 2025,3:33:30 PM EST,34,0
Feb 13 2025,3:33:51 PM EST,140,1
Feb 13 2025,3:36:44 PM EST,55,1
Feb 13 2025,3:38:15 PM EST,139,1
Feb 13 2025,5:57:05 PM EST,99,0
Feb 13 2025,6:11:39 PM EST,96,0
Feb 13 2025,6:12:24 PM EST,35,0
Feb 13 2025,6:14:31 PM EST,140,1
Feb 13 2025,6:22:09 PM EST,56,0
Feb 13 2025,6:33:56 PM EST,183,0
Feb 13 2025,9:29:39 PM EST,48,1
Feb 13 2025,9:41:47 PM EST,140,1
Feb 14 2025,12:09:59 AM EST,28,0
Feb 14 2025,12:13:26 AM EST,25,0
Feb 14 2025,12:14:15 AM EST,133,1
Feb 14 2025,12:14:46 AM EST,54,0
Feb 14 2025,12:16:12 AM EST,25,0
Feb 14 2025,12:18:15 AM EST,19,0
Feb 14 2025,12:22:43 AM EST,99,1
Feb 14 2025,12:23:37 AM EST,46,0
Feb 14 2025,12:24:40 AM EST,140,1
Feb 14 2025,12:24:58 AM EST,140,1
Feb 14 2025,12:28:04 AM EST,47,0
Feb 14 2025,12:32:59 AM EST,57,0
Feb 14 2025,12:34:43 AM EST,140,1
Feb 14 2025,12:35:51 AM EST,28,0
Feb 14 2025,12:37:23 AM EST,28,0
Feb 14 2025,12:53:08 AM EST,25,0
Feb 14 2025,12:54:48 AM EST,51,1
Feb 14 2025,12:56:58 AM EST,90,0
Feb 14 2025,1:00:45 AM EST,103,0
Feb 14 2025,1:10:19 AM EST,255,0
Feb 14 2025,1:24:29 AM EST,140,1
Feb 14 2025,1:31:15 AM EST,196,0
Feb 14 2025,1:32:29 AM EST,25,0
Feb 14 2025,1:33:53 AM EST,23,0
Feb 14 2025,1:34:42 AM EST,27,0
Feb 14 2025,1:42:34 AM EST,79,0
Feb 14 2025,1:43:01 AM EST,36,0
Feb 14 2025,1:45:10 AM EST,23,0
Feb 14 2025,1:47:35 AM EST,105,1
Feb 14 2025,9:29:22 AM EST,52,0
Feb 14 2025,10:06:51 AM EST,27,0
Feb 14 2025,10:08:07 AM EST,55,0
Feb 14 2025,10:09:33 AM EST,40,0
Feb 14 2025,10:09:51 AM EST,26,0
Feb 14 2025,10:12:18 AM EST,69,0
Feb 14 2025,10:12:30 AM EST,140,1
Feb 14 2025,10:44:21 AM EST,139,1
Feb 14 2025,10:48:57 AM EST,189,0
Feb 14 2025,10:51:02 AM EST,99,0
Feb 14 2025,3:09:39 PM EST,103,0
Feb 14 2025,3:16:23 PM EST,28,0
Feb 14 2025,3:38:32 PM EST,112,0
Feb 14 2025,3:46:57 PM EST,23,0
Feb 14 2025,3:50:28 PM EST,35,0
Feb 14 2025,4:09:04 PM EST,56,0
Feb 14 2025,5:21:55 PM EST,140,1
Feb 14 2025,5:30:17 PM EST,53,0
Feb 14 2025,8:36:06 PM EST,132,1
Feb 14 2025,8:50:10 PM EST,23,0
Feb 14 2025,8:54:07 PM EST,68,0
Feb 14 2025,9:21:52 PM EST,26,0
Feb 14 2025,9:22:52 PM EST,27,0
Feb 14 2025,9:31:36 PM EST,82,0
Feb 14 2025,9:38:26 PM EST,39,0
Feb 14 2025,9:55:02 PM EST,140,1
Feb 14 2025,10:13:49 PM EST,27,0
Feb 14 2025,10:14:51 PM EST,138,1
Feb 14 2025,10:16:17 PM EST,82,0
Feb 14 2025,10:16:37 PM EST,140,1
Feb 14 2025,10:22:06 PM EST,140,1
Feb 14 2025,10:22:30 PM EST,140,1
Feb 14 2025,10:31:27 PM EST,26,0
Feb 14 2025,10:32:19 PM EST,140,1
Feb 14 2025,10:45:30 PM EST,81,0
Feb 14 2025,10:49:17 PM EST,122,1
Feb 14 2025,10:54:07 PM EST,134,1
Feb 14 2025,10:56:20 PM EST,29,0
Feb 14 2025,11:03:47 PM EST,182,0
Feb 14 2025,11:20:58 PM EST,38,1
Feb 14 2025,11:27:59 PM EST,26,0
Feb 14 2025,11:29:20 PM EST,62,0
Feb 14 2025,11:35:12 PM EST,28,0
Feb 14 2025,11:37:02 PM EST,28,0
Feb 14 2025,11:37:26 PM EST,140,1
Feb 14 2025,11:39:35 PM EST,140,1
Feb 14 2025,11:40:32 PM EST,137,1
Feb 14 2025,11:42:02 PM EST,140,1
Feb 14 2025,11:44:14 PM EST,139,1
Feb 14 2025,11:46:35 PM EST,61,0
Feb 14 2025,11:49:22 PM EST,36,0
Feb 14 2025,11:49:36 PM EST,106,1
Feb 15 2025,1:02:06 AM EST,23,0
Feb 15 2025,1:02:55 AM EST,27,0
Feb 15 2025,1:03:29 AM EST,28,0
Feb 15 2025,1:08:08 AM EST,87,1
Feb 15 2025,1:11:25 AM EST,86,1
Feb 15 2025,1:13:19 AM EST,41,1
Feb 15 2025,4:56:31 AM EST,139,1
Feb 15 2025,4:56:59 AM EST,28,0
Feb 15 2025,4:57:14 AM EST,46,1
Feb 15 2025,4:57:50 AM EST,140,1
Feb 15 2025,5:01:32 AM EST,28,0
Feb 15 2025,5:07:45 AM EST,140,1
Feb 15 2025,5:09:14 AM EST,135,1
Feb 15 2025,5:09:36 AM EST,140,1
Feb 15 2025,5:09:55 AM EST,140,1
Feb 15 2025,5:10:48 AM EST,27,0
Feb 15 2025,5:11:34 AM EST,140,1
Feb 15 2025,5:12:02 AM EST,28,0
Feb 15 2025,1:02:28 PM EST,140,1
Feb 15 2025,1:04:20 PM EST,78,0
Feb 15 2025,1:05:25 PM EST,71,0
Feb 15 2025,1:55:11 PM EST,58,0
Feb 15 2025,2:14:34 PM EST,140,1
Feb 15 2025,2:14:52 PM EST,52,0
Feb 15 2025,2:55:30 PM EST,140,1
Feb 15 2025,3:05:33 PM EST,73,0
Feb 15 2025,3:05:45 PM EST,140,1
Feb 15 2025,3:06:25 PM EST,32,0
Feb 15 2025,3:08:42 PM EST,26,0
Feb 15 2025,3:08:57 PM EST,28,0
Feb 15 2025,4:05:08 PM EST,63,0
Feb 15 2025,4:07:22 PM EST,140,1
Feb 15 2025,4:08:23 PM EST,140,1
Feb 15 2025,4:25:30 PM EST,88,0
Feb 15 2025,4:57:28 PM EST,31,0
Feb 15 2025,4:58:12 PM EST,29,0
Feb 15 2025,4:59:59 PM EST,140,1
Feb 15 2025,5:19:51 PM EST,106,1
Feb 15 2025,5:39:39 PM EST,201,0
Feb 15 2025,5:41:57 PM EST,87,1
Feb 15 2025,5:42:16 PM EST,48,1
Feb 15 2025,5:42:31 PM EST,27,0
Feb 15 2025,5:43:58 PM EST,139,1
Feb 15 2025,5:44:21 PM EST,140,1
Feb 15 2025,5:45:07 PM EST,23,0
Feb 15 2025,5:46:52 PM EST,25,0
Feb 15 2025,5:53:04 PM EST,57,0
Feb 15 2025,6:13:08 PM EST,163,0
Feb 15 2025,6:13:38 PM EST,23,0
Feb 15 2025,6:15:48 PM EST,116,0
Feb 15 2025,6:25:01 PM EST,48,0
Feb 15 2025,6:26:24 PM EST,56,0
Feb 15 2025,6:28:28 PM EST,27,0
Feb 15 2025,6:35:25 PM EST,31,0
Feb 15 2025,6:36:42 PM EST,35,0
Feb 15 2025,6:38:00 PM EST,39,1
Feb 15 2025,6:44:31 PM EST,27,0
Feb 15 2025,6:45:26 PM EST,50,0
Feb 15 2025,6:47:27 PM EST,86,0
Feb 15 2025,6:48:57 PM EST,38,0
Feb 15 2025,6:50:49 PM EST,23,0
Feb 15 2025,7:59:04 PM EST,140,1
Feb 15 2025,8:01:30 PM EST,37,0
Feb 15 2025,8:06:44 PM EST,88,1
Feb 15 2025,9:34:23 PM EST,139,1
Feb 15 2025,9:36:20 PM EST,74,0
Feb 15 2025,9:58:04 PM EST,80,0
Feb 15 2025,9:59:44 PM EST,71,0
Feb 16 2025,7:52:02 AM EST,31,0
Feb 16 2025,8:09:33 AM EST,44,0
Feb 16 2025,11:40:29 AM EST,140,1
Feb 16 2025,4:05:43 PM EST,45,0
Feb 16 2025,4:54:04 PM EST,105,1
Feb 16 2025,6:02:01 PM EST,23,0
Feb 16 2025,6:03:48 PM EST,140,1
Feb 16 2025,9:07:50 PM EST,40,0
Feb 16 2025,9:18:16 PM EST,63,0
Feb 16 2025,9:18:43 PM EST,25,0
Feb 16 2025,9:20:40 PM EST,87,0
Feb 16 2025,9:25:58 PM EST,28,0
Feb 16 2025,9:28:15 PM EST,60,1
Feb 16 2025,9:30:39 PM EST,32,0
Feb 16 2025,9:33:32 PM EST,42,0
Feb 16 2025,9:39:24 PM EST,136,0
Feb 16 2025,9:44:01 PM EST,96,1
Feb 16 2025,9:44:17 PM EST,87,1
Feb 16 2025,11:22:46 PM EST,27,0
Feb 16 2025,11:55:43 PM EST,238,0
Feb 16 2025,11:57:21 PM EST,71,0
Feb 17 2025,12:09:51 AM EST,23,0
Feb 17 2025,12:12:42 AM EST,80,1
Feb 17 2025,12:19:01 AM EST,140,1
Feb 17 2025,12:19:31 AM EST,27,0
Feb 17 2025,12:32:08 AM EST,74,0
Feb 17 2025,12:37:28 AM EST,63,0
Feb 17 2025,12:38:40 AM EST,83,0
Feb 17 2025,12:43:27 AM EST,23,0
Feb 17 2025,12:48:55 AM EST,23,0
Feb 17 2025,12:51:31 AM EST,102,0
Feb 17 2025,12:54:50 AM EST,140,1
Feb 17 2025,12:55:16 AM EST,109,1
Feb 17 2025,12:56:51 AM EST,130,1
Feb 17 2025,12:57:46 AM EST,27,0
Feb 17 2025,1:51:46 AM EST,32,0
Feb 17 2025,1:53:19 AM EST,25,0
Feb 17 2025,1:57:35 AM EST,25,0
Feb 17 2025,2:00:34 AM EST,41,0
Feb 17 2025,2:03:08 AM EST,50,1
Feb 17 2025,2:04:15 AM EST,32,0
Feb 17 2025,2:06:25 AM EST,140,1
Feb 17 2025,2:08:30 AM EST,140,1
Feb 17 2025,2:08:37 AM EST,88,1
Feb 17 2025,2:09:09 AM EST,18,0
Feb 17 2025,2:09:52 AM EST,27,0
Feb 17 2025,2:13:46 AM EST,52,0
Feb 17 2025,2:17:33 AM EST,23,0
Feb 17 2025,2:19:01 AM EST,30,0
Feb 17 2025,2:21:00 AM EST,80,0
Feb 17 2025,2:21:53 AM EST,140,1
Feb 17 2025,2:24:16 AM EST,28,0
Feb 17 2025,2:25:35 AM EST,27,0
Feb 17 2025,2:35:44 AM EST,44,1
Feb 17 2025,2:50:21 AM EST,65,0
Feb 17 2025,2:51:34 AM EST,23,0
Feb 17 2025,2:56:47 AM EST,76,0
Feb 17 2025,3:05:32 AM EST,186,0
Feb 17 2025,3:16:01 AM EST,90,0
Feb 17 2025,3:18:15 AM EST,46,0
Feb 17 2025,3:24:32 AM EST,255,0
Feb 17 2025,3:36:56 AM EST,92,1
Feb 17 2025,3:39:05 AM EST,76,0
Feb 17 2025,3:41:06 AM EST,66,0
Feb 17 2025,3:43:14 AM EST,87,0
Feb 17 2025,3:47:06 AM EST,30,0
Feb 17 2025,3:48:10 AM EST,23,0
Feb 17 2025,3:49:21 AM EST,25,0
Feb 17 2025,4:00:03 AM EST,140,1
Feb 17 2025,4:03:21 AM EST,23,0
Feb 17 2025,4:03:36 AM EST,140,1
Feb 17 2025,4:08:46 AM EST,140,1
Feb 17 2025,4:10:24 AM EST,23,0
Feb 17 2025,4:15:03 AM EST,103,0
Feb 17 2025,9:21:51 AM EST,33,0
Feb 17 2025,9:43:52 AM EST,141,0
Feb 17 2025,9:45:01 AM EST,43,0
Feb 17 2025,9:52:29 AM EST,25,0
Feb 17 2025,9:54:58 AM EST,139,1
Feb 17 2025,9:55:39 AM EST,43,0
Feb 17 2025,9:58:16 AM EST,99,0
Feb 17 2025,10:19:06 AM EST,38,0
Feb 17 2025,10:20:29 AM EST,32,0
Feb 17 2025,10:21:52 AM EST,48,1
Feb 17 2025,10:22:50 AM EST,26,0
Feb 17 2025,10:51:43 AM EST,28,0
Feb 17 2025,10:56:51 AM EST,23,0
Feb 17 2025,11:08:06 AM EST,34,0
Feb 17 2025,11:11:21 AM EST,140,1
Feb 17 2025,11:20:47 AM EST,30,0
Feb 17 2025,11:24:31 AM EST,153,0
Feb 17 2025,11:32:53 AM EST,100,0
Feb 17 2025,11:36:23 AM EST,35,0
Feb 17 2025,11:49:12 AM EST,60,0
Feb 17 2025,11:53:05 AM EST,36,0
Feb 17 2025,11:55:47 AM EST,78,1
Feb 17 2025,12:06:47 PM EST,69,0
Feb 17 2025,12:07:34 PM EST,140,1
Feb 17 2025,12:22:06 PM EST,54,0
Feb 17 2025,12:31:16 PM EST,52,0
Feb 17 2025,12:32:46 PM EST,29,0
Feb 17 2025,12:34:15 PM EST,27,0
Feb 17 2025,12:41:32 PM EST,138,1
Feb 17 2025,12:42:08 PM EST,33,0
Feb 17 2025,12:43:56 PM EST,28,0
Feb 17 2025,12:44:33 PM EST,41,0
Feb 17 2025,12:45:25 PM EST,25,0
Feb 17 2025,12:53:07 PM EST,53,0
Feb 17 2025,1:19:14 PM EST,188,0
Feb 17 2025,1:26:58 PM EST,25,0
Feb 17 2025,1:30:47 PM EST,199,0
Feb 17 2025,1:36:57 PM EST,255,0
Feb 17 2025,1:37:15 PM EST,140,1
Feb 17 2025,1:48:21 PM EST,255,0
Feb 17 2025,1:52:06 PM EST,23,0
Feb 17 2025,2:06:11 PM EST,62,0
Feb 17 2025,2:12:17 PM EST,59,0
Feb 17 2025,2:37:53 PM EST,140,1
Feb 17 2025,3:15:19 PM EST,25,0
Feb 17 2025,3:16:19 PM EST,34,0
Feb 17 2025,3:21:28 PM EST,118,1
Feb 17 2025,3:43:49 PM EST,140,1
Feb 17 2025,4:07:34 PM EST,79,0
Feb 17 2025,4:10:58 PM EST,140,1
Feb 17 2025,4:11:05 PM EST,27,0
Feb 17 2025,4:17:46 PM EST,68,0
Feb 17 2025,4:29:23 PM EST,136,0
Feb 17 2025,4:34:33 PM EST,105,1
Feb 17 2025,4:36:24 PM EST,26,0
Feb 17 2025,5:58:38 PM EST,172,0
Feb 17 2025,6:09:03 PM EST,25,0
Feb 17 2025,6:33:16 PM EST,44,1
Feb 17 2025,6:39:08 PM EST,27,0
Feb 17 2025,7:17:29 PM EST,65,0
Feb 17 2025,7:30:29 PM EST,88,1
Feb 17 2025,7:31:51 PM EST,26,0
Feb 17 2025,7:36:37 PM EST,60,0
Feb 17 2025,7:37:08 PM EST,33,0
Feb 17 2025,8:43:57 PM EST,31,0
Feb 17 2025,8:49:01 PM EST,140,1
Feb 17 2025,8:49:13 PM EST,94,1
Feb 17 2025,8:58:23 PM EST,140,1
Feb 17 2025,9:00:41 PM EST,140,1
Feb 17 2025,9:01:19 PM EST,140,1
Feb 17 2025,9:02:28 PM EST,140,1
Feb 17 2025,9:54:39 PM EST,23,0
Feb 17 2025,10:16:26 PM EST,23,0
Feb 17 2025,10:59:40 PM EST,60,0
Feb 17 2025,11:04:25 PM EST,23,0
Feb 17 2025,11:54:56 PM EST,140,1
Feb 18 2025,12:14:23 AM EST,140,1
Feb 18 2025,12:17:08 AM EST,140,1
Feb 18 2025,12:17:41 AM EST,137,1
Feb 18 2025,12:19:04 AM EST,176,0
Feb 18 2025,12:20:27 AM EST,140,1
Feb 18 2025,1:19:34 AM EST,36,0
Feb 18 2025,1:32:11 AM EST,140,1
Feb 18 2025,1:32:38 AM EST,137,1
Feb 18 2025,2:50:31 AM EST,70,1
Feb 18 2025,3:04:36 AM EST,23,0
Feb 18 2025,3:37:42 AM EST,23,0
Feb 18 2025,3:45:17 AM EST,94,1
Feb 18 2025,3:49:48 AM EST,140,1
Feb 18 2025,3:51:46 AM EST,28,0
Feb 18 2025,3:57:40 AM EST,140,1
Feb 18 2025,3:58:03 AM EST,36,0
Feb 18 2025,3:59:32 AM EST,140,1
Feb 18 2025,4:07:12 AM EST,48,0
Feb 18 2025,4:08:23 AM EST,47,0
Feb 18 2025,4:32:50 AM EST,23,0
Feb 18 2025,4:36:50 AM EST,25,0
Feb 18 2025,4:51:53 AM EST,140,1
Feb 18 2025,4:53:14 AM EST,138,1
Feb 18 2025,5:02:41 AM EST,36,1
Feb 18 2025,5:06:48 AM EST,140,1
Feb 18 2025,5:08:29 AM EST,140,1
Feb 18 2025,5:15:10 AM EST,46,0
Feb 18 2025,5:15:25 AM EST,140,1
Feb 18 2025,8:47:51 AM EST,139,1
Feb 18 2025,8:51:37 AM EST,140,1
Feb 18 2025,8:52:55 AM EST,140,1
Feb 18 2025,8:57:22 AM EST,122,1
Feb 18 2025,11:22:40 AM EST,140,1
Feb 18 2025,11:39:26 AM EST,23,0
Feb 18 2025,11:41:15 AM EST,139,1
Feb 18 2025,11:45:00 AM EST,23,0
Feb 18 2025,11:47:17 AM EST,140,1
Feb 18 2025,11:52:45 AM EST,140,1
Feb 18 2025,11:56:21 AM EST,27,0
Feb 18 2025,12:12:00 PM EST,255,0
Feb 18 2025,12:21:30 PM EST,23,0
Feb 18 2025,12:22:14 PM EST,25,0
Feb 18 2025,12:25:03 PM EST,23,0
Feb 18 2025,12:27:35 PM EST,58,1
Feb 18 2025,12:28:19 PM EST,39,1
Feb 18 2025,12:31:02 PM EST,140,1
Feb 18 2025,12:34:13 PM EST,196,0
Feb 18 2025,12:35:31 PM EST,59,1
Feb 18 2025,12:38:26 PM EST,37,0
Feb 18 2025,12:39:36 PM EST,139,1
Feb 18 2025,12:40:52 PM EST,39,1
Feb 18 2025,12:45:31 PM EST,124,1
Feb 18 2025,12:46:05 PM EST,23,0
Feb 18 2025,12:48:07 PM EST,140,1
Feb 18 2025,1:02:15 PM EST,117,0
Feb 18 2025,1:18:23 PM EST,104,1
Feb 18 2025,1:25:52 PM EST,28,0
Feb 18 2025,1:26:54 PM EST,140,1
Feb 18 2025,1:34:39 PM EST,140,1
Feb 18 2025,1:46:03 PM EST,39,1
Feb 18 2025,1:51:44 PM EST,35,0
Feb 18 2025,2:24:40 PM EST,140,1
Feb 18 2025,2:27:25 PM EST,131,0
Feb 18 2025,2:29:39 PM EST,77,0
Feb 18 2025,2:30:47 PM EST,52,1
Feb 18 2025,2:31:36 PM EST,140,1
Feb 18 2025,2:32:12 PM EST,140,1
Feb 18 2025,2:33:16 PM EST,32,0
Feb 18 2025,2:33:52 PM EST,27,0
Feb 18 2025,3:38:10 PM EST,28,0
Feb 18 2025,3:59:53 PM EST,208,0
Feb 18 2025,4:02:52 PM EST,235,0
Feb 18 2025,4:04:35 PM EST,39,0
Feb 18 2025,4:28:32 PM EST,49,0
Feb 18 2025,4:30:15 PM EST,135,1
Feb 18 2025,4:30:38 PM EST,57,0
Feb 18 2025,4:33:10 PM EST,71,0
Feb 18 2025,4:36:59 PM EST,28,0
Feb 18 2025,4:44:36 PM EST,133,1
Feb 18 2025,5:38:00 PM EST,28,0
Feb 18 2025,6:04:58 PM EST,254,0
Feb 18 2025,6:08:02 PM EST,23,0
Feb 18 2025,6:08:24 PM EST,23,0
Feb 18 2025,6:10:46 PM EST,137,0
Feb 18 2025,7:09:32 PM EST,54,0
Feb 18 2025,8:42:55 PM EST,23,0
Feb 18 2025,8:43:36 PM EST,23,0
Feb 18 2025,8:44:40 PM EST,38,1
Feb 18 2025,8:49:29 PM EST,140,1
Feb 18 2025,10:15:30 PM EST,33,0
Feb 18 2025,10:23:04 PM EST,23,0
Feb 18 2025,10:26:16 PM EST,23,0
Feb 18 2025,10:27:52 PM EST,23,0
Feb 18 2025,10:28:18 PM EST,139,1
Feb 18 2025,10:40:26 PM EST,74,1
Feb 18 2025,10:41:06 PM EST,23,0
Feb 18 2025,10:42:26 PM EST,35,0
Feb 18 2025,10:43:41 PM EST,140,1
Feb 18 2025,10:45:51 PM EST,140,1
Feb 18 2025,10:47:30 PM EST,59,0
Feb 18 2025,10:49:21 PM EST,23,0
Feb 18 2025,10:58:23 PM EST,23,0
Feb 18 2025,10:59:14 PM EST,23,0
Feb 18 2025,11:24:57 PM EST,36,0
Feb 18 2025,11:27:19 PM EST,140,1
Feb 18 2025,11:27:34 PM EST,140,1
Feb 18 2025,11:27:56 PM EST,140,1
Feb 18 2025,11:48:08 PM EST,77,1
Feb 18 2025,11:51:38 PM EST,139,1
Feb 18 2025,11:52:33 PM EST,25,0
Feb 18 2025,11:54:27 PM EST,146,0
Feb 18 2025,11:54:54 PM EST,31,0
Feb 18 2025,11:56:33 PM EST,28,0
Feb 19 2025,12:06:31 AM EST,140,1
Feb 19 2025,12:13:18 AM EST,25,0
Feb 19 2025,12:14:16 AM EST,140,1
Feb 19 2025,12:15:28 AM EST,139,1
Feb 19 2025,12:19:12 AM EST,25,0
Feb 19 2025,12:19:59 AM EST,139,1
Feb 19 2025,12:25:02 AM EST,27,0
Feb 19 2025,12:27:13 AM EST,23,0
Feb 19 2025,12:29:16 AM EST,140,1
Feb 19 2025,12:29:49 AM EST,139,1
Feb 19 2025,12:41:35 AM EST,154,0
Feb 19 2025,12:42:42 AM EST,43,0
Feb 19 2025,12:52:26 AM EST,27,0
Feb 19 2025,1:21:28 AM EST,28,0
Feb 19 2025,1:25:57 AM EST,140,1
Feb 19 2025,1:38:16 AM EST,62,0
Feb 19 2025,1:43:16 AM EST,51,0
Feb 19 2025,1:57:27 AM EST,140,1
Feb 19 2025,2:00:46 AM EST,140,1
Feb 19 2025,2:12:39 AM EST,134,1
Feb 19 2025,2:15:04 AM EST,83,0
Feb 19 2025,2:16:40 AM EST,53,0
Feb 19 2025,2:18:15 AM EST,103,0
Feb 19 2025,2:50:38 AM EST,25,0
Feb 19 2025,2:57:44 AM EST,138,1
Feb 19 2025,3:07:21 AM EST,25,0
Feb 19 2025,3:12:02 AM EST,28,0
Feb 19 2025,3:34:21 AM EST,140,1
Feb 19 2025,3:38:08 AM EST,138,0
Feb 19 2025,3:58:05 AM EST,58,0
Feb 19 2025,4:12:32 AM EST,62,0
Feb 19 2025,4:15:49 AM EST,23,0
Feb 19 2025,4:17:39 AM EST,27,0
Feb 19 2025,4:18:26 AM EST,28,0
Feb 19 2025,4:19:44 AM EST,104,1
Feb 19 2025,4:21:03 AM EST,140,1
Feb 19 2025,4:47:41 AM EST,119,0
Feb 19 2025,5:02:25 AM EST,55,0
Feb 19 2025,5:03:58 AM EST,27,0
Feb 19 2025,5:09:08 AM EST,50,0
Feb 19 2025,5:10:22 AM EST,25,0
Feb 19 2025,5:11:32 AM EST,140,1
Feb 19 2025,5:14:23 AM EST,140,1
Feb 19 2025,5:14:58 AM EST,38,0
Feb 19 2025,5:17:59 AM EST,27,0
Feb 19 2025,5:30:24 AM EST,255,0
Feb 19 2025,5:31:02 AM EST,62,1
Feb 19 2025,5:32:34 AM EST,79,0
Feb 19 2025,5:33:54 AM EST,47,0
Feb 19 2025,5:35:06 AM EST,135,1
Feb 19 2025,5:38:05 AM EST,71,1
Feb 19 2025,5:51:33 AM EST,140,1
Feb 19 2025,5:55:49 AM EST,58,0
Feb 19 2025,5:56:20 AM EST,110,1
Feb 19 2025,9:44:00 AM EST,140,1
Feb 19 2025,10:00:15 AM EST,63,0
Feb 19 2025,10:07:49 AM EST,139,1
Feb 19 2025,10:29:36 AM EST,38,0
Feb 19 2025,11:06:19 AM EST,52,0
Feb 19 2025,1:46:04 PM EST,44,1
Feb 19 2025,1:48:03 PM EST,138,1
Feb 19 2025,1:50:40 PM EST,76,0
Feb 19 2025,1:52:26 PM EST,140,1
Feb 19 2025,1:57:48 PM EST,86,0
Feb 19 2025,1:58:52 PM EST,93,1
Feb 19 2025,2:00:00 PM EST,69,0
Feb 19 2025,2:01:07 PM EST,64,0
Feb 19 2025,2:02:27 PM EST,139,1
Feb 19 2025,2:14:01 PM EST,34,0
Feb 19 2025,2:18:44 PM EST,163,0
Feb 19 2025,2:42:11 PM EST,37,0
Feb 19 2025,2:43:36 PM EST,67,1
Feb 19 2025,2:53:14 PM EST,140,1
Feb 19 2025,2:55:13 PM EST,53,1
Feb 19 2025,2:56:41 PM EST,139,1
Feb 19 2025,3:02:32 PM EST,23,0
Feb 19 2025,3:02:38 PM EST,23,0
Feb 19 2025,3:03:29 PM EST,71,1
Feb 19 2025,3:05:38 PM EST,127,1
Feb 19 2025,3:39:10 PM EST,139,1
Feb 19 2025,4:20:48 PM EST,125,1
Feb 19 2025,4:22:14 PM EST,23,0
Feb 19 2025,4:22:41 PM EST,25,0
Feb 19 2025,4:23:27 PM EST,28,0
Feb 19 2025,4:24:25 PM EST,37,0
Feb 19 2025,4:25:47 PM EST,62,1
Feb 19 2025,4:26:41 PM EST,28,0
Feb 19 2025,7:38:20 PM EST,140,1
Feb 19 2025,10:06:27 PM EST,28,0
Feb 19 2025,10:18:05 PM EST,255,0
Feb 19 2025,10:22:29 PM EST,140,1
Feb 19 2025,10:28:06 PM EST,28,0
Feb 19 2025,10:29:11 PM EST,140,1
Feb 19 2025,10:30:02 PM EST,28,0
Feb 19 2025,10:31:29 PM EST,79,0
Feb 19 2025,10:32:53 PM EST,78,0
Feb 19 2025,10:42:19 PM EST,125,1
Feb 19 2025,10:52:11 PM EST,138,1
Feb 19 2025,10:56:00 PM EST,62,0
Feb 19 2025,10:58:44 PM EST,37,0
Feb 19 2025,11:00:12 PM EST,28,0
Feb 19 2025,11:02:43 PM EST,37,0
Feb 19 2025,11:03:22 PM EST,140,1
Feb 19 2025,11:05:19 PM EST,33,0
Feb 19 2025,11:06:50 PM EST,85,0
Feb 19 2025,11:08:30 PM EST,105,1
Feb 19 2025,11:52:06 PM EST,140,1
Feb 19 2025,11:52:47 PM EST,27,0
Feb 19 2025,11:53:50 PM EST,140,1
Feb 19 2025,11:54:14 PM EST,23,0
Feb 19 2025,11:55:19 PM EST,25,0
Feb 20 2025,12:16:42 AM EST,110,1
Feb 20 2025,12:17:48 AM EST,23,0
Feb 20 2025,12:18:42 AM EST,23,0
Feb 20 2025,12:21:15 AM EST,28,0
Feb 20 2025,12:24:07 AM EST,139,1
Feb 20 2025,12:32:33 AM EST,139,1
Feb 20 2025,12:35:33 AM EST,140,1
Feb 20 2025,12:47:35 AM EST,140,1
Feb 20 2025,12:54:39 AM EST,106,0
Feb 20 2025,12:56:11 AM EST,23,0
Feb 20 2025,8:16:09 AM EST,140,1
Feb 20 2025,8:20:46 AM EST,140,1
Feb 20 2025,8:21:12 AM EST,106,1
Feb 20 2025,8:22:35 AM EST,139,1
Feb 20 2025,8:26:53 AM EST,140,1
Feb 20 2025,8:28:22 AM EST,59,1
Feb 20 2025,8:30:41 AM EST,69,0
Feb 20 2025,8:33:41 AM EST,64,0
Feb 20 2025,8:35:08 AM EST,101,1
Feb 20 2025,8:35:27 AM EST,139,1
Feb 20 2025,8:36:55 AM EST,42,0
Feb 20 2025,8:38:19 AM EST,140,1
Feb 20 2025,8:41:23 AM EST,88,1
Feb 20 2025,8:43:31 AM EST,27,0
Feb 20 2025,8:54:02 AM EST,248,0
Feb 20 2025,8:56:28 AM EST,93,0
Feb 20 2025,9:01:18 AM EST,84,0
Feb 20 2025,9:11:27 AM EST,28,0
Feb 20 2025,9:12:24 AM EST,85,0
Feb 20 2025,9:16:05 AM EST,255,0
Feb 20 2025,9:20:48 AM EST,209,0
Feb 20 2025,9:25:39 AM EST,173,0
Feb 20 2025,9:35:06 AM EST,28,0
Feb 20 2025,9:35:38 AM EST,86,0
Feb 20 2025,9:40:48 AM EST,140,1
Feb 20 2025,9:50:25 AM EST,31,0
Feb 20 2025,9:58:00 AM EST,57,0
Feb 20 2025,9:59:15 AM EST,54,0
Feb 20 2025,10:05:35 AM EST,27,0
Feb 20 2025,10:06:42 AM EST,28,0
Feb 20 2025,10:08:53 AM EST,59,0
Feb 20 2025,11:06:27 AM EST,40,0
Feb 20 2025,11:11:31 AM EST,94,1
Feb 20 2025,11:11:43 AM EST,139,1
Feb 20 2025,11:13:54 AM EST,36,0
Feb 20 2025,11:14:38 AM EST,36,0
Feb 20 2025,11:19:26 AM EST,131,0
Feb 20 2025,11:19:45 AM EST,23,0
Feb 20 2025,11:23:34 AM EST,29,0
Feb 20 2025,11:35:10 AM EST,255,0
Feb 20 2025,11:35:54 AM EST,35,0
Feb 20 2025,11:36:23 AM EST,140,1
Feb 20 2025,11:39:11 AM EST,58,0
Feb 20 2025,11:40:01 AM EST,139,1
Feb 20 2025,11:46:41 AM EST,23,0
Feb 20 2025,11:46:54 AM EST,140,1
Feb 20 2025,12:04:09 PM EST,120,1
Feb 20 2025,12:05:49 PM EST,158,0
Feb 20 2025,12:31:11 PM EST,28,0
Feb 20 2025,1:09:00 PM EST,140,1
Feb 20 2025,1:10:46 PM EST,49,0
Feb 20 2025,1:11:44 PM EST,140,1
Feb 20 2025,1:12:15 PM EST,26,0
Feb 20 2025,4:24:40 PM EST,127,1
Feb 20 2025,4:25:18 PM EST,40,0
Feb 20 2025,4:27:11 PM EST,207,0
Feb 20 2025,4:46:03 PM EST,57,0
Feb 20 2025,4:46:27 PM EST,140,1
Feb 20 2025,4:48:20 PM EST,140,1
Feb 20 2025,4:53:00 PM EST,140,1
Feb 20 2025,4:53:16 PM EST,138,1
Feb 20 2025,4:53:56 PM EST,47,0
Feb 20 2025,6:29:23 PM EST,140,1
Feb 20 2025,6:30:26 PM EST,26,0
Feb 20 2025,6:33:31 PM EST,23,0
Feb 20 2025,6:35:06 PM EST,40,0
Feb 20 2025,6:37:46 PM EST,140,1
Feb 20 2025,6:38:46 PM EST,76,1
Feb 20 2025,6:42:03 PM EST,46,0
Feb 20 2025,6:42:49 PM EST,25,0
Feb 20 2025,6:52:27 PM EST,29,0
Feb 20 2025,10:21:42 PM EST,140,1
Feb 20 2025,10:26:07 PM EST,28,0
Feb 20 2025,10:27:10 PM EST,139,1
Feb 20 2025,10:29:25 PM EST,54,0
Feb 20 2025,10:33:06 PM EST,80,0
Feb 20 2025,10:33:55 PM EST,28,0
Feb 20 2025,10:34:58 PM EST,42,0
Feb 20 2025,10:35:55 PM EST,140,1
Feb 20 2025,10:40:12 PM EST,23,0
Feb 20 2025,10:41:38 PM EST,40,0
Feb 20 2025,10:42:09 PM EST,76,1
Feb 20 2025,11:06:02 PM EST,32,0
Feb 20 2025,11:06:44 PM EST,46,0
Feb 20 2025,11:07:37 PM EST,140,1
Feb 20 2025,11:10:58 PM EST,65,1
Feb 20 2025,11:12:04 PM EST,23,0
Feb 20 2025,11:14:41 PM EST,26,0
Feb 20 2025,11:19:05 PM EST,140,1
Feb 20 2025,11:30:02 PM EST,140,1
Feb 20 2025,11:33:12 PM EST,140,1
Feb 20 2025,11:48:54 PM EST,25,0
Feb 20 2025,11:59:46 PM EST,28,0
Feb 21 2025,12:07:04 AM EST,180,0
Feb 21 2025,12:14:53 AM EST,25,0
Feb 21 2025,12:33:45 AM EST,139,1
Feb 21 2025,12:34:04 AM EST,24,1
Feb 21 2025,1:06:27 AM EST,36,0
Feb 21 2025,1:08:42 AM EST,140,1
Feb 21 2025,1:10:20 AM EST,35,0
Feb 21 2025,1:37:26 AM EST,140,1
Feb 21 2025,1:37:58 AM EST,140,1
Feb 21 2025,1:38:41 AM EST,25,0
Feb 21 2025,1:39:25 AM EST,30,0
Feb 21 2025,1:42:08 AM EST,139,1
Feb 21 2025,1:42:28 AM EST,139,1
Feb 21 2025,1:43:10 AM EST,38,1
Feb 21 2025,1:44:23 AM EST,140,1
Feb 21 2025,1:51:56 AM EST,70,0
Feb 21 2025,1:52:20 AM EST,25,0
Feb 21 2025,1:53:13 AM EST,28,0
Feb 21 2025,2:01:38 AM EST,51,1
Feb 21 2025,2:04:30 AM EST,54,0
Feb 21 2025,2:22:44 AM EST,27,0
Feb 21 2025,2:23:27 AM EST,140,1
Feb 21 2025,2:24:30 AM EST,26,0
Feb 21 2025,2:27:27 AM EST,140,1
Feb 21 2025,2:33:31 AM EST,23,0
Feb 21 2025,2:36:21 AM EST,61,1
Feb 21 2025,2:37:24 AM EST,34,0
Feb 21 2025,2:38:16 AM EST,59,0
Feb 21 2025,2:38:57 AM EST,34,0
Feb 21 2025,2:39:26 AM EST,55,0
Feb 21 2025,2:40:17 AM EST,29,0
Feb 21 2025,2:41:33 AM EST,140,1
Feb 21 2025,2:43:02 AM EST,112,0
Feb 21 2025,10:58:32 AM EST,140,1
Feb 21 2025,10:59:06 AM EST,27,0
Feb 21 2025,11:05:36 AM EST,140,1
Feb 21 2025,11:11:10 AM EST,255,0
Feb 21 2025,11:20:40 AM EST,33,0
Feb 21 2025,11:22:01 AM EST,101,0
Feb 21 2025,11:28:14 AM EST,239,0
Feb 21 2025,11:44:58 AM EST,231,0
Feb 21 2025,11:52:39 AM EST,255,0
Feb 21 2025,11:53:07 AM EST,28,0
Feb 21 2025,11:53:36 AM EST,34,0
Feb 21 2025,12:00:40 PM EST,23,0
Feb 21 2025,12:11:13 PM EST,23,0
Feb 21 2025,12:13:58 PM EST,56,0
Feb 21 2025,12:18:47 PM EST,107,1
Feb 21 2025,12:22:23 PM EST,210,0
Feb 21 2025,12:26:36 PM EST,140,1
Feb 21 2025,12:31:47 PM EST,23,0
Feb 21 2025,12:32:49 PM EST,96,0
Feb 21 2025,12:35:38 PM EST,140,1
Feb 21 2025,12:36:07 PM EST,25,0
Feb 21 2025,12:36:59 PM EST,45,0
Feb 21 2025,12:37:29 PM EST,64,0
Feb 21 2025,12:47:12 PM EST,140,1
Feb 21 2025,12:47:32 PM EST,35,0
Feb 21 2025,12:58:30 PM EST,42,0
Feb 21 2025,1:01:34 PM EST,43,0
Feb 21 2025,1:02:54 PM EST,108,1
Feb 21 2025,1:03:20 PM EST,30,0
Feb 21 2025,2:36:40 PM EST,140,1
Feb 21 2025,2:38:21 PM EST,47,0
Feb 21 2025,2:41:40 PM EST,28,0
Feb 21 2025,3:46:26 PM EST,139,1
Feb 21 2025,3:49:50 PM EST,49,0
Feb 21 2025,3:53:37 PM EST,58,0
Feb 21 2025,3:58:32 PM EST,57,0
Feb 21 2025,4:03:13 PM EST,26,0
Feb 21 2025,4:04:36 PM EST,23,0
Feb 21 2025,4:07:43 PM EST,62,0
Feb 21 2025,4:42:32 PM EST,59,0
Feb 21 2025,4:43:24 PM EST,73,0
Feb 21 2025,4:43:45 PM EST,140,1
Feb 21 2025,4:44:49 PM EST,140,1
Feb 21 2025,4:45:09 PM EST,28,0
Feb 21 2025,4:45:19 PM EST,108,1
Feb 21 2025,4:54:08 PM EST,201,0
Feb 21 2025,5:57:45 PM EST,140,1
Feb 21 2025,6:06:27 PM EST,140,1
Feb 21 2025,6:20:24 PM EST,139,1
Feb 21 2025,6:20:37 PM EST,71,1
Feb 21 2025,6:21:56 PM EST,38,1
Feb 21 2025,6:22:57 PM EST,74,0
Feb 21 2025,6:52:11 PM EST,25,0
Feb 21 2025,6:55:56 PM EST,25,0
Feb 21 2025,6:56:51 PM EST,42,0
Feb 21 2025,6:58:01 PM EST,50,0
Feb 21 2025,6:58:34 PM EST,33,0
Feb 21 2025,7:07:19 PM EST,140,1
Feb 21 2025,7:16:27 PM EST,140,1
Feb 21 2025,7:19:32 PM EST,88,0
Feb 21 2025,7:20:36 PM EST,101,1
Feb 21 2025,7:40:09 PM EST,75,0
Feb 21 2025,7:47:18 PM EST,140,1
Feb 21 2025,7:55:50 PM EST,27,0
Feb 21 2025,8:02:24 PM EST,140,1
Feb 21 2025,8:31:10 PM EST,139,1
Feb 21 2025,9:08:42 PM EST,38,0
Feb 22 2025,1:50:47 AM EST,124,1
Feb 22 2025,2:29:11 AM EST,139,1
Feb 22 2025,2:29:32 AM EST,140,1
Feb 22 2025,3:00:56 AM EST,140,1
Feb 22 2025,3:03:26 AM EST,23,0
Feb 22 2025,3:08:13 AM EST,23,0
Feb 22 2025,3:08:25 AM EST,23,0
Feb 22 2025,3:10:46 AM EST,95,1
Feb 22 2025,3:17:26 AM EST,28,0
Feb 22 2025,3:18:47 AM EST,140,1
Feb 22 2025,3:21:51 AM EST,132,1
Feb 22 2025,3:24:14 AM EST,25,0
Feb 22 2025,3:27:31 AM EST,23,0
Feb 22 2025,4:06:35 AM EST,23,0
Feb 22 2025,4:07:13 AM EST,140,1
Feb 22 2025,4:08:21 AM EST,42,0
Feb 22 2025,4:09:15 AM EST,140,1
Feb 22 2025,4:12:18 AM EST,231,0
Feb 22 2025,4:13:36 AM EST,18,0
Feb 22 2025,4:15:47 AM EST,139,1
Feb 22 2025,4:18:56 AM EST,48,0
Feb 22 2025,4:24:01 AM EST,220,0
Feb 22 2025,4:24:32 AM EST,31,0
Feb 22 2025,4:29:54 AM EST,127,0
Feb 22 2025,4:33:49 AM EST,140,1
Feb 22 2025,4:34:19 AM EST,140,1
Feb 22 2025,4:37:05 AM EST,138,1
Feb 22 2025,4:50:03 AM EST,59,1
Feb 22 2025,4:50:38 AM EST,139,1
Feb 22 2025,4:52:50 AM EST,28,0
Feb 22 2025,4:53:35 AM EST,140,1
Feb 22 2025,4:56:37 AM EST,64,0
Feb 22 2025,4:57:03 AM EST,26,0
Feb 22 2025,4:57:26 AM EST,140,1
Feb 22 2025,4:59:05 AM EST,23,0
Feb 22 2025,4:59:56 AM EST,78,1
Feb 22 2025,5:02:20 AM EST,56,0
Feb 22 2025,5:05:46 AM EST,25,0
Feb 22 2025,5:09:56 AM EST,140,1
Feb 22 2025,5:15:46 AM EST,23,0
Feb 22 2025,5:17:17 AM EST,140,1
Feb 22 2025,5:18:01 AM EST,140,1
Feb 22 2025,5:21:55 AM EST,105,0
Feb 22 2025,5:24:48 AM EST,33,0
Feb 22 2025,11:08:48 AM EST,47,0
Feb 22 2025,11:11:35 AM EST,23,0
Feb 22 2025,11:33:02 AM EST,140,1
Feb 22 2025,11:39:34 AM EST,26,0
Feb 22 2025,11:40:40 AM EST,43,0
Feb 22 2025,11:41:19 AM EST,28,0
Feb 22 2025,11:42:51 AM EST,140,1
Feb 22 2025,11:44:46 AM EST,74,1
Feb 22 2025,11:46:24 AM EST,136,1
Feb 22 2025,11:49:30 AM EST,40,0
Feb 22 2025,11:51:00 AM EST,32,0
Feb 22 2025,11:53:29 AM EST,27,0
Feb 22 2025,11:57:52 AM EST,137,1
Feb 22 2025,12:03:29 PM EST,56,0
Feb 22 2025,12:03:45 PM EST,133,1
Feb 22 2025,12:08:43 PM EST,49,0
Feb 22 2025,12:18:03 PM EST,25,0
Feb 22 2025,12:30:15 PM EST,140,1
Feb 22 2025,12:34:39 PM EST,139,1
Feb 22 2025,12:36:44 PM EST,68,1
Feb 22 2025,12:37:04 PM EST,27,0
Feb 22 2025,12:37:26 PM EST,42,0
Feb 22 2025,12:39:18 PM EST,28,0
Feb 22 2025,12:41:09 PM EST,38,0
Feb 22 2025,12:45:59 PM EST,23,0
Feb 22 2025,1:37:48 PM EST,31,0
Feb 22 2025,1:38:49 PM EST,26,0
Feb 22 2025,1:39:44 PM EST,140,1
Feb 22 2025,1:47:09 PM EST,91,0
Feb 22 2025,1:48:25 PM EST,140,1
Feb 22 2025,1:51:06 PM EST,25,0
Feb 22 2025,1:52:14 PM EST,25,0
Feb 22 2025,1:54:14 PM EST,37,0
Feb 22 2025,1:56:00 PM EST,56,0
Feb 22 2025,1:59:05 PM EST,25,0
Feb 22 2025,2:01:36 PM EST,131,0
Feb 22 2025,2:02:02 PM EST,28,0
Feb 22 2025,2:02:39 PM EST,25,0
Feb 22 2025,2:10:53 PM EST,23,0
Feb 22 2025,2:17:12 PM EST,137,1
Feb 22 2025,2:18:51 PM EST,78,0
Feb 22 2025,2:19:37 PM EST,32,0
Feb 22 2025,2:20:35 PM EST,140,1
Feb 22 2025,2:28:35 PM EST,49,0
Feb 22 2025,2:34:53 PM EST,59,1
Feb 22 2025,2:41:24 PM EST,23,0
Feb 22 2025,2:46:25 PM EST,217,0
Feb 22 2025,3:05:36 PM EST,25,0
Feb 22 2025,3:12:44 PM EST,66,0
Feb 22 2025,3:13:18 PM EST,140,1
Feb 22 2025,3:13:37 PM EST,32,0
Feb 22 2025,3:32:15 PM EST,54,0
Feb 22 2025,3:41:56 PM EST,28,0
Feb 22 2025,3:42:50 PM EST,48,0
Feb 22 2025,3:44:39 PM EST,75,1
Feb 22 2025,3:47:18 PM EST,140,1
Feb 22 2025,3:51:50 PM EST,129,1
Feb 22 2025,3:52:26 PM EST,23,0
Feb 22 2025,3:56:53 PM EST,140,1
Feb 22 2025,3:58:50 PM EST,84,1
Feb 22 2025,4:04:39 PM EST,59,0
Feb 22 2025,4:07:14 PM EST,56,0
Feb 22 2025,4:23:03 PM EST,28,0
Feb 22 2025,4:23:54 PM EST,55,0
Feb 22 2025,5:08:38 PM EST,140,1
Feb 22 2025,5:10:59 PM EST,37,0
Feb 22 2025,5:33:32 PM EST,79,0
Feb 22 2025,5:34:08 PM EST,28,0
Feb 22 2025,5:36:09 PM EST,30,0
Feb 22 2025,5:37:58 PM EST,39,0
Feb 22 2025,5:43:05 PM EST,92,1
Feb 22 2025,5:43:19 PM EST,80,1
Feb 22 2025,5:49:13 PM EST,37,0
Feb 22 2025,5:50:36 PM EST,163,0
Feb 22 2025,5:51:19 PM EST,57,0
Feb 22 2025,5:51:31 PM EST,140,1
Feb 22 2025,5:52:07 PM EST,23,0
Feb 22 2025,5:53:56 PM EST,28,0
Feb 22 2025,5:54:50 PM EST,34,0
Feb 22 2025,5:57:45 PM EST,45,1
Feb 22 2025,5:59:59 PM EST,139,1
Feb 22 2025,6:04:58 PM EST,54,0
Feb 22 2025,6:16:20 PM EST,35,0
Feb 22 2025,6:18:23 PM EST,28,0
Feb 22 2025,6:21:14 PM EST,26,0
Feb 22 2025,6:24:35 PM EST,28,0
Feb 22 2025,6:35:39 PM EST,27,0
Feb 22 2025,8:35:00 PM EST,23,0
Feb 22 2025,8:51:56 PM EST,140,1
Feb 22 2025,8:53:18 PM EST,39,1
Feb 22 2025,9:36:41 PM EST,18,0
Feb 22 2025,9:41:40 PM EST,25,0
Feb 22 2025,9:42:08 PM EST,140,1
Feb 22 2025,9:53:27 PM EST,140,1
Feb 22 2025,9:53:46 PM EST,38,0
Feb 22 2025,9:55:12 PM EST,43,0
Feb 22 2025,10:22:53 PM EST,140,1
Feb 22 2025,10:23:22 PM EST,27,0
Feb 22 2025,10:30:23 PM EST,45,1
Feb 22 2025,10:30:38 PM EST,85,1
Feb 22 2025,10:36:50 PM EST,213,0
Feb 22 2025,10:42:38 PM EST,173,0
Feb 22 2025,10:43:38 PM EST,25,0
Feb 22 2025,10:47:24 PM EST,179,0
Feb 22 2025,11:04:48 PM EST,98,1
Feb 22 2025,11:10:35 PM EST,140,1
Feb 22 2025,11:13:36 PM EST,31,0
Feb 22 2025,11:31:43 PM EST,59,0
Feb 22 2025,11:38:16 PM EST,43,0
Feb 22 2025,11:47:22 PM EST,89,1
Feb 22 2025,11:50:41 PM EST,43,1
Feb 22 2025,11:52:01 PM EST,112,1
Feb 22 2025,11:57:36 PM EST,52,1
Feb 22 2025,11:57:46 PM EST,128,1
Feb 23 2025,12:02:00 AM EST,62,0
Feb 23 2025,12:12:39 AM EST,139,1
Feb 23 2025,12:18:07 AM EST,145,0
Feb 23 2025,12:19:02 AM EST,94,1
Feb 23 2025,12:21:11 AM EST,25,0
Feb 23 2025,12:22:06 AM EST,140,1
Feb 23 2025,12:36:17 AM EST,139,1
Feb 23 2025,12:38:50 AM EST,139,1
Feb 23 2025,8:35:09 AM EST,46,0
Feb 23 2025,8:43:20 AM EST,255,0
Feb 23 2025,8:45:47 AM EST,62,0
Feb 23 2025,8:46:45 AM EST,28,0
Feb 23 2025,8:47:40 AM EST,28,0
Feb 23 2025,8:49:17 AM EST,33,0
Feb 23 2025,9:05:05 AM EST,25,0
Feb 23 2025,9:06:26 AM EST,59,0
Feb 23 2025,9:07:55 AM EST,60,0
Feb 23 2025,9:12:57 AM EST,27,0
Feb 23 2025,9:14:04 AM EST,23,0
Feb 23 2025,9:14:43 AM EST,27,0
Feb 23 2025,9:17:38 AM EST,135,1
Feb 23 2025,9:18:00 AM EST,140,1
Feb 23 2025,9:18:49 AM EST,26,0
Feb 23 2025,9:23:35 AM EST,132,0
Feb 23 2025,9:25:20 AM EST,60,0
Feb 23 2025,9:27:07 AM EST,138,1
Feb 23 2025,9:27:21 AM EST,140,1
Feb 23 2025,9:30:25 AM EST,164,0
Feb 23 2025,9:31:11 AM EST,27,0
Feb 23 2025,9:31:40 AM EST,140,1
Feb 23 2025,9:33:15 AM EST,75,1
Feb 23 2025,9:35:32 AM EST,55,0
Feb 23 2025,9:42:02 AM EST,56,0
Feb 23 2025,9:46:12 AM EST,116,1
Feb 23 2025,9:47:48 AM EST,27,0
Feb 23 2025,10:00:35 AM EST,27,0
Feb 23 2025,10:15:17 AM EST,62,0
Feb 23 2025,10:17:27 AM EST,29,0
Feb 23 2025,12:02:20 PM EST,139,1
Feb 23 2025,12:02:44 PM EST,136,1
Feb 23 2025,3:05:38 PM EST,31,0
Feb 23 2025,4:09:22 PM EST,59,0
Feb 23 2025,4:13:01 PM EST,31,0
Feb 23 2025,4:22:40 PM EST,23,0
Feb 23 2025,4:25:07 PM EST,35,0
Feb 23 2025,4:25:59 PM EST,140,1
Feb 23 2025,4:43:50 PM EST,53,0
Feb 23 2025,4:44:55 PM EST,23,0
Feb 23 2025,4:56:24 PM EST,33,0
Feb 23 2025,4:56:50 PM EST,140,1
Feb 23 2025,4:58:48 PM EST,25,0
Feb 23 2025,5:00:23 PM EST,86,1
Feb 23 2025,5:01:20 PM EST,58,1
Feb 23 2025,5:04:40 PM EST,59,0
Feb 23 2025,5:06:02 PM EST,27,0
Feb 23 2025,5:28:13 PM EST,140,1
Feb 23 2025,5:28:51 PM EST,23,0
Feb 23 2025,5:31:47 PM EST,225,0
Feb 23 2025,5:36:44 PM EST,67,1
Feb 23 2025,5:38:07 PM EST,31,0
Feb 23 2025,5:40:28 PM EST,36,0
Feb 23 2025,6:51:12 PM EST,46,0
Feb 23 2025,6:53:22 PM EST,102,0
Feb 23 2025,7:03:56 PM EST,25,0
Feb 23 2025,7:12:06 PM EST,48,1
Feb 23 2025,7:12:21 PM EST,37,0
Feb 23 2025,7:14:35 PM EST,83,1
Feb 23 2025,7:16:38 PM EST,28,0
Feb 23 2025,7:17:59 PM EST,107,1
Feb 23 2025,7:20:26 PM EST,77,1
Feb 23 2025,7:20:55 PM EST,35,0
Feb 23 2025,7:22:30 PM EST,80,0
Feb 23 2025,7:34:42 PM EST,54,0
Feb 23 2025,7:39:55 PM EST,139,1
Feb 23 2025,7:42:46 PM EST,216,0
Feb 23 2025,7:51:36 PM EST,157,0
Feb 23 2025,7:57:03 PM EST,119,1
Feb 23 2025,8:19:51 PM EST,71,1
Feb 23 2025,8:34:25 PM EST,42,0
Feb 23 2025,8:34:52 PM EST,140,1
Feb 23 2025,8:45:12 PM EST,50,0
Feb 23 2025,8:46:39 PM EST,50,0
Feb 23 2025,8:49:28 PM EST,83,0
Feb 23 2025,8:52:22 PM EST,140,1
Feb 23 2025,9:15:58 PM EST,108,0
Feb 23 2025,9:20:07 PM EST,25,0
Feb 23 2025,9:21:33 PM EST,119,1
Feb 23 2025,10:01:31 PM EST,27,0
Feb 23 2025,10:03:29 PM EST,29,0
Feb 23 2025,10:12:04 PM EST,27,1
Feb 23 2025,10:18:41 PM EST,53,0
Feb 23 2025,10:19:30 PM EST,70,0
Feb 23 2025,10:22:52 PM EST,51,0
Feb 23 2025,10:27:26 PM EST,63,0
Feb 23 2025,10:43:05 PM EST,140,1
Feb 23 2025,10:48:00 PM EST,47,0
Feb 23 2025,10:48:30 PM EST,53,0
Feb 23 2025,11:02:12 PM EST,92,0
Feb 23 2025,11:03:32 PM EST,78,0
Feb 23 2025,11:05:14 PM EST,89,1
Feb 23 2025,11:06:54 PM EST,27,0
Feb 24 2025,12:08:58 AM EST,64,1
Feb 24 2025,12:15:48 AM EST,82,1
Feb 24 2025,12:29:33 AM EST,139,1
Feb 24 2025,12:33:53 AM EST,25,0
Feb 24 2025,12:38:01 AM EST,140,1
Feb 24 2025,12:42:14 AM EST,28,0
Feb 24 2025,12:43:25 AM EST,140,1
Feb 24 2025,1:03:10 AM EST,28,0
Feb 24 2025,1:03:48 AM EST,140,1
Feb 24 2025,1:48:16 AM EST,81,1
Feb 24 2025,5:29:09 AM EST,140,1
Feb 24 2025,5:38:12 AM EST,113,0
Feb 24 2025,5:43:16 AM EST,59,0
Feb 24 2025,5:46:56 AM EST,141,0
Feb 24 2025,5:48:06 AM EST,23,0
Feb 24 2025,5:49:09 AM EST,140,1
Feb 24 2025,5:55:39 AM EST,82,0
Feb 24 2025,6:18:14 AM EST,238,0
Feb 24 2025,6:26:17 AM EST,71,1
Feb 24 2025,6:26:53 AM EST,25,0
Feb 24 2025,6:38:22 AM EST,140,1
Feb 24 2025,6:38:36 AM EST,139,1
Feb 24 2025,6:46:44 AM EST,73,0
Feb 24 2025,10:29:10 AM EST,32,0
Feb 24 2025,10:31:09 AM EST,97,0
Feb 24 2025,10:32:30 AM EST,140,1
Feb 24 2025,10:43:20 AM EST,140,1
Feb 24 2025,10:44:07 AM EST,27,0
Feb 24 2025,10:53:15 AM EST,65,0
Feb 24 2025,10:54:59 AM EST,128,1
Feb 24 2025,11:07:26 AM EST,96,0
Feb 24 2025,11:13:22 AM EST,53,1
Feb 24 2025,11:41:16 AM EST,144,0
Feb 24 2025,11:50:53 AM EST,118,0
Feb 24 2025,11:58:52 AM EST,27,0
Feb 24 2025,12:06:01 PM EST,41,0
Feb 24 2025,12:06:09 PM EST,140,1
Feb 24 2025,12:30:55 PM EST,173,0
Feb 24 2025,12:39:46 PM EST,26,0
Feb 24 2025,12:40:46 PM EST,27,0
Feb 24 2025,12:41:56 PM EST,27,0
Feb 24 2025,12:43:32 PM EST,140,1
Feb 24 2025,12:44:31 PM EST,23,0
Feb 24 2025,12:46:51 PM EST,23,0
Feb 24 2025,12:46:54 PM EST,140,1
Feb 24 2025,12:48:30 PM EST,140,1
Feb 24 2025,12:57:50 PM EST,50,0
Feb 24 2025,1:14:20 PM EST,49,0
Feb 24 2025,1:14:44 PM EST,140,1
Feb 24 2025,1:25:13 PM EST,58,0
Feb 24 2025,1:25:21 PM EST,139,1
Feb 24 2025,1:27:10 PM EST,26,0
Feb 24 2025,1:28:11 PM EST,34,0
Feb 24 2025,1:28:31 PM EST,140,1
Feb 24 2025,1:29:07 PM EST,73,0
Feb 24 2025,1:31:48 PM EST,99,0
Feb 24 2025,1:38:19 PM EST,48,0
Feb 24 2025,1:39:18 PM EST,32,0
Feb 24 2025,1:43:03 PM EST,30,0
Feb 24 2025,1:43:24 PM EST,134,1
Feb 24 2025,1:44:02 PM EST,59,0
Feb 24 2025,1:45:28 PM EST,140,1
Feb 24 2025,2:08:02 PM EST,48,0
Feb 24 2025,2:10:40 PM EST,38,0
Feb 24 2025,2:11:05 PM EST,32,0
Feb 24 2025,2:14:37 PM EST,66,0
Feb 24 2025,2:18:13 PM EST,88,1
Feb 24 2025,2:29:25 PM EST,74,0
Feb 24 2025,2:36:27 PM EST,52,0
Feb 24 2025,2:50:39 PM EST,125,1
Feb 24 2025,3:20:30 PM EST,110,1
Feb 24 2025,3:25:00 PM EST,47,0
Feb 24 2025,3:37:19 PM EST,42,0
Feb 24 2025,4:05:21 PM EST,57,0
Feb 24 2025,4:11:15 PM EST,28,0
Feb 24 2025,4:28:45 PM EST,255,0
Feb 24 2025,4:29:00 PM EST,139,1
Feb 24 2025,4:30:50 PM EST,112,0
Feb 24 2025,4:34:46 PM EST,104,1
Feb 24 2025,4:41:27 PM EST,26,0
Feb 24 2025,4:44:26 PM EST,140,1
Feb 24 2025,4:54:03 PM EST,31,0
Feb 24 2025,4:54:20 PM EST,134,1
Feb 24 2025,5:34:10 PM EST,103,0
Feb 24 2025,6:22:09 PM EST,140,1
Feb 24 2025,6:22:38 PM EST,132,1
Feb 24 2025,6:22:44 PM EST,140,1
Feb 24 2025,6:30:50 PM EST,75,0
Feb 24 2025,6:42:43 PM EST,23,0
Feb 24 2025,6:51:20 PM EST,255,0
Feb 24 2025,6:52:23 PM EST,114,0
Feb 24 2025,6:54:43 PM EST,30,0
Feb 24 2025,6:58:26 PM EST,25,0
Feb 24 2025,6:58:47 PM EST,140,1
Feb 24 2025,7:00:42 PM EST,61,0
Feb 24 2025,7:01:46 PM EST,79,0
Feb 24 2025,7:02:18 PM EST,140,1
Feb 24 2025,7:06:34 PM EST,165,0
Feb 24 2025,7:09:31 PM EST,140,1
Feb 24 2025,7:18:11 PM EST,47,0
Feb 24 2025,7:18:54 PM EST,140,1
Feb 24 2025,7:19:28 PM EST,127,1
Feb 24 2025,7:20:04 PM EST,49,0
Feb 24 2025,7:20:56 PM EST,27,0
Feb 24 2025,7:24:07 PM EST,33,0
Feb 24 2025,7:24:31 PM EST,27,0
Feb 24 2025,7:29:34 PM EST,64,0
Feb 24 2025,7:34:25 PM EST,31,0
Feb 24 2025,7:36:33 PM EST,89,0
Feb 24 2025,7:37:11 PM EST,139,1
Feb 24 2025,7:38:40 PM EST,54,0
Feb 24 2025,7:39:17 PM EST,32,0
Feb 24 2025,7:40:31 PM EST,46,0
Feb 24 2025,7:44:11 PM EST,28,0
Feb 24 2025,7:46:54 PM EST,43,0
Feb 24 2025,7:47:31 PM EST,35,0
Feb 24 2025,8:00:53 PM EST,23,0
Feb 24 2025,8:03:06 PM EST,140,1
Feb 24 2025,8:04:17 PM EST,115,0
Feb 24 2025,8:06:20 PM EST,78,0
Feb 24 2025,8:28:43 PM EST,27,0
Feb 24 2025,8:29:41 PM EST,23,0
Feb 24 2025,8:30:09 PM EST,26,0
Feb 24 2025,8:33:38 PM EST,31,0
Feb 24 2025,8:42:18 PM EST,28,0
Feb 24 2025,8:43:44 PM EST,140,1
Feb 24 2025,8:48:20 PM EST,25,0
Feb 24 2025,8:49:43 PM EST,74,0
Feb 24 2025,9:07:26 PM EST,23,0
Feb 24 2025,9:10:14 PM EST,140,1
Feb 24 2025,9:12:52 PM EST,31,0
Feb 24 2025,9:13:58 PM EST,97,0
Feb 24 2025,9:33:43 PM EST,27,0
Feb 24 2025,9:35:48 PM EST,55,1
Feb 24 2025,10:03:27 PM EST,33,0
Feb 24 2025,10:04:45 PM EST,64,0
Feb 24 2025,10:07:16 PM EST,26,0
Feb 24 2025,10:09:37 PM EST,234,0
Feb 24 2025,10:16:57 PM EST,41,0
Feb 24 2025,10:18:04 PM EST,31,0
Feb 24 2025,10:20:29 PM EST,51,0
Feb 24 2025,10:24:27 PM EST,27,0
Feb 24 2025,10:28:46 PM EST,31,0
Feb 24 2025,10:30:27 PM EST,25,0
Feb 24 2025,10:34:50 PM EST,148,0
Feb 24 2025,10:35:11 PM EST,140,1
Feb 24 2025,10:37:19 PM EST,140,1
Feb 24 2025,10:45:34 PM EST,31,0
Feb 24 2025,10:53:10 PM EST,32,0
Feb 24 2025,11:01:17 PM EST,26,0
Feb 24 2025,11:04:02 PM EST,71,0
Feb 24 2025,11:34:33 PM EST,48,0
Feb 24 2025,11:35:52 PM EST,35,0
Feb 24 2025,11:40:15 PM EST,130,0
Feb 24 2025,11:41:10 PM EST,66,0
Feb 24 2025,11:43:43 PM EST,108,0
Feb 24 2025,11:56:12 PM EST,23,0
Feb 24 2025,11:58:56 PM EST,30,0
Feb 24 2025,11:59:33 PM EST,25,0
Feb 25 2025,12:00:14 AM EST,77,0
Feb 25 2025,12:02:04 AM EST,27,0
Feb 25 2025,12:32:11 AM EST,28,0
Feb 25 2025,12:33:21 AM EST,140,1
Feb 25 2025,1:28:43 AM EST,136,0
Feb 25 2025,1:28:57 AM EST,25,0
Feb 25 2025,1:30:44 AM EST,78,0
Feb 25 2025,2:11:34 AM EST,140,1
Feb 25 2025,2:13:45 AM EST,96,1
Feb 25 2025,2:14:28 AM EST,140,1
Feb 25 2025,2:15:11 AM EST,140,1
Feb 25 2025,2:24:40 AM EST,137,1
Feb 25 2025,2:34:12 AM EST,28,0
Feb 25 2025,2:36:16 AM EST,27,0
Feb 25 2025,2:49:12 AM EST,23,0
Feb 25 2025,2:50:21 AM EST,37,1
Feb 25 2025,2:55:38 AM EST,23,0
Feb 25 2025,3:32:43 AM EST,140,1
Feb 25 2025,3:36:30 AM EST,26,0
Feb 25 2025,3:37:33 AM EST,138,1
Feb 25 2025,3:42:18 AM EST,52,1
Feb 25 2025,3:54:22 AM EST,60,1
Feb 25 2025,3:56:54 AM EST,27,0
Feb 25 2025,4:08:08 AM EST,25,0
Feb 25 2025,4:11:56 AM EST,57,0
Feb 25 2025,4:15:24 AM EST,25,0
Feb 25 2025,4:27:31 AM EST,160,0
Feb 25 2025,5:04:23 AM EST,125,1
Feb 25 2025,5:07:32 AM EST,27,0
Feb 25 2025,5:21:39 AM EST,224,0
Feb 25 2025,10:31:46 AM EST,255,0
Feb 25 2025,10:53:02 AM EST,27,0
Feb 25 2025,10:53:32 AM EST,140,1
Feb 25 2025,10:53:59 AM EST,28,0
Feb 25 2025,10:55:45 AM EST,52,0
Feb 25 2025,10:58:48 AM EST,48,0
Feb 25 2025,10:59:29 AM EST,88,1
Feb 25 2025,11:02:47 AM EST,87,0
Feb 25 2025,11:03:15 AM EST,27,0
Feb 25 2025,11:05:03 AM EST,25,0
Feb 25 2025,11:09:51 AM EST,31,0
Feb 25 2025,11:11:46 AM EST,88,1
Feb 25 2025,11:12:16 AM EST,31,0
Feb 25 2025,11:17:43 AM EST,23,0
Feb 25 2025,11:19:36 AM EST,47,0
Feb 25 2025,11:31:46 AM EST,68,0
Feb 25 2025,11:32:43 AM EST,144,1
Feb 25 2025,11:37:26 AM EST,27,0
Feb 25 2025,11:43:08 AM EST,23,0
Feb 25 2025,11:43:27 AM EST,116,1
Feb 25 2025,11:54:43 AM EST,28,0
Feb 25 2025,12:04:39 PM EST,140,1
Feb 25 2025,12:50:31 PM EST,47,0
Feb 25 2025,12:51:04 PM EST,28,0
Feb 25 2025,12:54:07 PM EST,28,0
Feb 25 2025,12:54:46 PM EST,28,0
Feb 25 2025,1:12:08 PM EST,139,0
Feb 25 2025,1:13:29 PM EST,54,0
Feb 25 2025,1:21:05 PM EST,46,0
Feb 25 2025,1:23:50 PM EST,28,0
Feb 25 2025,1:27:01 PM EST,59,0
Feb 25 2025,1:30:22 PM EST,27,0
Feb 25 2025,1:31:24 PM EST,140,1
Feb 25 2025,1:34:03 PM EST,23,0
Feb 25 2025,1:36:00 PM EST,43,0
Feb 25 2025,1:37:55 PM EST,23,0
Feb 25 2025,1:40:40 PM EST,32,0
Feb 25 2025,1:44:11 PM EST,137,1
Feb 25 2025,2:12:24 PM EST,30,0
Feb 25 2025,2:13:18 PM EST,23,0
Feb 25 2025,2:14:07 PM EST,140,1
Feb 25 2025,2:14:57 PM EST,136,1
Feb 25 2025,2:20:24 PM EST,95,1
Feb 25 2025,2:20:29 PM EST,140,1
Feb 25 2025,2:22:01 PM EST,28,0
Feb 25 2025,2:25:00 PM EST,180,0
Feb 25 2025,2:25:32 PM EST,25,0
Feb 25 2025,2:26:51 PM EST,138,1
Feb 25 2025,2:27:13 PM EST,133,1
Feb 25 2025,2:29:00 PM EST,47,0
Feb 25 2025,2:35:16 PM EST,139,1
Feb 25 2025,2:35:52 PM EST,140,1
Feb 25 2025,2:36:02 PM EST,140,1
Feb 25 2025,2:39:31 PM EST,53,0
Feb 25 2025,2:40:24 PM EST,73,1
Feb 25 2025,2:48:42 PM EST,140,1
Feb 25 2025,2:49:57 PM EST,25,0
Feb 25 2025,2:51:52 PM EST,137,0
Feb 25 2025,3:04:02 PM EST,25,0
Feb 25 2025,3:34:40 PM EST,140,0
Feb 25 2025,4:02:23 PM EST,139,1
Feb 25 2025,4:05:32 PM EST,140,1
Feb 25 2025,4:07:33 PM EST,25,0
Feb 25 2025,4:27:56 PM EST,27,0
Feb 25 2025,4:28:45 PM EST,39,0
Feb 25 2025,4:35:14 PM EST,57,0
Feb 25 2025,5:06:14 PM EST,25,0
Feb 25 2025,5:06:56 PM EST,140,1
Feb 25 2025,5:08:17 PM EST,101,0
Feb 25 2025,5:14:23 PM EST,23,0
Feb 25 2025,5:16:51 PM EST,139,1
Feb 25 2025,5:19:51 PM EST,28,0
Feb 25 2025,5:24:50 PM EST,130,0
Feb 25 2025,5:32:55 PM EST,26,0
Feb 25 2025,5:56:26 PM EST,58,0
Feb 25 2025,5:59:15 PM EST,181,0
Feb 25 2025,6:07:04 PM EST,182,0
Feb 25 2025,6:08:14 PM EST,38,1
Feb 25 2025,6:09:23 PM EST,57,0
Feb 25 2025,6:09:55 PM EST,55,0
Feb 25 2025,6:10:10 PM EST,32,0
Feb 25 2025,6:26:00 PM EST,210,0
Feb 25 2025,6:27:58 PM EST,77,0
Feb 25 2025,7:14:01 PM EST,28,0
Feb 25 2025,7:32:08 PM EST,130,0
Feb 25 2025,7:40:24 PM EST,63,0
Feb 25 2025,7:50:59 PM EST,145,0
Feb 25 2025,7:55:13 PM EST,139,1
Feb 25 2025,7:55:34 PM EST,42,0
Feb 25 2025,8:35:39 PM EST,255,0
Feb 25 2025,8:36:00 PM EST,140,1
Feb 25 2025,11:08:43 PM EST,140,1
Feb 25 2025,11:09:21 PM EST,83,1
Feb 25 2025,11:37:56 PM EST,32,0
Feb 26 2025,12:06:05 AM EST,23,0
Feb 26 2025,12:17:34 AM EST,130,1
Feb 26 2025,12:21:31 AM EST,105,1
Feb 26 2025,12:26:00 AM EST,140,1
Feb 26 2025,1:55:13 AM EST,26,0
Feb 26 2025,8:20:37 AM EST,140,1
Feb 26 2025,8:21:14 AM EST,140,1
Feb 26 2025,8:29:46 AM EST,100,1
Feb 26 2025,8:32:51 AM EST,67,0
Feb 26 2025,8:39:36 AM EST,71,0
Feb 26 2025,8:49:44 AM EST,134,0
Feb 26 2025,8:50:25 AM EST,28,0
Feb 26 2025,8:52:02 AM EST,54,0
Feb 26 2025,8:53:14 AM EST,140,1
Feb 26 2025,8:53:57 AM EST,70,0
Feb 26 2025,8:55:25 AM EST,105,0
Feb 26 2025,8:56:24 AM EST,26,0
Feb 26 2025,9:13:31 AM EST,40,0
Feb 26 2025,9:14:36 AM EST,27,0
Feb 26 2025,9:14:51 AM EST,139,1
Feb 26 2025,9:18:47 AM EST,161,0
Feb 26 2025,9:27:17 AM EST,255,0
Feb 26 2025,9:28:11 AM EST,66,0
Feb 26 2025,9:28:27 AM EST,130,1
Feb 26 2025,9:29:12 AM EST,23,0
Feb 26 2025,9:29:53 AM EST,25,0
Feb 26 2025,10:02:37 AM EST,42,0
Feb 26 2025,10:05:29 AM EST,157,0
Feb 26 2025,10:07:06 AM EST,61,0
Feb 26 2025,10:09:44 AM EST,118,0
Feb 26 2025,10:11:04 AM EST,49,0
Feb 26 2025,10:11:43 AM EST,27,0
Feb 26 2025,10:12:12 AM EST,47,0
Feb 26 2025,10:26:51 AM EST,140,1
Feb 26 2025,2:29:05 PM EST,125,1
Feb 26 2025,2:31:25 PM EST,23,0
Feb 26 2025,2:31:56 PM EST,140,1
Feb 26 2025,2:33:30 PM EST,41,0
Feb 26 2025,2:34:22 PM EST,23,0
Feb 26 2025,2:34:59 PM EST,23,0
Feb 26 2025,2:38:23 PM EST,144,0
Feb 26 2025,2:46:34 PM EST,255,0
Feb 26 2025,3:49:56 PM EST,26,0
Feb 26 2025,4:39:01 PM EST,25,0
Feb 26 2025,5:08:43 PM EST,115,1
Feb 26 2025,5:09:29 PM EST,34,0
Feb 26 2025,5:09:58 PM EST,140,1
Feb 26 2025,5:11:23 PM EST,25,0
Feb 26 2025,5:43:24 PM EST,63,0
Feb 26 2025,9:06:43 PM EST,140,1
Feb 26 2025,9:11:06 PM EST,140,1
Feb 26 2025,9:11:55 PM EST,139,1
Feb 26 2025,9:48:57 PM EST,139,1
Feb 26 2025,9:56:07 PM EST,31,0
Feb 26 2025,9:57:29 PM EST,25,0
Feb 26 2025,10:04:21 PM EST,140,1
Feb 26 2025,10:25:40 PM EST,25,0
Feb 26 2025,10:27:53 PM EST,37,0
Feb 26 2025,10:59:36 PM EST,23,0
Feb 26 2025,11:42:21 PM EST,140,1
Feb 27 2025,12:03:03 AM EST,140,1
Feb 27 2025,12:14:25 AM EST,109,1
Feb 27 2025,12:29:55 AM EST,138,1
Feb 27 2025,12:33:24 AM EST,116,0
Feb 27 2025,12:40:41 AM EST,23,0
Feb 27 2025,12:44:41 AM EST,41,1
Feb 27 2025,12:49:38 AM EST,53,0
Feb 27 2025,12:56:50 AM EST,23,0
Feb 27 2025,1:01:50 AM EST,147,1
Feb 27 2025,1:08:20 AM EST,140,1
Feb 27 2025,1:15:49 AM EST,27,0
Feb 27 2025,1:17:25 AM EST,140,1
Feb 27 2025,8:29:32 AM EST,41,0
Feb 27 2025,8:29:40 AM EST,140,1
Feb 27 2025,8:33:56 AM EST,139,1
Feb 27 2025,9:06:00 AM EST,27,0
Feb 27 2025,9:08:44 AM EST,177,0
Feb 27 2025,9:09:00 AM EST,27,0
Feb 27 2025,9:10:47 AM EST,84,0
Feb 27 2025,9:13:39 AM EST,29,0
Feb 27 2025,9:26:35 AM EST,237,0
Feb 27 2025,9:27:13 AM EST,61,0
Feb 27 2025,9:39:00 AM EST,52,0
Feb 27 2025,9:43:25 AM EST,219,0
Feb 27 2025,9:44:52 AM EST,66,0
Feb 27 2025,9:47:54 AM EST,44,0
Feb 27 2025,9:49:41 AM EST,43,0
Feb 27 2025,9:55:58 AM EST,62,0
Feb 27 2025,10:09:54 AM EST,255,0
Feb 27 2025,10:21:45 AM EST,255,0
Feb 27 2025,10:26:02 AM EST,189,0
Feb 27 2025,10:36:42 AM EST,238,0
Feb 27 2025,10:39:13 AM EST,139,0
Feb 27 2025,10:41:02 AM EST,92,0
Feb 27 2025,10:42:37 AM EST,26,0
Feb 27 2025,10:48:23 AM EST,91,0
Feb 27 2025,10:51:48 AM EST,124,0
Feb 27 2025,10:54:44 AM EST,89,0
Feb 27 2025,10:54:58 AM EST,97,1
Feb 27 2025,10:55:14 AM EST,140,1
Feb 27 2025,10:58:30 AM EST,140,1
Feb 27 2025,10:59:13 AM EST,35,0
Feb 27 2025,11:40:16 AM EST,140,1
Feb 27 2025,12:34:05 PM EST,140,1
Feb 27 2025,12:38:36 PM EST,46,0
Feb 27 2025,12:55:17 PM EST,35,0
Feb 27 2025,12:55:56 PM EST,33,0
Feb 27 2025,12:57:07 PM EST,45,0
Feb 27 2025,1:13:09 PM EST,32,0
Feb 27 2025,1:58:32 PM EST,23,0
Feb 27 2025,1:59:47 PM EST,140,1
Feb 27 2025,2:13:00 PM EST,110,1
Feb 27 2025,2:16:21 PM EST,25,0
Feb 27 2025,2:24:35 PM EST,149,0
Feb 27 2025,5:44:08 PM EST,31,0
Feb 27 2025,5:44:21 PM EST,140,1
Feb 27 2025,6:21:45 PM EST,140,1
Feb 27 2025,6:23:36 PM EST,41,0
Feb 27 2025,6:25:55 PM EST,25,0
Feb 27 2025,6:32:40 PM EST,140,1
Feb 27 2025,6:34:14 PM EST,140,1
Feb 27 2025,6:38:07 PM EST,37,0
Feb 27 2025,6:49:34 PM EST,140,1
Feb 27 2025,7:01:36 PM EST,27,0
Feb 27 2025,8:54:28 PM EST,33,0
Feb 27 2025,9:02:20 PM EST,25,0
Feb 27 2025,9:08:41 PM EST,27,0
Feb 27 2025,9:56:29 PM EST,52,0
Feb 27 2025,10:15:42 PM EST,77,0
Feb 27 2025,10:21:39 PM EST,43,0
Feb 27 2025,10:29:06 PM EST,142,0
Feb 28 2025,2:07:56 AM EST,48,0
Feb 28 2025,2:17:37 AM EST,138,1
Feb 28 2025,2:17:52 AM EST,143,1
Feb 28 2025,2:18:51 AM EST,47,0
Feb 28 2025,2:23:45 AM EST,85,0
Feb 28 2025,2:32:46 AM EST,255,0
Feb 28 2025,2:40:52 AM EST,144,1
Feb 28 2025,2:46:38 AM EST,132,1
Feb 28 2025,3:27:27 AM EST,140,1
Feb 28 2025,3:29:30 AM EST,140,1
Feb 28 2025,3:31:44 AM EST,55,1
Feb 28 2025,3:31:56 AM EST,137,1
Feb 28 2025,3:34:26 AM EST,33,0
Feb 28 2025,3:34:59 AM EST,81,1
Feb 28 2025,3:36:33 AM EST,31,0
Feb 28 2025,4:10:58 AM EST,56,0
Feb 28 2025,4:11:51 AM EST,139,1
Feb 28 2025,4:13:55 AM EST,69,0
Feb 28 2025,4:15:46 AM EST,56,0
Feb 28 2025,4:17:06 AM EST,52,0
Feb 28 2025,4:17:37 AM EST,25,0
Feb 28 2025,4:20:23 AM EST,27,0
Feb 28 2025,4:23:09 AM EST,96,1
Feb 28 2025,4:43:38 AM EST,23,0
Feb 28 2025,4:50:34 AM EST,25,0
Feb 28 2025,5:15:42 AM EST,140,1
Feb 28 2025,5:19:01 AM EST,79,1
Feb 28 2025,9:47:07 AM EST,42,0
Feb 28 2025,9:53:02 AM EST,28,0
Feb 28 2025,10:10:09 AM EST,190,0
Feb 28 2025,10:11:03 AM EST,28,0
Feb 28 2025,10:13:37 AM EST,33,0
Feb 28 2025,10:16:23 AM EST,91,0
Feb 28 2025,10:26:36 AM EST,140,1
Feb 28 2025,10:31:12 AM EST,29,0
Feb 28 2025,10:34:38 AM EST,255,0
Feb 28 2025,10:35:08 AM EST,140,1
Feb 28 2025,10:40:29 AM EST,28,0
Feb 28 2025,10:44:25 AM EST,61,1
Feb 28 2025,10:48:53 AM EST,135,1
Feb 28 2025,11:13:40 AM EST,23,0
Feb 28 2025,11:32:39 AM EST,255,0
Feb 28 2025,11:33:41 AM EST,139,1
Feb 28 2025,11:40:14 AM EST,48,0
Feb 28 2025,11:42:42 AM EST,23,0
Feb 28 2025,11:43:06 AM EST,25,0
Feb 28 2025,11:48:53 AM EST,35,0
Feb 28 2025,11:51:50 AM EST,99,0
Feb 28 2025,11:57:19 AM EST,58,0
Feb 28 2025,12:01:27 PM EST,144,1
Feb 28 2025,12:05:33 PM EST,255,0
Feb 28 2025,12:18:15 PM EST,26,0
Feb 28 2025,12:18:50 PM EST,140,1
Feb 28 2025,12:19:26 PM EST,31,0
Feb 28 2025,12:45:32 PM EST,47,0
Feb 28 2025,12:47:07 PM EST,140,1
Feb 28 2025,12:47:35 PM EST,140,1
Feb 28 2025,12:48:38 PM EST,140,1
Feb 28 2025,12:51:37 PM EST,32,0
Feb 28 2025,1:04:20 PM EST,63,0
Feb 28 2025,1:06:58 PM EST,77,0
Feb 28 2025,1:07:20 PM EST,37,0
Feb 28 2025,1:09:51 PM EST,95,1
Feb 28 2025,1:10:20 PM EST,75,0
Feb 28 2025,1:10:52 PM EST,92,1
Feb 28 2025,1:11:11 PM EST,124,1
Feb 28 2025,2:49:34 PM EST,36,1
Feb 28 2025,2:50:36 PM EST,30,0
Feb 28 2025,2:51:31 PM EST,139,1
Feb 28 2025,3:10:45 PM EST,44,1
Feb 28 2025,3:12:36 PM EST,32,0
Feb 28 2025,3:16:03 PM EST,78,0
Feb 28 2025,3:27:08 PM EST,54,0
Feb 28 2025,3:30:36 PM EST,23,0
Feb 28 2025,3:35:10 PM EST,44,0
Feb 28 2025,3:50:46 PM EST,140,1
Feb 28 2025,3:52:04 PM EST,41,0
Feb 28 2025,4:00:04 PM EST,110,0
Feb 28 2025,4:01:11 PM EST,54,0
Feb 28 2025,4:03:06 PM EST,25,0
Feb 28 2025,4:06:56 PM EST,86,0
Feb 28 2025,4:10:18 PM EST,23,0
Feb 28 2025,4:11:49 PM EST,47,0
Feb 28 2025,4:42:38 PM EST,138,1
Feb 28 2025,4:42:55 PM EST,140,1
Feb 28 2025,4:45:54 PM EST,23,0
Feb 28 2025,4:48:28 PM EST,94,0
Feb 28 2025,5:08:00 PM EST,48,0
Feb 28 2025,5:13:37 PM EST,255,0
Feb 28 2025,6:11:48 PM EST,43,0
Feb 28 2025,6:18:17 PM EST,140,1
Feb 28 2025,6:19:43 PM EST,144,1
Feb 28 2025,6:42:23 PM EST,140,1
Feb 28 2025,6:42:44 PM EST,140,1
Feb 28 2025,6:44:49 PM EST,37,0
Feb 28 2025,6:47:50 PM EST,23,0
Feb 28 2025,7:01:44 PM EST,40,0
Feb 28 2025,7:02:56 PM EST,140,1
Feb 28 2025,7:04:23 PM EST,23,0
Feb 28 2025,7:05:38 PM EST,140,1
Feb 28 2025,11:10:51 PM EST,23,0
Mar 1 2025,12:29:58 AM EST,25,0
Mar 1 2025,12:30:58 AM EST,23,0
Mar 1 2025,8:54:43 AM EST,139,1
Mar 1 2025,8:56:28 AM EST,16,1
Mar 1 2025,8:58:15 AM EST,140,1
Mar 1 2025,9:13:40 AM EST,140,1
Mar 1 2025,9:15:19 AM EST,112,0
Mar 1 2025,9:23:32 AM EST,140,1
Mar 1 2025,9:32:46 AM EST,77,0
Mar 1 2025,9:57:43 AM EST,27,0
Mar 1 2025,10:01:35 AM EST,47,0
Mar 1 2025,10:15:14 AM EST,255,0
Mar 1 2025,10:15:52 AM EST,140,1
Mar 1 2025,1:03:27 PM EST,140,1
Mar 1 2025,1:21:08 PM EST,87,0
Mar 1 2025,1:40:09 PM EST,138,1
Mar 1 2025,1:46:35 PM EST,29,0
Mar 1 2025,2:11:03 PM EST,54,0
Mar 1 2025,2:51:40 PM EST,54,1
Mar 1 2025,3:39:30 PM EST,110,0
Mar 1 2025,3:41:09 PM EST,30,0
Mar 1 2025,3:57:10 PM EST,140,1
Mar 1 2025,3:58:56 PM EST,23,0
Mar 1 2025,6:02:29 PM EST,31,0
Mar 1 2025,6:18:49 PM EST,25,0
Mar 1 2025,6:20:04 PM EST,28,0
Mar 1 2025,7:35:47 PM EST,140,1
Mar 1 2025,7:41:01 PM EST,128,0
Mar 1 2025,7:47:37 PM EST,139,1
Mar 1 2025,8:05:48 PM EST,42,1
Mar 1 2025,8:06:15 PM EST,106,1
Mar 1 2025,8:09:19 PM EST,140,1
Mar 1 2025,8:32:34 PM EST,139,1
Mar 1 2025,8:32:50 PM EST,140,1
Mar 1 2025,8:35:26 PM EST,89,0
Mar 1 2025,8:36:54 PM EST,140,1
Mar 1 2025,8:43:14 PM EST,140,1
Mar 1 2025,9:24:47 PM EST,42,0
Mar 1 2025,9:33:43 PM EST,139,1
Mar 1 2025,9:35:33 PM EST,31,0
Mar 1 2025,9:55:57 PM EST,23,0
Mar 1 2025,9:57:23 PM EST,25,0
Mar 2 2025,12:20:04 AM EST,47,1
Mar 2 2025,12:22:06 AM EST,97,1
Mar 2 2025,12:22:10 AM EST,140,1
Mar 2 2025,12:29:11 AM EST,27,0
Mar 2 2025,12:40:16 AM EST,140,1
Mar 2 2025,12:40:40 AM EST,77,1
Mar 2 2025,12:43:28 AM EST,140,1
Mar 2 2025,1:04:55 AM EST,27,0
Mar 2 2025,1:06:01 AM EST,86,1
Mar 2 2025,5:05:57 AM EST,140,1
Mar 2 2025,5:25:24 AM EST,72,1
Mar 2 2025,5:28:10 AM EST,23,0
Mar 2 2025,5:29:00 AM EST,43,1
Mar 2 2025,5:29:08 AM EST,64,1
Mar 2 2025,5:35:16 AM EST,97,0
Mar 2 2025,5:36:19 AM EST,27,0
Mar 2 2025,5:37:58 AM EST,139,1
Mar 2 2025,5:38:29 AM EST,23,0
Mar 2 2025,5:38:48 AM EST,44,1
Mar 2 2025,5:39:24 AM EST,28,0
Mar 2 2025,5:41:20 AM EST,140,1
Mar 2 2025,5:42:39 AM EST,140,1
Mar 2 2025,5:49:52 AM EST,53,0
Mar 2 2025,5:52:58 AM EST,28,0
Mar 2 2025,5:53:44 AM EST,140,1
Mar 2 2025,5:57:49 AM EST,23,0
Mar 2 2025,5:59:38 AM EST,67,0
Mar 2 2025,6:00:05 AM EST,73,1
Mar 2 2025,6:04:56 AM EST,23,0
Mar 2 2025,6:06:07 AM EST,136,1
Mar 2 2025,6:07:02 AM EST,23,0
Mar 2 2025,6:13:39 AM EST,119,1
Mar 2 2025,6:14:24 AM EST,140,1
Mar 2 2025,6:20:09 AM EST,231,0
Mar 2 2025,6:20:55 AM EST,34,0
Mar 2 2025,9:42:56 AM EST,28,0
Mar 2 2025,9:52:28 AM EST,122,1
Mar 2 2025,10:04:28 AM EST,44,0
Mar 2 2025,10:06:04 AM EST,111,1
Mar 2 2025,10:13:35 AM EST,23,0
Mar 2 2025,10:14:56 AM EST,139,1
Mar 2 2025,10:15:14 AM EST,139,1
Mar 2 2025,10:34:29 AM EST,42,0
Mar 2 2025,10:36:30 AM EST,31,0
Mar 2 2025,10:38:35 AM EST,23,0
Mar 2 2025,10:40:59 AM EST,124,0
Mar 2 2025,10:42:02 AM EST,63,0
Mar 2 2025,10:44:27 AM EST,90,0
Mar 2 2025,10:58:49 AM EST,82,0
Mar 2 2025,11:01:07 AM EST,61,1
Mar 2 2025,11:07:38 AM EST,199,0
Mar 2 2025,11:15:38 AM EST,53,0
Mar 2 2025,11:17:28 AM EST,105,0
Mar 2 2025,11:21:21 AM EST,134,1
Mar 2 2025,11:22:59 AM EST,134,1
Mar 2 2025,11:24:29 AM EST,50,0
Mar 2 2025,11:25:01 AM EST,139,1
Mar 2 2025,11:26:00 AM EST,73,1
Mar 2 2025,11:37:24 AM EST,46,1
Mar 2 2025,11:38:24 AM EST,139,1
Mar 2 2025,11:38:51 AM EST,139,1
Mar 2 2025,11:39:02 AM EST,140,1
Mar 2 2025,11:41:02 AM EST,75,1
Mar 2 2025,11:41:08 AM EST,140,1
Mar 2 2025,11:43:34 AM EST,247,0
Mar 2 2025,11:44:35 AM EST,33,0
Mar 2 2025,11:48:26 AM EST,139,1
Mar 2 2025,12:18:43 PM EST,40,0
Mar 2 2025,12:20:14 PM EST,30,0
Mar 2 2025,12:22:26 PM EST,26,0
Mar 2 2025,12:37:34 PM EST,139,1
Mar 2 2025,12:41:11 PM EST,23,0
Mar 2 2025,12:42:04 PM EST,31,0
Mar 2 2025,12:50:09 PM EST,23,0
Mar 2 2025,1:17:09 PM EST,140,1
Mar 2 2025,2:16:57 PM EST,44,0
Mar 2 2025,2:19:04 PM EST,64,0
Mar 2 2025,3:10:31 PM EST,117,1
Mar 2 2025,3:13:35 PM EST,139,1
Mar 2 2025,3:20:31 PM EST,63,0
Mar 2 2025,3:20:58 PM EST,31,0
Mar 2 2025,3:21:09 PM EST,60,1
Mar 2 2025,3:23:06 PM EST,65,0
Mar 2 2025,3:23:54 PM EST,112,1
Mar 2 2025,3:38:23 PM EST,79,0
Mar 2 2025,4:31:38 PM EST,51,0
Mar 2 2025,4:36:15 PM EST,41,1
Mar 2 2025,4:57:04 PM EST,78,1
Mar 2 2025,5:46:03 PM EST,122,1
Mar 2 2025,5:48:01 PM EST,140,1
Mar 2 2025,5:50:06 PM EST,27,0
Mar 2 2025,6:00:42 PM EST,62,0
Mar 2 2025,8:24:19 PM EST,31,0
Mar 2 2025,10:32:27 PM EST,181,0
Mar 2 2025,10:32:58 PM EST,28,0
Mar 2 2025,10:36:30 PM EST,97,0
Mar 2 2025,10:41:07 PM EST,140,1
Mar 2 2025,10:42:20 PM EST,139,1
Mar 2 2025,10:58:11 PM EST,25,0
Mar 2 2025,11:01:14 PM EST,33,0
Mar 2 2025,11:02:19 PM EST,28,0
Mar 2 2025,11:18:11 PM EST,140,1
Mar 2 2025,11:18:38 PM EST,38,0
Mar 2 2025,11:19:58 PM EST,27,0
Mar 2 2025,11:21:06 PM EST,25,0
Mar 2 2025,11:27:39 PM EST,140,1
Mar 2 2025,11:29:15 PM EST,55,0
Mar 2 2025,11:29:55 PM EST,27,0
Mar 2 2025,11:37:01 PM EST,41,0
Mar 2 2025,11:39:18 PM EST,144,0
Mar 3 2025,12:51:53 AM EST,39,1
Mar 3 2025,1:04:44 AM EST,140,1
Mar 3 2025,1:04:59 AM EST,101,1
Mar 3 2025,1:09:05 AM EST,140,1
Mar 3 2025,1:09:18 AM EST,111,1
Mar 3 2025,1:11:33 AM EST,37,0
Mar 3 2025,1:56:32 AM EST,62,1
Mar 3 2025,1:59:53 AM EST,47,1
Mar 3 2025,2:03:32 AM EST,27,0
Mar 3 2025,2:05:04 AM EST,30,1
Mar 3 2025,2:08:11 AM EST,25,0
Mar 3 2025,2:11:41 AM EST,52,1
Mar 3 2025,2:24:28 AM EST,140,1
Mar 3 2025,2:26:50 AM EST,140,1
Mar 3 2025,2:28:28 AM EST,140,1
Mar 3 2025,2:29:40 AM EST,140,1
Mar 3 2025,2:29:46 AM EST,139,1
Mar 3 2025,2:32:48 AM EST,27,0
Mar 3 2025,2:36:55 AM EST,140,1
Mar 3 2025,2:41:02 AM EST,140,1
Mar 3 2025,2:43:54 AM EST,140,1
Mar 3 2025,2:51:03 AM EST,136,1
Mar 3 2025,2:57:38 AM EST,140,1
Mar 3 2025,3:15:35 AM EST,25,0
Mar 3 2025,6:27:46 AM EST,140,1
Mar 3 2025,12:12:38 PM EST,202,0
Mar 3 2025,12:53:30 PM EST,254,0
Mar 3 2025,12:55:36 PM EST,102,0
Mar 3 2025,1:05:26 PM EST,25,0
Mar 3 2025,1:12:11 PM EST,26,0
Mar 3 2025,1:12:33 PM EST,112,1
Mar 3 2025,1:12:45 PM EST,139,1
Mar 3 2025,1:15:25 PM EST,74,0
Mar 3 2025,1:31:22 PM EST,36,1
Mar 3 2025,1:36:01 PM EST,61,0
Mar 3 2025,1:36:56 PM EST,87,0
Mar 3 2025,1:47:15 PM EST,139,1
Mar 3 2025,1:48:21 PM EST,43,0
Mar 3 2025,2:10:59 PM EST,140,1
Mar 3 2025,2:12:05 PM EST,139,1
Mar 3 2025,2:12:28 PM EST,140,1
Mar 3 2025,2:14:29 PM EST,137,1
Mar 3 2025,2:16:29 PM EST,140,1
Mar 3 2025,2:17:54 PM EST,140,1
Mar 3 2025,2:27:15 PM EST,29,0
Mar 3 2025,2:27:32 PM EST,44,1
Mar 3 2025,2:29:07 PM EST,114,0
Mar 3 2025,2:30:21 PM EST,140,1
Mar 3 2025,2:30:36 PM EST,140,1
Mar 3 2025,2:35:42 PM EST,68,1
Mar 3 2025,2:37:18 PM EST,46,0
Mar 3 2025,3:08:19 PM EST,139,1
Mar 3 2025,3:29:11 PM EST,140,1
Mar 3 2025,3:36:31 PM EST,140,1
Mar 3 2025,4:03:34 PM EST,28,0
Mar 3 2025,4:07:00 PM EST,37,0
Mar 3 2025,4:11:51 PM EST,45,0
Mar 3 2025,4:17:25 PM EST,35,0
Mar 3 2025,4:17:40 PM EST,140,1
Mar 3 2025,4:20:03 PM EST,75,1
Mar 3 2025,5:41:29 PM EST,223,0
Mar 3 2025,5:42:47 PM EST,65,0
Mar 3 2025,5:45:12 PM EST,193,0
Mar 3 2025,5:48:44 PM EST,51,0
Mar 3 2025,5:48:52 PM EST,140,1
Mar 3 2025,5:51:00 PM EST,80,0
Mar 3 2025,5:54:06 PM EST,38,1
Mar 3 2025,5:57:21 PM EST,140,1
Mar 3 2025,5:59:13 PM EST,140,1
Mar 3 2025,6:00:26 PM EST,140,1
Mar 3 2025,6:02:49 PM EST,71,0
Mar 3 2025,6:03:32 PM EST,40,1
Mar 3 2025,6:11:12 PM EST,42,0
Mar 3 2025,6:24:19 PM EST,142,0
Mar 3 2025,6:29:32 PM EST,81,1
Mar 3 2025,6:34:20 PM EST,139,1
Mar 3 2025,7:23:48 PM EST,194,0
Mar 3 2025,7:35:47 PM EST,63,0
Mar 3 2025,7:43:21 PM EST,27,0
Mar 3 2025,7:43:40 PM EST,140,1
Mar 3 2025,7:46:20 PM EST,140,1
Mar 3 2025,8:08:03 PM EST,76,1
Mar 3 2025,8:09:37 PM EST,25,0
Mar 3 2025,8:11:40 PM EST,45,0
Mar 3 2025,8:13:19 PM EST,140,1
Mar 3 2025,8:52:33 PM EST,140,1
Mar 3 2025,8:53:19 PM EST,137,1
Mar 3 2025,8:55:27 PM EST,23,0
Mar 3 2025,8:56:06 PM EST,27,0
Mar 3 2025,9:08:04 PM EST,140,1
Mar 3 2025,10:00:03 PM EST,140,1
Mar 3 2025,10:01:14 PM EST,140,1
Mar 3 2025,10:21:59 PM EST,140,1
Mar 3 2025,10:23:20 PM EST,26,0
Mar 3 2025,10:25:08 PM EST,140,1
Mar 3 2025,10:28:53 PM EST,25,0
Mar 3 2025,11:16:44 PM EST,42,0
Mar 3 2025,11:27:21 PM EST,122,0
Mar 3 2025,11:28:31 PM EST,58,0
Mar 3 2025,11:30:49 PM EST,55,0
Mar 3 2025,11:34:52 PM EST,28,0
Mar 3 2025,11:38:00 PM EST,140,1
Mar 3 2025,11:44:40 PM EST,96,1
Mar 3 2025,11:46:49 PM EST,32,0
Mar 4 2025,12:03:33 AM EST,59,1
Mar 4 2025,12:08:09 AM EST,144,1
Mar 4 2025,12:17:50 AM EST,73,1
Mar 4 2025,12:25:00 AM EST,118,1
Mar 4 2025,1:19:38 AM EST,52,0
Mar 4 2025,1:20:59 AM EST,140,1
Mar 4 2025,1:28:03 AM EST,94,1
Mar 4 2025,1:30:01 AM EST,126,0
Mar 4 2025,1:30:37 AM EST,140,1
Mar 4 2025,1:41:03 AM EST,111,0
Mar 4 2025,1:43:23 AM EST,72,0
Mar 4 2025,1:53:34 AM EST,84,0
Mar 4 2025,1:55:28 AM EST,69,0
Mar 4 2025,1:58:53 AM EST,140,1
Mar 4 2025,2:16:50 AM EST,27,0
Mar 4 2025,3:11:40 AM EST,132,1
Mar 4 2025,3:38:03 AM EST,139,1
Mar 4 2025,3:39:12 AM EST,140,1
Mar 4 2025,3:42:31 AM EST,140,1
Mar 4 2025,3:48:58 AM EST,140,1
Mar 4 2025,9:20:40 AM EST,140,1
Mar 4 2025,9:24:53 AM EST,60,0
Mar 4 2025,9:28:39 AM EST,115,0
Mar 4 2025,9:32:36 AM EST,98,0
Mar 4 2025,9:33:43 AM EST,74,1
Mar 4 2025,9:40:43 AM EST,94,0
Mar 4 2025,10:02:54 AM EST,31,0
Mar 4 2025,10:04:06 AM EST,69,0
Mar 4 2025,10:16:47 AM EST,140,1
Mar 4 2025,10:20:28 AM EST,28,0
Mar 4 2025,10:22:12 AM EST,25,0
Mar 4 2025,10:41:30 AM EST,140,1
Mar 4 2025,10:58:01 AM EST,103,0
Mar 4 2025,11:23:17 AM EST,47,0
Mar 4 2025,11:23:38 AM EST,140,1
Mar 4 2025,11:24:10 AM EST,49,0
Mar 4 2025,11:26:35 AM EST,115,0
Mar 4 2025,11:33:50 AM EST,125,0
Mar 4 2025,11:43:07 AM EST,75,0
Mar 4 2025,11:47:58 AM EST,255,0
Mar 4 2025,11:48:30 AM EST,140,1
Mar 4 2025,11:51:29 AM EST,97,0
Mar 4 2025,12:03:00 PM EST,140,1
Mar 4 2025,12:24:27 PM EST,25,0
Mar 4 2025,12:25:01 PM EST,25,0
Mar 4 2025,12:27:46 PM EST,48,0
Mar 4 2025,12:51:56 PM EST,103,0
Mar 4 2025,12:52:28 PM EST,139,1
Mar 4 2025,12:53:31 PM EST,111,0
Mar 4 2025,12:54:59 PM EST,83,0
Mar 4 2025,1:21:49 PM EST,133,0
Mar 4 2025,1:23:21 PM EST,45,0
Mar 4 2025,1:25:07 PM EST,53,1
Mar 4 2025,1:26:44 PM EST,25,0
Mar 4 2025,1:27:24 PM EST,221,0
Mar 4 2025,1:41:17 PM EST,50,0
Mar 4 2025,1:41:42 PM EST,140,1
Mar 4 2025,1:42:35 PM EST,53,0
Mar 4 2025,1:43:24 PM EST,27,0
Mar 4 2025,1:46:44 PM EST,66,0
Mar 4 2025,1:52:47 PM EST,7,0
Mar 4 2025,1:54:35 PM EST,68,0
Mar 4 2025,2:00:55 PM EST,61,0
Mar 4 2025,2:02:03 PM EST,25,0
Mar 4 2025,2:03:48 PM EST,61,0
Mar 4 2025,2:04:32 PM EST,38,0
Mar 4 2025,2:19:04 PM EST,52,0
Mar 4 2025,2:42:14 PM EST,140,1
Mar 4 2025,2:46:44 PM EST,81,1
Mar 4 2025,2:48:07 PM EST,32,0
Mar 4 2025,2:55:58 PM EST,73,1
Mar 4 2025,2:56:10 PM EST,23,0
Mar 4 2025,3:15:04 PM EST,177,0
Mar 4 2025,3:19:19 PM EST,140,1
Mar 4 2025,3:53:07 PM EST,33,0
Mar 4 2025,3:58:32 PM EST,63,0
Mar 4 2025,4:03:04 PM EST,247,0
Mar 4 2025,6:10:06 PM EST,91,0
Mar 4 2025,6:30:05 PM EST,139,1
Mar 4 2025,11:55:25 PM EST,140,1
Mar 5 2025,12:50:24 AM EST,125,0
Mar 5 2025,12:54:54 AM EST,56,0
Mar 5 2025,1:00:00 AM EST,140,1
Mar 5 2025,1:10:11 AM EST,23,0
Mar 5 2025,1:15:53 AM EST,23,0
Mar 5 2025,1:19:49 AM EST,56,0
Mar 5 2025,1:21:52 AM EST,56,1
Mar 5 2025,1:24:43 AM EST,58,0
Mar 5 2025,1:32:28 AM EST,73,0
Mar 5 2025,1:32:55 AM EST,31,0
Mar 5 2025,1:46:38 AM EST,63,1
Mar 5 2025,1:48:42 AM EST,81,1
Mar 5 2025,1:56:13 AM EST,25,0
Mar 5 2025,2:02:21 AM EST,63,1
Mar 5 2025,2:07:28 AM EST,140,1
Mar 5 2025,10:52:48 AM EST,140,1
Mar 5 2025,10:53:50 AM EST,140,1
Mar 5 2025,10:54:43 AM EST,140,1
Mar 5 2025,10:56:02 AM EST,140,1
Mar 5 2025,10:56:43 AM EST,140,1
Mar 5 2025,10:57:27 AM EST,140,1
Mar 5 2025,11:00:13 AM EST,140,1
Mar 5 2025,11:01:09 AM EST,101,0
Mar 5 2025,11:02:47 AM EST,28,0
Mar 5 2025,11:03:31 AM EST,25,0
Mar 5 2025,11:06:06 AM EST,58,0
Mar 5 2025,11:06:18 AM EST,140,1
Mar 5 2025,11:07:10 AM EST,28,0
Mar 5 2025,11:07:39 AM EST,35,0
Mar 5 2025,11:09:16 AM EST,115,1
Mar 5 2025,11:11:05 AM EST,140,1
Mar 5 2025,11:11:40 AM EST,140,1
Mar 5 2025,11:12:58 AM EST,130,1
Mar 5 2025,11:13:08 AM EST,28,0
Mar 5 2025,11:14:00 AM EST,84,1
Mar 5 2025,11:51:54 AM EST,23,0
Mar 5 2025,11:52:37 AM EST,26,0
Mar 5 2025,11:54:36 AM EST,139,1
Mar 5 2025,12:13:48 PM EST,62,0
Mar 5 2025,12:19:01 PM EST,182,0
Mar 5 2025,12:22:42 PM EST,27,0
Mar 5 2025,4:08:39 PM EST,38,1
Mar 5 2025,4:39:29 PM EST,71,0
Mar 5 2025,5:34:07 PM EST,37,0
Mar 5 2025,5:43:55 PM EST,35,0
Mar 5 2025,5:45:21 PM EST,25,0
Mar 5 2025,5:48:33 PM EST,140,1
Mar 5 2025,5:54:36 PM EST,255,0
Mar 5 2025,8:34:07 PM EST,47,0
Mar 5 2025,8:35:19 PM EST,109,1
Mar 5 2025,11:23:08 PM EST,140,1
Mar 5 2025,11:46:32 PM EST,38,0
Mar 6 2025,12:55:47 AM EST,140,1
Mar 6 2025,1:00:33 AM EST,113,1
Mar 6 2025,1:01:24 AM EST,139,1
Mar 6 2025,1:02:57 AM EST,144,0
Mar 6 2025,1:03:13 AM EST,77,1
Mar 6 2025,1:11:27 AM EST,48,1
Mar 6 2025,1:11:42 AM EST,137,1
Mar 6 2025,1:14:44 AM EST,161,0
Mar 6 2025,1:18:23 AM EST,75,1
Mar 6 2025,1:26:00 AM EST,213,0
Mar 6 2025,1:30:50 AM EST,139,1
Mar 6 2025,1:31:06 AM EST,23,0
Mar 6 2025,1:31:52 AM EST,25,0
Mar 6 2025,1:34:21 AM EST,140,1
Mar 6 2025,1:36:11 AM EST,30,0
Mar 6 2025,1:39:23 AM EST,38,1
Mar 6 2025,1:42:02 AM EST,74,0
Mar 6 2025,1:42:32 AM EST,138,1
Mar 6 2025,1:44:21 AM EST,80,1
Mar 6 2025,1:44:30 AM EST,68,1
Mar 6 2025,1:48:24 AM EST,109,1
Mar 6 2025,1:49:08 AM EST,27,0
Mar 6 2025,1:49:33 AM EST,30,0
Mar 6 2025,1:49:50 AM EST,139,1
Mar 6 2025,1:50:35 AM EST,88,1
Mar 6 2025,1:53:43 AM EST,26,0
Mar 6 2025,1:58:07 AM EST,27,0
Mar 6 2025,2:00:38 AM EST,49,0
Mar 6 2025,2:01:08 AM EST,23,0
Mar 6 2025,2:04:45 AM EST,28,0
Mar 6 2025,2:08:45 AM EST,36,0
Mar 6 2025,2:11:44 AM EST,119,1
Mar 6 2025,2:17:24 AM EST,63,1
Mar 6 2025,8:21:03 AM EST,28,0
Mar 6 2025,8:42:28 AM EST,76,0
Mar 6 2025,8:45:48 AM EST,140,1
Mar 6 2025,8:46:55 AM EST,140,1
Mar 6 2025,8:48:41 AM EST,140,1
Mar 6 2025,8:49:05 AM EST,140,1
Mar 6 2025,8:52:17 AM EST,28,0
Mar 6 2025,8:54:45 AM EST,105,1
Mar 6 2025,8:54:53 AM EST,23,0
Mar 6 2025,8:58:05 AM EST,140,1
Mar 6 2025,8:59:03 AM EST,27,0
Mar 6 2025,8:59:30 AM EST,28,0
Mar 6 2025,9:09:01 AM EST,67,1
Mar 6 2025,9:10:47 AM EST,140,1
Mar 6 2025,9:11:26 AM EST,138,1
Mar 6 2025,9:12:27 AM EST,37,0
Mar 6 2025,9:13:45 AM EST,32,0
Mar 6 2025,9:16:32 AM EST,140,1
Mar 6 2025,9:17:42 AM EST,23,0
Mar 6 2025,9:23:34 AM EST,140,1
Mar 6 2025,9:24:29 AM EST,41,0
Mar 6 2025,9:27:56 AM EST,140,1
Mar 6 2025,9:29:09 AM EST,84,1
Mar 6 2025,9:30:54 AM EST,140,1
Mar 6 2025,10:25:45 AM EST,43,0
Mar 6 2025,10:28:37 AM EST,96,0
Mar 6 2025,10:30:28 AM EST,125,0
Mar 6 2025,10:32:03 AM EST,138,0
Mar 6 2025,10:35:11 AM EST,233,0
Mar 6 2025,3:32:38 PM EST,47,0
Mar 6 2025,3:40:01 PM EST,31,0
Mar 6 2025,3:41:36 PM EST,140,1
Mar 6 2025,3:42:12 PM EST,140,1
Mar 6 2025,3:43:09 PM EST,23,0
Mar 6 2025,3:43:20 PM EST,140,1
Mar 6 2025,5:23:20 PM EST,64,0
Mar 6 2025,5:24:51 PM EST,36,0
Mar 6 2025,5:27:06 PM EST,27,0
Mar 6 2025,6:30:26 PM EST,36,0
Mar 6 2025,8:10:43 PM EST,136,1
Mar 6 2025,8:29:11 PM EST,140,1
Mar 6 2025,11:22:51 PM EST,27,0
Mar 6 2025,11:27:10 PM EST,140,1
Mar 6 2025,11:27:40 PM EST,82,1
Mar 6 2025,11:28:13 PM EST,25,0
Mar 6 2025,11:28:27 PM EST,139,1
Mar 7 2025,12:15:42 AM EST,71,1
Mar 7 2025,12:19:01 AM EST,91,1
Mar 7 2025,12:24:58 AM EST,140,1
Mar 7 2025,12:29:31 AM EST,140,1
Mar 7 2025,12:30:09 AM EST,23,0
Mar 7 2025,12:40:33 AM EST,107,1
Mar 7 2025,12:41:53 AM EST,35,1
Mar 7 2025,12:43:20 AM EST,130,1
Mar 7 2025,12:51:08 AM EST,137,1
Mar 7 2025,12:51:54 AM EST,86,1
Mar 7 2025,12:58:55 AM EST,50,1
Mar 7 2025,1:07:10 AM EST,23,0
Mar 7 2025,1:08:52 AM EST,80,1
Mar 7 2025,1:14:43 AM EST,81,0
Mar 7 2025,1:15:46 AM EST,140,1
Mar 7 2025,1:16:13 AM EST,23,0
Mar 7 2025,1:35:50 AM EST,31,0
Mar 7 2025,1:36:09 AM EST,140,1
Mar 7 2025,1:36:20 AM EST,23,0
Mar 7 2025,1:37:45 AM EST,28,0
Mar 7 2025,4:18:11 AM EST,140,1
Mar 7 2025,4:25:29 AM EST,140,1
Mar 7 2025,4:55:12 AM EST,27,0
Mar 7 2025,4:57:46 AM EST,140,1
Mar 7 2025,5:07:53 AM EST,133,1
Mar 7 2025,5:18:10 AM EST,97,0
Mar 7 2025,5:26:37 AM EST,30,0
Mar 7 2025,5:41:28 AM EST,27,0
Mar 7 2025,5:46:18 AM EST,144,1
Mar 7 2025,5:50:01 AM EST,140,1
Mar 7 2025,5:52:42 AM EST,140,1
Mar 7 2025,5:57:12 AM EST,139,1
Mar 7 2025,6:04:44 AM EST,115,1
Mar 7 2025,6:11:32 AM EST,74,1
Mar 7 2025,10:34:54 AM EST,140,1
Mar 7 2025,10:35:23 AM EST,29,0
Mar 7 2025,10:40:11 AM EST,97,0
Mar 7 2025,10:41:05 AM EST,27,0
Mar 7 2025,10:41:17 AM EST,140,1
Mar 7 2025,10:41:42 AM EST,28,0
Mar 7 2025,11:24:51 AM EST,59,0
Mar 7 2025,11:58:42 AM EST,62,0
Mar 7 2025,11:59:39 AM EST,91,1
Mar 7 2025,12:01:20 PM EST,140,1
Mar 7 2025,12:23:30 PM EST,215,0
Mar 7 2025,12:24:29 PM EST,140,1
Mar 7 2025,12:34:13 PM EST,88,0
Mar 7 2025,12:35:24 PM EST,54,0
Mar 7 2025,1:01:31 PM EST,139,1
Mar 7 2025,1:02:33 PM EST,140,1
Mar 7 2025,1:30:25 PM EST,25,0
Mar 7 2025,3:39:27 PM EST,25,0
Mar 7 2025,3:55:21 PM EST,140,1
Mar 7 2025,4:24:48 PM EST,27,0
Mar 7 2025,7:33:26 PM EST,31,0
Mar 7 2025,7:48:05 PM EST,139,1
Mar 7 2025,7:49:55 PM EST,86,1
Mar 7 2025,8:41:52 PM EST,23,0
Mar 7 2025,8:42:54 PM EST,39,1
Mar 7 2025,10:21:35 PM EST,140,1
Mar 7 2025,10:22:04 PM EST,36,0
Mar 7 2025,10:35:52 PM EST,140,1
Mar 7 2025,10:45:57 PM EST,42,0
Mar 7 2025,10:52:35 PM EST,78,1
Mar 7 2025,10:53:00 PM EST,28,0
Mar 7 2025,10:55:20 PM EST,36,0
Mar 7 2025,11:08:56 PM EST,26,0
Mar 7 2025,11:10:18 PM EST,140,1
Mar 7 2025,11:12:44 PM EST,26,0
Mar 7 2025,11:15:30 PM EST,44,1
Mar 8 2025,12:16:58 AM EST,27,0
Mar 8 2025,12:17:10 AM EST,57,1
Mar 8 2025,12:18:02 AM EST,140,1
Mar 8 2025,12:37:55 AM EST,140,1
Mar 8 2025,8:12:23 AM EST,139,1
Mar 8 2025,8:44:56 AM EST,255,0
Mar 8 2025,8:55:34 AM EST,140,1
Mar 8 2025,8:56:06 AM EST,140,1
Mar 8 2025,8:56:33 AM EST,139,1
Mar 8 2025,8:57:06 AM EST,34,0
Mar 8 2025,8:59:48 AM EST,35,0
Mar 8 2025,9:00:08 AM EST,26,0
Mar 8 2025,9:52:03 AM EST,57,0
Mar 8 2025,12:11:16 PM EST,31,0
Mar 8 2025,1:05:51 PM EST,35,0
Mar 8 2025,1:50:55 PM EST,27,0
Mar 8 2025,1:51:10 PM EST,28,0
Mar 8 2025,1:52:25 PM EST,39,0
Mar 8 2025,3:37:57 PM EST,39,0
Mar 8 2025,3:45:29 PM EST,140,1
Mar 8 2025,3:56:59 PM EST,140,1
Mar 8 2025,3:57:45 PM EST,138,1
Mar 8 2025,4:04:28 PM EST,28,0
Mar 8 2025,4:49:07 PM EST,140,1
Mar 8 2025,5:19:41 PM EST,38,0
Mar 8 2025,5:38:49 PM EST,23,0
Mar 8 2025,5:39:43 PM EST,43,1
Mar 8 2025,5:44:15 PM EST,46,0
Mar 8 2025,6:09:10 PM EST,140,1
Mar 8 2025,6:14:25 PM EST,76,1
Mar 8 2025,6:14:43 PM EST,45,1
Mar 8 2025,11:12:21 PM EST,60,0
Mar 8 2025,11:19:03 PM EST,144,1
Mar 8 2025,11:19:33 PM EST,27,0
Mar 8 2025,11:26:45 PM EST,25,0
Mar 8 2025,11:29:52 PM EST,140,1
Mar 8 2025,11:32:16 PM EST,38,1
Mar 8 2025,11:33:15 PM EST,144,1
Mar 8 2025,11:34:27 PM EST,23,0
Mar 8 2025,11:34:59 PM EST,140,1
Mar 8 2025,11:35:19 PM EST,25,0
Mar 8 2025,11:37:37 PM EST,28,0
Mar 8 2025,11:38:22 PM EST,57,0
Mar 8 2025,11:38:59 PM EST,140,1
Mar 8 2025,11:39:49 PM EST,140,1
Mar 8 2025,11:40:17 PM EST,34,0
Mar 8 2025,11:48:27 PM EST,28,0
Mar 8 2025,11:48:56 PM EST,33,0
Mar 8 2025,11:51:54 PM EST,140,1
Mar 8 2025,11:53:50 PM EST,52,1
Mar 8 2025,11:57:57 PM EST,26,0
Mar 9 2025,12:01:56 AM EST,34,0
Mar 9 2025,12:06:45 AM EST,108,0
Mar 9 2025,12:08:34 AM EST,100,0
Mar 9 2025,12:10:06 AM EST,25,0
Mar 9 2025,12:11:45 AM EST,138,1
Mar 9 2025,12:24:12 AM EST,27,0
Mar 9 2025,12:29:09 AM EST,61,0
Mar 9 2025,12:34:00 AM EST,184,0
Mar 9 2025,12:49:30 AM EST,140,1
Mar 9 2025,12:53:02 AM EST,137,1
Mar 9 2025,10:07:07 AM EDT,140,1
Mar 9 2025,10:09:23 AM EDT,39,0
Mar 9 2025,10:11:03 AM EDT,140,1
Mar 9 2025,10:21:07 AM EDT,88,0
Mar 9 2025,10:22:23 AM EDT,28,0
Mar 9 2025,10:22:42 AM EDT,138,1
Mar 9 2025,10:24:14 AM EDT,27,0
Mar 9 2025,10:25:39 AM EDT,85,0
Mar 9 2025,10:28:32 AM EDT,26,0
Mar 9 2025,10:29:24 AM EDT,23,0
Mar 9 2025,10:33:37 AM EDT,73,1
Mar 9 2025,10:35:44 AM EDT,140,1
Mar 9 2025,10:37:18 AM EDT,140,1
Mar 9 2025,10:41:20 AM EDT,25,0
Mar 9 2025,10:43:58 AM EDT,108,1
Mar 9 2025,10:45:25 AM EDT,140,1
Mar 9 2025,10:46:03 AM EDT,31,0
Mar 9 2025,10:50:09 AM EDT,23,0
Mar 9 2025,10:51:21 AM EDT,140,1
Mar 9 2025,10:51:38 AM EDT,140,1
Mar 9 2025,10:53:14 AM EDT,61,0
Mar 9 2025,10:54:21 AM EDT,140,1
Mar 9 2025,11:05:52 AM EDT,23,0
Mar 9 2025,11:06:26 AM EDT,140,1
Mar 9 2025,11:08:04 AM EDT,140,1
Mar 9 2025,11:09:41 AM EDT,23,0
Mar 9 2025,11:11:03 AM EDT,140,1
Mar 9 2025,11:17:25 AM EDT,139,1
Mar 9 2025,11:18:20 AM EDT,61,0
Mar 9 2025,11:25:14 AM EDT,71,0
Mar 9 2025,11:26:19 AM EDT,140,1
Mar 9 2025,11:26:48 AM EDT,115,1
Mar 9 2025,11:27:04 AM EDT,46,1
Mar 9 2025,11:30:38 AM EDT,140,1
Mar 9 2025,11:42:44 AM EDT,107,0
Mar 9 2025,11:43:01 AM EDT,109,1
Mar 9 2025,11:43:14 AM EDT,61,1
Mar 9 2025,11:43:33 AM EDT,140,1
Mar 9 2025,11:43:51 AM EDT,61,1
Mar 9 2025,11:46:37 AM EDT,101,1
Mar 9 2025,12:08:47 PM EDT,140,1
Mar 9 2025,12:27:48 PM EDT,27,0
Mar 9 2025,12:28:49 PM EDT,69,0
Mar 9 2025,12:29:12 PM EDT,138,1
Mar 9 2025,12:45:05 PM EDT,140,1
Mar 9 2025,1:05:20 PM EDT,139,1
Mar 9 2025,1:05:37 PM EDT,28,0
Mar 9 2025,1:05:48 PM EDT,140,1
Mar 9 2025,1:06:38 PM EDT,51,1
Mar 9 2025,1:09:07 PM EDT,130,0
Mar 9 2025,1:11:25 PM EDT,46,1
Mar 9 2025,1:30:35 PM EDT,140,1
Mar 9 2025,1:32:43 PM EDT,35,0
Mar 9 2025,1:34:08 PM EDT,123,1
Mar 9 2025,1:44:23 PM EDT,28,0
Mar 9 2025,1:52:48 PM EDT,38,0
Mar 9 2025,1:53:19 PM EDT,139,1
Mar 9 2025,2:03:25 PM EDT,37,0
Mar 9 2025,2:30:37 PM EDT,140,1
Mar 9 2025,2:31:23 PM EDT,50,0
Mar 9 2025,2:31:41 PM EDT,37,0
Mar 9 2025,5:00:01 PM EDT,140,1
Mar 9 2025,5:01:39 PM EDT,66,1
Mar 9 2025,11:54:43 PM EDT,92,0
Mar 10 2025,12:13:48 AM EDT,114,1
Mar 10 2025,12:22:34 AM EDT,201,0
Mar 10 2025,12:23:08 AM EDT,139,1
Mar 10 2025,12:25:02 AM EDT,115,0
Mar 10 2025,1:59:35 AM EDT,140,1
Mar 10 2025,2:21:47 AM EDT,139,1
Mar 10 2025,2:24:34 AM EDT,138,1
Mar 10 2025,2:30:04 AM EDT,88,1
Mar 10 2025,2:30:32 AM EDT,140,1
Mar 10 2025,2:32:07 AM EDT,23,0
Mar 10 2025,2:32:26 AM EDT,31,0
Mar 10 2025,2:34:22 AM EDT,109,1
Mar 10 2025,2:34:41 AM EDT,140,1
Mar 10 2025,2:35:37 AM EDT,140,1
Mar 10 2025,2:36:32 AM EDT,25,0
Mar 10 2025,2:38:03 AM EDT,23,0
Mar 10 2025,2:38:47 AM EDT,129,1
Mar 10 2025,8:14:09 AM EDT,140,1
Mar 10 2025,8:15:59 AM EDT,140,1
Mar 10 2025,8:18:10 AM EDT,120,0
Mar 10 2025,8:20:07 AM EDT,59,0
Mar 10 2025,8:20:43 AM EDT,140,1
Mar 10 2025,8:22:09 AM EDT,140,1
Mar 10 2025,8:24:40 AM EDT,28,0
Mar 10 2025,8:24:56 AM EDT,140,1
Mar 10 2025,8:40:09 AM EDT,77,0
Mar 10 2025,8:40:48 AM EDT,27,0
Mar 10 2025,8:41:05 AM EDT,139,1
Mar 10 2025,8:42:38 AM EDT,140,1
Mar 10 2025,8:48:20 AM EDT,65,0
Mar 10 2025,8:49:05 AM EDT,29,0
Mar 10 2025,8:53:23 AM EDT,140,1
Mar 10 2025,9:06:48 AM EDT,140,1
Mar 10 2025,9:07:21 AM EDT,144,1
Mar 10 2025,9:07:28 AM EDT,71,1
Mar 10 2025,9:07:59 AM EDT,60,1
Mar 10 2025,9:10:43 AM EDT,64,0
Mar 10 2025,9:12:02 AM EDT,79,1
Mar 10 2025,9:12:20 AM EDT,137,1
Mar 10 2025,9:13:39 AM EDT,23,0
Mar 10 2025,9:19:06 AM EDT,77,0
Mar 10 2025,9:24:40 AM EDT,139,1
Mar 10 2025,9:26:34 AM EDT,136,1
Mar 10 2025,9:27:31 AM EDT,25,0
Mar 10 2025,9:32:17 AM EDT,37,0
Mar 10 2025,9:37:54 AM EDT,140,1
Mar 10 2025,9:39:39 AM EDT,100,1
Mar 10 2025,9:40:10 AM EDT,139,1
Mar 10 2025,9:40:27 AM EDT,118,1
Mar 10 2025,9:43:57 AM EDT,73,0
Mar 10 2025,10:34:20 AM EDT,37,0
Mar 10 2025,10:36:27 AM EDT,88,0
Mar 10 2025,10:39:10 AM EDT,140,1
Mar 10 2025,12:35:13 PM EDT,140,1
Mar 10 2025,1:12:06 PM EDT,55,0
Mar 10 2025,1:20:46 PM EDT,25,0
Mar 10 2025,1:22:13 PM EDT,33,0
Mar 10 2025,1:25:02 PM EDT,225,0
Mar 10 2025,2:18:58 PM EDT,34,0
Mar 10 2025,2:23:28 PM EDT,62,0
Mar 10 2025,4:13:18 PM EDT,140,1
Mar 10 2025,4:14:57 PM EDT,140,1
Mar 10 2025,4:15:28 PM EDT,28,1
Mar 10 2025,4:25:04 PM EDT,23,0
Mar 10 2025,4:56:39 PM EDT,49,0
Mar 10 2025,4:56:52 PM EDT,140,1
Mar 10 2025,4:57:19 PM EDT,139,1
Mar 10 2025,4:57:48 PM EDT,140,1
Mar 10 2025,5:28:43 PM EDT,25,0
Mar 10 2025,5:30:28 PM EDT,138,1
Mar 10 2025,5:33:29 PM EDT,62,0
Mar 10 2025,6:49:43 PM EDT,140,1
Mar 10 2025,8:40:27 PM EDT,242,0
Mar 10 2025,9:46:24 PM EDT,25,0
Mar 10 2025,10:12:57 PM EDT,139,1
Mar 10 2025,10:14:10 PM EDT,140,1
Mar 10 2025,10:14:59 PM EDT,140,1
Mar 10 2025,10:15:29 PM EDT,28,0
Mar 10 2025,10:18:11 PM EDT,55,0
Mar 10 2025,10:23:10 PM EDT,23,0
Mar 10 2025,11:40:05 PM EDT,139,1
Mar 10 2025,11:52:42 PM EDT,86,1
Mar 11 2025,12:01:21 AM EDT,81,1
Mar 11 2025,12:05:38 AM EDT,140,1
Mar 11 2025,12:21:54 AM EDT,80,0
Mar 11 2025,12:23:15 AM EDT,23,0
Mar 11 2025,12:24:44 AM EDT,139,0
Mar 11 2025,12:25:55 AM EDT,23,0
Mar 11 2025,12:26:59 AM EDT,29,0
Mar 11 2025,12:27:57 AM EDT,62,0
Mar 11 2025,12:33:41 AM EDT,140,1
Mar 11 2025,12:34:44 AM EDT,140,1
Mar 11 2025,12:40:06 AM EDT,70,0
Mar 11 2025,12:42:45 AM EDT,25,0
Mar 11 2025,12:44:05 AM EDT,25,0
Mar 11 2025,12:46:59 AM EDT,91,1
Mar 11 2025,12:48:18 AM EDT,122,1
Mar 11 2025,12:51:04 AM EDT,23,0
Mar 11 2025,12:53:08 AM EDT,69,1
Mar 11 2025,12:53:23 AM EDT,27,0
Mar 11 2025,12:53:45 AM EDT,139,1
Mar 11 2025,12:54:35 AM EDT,71,1
Mar 11 2025,12:56:15 AM EDT,140,1
Mar 11 2025,1:30:12 AM EDT,25,0
Mar 11 2025,1:38:34 AM EDT,139,1
Mar 11 2025,1:40:30 AM EDT,55,0
Mar 11 2025,1:41:11 AM EDT,140,1
Mar 11 2025,1:41:40 AM EDT,26,0
Mar 11 2025,1:50:38 AM EDT,140,1
Mar 11 2025,1:59:08 AM EDT,140,1
Mar 11 2025,2:02:36 AM EDT,61,0
Mar 11 2025,2:02:58 AM EDT,121,1
Mar 11 2025,5:18:07 AM EDT,28,0
Mar 11 2025,5:19:48 AM EDT,139,1
Mar 11 2025,5:31:36 AM EDT,30,0
Mar 11 2025,5:39:50 AM EDT,74,0
Mar 11 2025,5:40:58 AM EDT,140,1
Mar 11 2025,5:41:22 AM EDT,28,0
Mar 11 2025,5:43:18 AM EDT,139,1
Mar 11 2025,6:00:37 AM EDT,140,1
Mar 11 2025,11:31:46 AM EDT,132,1
Mar 11 2025,11:34:41 AM EDT,140,1
Mar 11 2025,11:48:43 AM EDT,25,0
Mar 11 2025,11:49:03 AM EDT,140,1
Mar 11 2025,11:49:56 AM EDT,31,0
Mar 11 2025,11:50:50 AM EDT,60,0
Mar 11 2025,12:04:50 PM EDT,140,1
Mar 11 2025,12:06:58 PM EDT,140,1
Mar 11 2025,1:21:41 PM EDT,38,0
Mar 11 2025,1:23:18 PM EDT,55,0
Mar 11 2025,1:24:14 PM EDT,26,0
Mar 11 2025,2:02:40 PM EDT,140,1
Mar 11 2025,2:04:40 PM EDT,121,1
Mar 11 2025,2:05:59 PM EDT,140,1
Mar 11 2025,2:07:59 PM EDT,140,1
Mar 11 2025,2:36:34 PM EDT,105,1
Mar 11 2025,4:43:31 PM EDT,138,1
Mar 11 2025,5:40:28 PM EDT,73,1
Mar 11 2025,5:43:07 PM EDT,28,0
Mar 11 2025,5:44:00 PM EDT,140,1
Mar 11 2025,5:54:57 PM EDT,26,0
Mar 11 2025,5:55:12 PM EDT,77,1
Mar 11 2025,5:55:40 PM EDT,140,1
Mar 11 2025,5:56:16 PM EDT,37,0
Mar 11 2025,5:57:23 PM EDT,23,0
Mar 11 2025,5:58:06 PM EDT,139,1
Mar 11 2025,5:58:21 PM EDT,140,1
Mar 11 2025,5:58:37 PM EDT,26,0
Mar 11 2025,6:01:04 PM EDT,28,0
Mar 11 2025,6:01:34 PM EDT,138,1
Mar 11 2025,6:01:44 PM EDT,133,1
Mar 11 2025,6:02:01 PM EDT,130,1
Mar 11 2025,6:03:32 PM EDT,57,1
Mar 11 2025,6:09:23 PM EDT,228,0
Mar 11 2025,6:10:58 PM EDT,59,1
Mar 11 2025,6:12:10 PM EDT,67,1
Mar 11 2025,6:15:57 PM EDT,28,0
Mar 11 2025,7:04:08 PM EDT,41,1
Mar 11 2025,7:05:06 PM EDT,140,1
Mar 11 2025,7:05:19 PM EDT,61,1
Mar 11 2025,7:31:31 PM EDT,48,1
Mar 11 2025,7:32:49 PM EDT,118,1
Mar 11 2025,7:33:26 PM EDT,23,0
Mar 11 2025,7:53:58 PM EDT,95,1
Mar 11 2025,7:55:11 PM EDT,43,0
Mar 11 2025,7:57:13 PM EDT,28,0
Mar 11 2025,7:57:55 PM EDT,139,1
Mar 11 2025,8:00:15 PM EDT,42,1
Mar 11 2025,8:07:52 PM EDT,82,1
Mar 11 2025,8:43:51 PM EDT,27,0
Mar 11 2025,9:25:09 PM EDT,33,0
Mar 11 2025,9:48:34 PM EDT,121,1
Mar 11 2025,9:48:47 PM EDT,140,1
Mar 11 2025,9:49:16 PM EDT,89,1
Mar 11 2025,9:50:26 PM EDT,140,1
Mar 12 2025,12:28:47 AM EDT,138,1
Mar 12 2025,12:31:21 AM EDT,140,1
Mar 12 2025,12:36:16 AM EDT,35,0
Mar 12 2025,12:38:38 AM EDT,44,1
Mar 12 2025,12:39:42 AM EDT,140,1
Mar 12 2025,12:40:26 AM EDT,70,1
Mar 12 2025,12:52:40 AM EDT,140,1
Mar 12 2025,1:02:32 AM EDT,81,1
Mar 12 2025,1:04:45 AM EDT,140,1
Mar 12 2025,1:05:20 AM EDT,124,1
Mar 12 2025,1:05:40 AM EDT,134,1
Mar 12 2025,1:05:47 AM EDT,140,1
Mar 12 2025,1:07:14 AM EDT,140,1
Mar 12 2025,1:11:58 AM EDT,94,0
Mar 12 2025,1:13:51 AM EDT,140,1
Mar 12 2025,1:17:54 AM EDT,60,0
Mar 12 2025,1:19:49 AM EDT,34,0
Mar 12 2025,1:20:34 AM EDT,138,1
Mar 12 2025,1:21:45 AM EDT,139,1
Mar 12 2025,1:23:06 AM EDT,23,0
Mar 12 2025,1:44:18 AM EDT,23,0
Mar 12 2025,9:37:31 AM EDT,28,0
Mar 12 2025,9:37:43 AM EDT,17,1
Mar 12 2025,9:40:42 AM EDT,67,1
Mar 12 2025,9:41:52 AM EDT,56,0
Mar 12 2025,9:47:30 AM EDT,23,0
Mar 12 2025,10:50:39 AM EDT,42,0
Mar 12 2025,10:53:24 AM EDT,140,1
Mar 12 2025,10:56:26 AM EDT,32,0
Mar 12 2025,11:58:50 AM EDT,26,0
Mar 12 2025,12:05:40 PM EDT,27,0
Mar 12 2025,12:07:56 PM EDT,92,0
Mar 12 2025,12:09:03 PM EDT,27,0
Mar 12 2025,12:13:20 PM EDT,109,0
Mar 12 2025,12:17:06 PM EDT,140,1
Mar 12 2025,12:28:47 PM EDT,139,1
Mar 12 2025,12:38:35 PM EDT,92,0
Mar 12 2025,12:42:57 PM EDT,31,0
Mar 12 2025,12:46:05 PM EDT,105,0
Mar 12 2025,12:46:30 PM EDT,28,0
Mar 12 2025,12:50:00 PM EDT,76,0
Mar 12 2025,12:50:23 PM EDT,25,0
Mar 12 2025,3:21:06 PM EDT,140,1
Mar 12 2025,3:47:02 PM EDT,138,1
Mar 12 2025,3:47:50 PM EDT,140,1
Mar 12 2025,3:49:54 PM EDT,27,0
Mar 12 2025,3:53:01 PM EDT,27,0
Mar 12 2025,3:53:27 PM EDT,140,1
Mar 12 2025,4:13:48 PM EDT,94,0
Mar 12 2025,4:15:31 PM EDT,31,0
Mar 12 2025,4:16:51 PM EDT,91,0
Mar 12 2025,4:17:02 PM EDT,140,1
Mar 12 2025,4:25:22 PM EDT,62,1
Mar 12 2025,6:32:14 PM EDT,140,1
Mar 12 2025,6:32:58 PM EDT,140,1
Mar 12 2025,6:33:16 PM EDT,23,0
Mar 12 2025,6:41:52 PM EDT,33,0
Mar 12 2025,6:57:23 PM EDT,61,1
Mar 12 2025,6:57:41 PM EDT,25,0
Mar 12 2025,6:59:09 PM EDT,69,0
Mar 12 2025,7:02:04 PM EDT,140,1
Mar 12 2025,7:03:32 PM EDT,38,1
Mar 12 2025,7:55:01 PM EDT,25,0
Mar 12 2025,7:57:35 PM EDT,140,1
Mar 12 2025,8:36:02 PM EDT,31,0
Mar 12 2025,8:40:48 PM EDT,69,0
Mar 12 2025,8:43:44 PM EDT,138,1
Mar 12 2025,8:44:19 PM EDT,140,1
Mar 12 2025,8:49:38 PM EDT,255,0
Mar 12 2025,8:59:22 PM EDT,28,0
Mar 12 2025,9:06:34 PM EDT,140,1
Mar 12 2025,9:13:18 PM EDT,75,1
Mar 12 2025,9:18:31 PM EDT,139,1
Mar 13 2025,1:03:41 AM EDT,71,0
Mar 13 2025,1:05:13 AM EDT,140,1
Mar 13 2025,1:05:27 AM EDT,26,0
Mar 13 2025,1:06:56 AM EDT,46,1
Mar 13 2025,1:07:21 AM EDT,27,0
Mar 13 2025,1:13:32 AM EDT,140,1
Mar 13 2025,1:16:17 AM EDT,139,1
Mar 13 2025,2:01:48 AM EDT,135,0
Mar 13 2025,2:02:36 AM EDT,47,0
Mar 13 2025,2:04:58 AM EDT,28,0
Mar 13 2025,2:05:29 AM EDT,123,1
Mar 13 2025,2:09:40 AM EDT,140,1
Mar 13 2025,2:09:54 AM EDT,140,1
Mar 13 2025,2:12:02 AM EDT,101,0
Mar 13 2025,2:16:47 AM EDT,47,0
Mar 13 2025,2:23:17 AM EDT,83,1
Mar 13 2025,2:23:32 AM EDT,139,1
Mar 13 2025,2:32:29 AM EDT,140,1
Mar 13 2025,2:33:14 AM EDT,23,0
Mar 13 2025,2:34:09 AM EDT,35,0
Mar 13 2025,2:34:34 AM EDT,53,1
Mar 13 2025,2:35:31 AM EDT,28,0
Mar 13 2025,2:37:34 AM EDT,40,1
Mar 13 2025,2:38:01 AM EDT,140,1
Mar 13 2025,2:39:22 AM EDT,25,0
Mar 13 2025,2:42:02 AM EDT,140,1
Mar 13 2025,2:46:26 AM EDT,139,1
Mar 13 2025,2:47:48 AM EDT,25,0
Mar 13 2025,2:48:49 AM EDT,140,1
Mar 13 2025,2:52:26 AM EDT,111,1
Mar 13 2025,2:52:42 AM EDT,77,1
Mar 13 2025,2:53:36 AM EDT,140,1
Mar 13 2025,2:57:40 AM EDT,140,1
Mar 13 2025,3:13:32 AM EDT,130,1
Mar 13 2025,3:15:59 AM EDT,140,1
Mar 13 2025,3:21:25 AM EDT,140,1
Mar 13 2025,8:43:50 AM EDT,139,1
Mar 13 2025,8:47:01 AM EDT,140,1
Mar 13 2025,8:52:10 AM EDT,46,1
Mar 13 2025,8:58:34 AM EDT,35,0
Mar 13 2025,8:59:39 AM EDT,98,0
Mar 13 2025,9:01:05 AM EDT,140,1
Mar 13 2025,9:11:47 AM EDT,81,1
Mar 13 2025,9:15:37 AM EDT,39,0
Mar 13 2025,9:19:44 AM EDT,58,1
Mar 13 2025,9:21:19 AM EDT,84,1
Mar 13 2025,9:24:41 AM EDT,140,1
Mar 13 2025,9:35:59 AM EDT,25,0
Mar 13 2025,9:37:16 AM EDT,137,1
Mar 13 2025,9:38:01 AM EDT,45,0
Mar 13 2025,9:44:36 AM EDT,140,1
Mar 13 2025,9:46:36 AM EDT,126,1
Mar 13 2025,9:59:44 AM EDT,140,1
Mar 13 2025,11:54:11 AM EDT,71,1
Mar 13 2025,11:55:25 AM EDT,52,1
Mar 13 2025,11:56:38 AM EDT,38,0
Mar 13 2025,11:56:51 AM EDT,82,1
Mar 13 2025,12:15:37 PM EDT,111,0
Mar 13 2025,12:16:00 PM EDT,55,0
Mar 13 2025,1:50:14 PM EDT,50,0
Mar 13 2025,1:50:36 PM EDT,25,0
Mar 13 2025,4:29:12 PM EDT,28,0
Mar 13 2025,6:09:59 PM EDT,42,0
Mar 13 2025,6:12:45 PM EDT,140,1
Mar 13 2025,6:12:53 PM EDT,38,1
Mar 13 2025,6:30:30 PM EDT,140,1
Mar 13 2025,6:31:30 PM EDT,38,1
Mar 13 2025,6:31:55 PM EDT,40,0
Mar 13 2025,8:23:36 PM EDT,140,1
Mar 13 2025,11:46:51 PM EDT,77,1
Mar 13 2025,11:52:35 PM EDT,57,0
Mar 13 2025,11:53:41 PM EDT,140,1
Mar 13 2025,11:54:43 PM EDT,47,1
Mar 13 2025,11:58:50 PM EDT,31,0
Mar 13 2025,11:59:30 PM EDT,140,1
Mar 14 2025,12:00:03 AM EDT,140,1
Mar 14 2025,12:01:01 AM EDT,48,0
Mar 14 2025,12:02:07 AM EDT,88,1
Mar 14 2025,12:08:30 AM EDT,139,1
Mar 14 2025,12:13:01 AM EDT,150,0
Mar 14 2025,12:24:28 AM EDT,122,1
Mar 14 2025,12:29:26 AM EDT,97,1
Mar 14 2025,12:30:46 AM EDT,140,1
Mar 14 2025,12:32:54 AM EDT,140,1
Mar 14 2025,12:33:08 AM EDT,139,1
Mar 14 2025,12:33:35 AM EDT,131,1
Mar 14 2025,12:35:05 AM EDT,29,0
Mar 14 2025,12:43:26 AM EDT,74,1
Mar 14 2025,12:48:16 AM EDT,123,1
Mar 14 2025,12:49:03 AM EDT,140,1
Mar 14 2025,1:37:11 AM EDT,138,1
Mar 14 2025,1:37:34 AM EDT,27,0
Mar 14 2025,1:45:44 AM EDT,241,0
Mar 14 2025,1:46:20 AM EDT,140,1
Mar 14 2025,2:09:47 AM EDT,43,1
Mar 14 2025,6:00:36 AM EDT,139,1
Mar 14 2025,6:00:57 AM EDT,25,0
Mar 14 2025,6:15:42 AM EDT,58,1
Mar 14 2025,6:19:23 AM EDT,29,0
Mar 14 2025,6:21:45 AM EDT,140,1
Mar 14 2025,6:22:15 AM EDT,139,1
Mar 14 2025,6:37:44 AM EDT,23,0
Mar 14 2025,11:41:20 AM EDT,55,0
Mar 14 2025,11:43:15 AM EDT,42,0
Mar 14 2025,11:46:17 AM EDT,25,0
Mar 14 2025,11:53:21 AM EDT,140,1
Mar 14 2025,11:55:05 AM EDT,114,1
Mar 14 2025,12:40:42 PM EDT,255,0
Mar 14 2025,12:41:02 PM EDT,139,1
Mar 14 2025,12:41:41 PM EDT,23,0
Mar 14 2025,12:42:56 PM EDT,73,0
Mar 14 2025,7:01:58 PM EDT,23,0
Mar 14 2025,7:03:20 PM EDT,116,1
Mar 14 2025,7:31:18 PM EDT,63,1
Mar 14 2025,9:43:56 PM EDT,80,1
Mar 14 2025,10:17:04 PM EDT,34,0
Mar 14 2025,10:42:58 PM EDT,140,1
Mar 14 2025,10:56:09 PM EDT,144,1
Mar 14 2025,10:56:42 PM EDT,79,1
Mar 14 2025,10:57:14 PM EDT,123,1
Mar 14 2025,10:58:04 PM EDT,48,0
Mar 14 2025,11:00:24 PM EDT,45,0
Mar 14 2025,11:11:49 PM EDT,117,1
Mar 14 2025,11:12:10 PM EDT,45,0
Mar 14 2025,11:25:32 PM EDT,48,0
Mar 14 2025,11:38:10 PM EDT,82,1
Mar 14 2025,11:39:18 PM EDT,139,1
Mar 14 2025,11:41:00 PM EDT,28,0
Mar 14 2025,11:41:15 PM EDT,52,1
Mar 14 2025,11:49:57 PM EDT,104,1
Mar 14 2025,11:52:29 PM EDT,23,0
Mar 14 2025,11:54:03 PM EDT,28,0
Mar 14 2025,11:55:19 PM EDT,23,0
Mar 15 2025,12:01:49 AM EDT,30,0
Mar 15 2025,12:16:31 AM EDT,140,1
Mar 15 2025,12:45:52 AM EDT,27,0
Mar 15 2025,12:47:09 AM EDT,85,1
Mar 15 2025,12:47:48 AM EDT,36,0
Mar 15 2025,12:48:10 AM EDT,30,0
Mar 15 2025,1:01:20 AM EDT,198,0
Mar 15 2025,1:04:37 AM EDT,29,0
Mar 15 2025,1:07:01 AM EDT,23,0
Mar 15 2025,1:08:23 AM EDT,97,1
Mar 15 2025,1:23:25 AM EDT,23,0
Mar 15 2025,1:23:58 AM EDT,27,0
Mar 15 2025,1:24:09 AM EDT,62,1
Mar 15 2025,1:25:58 AM EDT,27,0
Mar 15 2025,1:27:56 AM EDT,83,1
Mar 15 2025,1:32:33 AM EDT,140,1
Mar 15 2025,1:36:19 AM EDT,44,0
Mar 15 2025,1:39:37 AM EDT,87,1
Mar 15 2025,5:42:29 AM EDT,105,1
Mar 15 2025,5:43:19 AM EDT,45,0
Mar 15 2025,5:48:56 AM EDT,144,1
Mar 15 2025,5:49:14 AM EDT,138,1
Mar 15 2025,5:56:02 AM EDT,23,0
Mar 15 2025,6:02:37 AM EDT,140,1
Mar 15 2025,6:03:57 AM EDT,28,0
Mar 15 2025,6:10:01 AM EDT,82,0
Mar 15 2025,6:18:23 AM EDT,42,0
Mar 15 2025,6:19:39 AM EDT,35,0
Mar 15 2025,6:37:16 AM EDT,255,0
Mar 15 2025,6:56:21 AM EDT,52,0
Mar 15 2025,6:59:23 AM EDT,25,0
Mar 15 2025,11:01:37 AM EDT,140,1
Mar 15 2025,11:02:31 AM EDT,28,0
Mar 15 2025,11:04:19 AM EDT,140,1
Mar 15 2025,11:04:42 AM EDT,136,1
Mar 15 2025,11:05:07 AM EDT,122,1
Mar 15 2025,11:10:02 AM EDT,40,0
Mar 15 2025,4:36:37 PM EDT,102,0
Mar 15 2025,4:50:31 PM EDT,23,0
Mar 15 2025,4:53:45 PM EDT,107,1
Mar 15 2025,4:54:02 PM EDT,143,1
Mar 15 2025,5:15:56 PM EDT,140,1
Mar 15 2025,5:23:03 PM EDT,140,1
Mar 15 2025,7:48:27 PM EDT,23,0
Mar 15 2025,11:55:26 PM EDT,142,0
Mar 16 2025,12:14:50 AM EDT,109,1
Mar 16 2025,12:48:19 AM EDT,23,0
Mar 16 2025,1:39:07 AM EDT,23,0
Mar 16 2025,1:44:40 AM EDT,46,1
Mar 16 2025,1:51:03 AM EDT,23,0
Mar 16 2025,1:58:47 AM EDT,63,0
Mar 16 2025,1:59:35 AM EDT,25,0
Mar 16 2025,1:59:51 AM EDT,54,1
Mar 16 2025,2:10:22 AM EDT,43,1
Mar 16 2025,4:56:39 AM EDT,33,0
Mar 16 2025,4:58:28 AM EDT,139,1
Mar 16 2025,5:00:17 AM EDT,139,1
Mar 16 2025,5:00:40 AM EDT,90,1
Mar 16 2025,5:04:10 AM EDT,30,0
Mar 16 2025,5:04:42 AM EDT,140,1
Mar 16 2025,5:08:16 AM EDT,95,1
Mar 16 2025,5:14:12 AM EDT,31,0
Mar 16 2025,5:14:38 AM EDT,44,0
Mar 16 2025,5:14:55 AM EDT,120,1
Mar 16 2025,5:15:05 AM EDT,33,1
Mar 16 2025,5:16:40 AM EDT,131,0
Mar 16 2025,5:19:40 AM EDT,140,0
Mar 16 2025,5:19:56 AM EDT,140,1
Mar 16 2025,5:22:00 AM EDT,37,0
Mar 16 2025,5:25:34 AM EDT,140,1
Mar 16 2025,5:25:47 AM EDT,139,1
Mar 16 2025,5:26:07 AM EDT,139,1
Mar 16 2025,5:32:10 AM EDT,50,0
Mar 16 2025,5:33:02 AM EDT,28,0
Mar 16 2025,5:34:54 AM EDT,73,1
Mar 16 2025,5:42:10 AM EDT,140,1
Mar 16 2025,5:48:58 AM EDT,71,0
Mar 16 2025,5:49:23 AM EDT,43,1
Mar 16 2025,5:52:39 AM EDT,25,0
Mar 16 2025,5:56:36 AM EDT,48,0
Mar 16 2025,6:07:27 AM EDT,62,0
Mar 16 2025,6:14:53 AM EDT,140,1
Mar 16 2025,6:20:51 AM EDT,140,1
Mar 16 2025,7:24:56 AM EDT,140,1
Mar 16 2025,7:37:11 AM EDT,132,1
Mar 16 2025,11:03:09 AM EDT,140,1
Mar 16 2025,11:36:56 AM EDT,140,1
Mar 16 2025,11:38:22 AM EDT,139,1
Mar 16 2025,11:40:13 AM EDT,141,0
Mar 16 2025,11:40:28 AM EDT,140,1
Mar 16 2025,11:40:46 AM EDT,53,0
Mar 16 2025,11:43:20 AM EDT,140,1
Mar 16 2025,5:22:38 PM EDT,26,0
Mar 16 2025,5:56:04 PM EDT,41,0
Mar 16 2025,5:58:33 PM EDT,130,1
Mar 16 2025,7:22:32 PM EDT,33,0
Mar 16 2025,7:24:36 PM EDT,37,1
Mar 16 2025,7:25:46 PM EDT,38,0
Mar 16 2025,7:28:17 PM EDT,94,0
Mar 16 2025,7:29:39 PM EDT,139,1
Mar 16 2025,7:30:22 PM EDT,31,0
Mar 16 2025,9:34:57 PM EDT,28,0
Mar 16 2025,9:36:37 PM EDT,34,1
Mar 16 2025,11:05:04 PM EDT,23,0
Mar 16 2025,11:08:30 PM EDT,27,0
Mar 16 2025,11:09:39 PM EDT,38,1
Mar 16 2025,11:13:09 PM EDT,58,1
Mar 17 2025,12:02:13 AM EDT,140,1
Mar 17 2025,12:58:07 AM EDT,140,1
Mar 17 2025,2:33:42 AM EDT,23,0
Mar 17 2025,3:12:31 AM EDT,26,0
Mar 17 2025,8:27:12 AM EDT,39,0
Mar 17 2025,8:28:17 AM EDT,28,0
Mar 17 2025,8:34:29 AM EDT,140,1
Mar 17 2025,8:40:03 AM EDT,166,0
Mar 17 2025,8:41:37 AM EDT,140,1
Mar 17 2025,8:44:28 AM EDT,140,1
Mar 17 2025,9:20:02 AM EDT,177,0
Mar 17 2025,9:27:50 AM EDT,140,1
Mar 17 2025,9:54:59 AM EDT,140,1
Mar 17 2025,10:03:23 AM EDT,238,0
Mar 17 2025,10:51:42 AM EDT,23,0
Mar 17 2025,10:52:12 AM EDT,140,1
Mar 17 2025,11:03:59 AM EDT,140,1
Mar 17 2025,11:07:25 AM EDT,59,0
Mar 17 2025,11:24:42 AM EDT,40,0
Mar 17 2025,11:55:33 AM EDT,23,0
Mar 17 2025,11:56:38 AM EDT,31,0
Mar 17 2025,11:58:00 AM EDT,23,0
Mar 17 2025,12:06:07 PM EDT,58,0
Mar 17 2025,5:02:27 PM EDT,140,1
Mar 17 2025,10:59:29 PM EDT,140,1
Mar 17 2025,11:05:05 PM EDT,139,1
Mar 17 2025,11:05:43 PM EDT,139,1
Mar 17 2025,11:10:01 PM EDT,100,1
Mar 17 2025,11:14:30 PM EDT,140,1
Mar 17 2025,11:15:01 PM EDT,139,1
Mar 18 2025,1:27:38 AM EDT,140,1
Mar 18 2025,1:29:02 AM EDT,123,1
Mar 18 2025,1:29:45 AM EDT,23,0
Mar 18 2025,1:32:42 AM EDT,198,0
Mar 18 2025,1:42:47 AM EDT,140,1
Mar 18 2025,1:54:03 AM EDT,140,1
Mar 18 2025,1:57:49 AM EDT,23,0
Mar 18 2025,1:58:09 AM EDT,136,1
Mar 18 2025,2:11:08 AM EDT,69,1
Mar 18 2025,2:14:12 AM EDT,140,1
Mar 18 2025,2:22:46 AM EDT,73,1
Mar 18 2025,2:27:48 AM EDT,60,0
Mar 18 2025,2:28:22 AM EDT,95,1
Mar 18 2025,2:30:56 AM EDT,110,1
Mar 18 2025,10:09:39 AM EDT,23,0
Mar 18 2025,10:18:42 AM EDT,27,0
Mar 18 2025,10:26:08 AM EDT,140,1
Mar 18 2025,10:26:34 AM EDT,84,1
Mar 18 2025,10:26:56 AM EDT,104,1
Mar 18 2025,10:27:27 AM EDT,139,1
Mar 18 2025,10:29:07 AM EDT,59,0
Mar 18 2025,10:30:51 AM EDT,139,1
Mar 18 2025,10:31:54 AM EDT,27,0
Mar 18 2025,11:08:44 AM EDT,140,1
Mar 18 2025,11:18:43 AM EDT,88,1
Mar 18 2025,11:27:46 AM EDT,140,1
Mar 18 2025,11:28:26 AM EDT,140,1
Mar 18 2025,11:55:00 AM EDT,159,0
Mar 18 2025,11:55:27 AM EDT,139,1
Mar 18 2025,11:56:10 AM EDT,47,0
Mar 18 2025,12:30:49 PM EDT,138,1
Mar 18 2025,12:46:28 PM EDT,33,0
Mar 18 2025,12:48:21 PM EDT,25,0
Mar 18 2025,12:49:07 PM EDT,42,0
Mar 18 2025,12:54:21 PM EDT,28,0
Mar 18 2025,12:56:15 PM EDT,140,1
Mar 18 2025,1:01:18 PM EDT,23,0
Mar 18 2025,1:32:38 PM EDT,23,0
Mar 18 2025,2:07:18 PM EDT,28,0
Mar 18 2025,2:07:53 PM EDT,68,0
Mar 18 2025,2:48:15 PM EDT,140,1
Mar 18 2025,3:20:53 PM EDT,43,0
Mar 18 2025,3:23:51 PM EDT,140,1
Mar 18 2025,3:24:52 PM EDT,30,0
Mar 18 2025,3:33:29 PM EDT,36,1
Mar 18 2025,3:35:31 PM EDT,140,1
Mar 18 2025,3:41:02 PM EDT,139,1
Mar 18 2025,3:46:41 PM EDT,112,0
Mar 18 2025,5:55:49 PM EDT,56,0
Mar 18 2025,6:45:43 PM EDT,106,1
Mar 18 2025,6:45:49 PM EDT,140,1
Mar 18 2025,7:26:30 PM EDT,140,1
Mar 18 2025,7:29:22 PM EDT,121,1
Mar 18 2025,7:33:01 PM EDT,157,0
Mar 18 2025,7:37:04 PM EDT,23,0
Mar 18 2025,7:57:39 PM EDT,140,1
Mar 18 2025,7:58:48 PM EDT,72,1
Mar 18 2025,8:16:50 PM EDT,140,1
Mar 18 2025,8:25:19 PM EDT,98,0
Mar 18 2025,8:45:28 PM EDT,140,1
Mar 18 2025,8:59:34 PM EDT,140,1
Mar 18 2025,9:09:10 PM EDT,29,0
Mar 18 2025,9:09:34 PM EDT,42,0
Mar 18 2025,9:10:28 PM EDT,140,1
Mar 18 2025,9:51:35 PM EDT,139,1
Mar 18 2025,9:54:38 PM EDT,59,0
Mar 18 2025,9:56:53 PM EDT,92,0
Mar 18 2025,9:57:55 PM EDT,140,1
Mar 19 2025,1:44:06 AM EDT,139,1
Mar 19 2025,1:47:26 AM EDT,137,1
Mar 19 2025,1:47:54 AM EDT,27,0
Mar 19 2025,1:51:01 AM EDT,23,0
Mar 19 2025,1:52:00 AM EDT,70,1
Mar 19 2025,2:05:47 AM EDT,86,0
Mar 19 2025,2:13:44 AM EDT,138,1
Mar 19 2025,2:18:38 AM EDT,140,1
Mar 19 2025,2:20:32 AM EDT,139,1
Mar 19 2025,2:27:16 AM EDT,133,0
Mar 19 2025,2:36:52 AM EDT,45,0
Mar 19 2025,2:39:53 AM EDT,140,1
Mar 19 2025,2:40:25 AM EDT,139,1
Mar 19 2025,2:44:10 AM EDT,140,1
Mar 19 2025,2:45:04 AM EDT,27,0
Mar 19 2025,2:45:16 AM EDT,40,1
Mar 19 2025,2:46:28 AM EDT,140,1
Mar 19 2025,2:48:54 AM EDT,134,1
Mar 19 2025,2:49:15 AM EDT,140,1
Mar 19 2025,2:49:57 AM EDT,33,0
Mar 19 2025,2:50:08 AM EDT,78,1
Mar 19 2025,2:52:39 AM EDT,25,0
Mar 19 2025,2:59:28 AM EDT,23,0
Mar 19 2025,3:01:53 AM EDT,23,0
Mar 19 2025,9:59:21 AM EDT,140,1
Mar 19 2025,10:00:31 AM EDT,41,0
Mar 19 2025,10:11:43 AM EDT,139,1
Mar 19 2025,10:14:21 AM EDT,124,0
Mar 19 2025,10:18:42 AM EDT,52,0
Mar 19 2025,10:39:04 AM EDT,161,0
Mar 19 2025,11:01:56 AM EDT,39,0
Mar 19 2025,11:20:50 AM EDT,84,0
Mar 19 2025,11:27:03 AM EDT,140,1
Mar 19 2025,11:28:18 AM EDT,25,0
Mar 19 2025,11:28:53 AM EDT,27,0
Mar 19 2025,11:35:43 AM EDT,70,0
Mar 19 2025,11:36:14 AM EDT,38,0
Mar 19 2025,11:45:05 AM EDT,31,0
Mar 19 2025,11:45:44 AM EDT,39,0
Mar 19 2025,11:46:43 AM EDT,138,1
Mar 19 2025,11:47:41 AM EDT,140,1
Mar 19 2025,11:47:58 AM EDT,23,0
Mar 19 2025,11:49:42 AM EDT,139,1
Mar 19 2025,11:57:56 AM EDT,77,1
Mar 19 2025,11:58:38 AM EDT,23,0
Mar 19 2025,12:00:18 PM EDT,37,0
Mar 19 2025,12:03:45 PM EDT,23,0
Mar 19 2025,12:04:16 PM EDT,69,0
Mar 19 2025,12:17:31 PM EDT,27,0
Mar 19 2025,12:21:44 PM EDT,71,1
Mar 19 2025,12:23:31 PM EDT,140,1
Mar 19 2025,12:59:39 PM EDT,74,0
Mar 19 2025,1:00:04 PM EDT,28,0
Mar 19 2025,1:02:12 PM EDT,138,1
Mar 19 2025,1:03:43 PM EDT,138,1
Mar 19 2025,1:04:12 PM EDT,63,1
Mar 19 2025,1:04:37 PM EDT,37,0
Mar 19 2025,1:50:12 PM EDT,29,0
Mar 19 2025,3:04:23 PM EDT,48,1
Mar 19 2025,7:05:35 PM EDT,30,0
Mar 19 2025,7:05:48 PM EDT,34,1
Mar 19 2025,8:04:43 PM EDT,80,0
Mar 19 2025,8:07:42 PM EDT,140,1
Mar 19 2025,8:08:29 PM EDT,139,1
Mar 19 2025,8:09:16 PM EDT,140,1
Mar 19 2025,8:13:57 PM EDT,140,1
Mar 19 2025,8:25:45 PM EDT,140,1
Mar 19 2025,8:26:07 PM EDT,140,1
Mar 19 2025,8:28:05 PM EDT,139,1
Mar 19 2025,8:29:39 PM EDT,27,0
Mar 19 2025,8:29:54 PM EDT,140,1
Mar 19 2025,8:30:53 PM EDT,140,1
Mar 19 2025,8:31:09 PM EDT,118,1
Mar 19 2025,8:34:00 PM EDT,23,0
Mar 19 2025,8:49:10 PM EDT,139,1
Mar 19 2025,11:34:16 PM EDT,28,0
Mar 19 2025,11:36:18 PM EDT,38,0
Mar 19 2025,11:36:49 PM EDT,23,0
Mar 19 2025,11:37:21 PM EDT,140,1
Mar 20 2025,12:18:44 AM EDT,94,0
Mar 20 2025,12:19:06 AM EDT,140,1
Mar 20 2025,12:22:40 AM EDT,140,1
Mar 20 2025,12:26:18 AM EDT,47,0
Mar 20 2025,12:32:25 AM EDT,38,1
Mar 20 2025,12:34:09 AM EDT,44,0
Mar 20 2025,12:35:48 AM EDT,97,0
Mar 20 2025,12:36:14 AM EDT,28,0
Mar 20 2025,12:37:09 AM EDT,23,0
Mar 20 2025,12:40:33 AM EDT,59,0
Mar 20 2025,12:41:56 AM EDT,140,1
Mar 20 2025,12:43:27 AM EDT,67,0
Mar 20 2025,12:51:57 AM EDT,35,0
Mar 20 2025,12:53:34 AM EDT,140,1
Mar 20 2025,12:58:35 AM EDT,62,0
Mar 20 2025,1:01:03 AM EDT,140,1
Mar 20 2025,1:02:10 AM EDT,140,1
Mar 20 2025,1:11:18 AM EDT,139,1
Mar 20 2025,1:18:44 AM EDT,23,0
Mar 20 2025,1:23:25 AM EDT,23,0
Mar 20 2025,1:30:10 AM EDT,118,1
Mar 20 2025,1:31:38 AM EDT,140,1
Mar 20 2025,1:34:15 AM EDT,23,0
Mar 20 2025,1:45:03 AM EDT,58,0
Mar 20 2025,1:48:41 AM EDT,39,0
Mar 20 2025,1:52:35 AM EDT,135,1
Mar 20 2025,1:57:12 AM EDT,70,0
Mar 20 2025,2:03:55 AM EDT,57,1
Mar 20 2025,2:04:32 AM EDT,48,0
Mar 20 2025,2:08:27 AM EDT,23,0
Mar 20 2025,2:14:48 AM EDT,140,1
Mar 20 2025,2:15:13 AM EDT,26,0
Mar 20 2025,2:16:12 AM EDT,25,0
Mar 20 2025,4:43:48 AM EDT,23,0
Mar 20 2025,4:46:33 AM EDT,75,0
Mar 20 2025,4:54:41 AM EDT,86,0
Mar 20 2025,4:56:57 AM EDT,52,0
Mar 20 2025,5:01:21 AM EDT,140,1
Mar 20 2025,5:01:42 AM EDT,140,1
Mar 20 2025,5:02:00 AM EDT,23,0
Mar 20 2025,5:10:22 AM EDT,115,0
Mar 20 2025,5:12:12 AM EDT,23,0
Mar 20 2025,5:13:27 AM EDT,140,1
Mar 20 2025,5:14:52 AM EDT,140,1
Mar 20 2025,10:39:59 AM EDT,140,1
Mar 20 2025,10:40:56 AM EDT,28,0
Mar 20 2025,10:44:40 AM EDT,203,0
Mar 20 2025,10:51:16 AM EDT,70,0
Mar 20 2025,10:59:53 AM EDT,31,0
Mar 20 2025,11:00:13 AM EDT,28,0
Mar 20 2025,11:01:28 AM EDT,139,1
Mar 20 2025,11:06:11 AM EDT,239,0
Mar 20 2025,11:07:03 AM EDT,57,0
Mar 20 2025,11:10:55 AM EDT,32,0
Mar 20 2025,11:16:54 AM EDT,82,0
Mar 20 2025,11:17:27 AM EDT,58,0
Mar 20 2025,11:17:52 AM EDT,140,1
Mar 20 2025,11:20:54 AM EDT,140,1
Mar 20 2025,11:21:28 AM EDT,140,1
Mar 20 2025,11:30:31 AM EDT,23,0
Mar 20 2025,11:31:19 AM EDT,25,0
Mar 20 2025,11:33:10 AM EDT,140,1
Mar 20 2025,1:37:53 PM EDT,152,0
Mar 20 2025,1:38:17 PM EDT,39,0
Mar 20 2025,1:38:46 PM EDT,50,0
Mar 20 2025,1:39:06 PM EDT,28,0
Mar 20 2025,1:42:18 PM EDT,69,0
Mar 20 2025,1:42:43 PM EDT,139,1
Mar 20 2025,1:43:47 PM EDT,104,0
Mar 20 2025,1:45:54 PM EDT,195,0
Mar 20 2025,2:51:27 PM EDT,140,1
Mar 20 2025,3:42:56 PM EDT,27,0
Mar 20 2025,3:44:32 PM EDT,53,0
Mar 20 2025,3:44:55 PM EDT,140,1
Mar 20 2025,3:45:31 PM EDT,43,0
Mar 20 2025,3:46:39 PM EDT,140,1
Mar 20 2025,4:48:20 PM EDT,140,1
Mar 20 2025,4:49:24 PM EDT,140,1
Mar 20 2025,4:50:06 PM EDT,23,0
Mar 20 2025,4:51:46 PM EDT,83,0
Mar 20 2025,4:53:35 PM EDT,28,0
Mar 20 2025,4:54:35 PM EDT,25,0
Mar 20 2025,4:55:08 PM EDT,27,0
Mar 20 2025,4:56:43 PM EDT,28,0
Mar 20 2025,4:58:33 PM EDT,140,1
Mar 20 2025,4:59:50 PM EDT,25,0
Mar 20 2025,5:14:56 PM EDT,140,1
Mar 20 2025,5:15:04 PM EDT,140,1
Mar 20 2025,5:17:44 PM EDT,140,1
Mar 20 2025,5:18:16 PM EDT,140,1
Mar 20 2025,5:28:14 PM EDT,140,1
Mar 20 2025,5:32:01 PM EDT,140,1
Mar 20 2025,5:32:31 PM EDT,140,1
Mar 20 2025,5:37:59 PM EDT,23,0
Mar 20 2025,5:38:31 PM EDT,53,1
Mar 20 2025,5:41:40 PM EDT,82,1
Mar 20 2025,5:45:06 PM EDT,139,1
Mar 20 2025,6:11:01 PM EDT,26,0
Mar 20 2025,6:11:47 PM EDT,140,1
Mar 20 2025,8:54:19 PM EDT,35,0
Mar 20 2025,9:45:57 PM EDT,59,0
Mar 20 2025,11:44:20 PM EDT,111,0
Mar 20 2025,11:50:34 PM EDT,25,0
Mar 20 2025,11:52:55 PM EDT,36,0
Mar 21 2025,2:19:43 AM EDT,38,1
Mar 21 2025,2:22:45 AM EDT,129,1
Mar 21 2025,2:33:51 AM EDT,140,1
Mar 21 2025,2:43:13 AM EDT,23,0
Mar 21 2025,2:53:07 AM EDT,23,0
Mar 21 2025,2:56:19 AM EDT,205,0
Mar 21 2025,3:15:22 AM EDT,140,1
Mar 21 2025,3:16:35 AM EDT,125,1
Mar 21 2025,3:19:16 AM EDT,137,1
Mar 21 2025,3:20:04 AM EDT,140,1
Mar 21 2025,3:36:02 AM EDT,52,1
Mar 21 2025,3:40:49 AM EDT,138,1
Mar 21 2025,3:44:51 AM EDT,23,0
Mar 21 2025,4:29:49 AM EDT,213,0
Mar 21 2025,4:31:25 AM EDT,49,0
Mar 21 2025,4:33:47 AM EDT,60,1
Mar 21 2025,5:04:45 AM EDT,140,1
Mar 21 2025,2:09:19 PM EDT,139,1
Mar 21 2025,2:13:05 PM EDT,140,1
Mar 21 2025,2:15:00 PM EDT,140,1
Mar 21 2025,2:16:58 PM EDT,101,0
Mar 21 2025,2:18:27 PM EDT,28,0
Mar 21 2025,2:19:06 PM EDT,140,1
Mar 21 2025,2:19:25 PM EDT,140,1
Mar 21 2025,2:22:00 PM EDT,39,0
Mar 21 2025,7:12:57 PM EDT,134,1
Mar 21 2025,7:14:24 PM EDT,140,1
Mar 21 2025,7:18:07 PM EDT,44,1
Mar 21 2025,7:26:43 PM EDT,36,0
Mar 21 2025,7:31:35 PM EDT,100,0
Mar 21 2025,7:57:08 PM EDT,49,0
Mar 21 2025,8:01:05 PM EDT,77,0
Mar 21 2025,8:02:07 PM EDT,140,1
Mar 21 2025,10:24:00 PM EDT,87,0
Mar 21 2025,10:39:16 PM EDT,140,1
Mar 21 2025,10:49:20 PM EDT,25,0
Mar 21 2025,11:09:17 PM EDT,59,0
Mar 21 2025,11:10:48 PM EDT,95,1
Mar 21 2025,11:14:21 PM EDT,140,1
Mar 21 2025,11:16:19 PM EDT,38,1
Mar 21 2025,11:17:12 PM EDT,140,1
Mar 21 2025,11:18:42 PM EDT,25,0
Mar 21 2025,11:37:36 PM EDT,27,0
Mar 21 2025,11:48:56 PM EDT,25,0
Mar 22 2025,12:06:34 AM EDT,23,0
Mar 22 2025,12:08:38 AM EDT,33,0
Mar 22 2025,12:19:06 AM EDT,23,0
Mar 22 2025,12:51:40 AM EDT,28,0
Mar 22 2025,12:52:55 AM EDT,46,1
Mar 22 2025,12:53:50 AM EDT,140,1
Mar 22 2025,12:54:11 AM EDT,23,0
Mar 22 2025,12:55:15 AM EDT,119,1
Mar 22 2025,12:59:26 AM EDT,28,0
Mar 22 2025,12:59:46 AM EDT,35,1
Mar 22 2025,1:24:47 AM EDT,140,1
Mar 22 2025,1:28:09 AM EDT,26,0
Mar 22 2025,9:16:46 AM EDT,31,0
Mar 22 2025,9:21:39 AM EDT,255,0
Mar 22 2025,9:22:26 AM EDT,140,1
Mar 22 2025,9:23:57 AM EDT,98,1
Mar 22 2025,9:26:29 AM EDT,140,1
Mar 22 2025,9:30:20 AM EDT,144,1
Mar 22 2025,9:30:46 AM EDT,140,1
Mar 22 2025,9:32:07 AM EDT,139,1
Mar 22 2025,9:36:28 AM EDT,48,0
Mar 22 2025,9:39:05 AM EDT,28,0
Mar 22 2025,9:51:15 AM EDT,96,1
Mar 22 2025,9:51:26 AM EDT,28,0
Mar 22 2025,9:54:12 AM EDT,139,1
Mar 22 2025,11:36:10 AM EDT,135,1
Mar 22 2025,11:50:13 AM EDT,111,1
Mar 22 2025,11:51:52 AM EDT,140,1
Mar 22 2025,12:14:01 PM EDT,188,0
Mar 22 2025,12:14:46 PM EDT,65,0
Mar 22 2025,12:18:55 PM EDT,240,0
Mar 22 2025,12:20:00 PM EDT,93,1
Mar 22 2025,12:20:49 PM EDT,140,1
Mar 22 2025,12:20:59 PM EDT,139,1
Mar 22 2025,12:34:09 PM EDT,27,0
Mar 22 2025,12:35:38 PM EDT,139,1
Mar 22 2025,12:36:13 PM EDT,25,0
Mar 22 2025,12:37:50 PM EDT,52,0
Mar 22 2025,12:51:52 PM EDT,23,0
Mar 22 2025,12:52:18 PM EDT,59,1
Mar 22 2025,12:52:43 PM EDT,140,1
Mar 22 2025,3:03:40 PM EDT,82,0
Mar 22 2025,3:05:09 PM EDT,140,1
Mar 22 2025,3:12:28 PM EDT,124,0
Mar 22 2025,3:13:11 PM EDT,74,0
Mar 22 2025,3:18:00 PM EDT,88,0
Mar 22 2025,3:25:49 PM EDT,140,1
Mar 22 2025,3:51:15 PM EDT,149,0
Mar 22 2025,3:51:45 PM EDT,30,0
Mar 22 2025,3:57:46 PM EDT,23,0
Mar 22 2025,4:00:24 PM EDT,28,0
Mar 22 2025,4:04:32 PM EDT,44,1
Mar 22 2025,4:04:56 PM EDT,28,0
Mar 22 2025,4:07:30 PM EDT,106,0
Mar 22 2025,4:10:06 PM EDT,140,1
Mar 22 2025,4:10:52 PM EDT,127,1
Mar 22 2025,4:16:43 PM EDT,82,1
Mar 22 2025,4:17:35 PM EDT,100,1
Mar 22 2025,4:19:41 PM EDT,140,1
Mar 22 2025,4:54:55 PM EDT,139,0
Mar 22 2025,4:56:08 PM EDT,139,1
Mar 22 2025,4:56:30 PM EDT,140,1
Mar 22 2025,4:57:06 PM EDT,140,1
Mar 22 2025,5:04:09 PM EDT,91,1
Mar 22 2025,5:16:09 PM EDT,255,0
Mar 22 2025,5:17:44 PM EDT,99,1
Mar 22 2025,5:18:56 PM EDT,140,1
Mar 22 2025,6:16:43 PM EDT,140,1
Mar 22 2025,7:07:26 PM EDT,59,0
Mar 22 2025,8:03:54 PM EDT,102,1
Mar 22 2025,8:04:06 PM EDT,140,1
Mar 22 2025,8:11:18 PM EDT,130,1
Mar 22 2025,8:12:23 PM EDT,25,0
Mar 22 2025,8:35:46 PM EDT,109,1
Mar 23 2025,12:47:31 AM EDT,140,1
Mar 23 2025,12:52:34 AM EDT,31,0
Mar 23 2025,1:03:14 AM EDT,140,1
Mar 23 2025,1:04:50 AM EDT,27,0
Mar 23 2025,1:11:57 AM EDT,140,1
Mar 23 2025,1:12:52 AM EDT,140,1
Mar 23 2025,1:13:27 AM EDT,41,1
Mar 23 2025,1:19:49 AM EDT,140,1
Mar 23 2025,1:20:58 AM EDT,23,0
Mar 23 2025,1:23:44 AM EDT,88,1
Mar 23 2025,1:24:25 AM EDT,28,0
Mar 23 2025,1:24:59 AM EDT,140,1
Mar 23 2025,1:30:34 AM EDT,126,0
Mar 23 2025,1:38:49 AM EDT,72,0
Mar 23 2025,1:45:00 AM EDT,140,1
Mar 23 2025,1:46:23 AM EDT,23,0
Mar 23 2025,1:56:35 AM EDT,140,1
Mar 23 2025,8:15:34 AM EDT,44,0
Mar 23 2025,8:17:09 AM EDT,71,1
Mar 23 2025,8:19:01 AM EDT,144,1
Mar 23 2025,8:34:30 AM EDT,136,1
Mar 23 2025,8:36:47 AM EDT,139,1
Mar 23 2025,9:01:59 AM EDT,59,0
Mar 23 2025,9:09:20 AM EDT,86,1
Mar 23 2025,9:10:38 AM EDT,79,1
Mar 23 2025,9:13:04 AM EDT,104,1
Mar 23 2025,9:55:07 AM EDT,23,0
Mar 23 2025,10:05:01 AM EDT,25,0
Mar 23 2025,10:11:59 AM EDT,35,0
Mar 23 2025,10:12:14 AM EDT,140,1
Mar 23 2025,10:26:39 AM EDT,139,1
Mar 23 2025,10:29:29 AM EDT,139,1
Mar 23 2025,10:34:10 AM EDT,255,0
Mar 23 2025,10:37:06 AM EDT,140,1
Mar 23 2025,10:37:34 AM EDT,46,1
Mar 23 2025,10:39:23 AM EDT,27,0
Mar 23 2025,10:48:53 AM EDT,25,0
Mar 23 2025,11:02:24 AM EDT,140,1
Mar 23 2025,12:29:17 PM EDT,31,0
Mar 23 2025,12:30:29 PM EDT,138,1
Mar 23 2025,12:34:41 PM EDT,23,0
Mar 23 2025,12:36:18 PM EDT,26,0
Mar 23 2025,12:37:38 PM EDT,23,0
Mar 23 2025,12:48:08 PM EDT,61,0
Mar 23 2025,12:48:55 PM EDT,140,1
Mar 23 2025,12:54:01 PM EDT,140,1
Mar 23 2025,12:58:11 PM EDT,26,0
Mar 23 2025,1:13:56 PM EDT,148,0
Mar 23 2025,1:14:42 PM EDT,140,1
Mar 23 2025,1:14:46 PM EDT,140,1
Mar 23 2025,1:15:01 PM EDT,23,0
Mar 23 2025,1:17:23 PM EDT,23,0
Mar 23 2025,1:17:53 PM EDT,140,1
Mar 23 2025,1:18:27 PM EDT,40,0
Mar 23 2025,1:19:19 PM EDT,55,0
Mar 23 2025,1:20:58 PM EDT,43,0
Mar 23 2025,1:29:54 PM EDT,59,0
Mar 23 2025,1:30:29 PM EDT,30,0
Mar 23 2025,1:31:46 PM EDT,55,0
Mar 23 2025,6:21:53 PM EDT,27,0
Mar 23 2025,6:27:52 PM EDT,85,0
Mar 23 2025,6:30:00 PM EDT,107,1
Mar 23 2025,6:32:32 PM EDT,93,0
Mar 23 2025,6:33:33 PM EDT,139,1
Mar 23 2025,7:29:16 PM EDT,68,1
Mar 23 2025,7:41:21 PM EDT,114,1
Mar 23 2025,8:09:25 PM EDT,140,1
Mar 23 2025,8:35:03 PM EDT,140,1
Mar 24 2025,12:35:35 AM EDT,140,1
Mar 24 2025,12:36:00 AM EDT,140,1
Mar 24 2025,12:39:50 AM EDT,113,0
Mar 24 2025,12:41:02 AM EDT,25,0
Mar 24 2025,12:42:51 AM EDT,23,0
Mar 24 2025,1:14:47 AM EDT,126,1
Mar 24 2025,1:15:55 AM EDT,32,1
Mar 24 2025,1:16:31 AM EDT,48,1
Mar 24 2025,1:25:58 AM EDT,23,0
Mar 24 2025,1:27:17 AM EDT,23,0
Mar 24 2025,1:33:47 AM EDT,44,1
Mar 24 2025,1:40:17 AM EDT,23,0
Mar 24 2025,2:09:03 AM EDT,139,1
Mar 24 2025,2:09:18 AM EDT,140,1
Mar 24 2025,2:14:03 AM EDT,69,1
Mar 24 2025,2:15:17 AM EDT,140,1
Mar 24 2025,2:15:50 AM EDT,37,0
Mar 24 2025,2:16:36 AM EDT,140,1
Mar 24 2025,2:34:12 AM EDT,140,1
Mar 24 2025,2:34:25 AM EDT,23,0
Mar 24 2025,2:34:48 AM EDT,53,0
Mar 24 2025,2:39:22 AM EDT,23,0
Mar 24 2025,2:46:30 AM EDT,27,0
Mar 24 2025,2:49:00 AM EDT,103,1
Mar 24 2025,2:54:31 AM EDT,140,1
Mar 24 2025,2:55:55 AM EDT,140,1
Mar 24 2025,2:58:05 AM EDT,153,0
Mar 24 2025,2:58:36 AM EDT,139,1
Mar 24 2025,3:01:23 AM EDT,140,1
Mar 24 2025,3:04:16 AM EDT,45,0
Mar 24 2025,3:14:44 AM EDT,28,0
Mar 24 2025,3:20:40 AM EDT,140,1
Mar 24 2025,9:20:14 AM EDT,38,0
Mar 24 2025,9:20:46 AM EDT,28,0
Mar 24 2025,9:37:37 AM EDT,87,1
Mar 24 2025,10:17:55 AM EDT,88,1
Mar 24 2025,2:39:14 PM EDT,140,1
Mar 24 2025,2:41:05 PM EDT,25,0
Mar 24 2025,3:04:40 PM EDT,77,1
Mar 24 2025,3:05:23 PM EDT,130,1
Mar 24 2025,4:34:00 PM EDT,28,0
Mar 24 2025,4:35:03 PM EDT,140,1
Mar 24 2025,4:35:17 PM EDT,144,1
Mar 24 2025,4:43:49 PM EDT,193,0
Mar 24 2025,4:51:52 PM EDT,121,0
Mar 24 2025,4:53:26 PM EDT,140,1
Mar 24 2025,4:54:58 PM EDT,43,0
Mar 24 2025,5:00:17 PM EDT,23,0
Mar 24 2025,5:01:40 PM EDT,143,1
Mar 24 2025,5:02:25 PM EDT,44,1
Mar 24 2025,5:02:28 PM EDT,88,1
Mar 24 2025,5:05:36 PM EDT,140,1
Mar 24 2025,5:12:07 PM EDT,53,0
Mar 24 2025,5:14:48 PM EDT,140,1
Mar 24 2025,5:15:40 PM EDT,140,1
Mar 24 2025,6:53:28 PM EDT,23,0
Mar 24 2025,6:53:38 PM EDT,140,1
Mar 24 2025,9:05:15 PM EDT,140,1
Mar 24 2025,9:06:07 PM EDT,35,0
Mar 24 2025,9:06:36 PM EDT,148,1
Mar 24 2025,9:42:10 PM EDT,60,0
Mar 24 2025,9:48:02 PM EDT,140,1
Mar 24 2025,10:30:36 PM EDT,37,0
Mar 24 2025,10:33:04 PM EDT,25,0
Mar 24 2025,10:35:03 PM EDT,84,1
Mar 24 2025,10:36:46 PM EDT,140,1
Mar 24 2025,10:37:01 PM EDT,63,1
Mar 24 2025,10:37:33 PM EDT,140,1
Mar 24 2025,10:41:29 PM EDT,140,1
Mar 24 2025,10:42:48 PM EDT,140,1
Mar 24 2025,11:15:16 PM EDT,69,0
Mar 24 2025,11:16:29 PM EDT,67,1
Mar 24 2025,11:19:08 PM EDT,25,0
Mar 24 2025,11:21:32 PM EDT,252,0
Mar 24 2025,11:22:20 PM EDT,79,1
Mar 24 2025,11:37:47 PM EDT,139,1
Mar 24 2025,11:41:43 PM EDT,138,1
Mar 24 2025,11:51:18 PM EDT,134,0
Mar 24 2025,11:52:56 PM EDT,97,1
Mar 24 2025,11:53:48 PM EDT,85,1
Mar 25 2025,12:12:50 AM EDT,23,0
Mar 25 2025,12:29:02 AM EDT,134,1
Mar 25 2025,12:38:15 AM EDT,140,1
Mar 25 2025,12:39:33 AM EDT,140,1
Mar 25 2025,12:42:42 AM EDT,23,0
Mar 25 2025,12:47:31 AM EDT,23,0
Mar 25 2025,1:25:11 AM EDT,23,0
Mar 25 2025,1:59:04 AM EDT,140,1
Mar 25 2025,7:23:13 AM EDT,23,0
Mar 25 2025,7:23:39 AM EDT,25,0
Mar 25 2025,7:25:37 AM EDT,83,0
Mar 25 2025,7:27:36 AM EDT,139,1
Mar 25 2025,7:29:33 AM EDT,140,1
Mar 25 2025,7:35:12 AM EDT,140,1
Mar 25 2025,8:21:26 AM EDT,42,0
Mar 25 2025,8:21:57 AM EDT,140,1
Mar 25 2025,8:26:11 AM EDT,50,0
Mar 25 2025,8:35:32 AM EDT,140,1
Mar 25 2025,8:36:35 AM EDT,27,0
Mar 25 2025,8:39:06 AM EDT,23,0
Mar 25 2025,10:20:05 AM EDT,140,1
Mar 25 2025,10:51:56 AM EDT,23,0
Mar 25 2025,10:59:39 AM EDT,39,0
Mar 25 2025,11:00:03 AM EDT,135,1
Mar 25 2025,11:00:15 AM EDT,140,1
Mar 25 2025,12:48:04 PM EDT,140,1
Mar 25 2025,12:50:39 PM EDT,31,0
Mar 25 2025,12:53:04 PM EDT,140,1
Mar 25 2025,12:55:09 PM EDT,23,0
Mar 25 2025,12:55:20 PM EDT,140,1
Mar 25 2025,12:55:46 PM EDT,39,0
Mar 25 2025,12:57:42 PM EDT,28,0
Mar 25 2025,1:25:13 PM EDT,57,0
Mar 25 2025,1:30:52 PM EDT,120,1
Mar 25 2025,1:34:35 PM EDT,140,1
Mar 25 2025,1:35:11 PM EDT,58,0
Mar 25 2025,1:38:02 PM EDT,54,0
Mar 25 2025,1:39:30 PM EDT,120,1
Mar 25 2025,1:39:44 PM EDT,25,0
Mar 25 2025,1:41:46 PM EDT,98,0
Mar 25 2025,1:42:18 PM EDT,25,0
Mar 25 2025,1:47:46 PM EDT,241,0
Mar 25 2025,1:49:14 PM EDT,55,0
Mar 25 2025,1:49:45 PM EDT,59,0
Mar 25 2025,1:50:38 PM EDT,138,1
Mar 25 2025,1:51:07 PM EDT,139,1
Mar 25 2025,1:52:49 PM EDT,105,1
Mar 25 2025,2:03:09 PM EDT,27,0
Mar 25 2025,2:06:15 PM EDT,32,0
Mar 25 2025,3:00:56 PM EDT,28,0
Mar 25 2025,3:03:09 PM EDT,35,0
Mar 25 2025,3:05:03 PM EDT,140,1
Mar 25 2025,3:17:01 PM EDT,25,0
Mar 25 2025,3:17:50 PM EDT,140,1
Mar 25 2025,3:22:58 PM EDT,139,1
Mar 25 2025,3:23:40 PM EDT,28,0
Mar 25 2025,3:31:23 PM EDT,137,0
Mar 25 2025,3:32:47 PM EDT,140,1
Mar 25 2025,3:56:56 PM EDT,28,0
Mar 25 2025,4:05:19 PM EDT,34,1
Mar 25 2025,4:06:09 PM EDT,140,1
Mar 25 2025,4:10:53 PM EDT,33,0
Mar 25 2025,8:08:03 PM EDT,152,1
Mar 26 2025,12:02:16 AM EDT,133,1
Mar 26 2025,12:27:50 AM EDT,23,0
Mar 26 2025,1:00:03 AM EDT,140,1
Mar 26 2025,2:29:09 AM EDT,28,0
Mar 26 2025,2:29:31 AM EDT,140,1
Mar 26 2025,2:30:10 AM EDT,140,1
Mar 26 2025,2:30:19 AM EDT,144,1
Mar 26 2025,2:30:56 AM EDT,55,1
Mar 26 2025,2:33:26 AM EDT,140,1
Mar 26 2025,2:34:11 AM EDT,25,0
Mar 26 2025,2:48:31 AM EDT,60,0
Mar 26 2025,2:50:00 AM EDT,140,1
Mar 26 2025,2:50:12 AM EDT,28,0
Mar 26 2025,2:51:33 AM EDT,92,0
Mar 26 2025,5:35:23 AM EDT,140,1
Mar 26 2025,5:37:58 AM EDT,140,1
Mar 26 2025,5:53:50 AM EDT,14,0
Mar 26 2025,6:08:44 AM EDT,140,1
Mar 26 2025,6:11:52 AM EDT,45,0
Mar 26 2025,6:12:38 AM EDT,140,1
Mar 26 2025,6:13:32 AM EDT,54,0
Mar 26 2025,6:18:43 AM EDT,31,0
Mar 26 2025,6:23:01 AM EDT,50,1
Mar 26 2025,6:46:27 AM EDT,57,1
Mar 26 2025,6:52:26 AM EDT,53,1
Mar 26 2025,7:19:28 AM EDT,91,1
Mar 26 2025,7:22:59 AM EDT,140,1
Mar 26 2025,11:52:54 AM EDT,140,1
Mar 26 2025,12:24:42 PM EDT,74,1
Mar 26 2025,12:25:35 PM EDT,23,0
Mar 26 2025,12:30:42 PM EDT,70,0
Mar 26 2025,2:01:07 PM EDT,61,0
Mar 26 2025,2:18:34 PM EDT,140,1
Mar 26 2025,2:18:47 PM EDT,33,0
Mar 26 2025,3:04:45 PM EDT,63,0
Mar 26 2025,3:05:01 PM EDT,25,0
Mar 26 2025,3:11:52 PM EDT,60,0
Mar 26 2025,3:12:31 PM EDT,25,0
Mar 26 2025,5:43:41 PM EDT,140,1
Mar 26 2025,5:44:08 PM EDT,54,0
Mar 26 2025,5:44:30 PM EDT,57,0
Mar 26 2025,5:44:49 PM EDT,139,1
Mar 26 2025,5:47:23 PM EDT,42,0
Mar 26 2025,5:48:18 PM EDT,26,0
Mar 26 2025,6:22:42 PM EDT,140,1
Mar 26 2025,6:25:58 PM EDT,41,0
Mar 26 2025,6:26:13 PM EDT,140,1
Mar 26 2025,6:29:07 PM EDT,140,1
Mar 26 2025,6:33:50 PM EDT,40,0
Mar 26 2025,6:35:26 PM EDT,93,1
Mar 26 2025,6:39:07 PM EDT,140,1
Mar 26 2025,6:39:44 PM EDT,139,1
Mar 26 2025,6:42:24 PM EDT,106,1
Mar 26 2025,7:15:31 PM EDT,50,1
Mar 26 2025,7:26:48 PM EDT,59,1
Mar 26 2025,9:21:30 PM EDT,89,0
Mar 26 2025,9:48:11 PM EDT,197,0
Mar 26 2025,9:50:13 PM EDT,46,0
Mar 26 2025,9:53:09 PM EDT,140,1
Mar 26 2025,10:01:36 PM EDT,140,1
Mar 26 2025,10:04:02 PM EDT,129,1
Mar 26 2025,10:06:26 PM EDT,44,0
Mar 26 2025,10:08:57 PM EDT,140,1
Mar 26 2025,10:13:16 PM EDT,119,1
Mar 26 2025,10:14:33 PM EDT,26,0
Mar 26 2025,10:14:50 PM EDT,86,1
Mar 26 2025,10:15:15 PM EDT,25,0
Mar 26 2025,10:16:04 PM EDT,23,0
Mar 26 2025,10:16:41 PM EDT,101,1
Mar 26 2025,10:40:39 PM EDT,140,1
Mar 26 2025,10:41:41 PM EDT,25,0
Mar 27 2025,12:07:40 AM EDT,107,1
Mar 27 2025,12:16:42 AM EDT,139,1
Mar 27 2025,2:26:10 AM EDT,139,1
Mar 27 2025,3:25:00 AM EDT,140,1
Mar 27 2025,3:25:23 AM EDT,55,1
Mar 27 2025,3:31:19 AM EDT,140,1
Mar 27 2025,10:25:16 AM EDT,31,0
Mar 27 2025,10:31:39 AM EDT,26,0
Mar 27 2025,10:32:47 AM EDT,114,1
Mar 27 2025,10:33:10 AM EDT,140,1
Mar 27 2025,10:33:44 AM EDT,64,1
Mar 27 2025,10:34:30 AM EDT,44,0
Mar 27 2025,10:35:24 AM EDT,140,1
Mar 27 2025,10:36:08 AM EDT,28,0
Mar 27 2025,12:03:20 PM EDT,255,0
Mar 27 2025,12:07:46 PM EDT,34,0
Mar 27 2025,12:12:47 PM EDT,138,1
Mar 27 2025,12:13:33 PM EDT,37,0
Mar 27 2025,12:14:48 PM EDT,55,0
Mar 27 2025,12:15:34 PM EDT,65,0
Mar 27 2025,12:16:03 PM EDT,140,1
Mar 27 2025,12:18:19 PM EDT,147,0
Mar 27 2025,12:32:37 PM EDT,170,0
Mar 27 2025,1:04:13 PM EDT,23,0
Mar 27 2025,1:08:00 PM EDT,60,1
Mar 27 2025,1:08:45 PM EDT,31,0
Mar 27 2025,1:10:35 PM EDT,139,1
Mar 27 2025,1:11:09 PM EDT,140,1
Mar 27 2025,1:11:54 PM EDT,28,0
Mar 27 2025,1:25:39 PM EDT,55,0
Mar 27 2025,1:27:37 PM EDT,144,1
Mar 27 2025,1:29:55 PM EDT,140,1
Mar 27 2025,1:31:15 PM EDT,139,1
Mar 27 2025,1:33:25 PM EDT,23,0
Mar 27 2025,2:01:38 PM EDT,55,0
Mar 27 2025,2:30:32 PM EDT,23,0
Mar 27 2025,3:29:54 PM EDT,50,0
Mar 27 2025,4:26:46 PM EDT,139,1
Mar 27 2025,4:28:14 PM EDT,28,0
Mar 27 2025,4:30:24 PM EDT,23,0
Mar 27 2025,4:41:50 PM EDT,140,1
Mar 27 2025,4:42:03 PM EDT,139,1
Mar 27 2025,4:48:50 PM EDT,53,0
Mar 27 2025,4:50:10 PM EDT,137,0
Mar 27 2025,6:24:24 PM EDT,23,0
Mar 27 2025,7:19:00 PM EDT,53,0
Mar 27 2025,7:19:20 PM EDT,140,1
Mar 27 2025,7:20:40 PM EDT,53,0
Mar 27 2025,7:21:07 PM EDT,55,0
Mar 27 2025,7:21:22 PM EDT,32,0
Mar 27 2025,8:39:59 PM EDT,28,0
Mar 28 2025,12:14:20 AM EDT,140,1
Mar 28 2025,12:15:23 AM EDT,23,0
Mar 28 2025,12:25:33 AM EDT,63,0
Mar 28 2025,12:26:06 AM EDT,140,1
Mar 28 2025,12:27:10 AM EDT,30,0
Mar 28 2025,12:39:11 AM EDT,140,1
Mar 28 2025,12:46:21 AM EDT,23,0
Mar 28 2025,12:48:09 AM EDT,140,1
Mar 28 2025,12:48:30 AM EDT,23,0
Mar 28 2025,12:49:37 AM EDT,140,1
Mar 28 2025,12:57:16 AM EDT,255,0
Mar 28 2025,12:58:30 AM EDT,140,1
Mar 28 2025,1:00:02 AM EDT,140,1
Mar 28 2025,1:09:05 AM EDT,140,1
Mar 28 2025,1:09:23 AM EDT,140,1
Mar 28 2025,1:09:51 AM EDT,140,1
Mar 28 2025,1:11:06 AM EDT,92,1
Mar 28 2025,3:22:17 AM EDT,140,1
Mar 28 2025,3:31:53 AM EDT,140,1
Mar 28 2025,3:32:16 AM EDT,140,1
Mar 28 2025,3:32:51 AM EDT,140,1
Mar 28 2025,3:33:27 AM EDT,140,1
Mar 28 2025,3:36:35 AM EDT,70,0
Mar 28 2025,3:37:57 AM EDT,24,0
Mar 28 2025,3:38:50 AM EDT,139,1
Mar 28 2025,8:02:34 AM EDT,140,1
Mar 28 2025,8:04:01 AM EDT,31,0
Mar 28 2025,8:06:22 AM EDT,140,1
Mar 28 2025,8:11:28 AM EDT,140,1
Mar 28 2025,8:22:01 AM EDT,229,0
Mar 28 2025,8:22:22 AM EDT,140,1
Mar 28 2025,8:25:07 AM EDT,48,0
Mar 28 2025,8:39:34 AM EDT,140,1
Mar 28 2025,8:39:50 AM EDT,27,0
Mar 28 2025,8:45:12 AM EDT,140,1
Mar 28 2025,8:45:36 AM EDT,139,1
Mar 28 2025,8:47:29 AM EDT,140,1
Mar 28 2025,8:47:40 AM EDT,140,1
Mar 28 2025,8:49:56 AM EDT,140,1
Mar 28 2025,8:50:21 AM EDT,28,0
Mar 28 2025,8:52:11 AM EDT,139,1
Mar 28 2025,8:55:09 AM EDT,140,1
Mar 28 2025,8:57:15 AM EDT,44,1
Mar 28 2025,9:01:30 AM EDT,140,1
Mar 28 2025,9:03:02 AM EDT,140,1
Mar 28 2025,9:05:19 AM EDT,140,1
Mar 28 2025,9:07:12 AM EDT,122,1
Mar 28 2025,9:12:08 AM EDT,75,1
Mar 28 2025,9:19:38 AM EDT,140,1
Mar 28 2025,9:21:36 AM EDT,140,1
Mar 28 2025,9:23:07 AM EDT,44,0
Mar 28 2025,9:29:15 AM EDT,23,0
Mar 28 2025,9:29:36 AM EDT,26,0
Mar 28 2025,9:30:01 AM EDT,136,1
Mar 28 2025,9:30:50 AM EDT,139,1
Mar 28 2025,9:33:43 AM EDT,140,1
Mar 28 2025,9:34:08 AM EDT,27,0
Mar 28 2025,9:43:12 AM EDT,38,0
Mar 28 2025,9:45:22 AM EDT,126,1
Mar 28 2025,9:51:38 AM EDT,27,0
Mar 28 2025,10:26:07 AM EDT,25,0
Mar 28 2025,10:42:03 AM EDT,27,0
Mar 28 2025,1:28:14 PM EDT,255,0
Mar 28 2025,1:28:27 PM EDT,25,0
Mar 28 2025,1:41:28 PM EDT,34,0
Mar 28 2025,1:44:33 PM EDT,128,0
Mar 28 2025,1:52:05 PM EDT,91,0
Mar 28 2025,4:02:26 PM EDT,140,1
Mar 28 2025,4:35:47 PM EDT,140,1
Mar 28 2025,4:37:25 PM EDT,33,0
Mar 28 2025,5:13:09 PM EDT,111,1
Mar 28 2025,5:28:43 PM EDT,18,1
Mar 28 2025,5:58:33 PM EDT,26,0
Mar 28 2025,6:00:38 PM EDT,93,1
Mar 28 2025,8:10:40 PM EDT,25,0
Mar 28 2025,8:15:29 PM EDT,123,1
Mar 28 2025,8:26:55 PM EDT,140,1
Mar 28 2025,8:30:56 PM EDT,40,0
Mar 28 2025,8:44:18 PM EDT,110,0
Mar 28 2025,8:49:06 PM EDT,28,0
Mar 28 2025,8:49:33 PM EDT,140,1
Mar 28 2025,8:50:22 PM EDT,23,0
Mar 28 2025,8:55:55 PM EDT,108,0
Mar 28 2025,9:00:17 PM EDT,140,1
Mar 28 2025,9:03:53 PM EDT,140,1
Mar 28 2025,9:09:12 PM EDT,255,0
Mar 28 2025,9:09:27 PM EDT,140,1
Mar 28 2025,9:11:47 PM EDT,140,1
Mar 28 2025,9:13:51 PM EDT,137,1
Mar 28 2025,9:21:39 PM EDT,173,0
Mar 28 2025,9:35:08 PM EDT,140,1
Mar 28 2025,9:35:22 PM EDT,136,1
Mar 28 2025,9:36:52 PM EDT,56,1
Mar 28 2025,9:39:16 PM EDT,111,1
Mar 28 2025,9:43:40 PM EDT,138,1
Mar 28 2025,9:44:17 PM EDT,28,0
Mar 28 2025,9:47:54 PM EDT,140,1
Mar 28 2025,9:53:16 PM EDT,25,0
Mar 28 2025,9:53:37 PM EDT,135,1
Mar 29 2025,4:55:03 AM EDT,54,0
Mar 29 2025,5:05:43 AM EDT,31,0
Mar 29 2025,5:09:07 AM EDT,139,1
Mar 29 2025,5:10:42 AM EDT,140,1
Mar 29 2025,5:11:36 AM EDT,140,1
Mar 29 2025,5:14:47 AM EDT,140,1
Mar 29 2025,5:16:14 AM EDT,39,1
Mar 29 2025,5:16:50 AM EDT,140,1
Mar 29 2025,5:26:42 AM EDT,140,1
Mar 29 2025,5:29:23 AM EDT,89,1
Mar 29 2025,5:30:53 AM EDT,140,1
Mar 29 2025,5:31:15 AM EDT,52,1
Mar 29 2025,5:33:26 AM EDT,140,1
Mar 29 2025,5:40:33 AM EDT,140,1
Mar 29 2025,5:41:47 AM EDT,140,1
Mar 29 2025,12:50:50 PM EDT,90,0
Mar 29 2025,12:52:21 PM EDT,46,0
Mar 29 2025,12:55:16 PM EDT,66,1
Mar 29 2025,12:55:19 PM EDT,140,1
Mar 29 2025,1:06:35 PM EDT,97,0
Mar 29 2025,5:20:30 PM EDT,140,1
Mar 29 2025,5:27:32 PM EDT,27,0
Mar 29 2025,5:30:37 PM EDT,28,0
Mar 29 2025,5:31:26 PM EDT,46,0
Mar 29 2025,5:32:45 PM EDT,49,0
Mar 29 2025,5:36:03 PM EDT,138,1
Mar 29 2025,5:37:41 PM EDT,110,0
Mar 29 2025,5:44:15 PM EDT,28,0
Mar 29 2025,5:55:57 PM EDT,201,0
Mar 29 2025,5:57:45 PM EDT,37,0
Mar 29 2025,5:58:13 PM EDT,140,1
Mar 29 2025,5:59:43 PM EDT,25,0
Mar 29 2025,7:24:48 PM EDT,140,1
Mar 30 2025,1:40:57 AM EDT,58,0
Mar 30 2025,1:54:34 AM EDT,31,0
Mar 30 2025,1:55:16 AM EDT,26,0
Mar 30 2025,2:09:53 AM EDT,255,0
Mar 30 2025,2:12:41 AM EDT,43,1
Mar 30 2025,2:17:19 AM EDT,220,0
Mar 30 2025,2:18:01 AM EDT,140,1
Mar 30 2025,2:18:48 AM EDT,78,0
Mar 30 2025,2:27:06 AM EDT,28,0
Mar 30 2025,2:27:42 AM EDT,140,1
Mar 30 2025,3:39:08 AM EDT,44,1
Mar 30 2025,3:47:49 AM EDT,96,1
Mar 30 2025,3:48:03 AM EDT,140,1
Mar 30 2025,9:27:55 AM EDT,139,1
Mar 30 2025,9:29:07 AM EDT,140,1
Mar 30 2025,9:29:52 AM EDT,51,0
Mar 30 2025,9:33:22 AM EDT,74,1
Mar 30 2025,10:46:33 AM EDT,83,1
Mar 30 2025,11:24:20 AM EDT,62,0
Mar 30 2025,11:25:10 AM EDT,138,1
Mar 30 2025,11:29:20 AM EDT,140,1
Mar 30 2025,11:31:48 AM EDT,148,0
Mar 30 2025,11:32:35 AM EDT,135,1
Mar 30 2025,11:34:25 AM EDT,73,1
Mar 30 2025,1:17:55 PM EDT,255,0
Mar 30 2025,1:30:17 PM EDT,140,1
Mar 30 2025,2:33:50 PM EDT,27,0
Mar 30 2025,3:51:18 PM EDT,122,0
Mar 30 2025,3:55:30 PM EDT,255,0
Mar 30 2025,3:55:47 PM EDT,139,1
Mar 30 2025,3:56:01 PM EDT,111,1
Mar 30 2025,3:57:21 PM EDT,140,1
Mar 30 2025,4:13:42 PM EDT,23,0
Mar 30 2025,4:18:31 PM EDT,140,1
Mar 30 2025,4:31:15 PM EDT,43,0
Mar 30 2025,4:32:53 PM EDT,140,1
Mar 30 2025,4:33:13 PM EDT,140,1
Mar 30 2025,4:45:08 PM EDT,23,0
Mar 30 2025,5:00:44 PM EDT,214,0
Mar 30 2025,5:18:24 PM EDT,140,1
Mar 30 2025,5:18:43 PM EDT,44,1
Mar 30 2025,5:59:08 PM EDT,35,0
Mar 30 2025,6:00:04 PM EDT,140,1
Mar 30 2025,6:02:18 PM EDT,140,1
Mar 30 2025,6:12:14 PM EDT,90,1
Mar 30 2025,6:16:09 PM EDT,45,0
Mar 30 2025,6:16:40 PM EDT,118,1
Mar 30 2025,6:23:12 PM EDT,140,1
Mar 30 2025,6:23:27 PM EDT,140,1
Mar 30 2025,6:31:11 PM EDT,140,1
Mar 30 2025,7:15:23 PM EDT,27,0
Mar 30 2025,7:17:01 PM EDT,97,0
Mar 30 2025,7:30:49 PM EDT,126,1
Mar 30 2025,7:31:59 PM EDT,134,1
Mar 30 2025,7:34:00 PM EDT,28,0
Mar 30 2025,8:15:01 PM EDT,56,0
Mar 30 2025,8:17:33 PM EDT,23,0
Mar 30 2025,8:25:31 PM EDT,140,1
Mar 30 2025,8:27:37 PM EDT,33,0
Mar 30 2025,8:28:58 PM EDT,144,1
Mar 30 2025,8:33:01 PM EDT,43,0
Mar 30 2025,10:54:27 PM EDT,200,0
Mar 30 2025,10:58:13 PM EDT,27,0
Mar 30 2025,10:59:30 PM EDT,23,0
Mar 30 2025,10:59:42 PM EDT,140,1
Mar 30 2025,11:06:03 PM EDT,103,0
Mar 30 2025,11:10:36 PM EDT,221,0
Mar 30 2025,11:12:06 PM EDT,25,0
Mar 30 2025,11:18:38 PM EDT,137,1
Mar 30 2025,11:19:40 PM EDT,142,1
Mar 30 2025,11:20:21 PM EDT,36,0
Mar 30 2025,11:20:48 PM EDT,138,1
Mar 30 2025,11:21:57 PM EDT,140,1
Mar 30 2025,11:22:37 PM EDT,23,0
Mar 30 2025,11:25:22 PM EDT,23,0
Mar 30 2025,11:37:18 PM EDT,144,1
Mar 31 2025,12:00:40 AM EDT,139,1
Mar 31 2025,12:01:47 AM EDT,25,0
Mar 31 2025,12:03:44 AM EDT,139,1
Mar 31 2025,12:05:37 AM EDT,38,1
Mar 31 2025,12:05:59 AM EDT,140,1
Mar 31 2025,12:07:12 AM EDT,140,1
Mar 31 2025,12:21:59 AM EDT,23,0
Mar 31 2025,12:24:14 AM EDT,27,0
Mar 31 2025,12:24:48 AM EDT,26,0
Mar 31 2025,12:30:30 AM EDT,25,0
Mar 31 2025,12:31:51 AM EDT,139,1
Mar 31 2025,12:32:49 AM EDT,23,0
Mar 31 2025,12:34:22 AM EDT,27,0
Mar 31 2025,12:51:01 AM EDT,50,0
Mar 31 2025,12:55:13 AM EDT,140,1
Mar 31 2025,1:11:35 AM EDT,140,1
Mar 31 2025,1:14:03 AM EDT,138,1
Mar 31 2025,1:16:32 AM EDT,47,0
Mar 31 2025,1:25:36 AM EDT,49,1
Mar 31 2025,1:41:50 AM EDT,33,0
Mar 31 2025,1:44:12 AM EDT,48,0
Mar 31 2025,3:25:09 AM EDT,255,0
Mar 31 2025,3:33:50 AM EDT,138,1
Mar 31 2025,10:38:32 AM EDT,110,0
Mar 31 2025,10:56:28 AM EDT,184,0
Mar 31 2025,11:17:23 AM EDT,255,0
Mar 31 2025,11:21:55 AM EDT,38,0
Mar 31 2025,11:22:26 AM EDT,38,0
Mar 31 2025,11:23:04 AM EDT,31,0
Mar 31 2025,11:26:27 AM EDT,23,0
Mar 31 2025,1:18:07 PM EDT,101,0
Mar 31 2025,3:39:08 PM EDT,25,0
Mar 31 2025,6:31:50 PM EDT,140,1
Mar 31 2025,7:23:52 PM EDT,139,1
Mar 31 2025,8:18:27 PM EDT,143,1
Mar 31 2025,8:18:55 PM EDT,23,0
Mar 31 2025,8:30:37 PM EDT,43,0
Mar 31 2025,8:31:08 PM EDT,32,0
Mar 31 2025,8:31:25 PM EDT,23,0
Mar 31 2025,9:15:27 PM EDT,23,0
Mar 31 2025,9:15:53 PM EDT,139,1
Mar 31 2025,9:16:13 PM EDT,140,1
Mar 31 2025,9:16:25 PM EDT,140,1
Mar 31 2025,9:17:06 PM EDT,28,0
Mar 31 2025,9:18:13 PM EDT,27,0
Mar 31 2025,9:23:42 PM EDT,139,1
Apr 1 2025,12:56:41 AM EDT,56,1
Apr 1 2025,1:01:24 AM EDT,33,0
Apr 1 2025,1:02:47 AM EDT,140,1
Apr 1 2025,1:35:05 AM EDT,96,0
Apr 1 2025,1:37:52 AM EDT,123,0
Apr 1 2025,1:53:30 AM EDT,23,0
Apr 1 2025,2:00:39 AM EDT,105,1
Apr 1 2025,2:01:52 AM EDT,140,1
Apr 1 2025,2:08:56 AM EDT,140,1
Apr 1 2025,2:09:53 AM EDT,140,1
Apr 1 2025,2:11:49 AM EDT,99,0
Apr 1 2025,2:14:13 AM EDT,139,1
Apr 1 2025,2:16:50 AM EDT,140,1
Apr 1 2025,2:17:22 AM EDT,140,1
Apr 1 2025,2:17:31 AM EDT,140,1
Apr 1 2025,2:17:42 AM EDT,134,1
Apr 1 2025,2:18:17 AM EDT,140,1
Apr 1 2025,2:19:49 AM EDT,140,1
Apr 1 2025,2:24:43 AM EDT,26,0
Apr 1 2025,2:25:43 AM EDT,140,1
Apr 1 2025,2:27:50 AM EDT,140,1
Apr 1 2025,2:28:00 AM EDT,140,1
Apr 1 2025,2:31:05 AM EDT,140,1
Apr 1 2025,10:22:01 AM EDT,140,1
Apr 1 2025,10:22:53 AM EDT,140,1
Apr 1 2025,10:23:42 AM EDT,23,0
Apr 1 2025,10:45:22 AM EDT,28,0
Apr 1 2025,10:48:57 AM EDT,62,1
Apr 1 2025,10:53:06 AM EDT,238,0
Apr 1 2025,10:53:19 AM EDT,139,1
Apr 1 2025,11:01:08 AM EDT,25,0
Apr 1 2025,11:02:04 AM EDT,31,0
Apr 1 2025,11:45:15 AM EDT,139,1
Apr 1 2025,12:08:43 PM EDT,140,1
Apr 1 2025,12:45:36 PM EDT,79,1
Apr 1 2025,12:45:56 PM EDT,27,0
Apr 1 2025,1:01:31 PM EDT,83,0
Apr 1 2025,1:13:28 PM EDT,143,1
Apr 1 2025,1:15:49 PM EDT,50,0
Apr 1 2025,1:16:44 PM EDT,35,0
Apr 1 2025,1:20:02 PM EDT,23,0
Apr 1 2025,1:23:52 PM EDT,27,0
Apr 1 2025,1:31:16 PM EDT,140,1
Apr 1 2025,1:31:27 PM EDT,140,1
Apr 1 2025,1:32:33 PM EDT,27,0
Apr 1 2025,1:32:58 PM EDT,140,1
Apr 1 2025,2:13:35 PM EDT,85,0
Apr 1 2025,2:53:43 PM EDT,27,0
Apr 1 2025,2:54:09 PM EDT,26,0
Apr 1 2025,3:01:52 PM EDT,28,0
Apr 1 2025,3:37:01 PM EDT,25,0
Apr 1 2025,4:15:14 PM EDT,105,0
Apr 1 2025,4:42:41 PM EDT,140,1
Apr 1 2025,6:42:38 PM EDT,63,0
Apr 1 2025,6:43:02 PM EDT,139,1
Apr 1 2025,6:44:56 PM EDT,139,1
Apr 1 2025,8:13:37 PM EDT,140,1
Apr 1 2025,8:13:44 PM EDT,23,0
Apr 1 2025,8:14:10 PM EDT,36,0
Apr 1 2025,8:26:51 PM EDT,140,1
Apr 1 2025,9:31:26 PM EDT,29,0
Apr 1 2025,10:13:41 PM EDT,114,1
Apr 2 2025,1:15:33 AM EDT,57,0
Apr 2 2025,1:17:18 AM EDT,31,0
Apr 2 2025,1:18:34 AM EDT,140,1
Apr 2 2025,1:23:06 AM EDT,55,0
Apr 2 2025,2:05:57 AM EDT,94,0
Apr 2 2025,2:22:40 AM EDT,64,0
Apr 2 2025,2:36:15 AM EDT,33,0
Apr 2 2025,2:39:06 AM EDT,27,0
Apr 2 2025,2:42:08 AM EDT,28,0
Apr 2 2025,2:46:36 AM EDT,65,0
Apr 2 2025,2:56:23 AM EDT,118,0
Apr 2 2025,2:59:01 AM EDT,29,0
Apr 2 2025,2:59:55 AM EDT,28,0
Apr 2 2025,3:00:51 AM EDT,138,1
Apr 2 2025,3:01:38 AM EDT,139,1
Apr 2 2025,3:10:10 AM EDT,202,0
Apr 2 2025,3:15:09 AM EDT,52,0
Apr 2 2025,3:16:13 AM EDT,54,0
Apr 2 2025,3:19:29 AM EDT,137,1
Apr 2 2025,3:21:49 AM EDT,28,0
Apr 2 2025,3:33:13 AM EDT,128,0
Apr 2 2025,5:24:30 AM EDT,23,0
Apr 2 2025,10:53:12 AM EDT,140,1
Apr 2 2025,11:07:07 AM EDT,140,1
Apr 2 2025,11:07:44 AM EDT,140,1
Apr 2 2025,11:50:17 AM EDT,139,1
Apr 2 2025,11:51:35 AM EDT,131,1
Apr 2 2025,11:59:16 AM EDT,140,1
Apr 2 2025,3:42:41 PM EDT,39,0
Apr 2 2025,3:42:57 PM EDT,140,1
Apr 2 2025,9:37:55 PM EDT,91,1
Apr 3 2025,12:01:35 AM EDT,144,1
Apr 3 2025,12:14:22 AM EDT,139,1
Apr 3 2025,12:14:53 AM EDT,27,0
Apr 3 2025,12:15:23 AM EDT,140,1
Apr 3 2025,12:17:09 AM EDT,140,1
Apr 3 2025,12:17:29 AM EDT,29,0
Apr 3 2025,12:18:06 AM EDT,58,1
Apr 3 2025,12:39:39 AM EDT,139,1
Apr 3 2025,12:42:28 AM EDT,107,1
Apr 3 2025,12:42:45 AM EDT,44,1
Apr 3 2025,12:43:41 AM EDT,140,1
Apr 3 2025,5:17:17 AM EDT,79,1
Apr 3 2025,5:20:20 AM EDT,140,1
Apr 3 2025,5:25:20 AM EDT,140,1
Apr 3 2025,5:34:40 AM EDT,140,1
Apr 3 2025,5:53:59 AM EDT,28,0
Apr 3 2025,9:43:17 AM EDT,140,1
Apr 3 2025,9:48:59 AM EDT,140,1
Apr 3 2025,9:50:01 AM EDT,28,0
Apr 3 2025,2:10:03 PM EDT,140,1
Apr 3 2025,5:04:37 PM EDT,140,1
Apr 3 2025,5:10:02 PM EDT,97,0
Apr 3 2025,5:18:15 PM EDT,77,0
Apr 3 2025,6:31:27 PM EDT,140,1
Apr 3 2025,6:34:28 PM EDT,56,0
Apr 3 2025,6:41:47 PM EDT,67,1
Apr 3 2025,6:42:00 PM EDT,140,1
Apr 3 2025,6:54:28 PM EDT,140,1
Apr 3 2025,6:55:03 PM EDT,68,0
Apr 3 2025,6:56:07 PM EDT,45,0
Apr 3 2025,6:57:46 PM EDT,23,0
Apr 3 2025,6:58:06 PM EDT,23,0
Apr 3 2025,7:40:30 PM EDT,25,0
Apr 3 2025,10:21:42 PM EDT,83,1
Apr 3 2025,10:35:37 PM EDT,51,1
Apr 3 2025,10:42:55 PM EDT,42,0
Apr 4 2025,12:18:02 AM EDT,23,0
Apr 4 2025,12:18:04 AM EDT,139,1
Apr 4 2025,12:19:23 AM EDT,64,1
Apr 4 2025,12:22:33 AM EDT,140,1
Apr 4 2025,12:24:40 AM EDT,137,1
Apr 4 2025,12:29:09 AM EDT,36,0
Apr 4 2025,12:58:26 AM EDT,26,0
Apr 4 2025,1:00:55 AM EDT,71,0
Apr 4 2025,1:04:22 AM EDT,120,1
Apr 4 2025,1:05:03 AM EDT,65,1
Apr 4 2025,1:11:33 AM EDT,86,0
Apr 4 2025,1:13:29 AM EDT,42,0
Apr 4 2025,1:15:41 AM EDT,74,1
Apr 4 2025,1:19:58 AM EDT,140,1
Apr 4 2025,1:20:59 AM EDT,140,1
Apr 4 2025,1:48:37 AM EDT,25,0
Apr 4 2025,2:36:46 AM EDT,62,0
Apr 4 2025,2:42:36 AM EDT,25,0
Apr 4 2025,11:21:39 AM EDT,60,1
Apr 4 2025,11:22:47 AM EDT,63,0
Apr 4 2025,12:53:42 PM EDT,34,0
Apr 4 2025,2:23:02 PM EDT,65,1
Apr 4 2025,2:23:24 PM EDT,37,0
Apr 4 2025,2:35:28 PM EDT,164,0
Apr 4 2025,2:37:02 PM EDT,59,1
Apr 4 2025,2:37:15 PM EDT,140,1
Apr 4 2025,2:37:52 PM EDT,140,1
Apr 4 2025,6:01:45 PM EDT,53,0
Apr 4 2025,6:03:19 PM EDT,140,1
Apr 5 2025,9:50:25 AM EDT,140,1
Apr 5 2025,9:50:54 AM EDT,140,1
Apr 5 2025,9:51:22 AM EDT,140,1
Apr 5 2025,9:52:38 AM EDT,36,0
Apr 5 2025,9:55:31 AM EDT,138,1
Apr 5 2025,10:15:03 AM EDT,38,0
Apr 5 2025,10:15:41 AM EDT,139,1
Apr 5 2025,10:16:54 AM EDT,140,1
Apr 5 2025,11:04:19 AM EDT,140,1
Apr 5 2025,12:17:18 PM EDT,139,1
Apr 5 2025,12:19:04 PM EDT,27,0
Apr 5 2025,12:20:05 PM EDT,64,1
Apr 5 2025,12:39:44 PM EDT,37,0
Apr 5 2025,12:42:19 PM EDT,23,0
Apr 5 2025,12:43:21 PM EDT,25,0
Apr 5 2025,4:43:19 PM EDT,74,0
Apr 5 2025,6:31:46 PM EDT,140,1
Apr 5 2025,6:45:08 PM EDT,23,0
Apr 5 2025,7:03:21 PM EDT,140,1
Apr 5 2025,7:05:22 PM EDT,140,1
Apr 5 2025,7:05:53 PM EDT,25,0
Apr 5 2025,7:19:46 PM EDT,140,1
Apr 5 2025,7:20:24 PM EDT,23,0
Apr 5 2025,7:22:22 PM EDT,23,0
Apr 5 2025,7:29:58 PM EDT,25,0
Apr 6 2025,12:52:22 AM EDT,99,1
Apr 6 2025,1:12:14 AM EDT,140,1
Apr 6 2025,1:12:43 AM EDT,144,1
Apr 6 2025,1:16:20 AM EDT,139,1
Apr 6 2025,1:24:55 AM EDT,67,0
Apr 6 2025,1:25:38 AM EDT,97,1
Apr 6 2025,1:27:42 AM EDT,134,0
Apr 6 2025,1:28:14 AM EDT,139,1
Apr 6 2025,1:38:59 AM EDT,25,0
Apr 6 2025,10:24:47 AM EDT,140,1
Apr 6 2025,10:35:19 AM EDT,127,0
Apr 6 2025,10:41:19 AM EDT,63,1
Apr 6 2025,10:47:31 AM EDT,104,0
Apr 6 2025,10:57:32 AM EDT,144,1
Apr 6 2025,9:06:18 PM EDT,46,0
Apr 6 2025,9:14:11 PM EDT,23,0
Apr 7 2025,12:23:53 AM EDT,25,0
Apr 7 2025,2:33:22 AM EDT,37,1
Apr 7 2025,3:24:49 AM EDT,140,1
Apr 7 2025,3:41:27 AM EDT,23,0
Apr 7 2025,3:44:01 AM EDT,63,1
Apr 7 2025,3:48:15 AM EDT,102,0
Apr 7 2025,3:52:42 AM EDT,29,0
Apr 7 2025,4:42:52 AM EDT,140,1
Apr 7 2025,4:57:10 AM EDT,39,1
Apr 7 2025,4:59:17 AM EDT,23,0
Apr 7 2025,5:03:40 AM EDT,27,0
Apr 7 2025,12:21:34 PM EDT,140,1
Apr 7 2025,2:34:11 PM EDT,23,0
Apr 7 2025,4:58:26 PM EDT,35,0
Apr 7 2025,5:18:27 PM EDT,140,1
Apr 7 2025,5:33:44 PM EDT,140,1
Apr 7 2025,5:37:09 PM EDT,23,0
Apr 7 2025,7:44:38 PM EDT,140,1
Apr 7 2025,7:47:56 PM EDT,65,0
Apr 7 2025,7:51:41 PM EDT,140,1
Apr 7 2025,8:04:24 PM EDT,140,1
Apr 7 2025,8:41:24 PM EDT,28,0
Apr 7 2025,8:50:59 PM EDT,27,0
Apr 7 2025,9:48:35 PM EDT,31,0
Apr 7 2025,9:52:40 PM EDT,138,1
Apr 7 2025,10:33:34 PM EDT,23,0
Apr 7 2025,10:37:00 PM EDT,54,0
Apr 7 2025,11:50:15 PM EDT,139,1
Apr 8 2025,12:58:44 AM EDT,23,0
Apr 8 2025,1:28:20 AM EDT,139,1
Apr 8 2025,1:31:23 AM EDT,38,1
Apr 8 2025,1:34:52 AM EDT,37,0
Apr 8 2025,1:35:25 AM EDT,140,1
Apr 8 2025,1:35:37 AM EDT,139,1
Apr 8 2025,1:47:16 AM EDT,39,0
Apr 8 2025,1:52:01 AM EDT,176,0
Apr 8 2025,1:52:24 AM EDT,23,0
Apr 8 2025,1:58:07 AM EDT,25,0
Apr 8 2025,1:59:47 AM EDT,60,1
Apr 8 2025,2:01:27 AM EDT,35,0
Apr 8 2025,10:06:20 AM EDT,25,0
Apr 8 2025,2:04:42 PM EDT,139,1
Apr 8 2025,2:05:07 PM EDT,139,1
Apr 8 2025,2:37:14 PM EDT,140,1
Apr 8 2025,2:38:05 PM EDT,140,1
Apr 8 2025,3:27:10 PM EDT,29,0
Apr 8 2025,3:27:41 PM EDT,28,0
Apr 8 2025,3:27:51 PM EDT,60,1
Apr 8 2025,3:28:14 PM EDT,91,1
Apr 8 2025,5:08:07 PM EDT,33,0
Apr 9 2025,2:13:43 AM EDT,80,1
Apr 9 2025,2:22:03 AM EDT,31,0
Apr 9 2025,2:56:34 AM EDT,140,1
Apr 9 2025,4:16:21 AM EDT,140,1
Apr 9 2025,4:16:50 AM EDT,139,1
Apr 9 2025,4:17:18 AM EDT,25,0
Apr 9 2025,4:51:24 AM EDT,140,1
Apr 9 2025,10:44:08 AM EDT,140,1
Apr 9 2025,11:04:31 AM EDT,140,1
Apr 9 2025,11:29:59 AM EDT,32,0
Apr 9 2025,11:30:44 AM EDT,140,1
Apr 9 2025,11:32:14 AM EDT,27,0
Apr 9 2025,11:32:59 AM EDT,140,1
Apr 9 2025,11:40:05 AM EDT,26,0
Apr 9 2025,12:04:39 PM EDT,140,1
Apr 9 2025,12:05:24 PM EDT,49,0
Apr 9 2025,12:53:39 PM EDT,27,0
Apr 9 2025,12:55:21 PM EDT,30,0
Apr 9 2025,1:39:24 PM EDT,28,0
Apr 9 2025,1:41:26 PM EDT,140,1
Apr 9 2025,2:03:36 PM EDT,25,0
Apr 9 2025,2:04:25 PM EDT,28,0
Apr 9 2025,4:57:55 PM EDT,26,0
Apr 9 2025,6:08:04 PM EDT,54,0
Apr 9 2025,6:15:07 PM EDT,140,1
Apr 9 2025,6:20:51 PM EDT,85,1
Apr 9 2025,10:49:33 PM EDT,23,0
Apr 9 2025,11:31:27 PM EDT,198,0
Apr 9 2025,11:37:21 PM EDT,255,0
Apr 9 2025,11:57:01 PM EDT,59,0
Apr 10 2025,1:18:55 AM EDT,140,1
Apr 10 2025,1:23:15 AM EDT,109,1
Apr 10 2025,1:33:36 AM EDT,28,0
Apr 10 2025,1:34:21 AM EDT,140,1
Apr 10 2025,2:10:05 AM EDT,139,1
Apr 10 2025,2:13:59 AM EDT,64,0
Apr 10 2025,2:14:30 AM EDT,142,1
Apr 10 2025,2:15:58 AM EDT,140,1
Apr 10 2025,2:16:15 AM EDT,140,1
Apr 10 2025,2:17:05 AM EDT,54,0
Apr 10 2025,3:36:44 AM EDT,25,0
Apr 10 2025,3:37:52 AM EDT,117,0
Apr 10 2025,3:38:27 AM EDT,27,0
Apr 10 2025,4:27:46 AM EDT,61,1
Apr 10 2025,4:28:39 AM EDT,124,1
Apr 10 2025,4:30:30 AM EDT,140,1
Apr 10 2025,4:39:10 AM EDT,23,0
Apr 10 2025,4:39:31 AM EDT,140,1
Apr 10 2025,4:39:56 AM EDT,140,1
Apr 10 2025,4:43:07 AM EDT,21,1
Apr 10 2025,6:36:03 PM EDT,140,1
Apr 10 2025,6:36:51 PM EDT,30,0
Apr 11 2025,12:30:59 AM EDT,59,0
Apr 11 2025,12:36:44 AM EDT,140,1
Apr 11 2025,12:45:21 AM EDT,101,1
Apr 11 2025,12:45:58 AM EDT,128,1
Apr 11 2025,12:55:12 AM EDT,52,0
Apr 11 2025,12:57:22 AM EDT,140,1
Apr 11 2025,1:04:01 AM EDT,33,0
Apr 11 2025,1:06:54 AM EDT,144,1
Apr 11 2025,1:12:11 AM EDT,53,0
Apr 11 2025,1:14:04 AM EDT,95,1
Apr 11 2025,1:16:32 AM EDT,99,1
Apr 11 2025,1:17:41 AM EDT,139,1
Apr 11 2025,1:41:09 AM EDT,37,0
Apr 11 2025,1:42:05 AM EDT,39,1
Apr 11 2025,1:46:21 AM EDT,140,1
Apr 11 2025,1:47:53 AM EDT,140,1
Apr 11 2025,1:55:04 AM EDT,64,1
Apr 11 2025,2:00:36 AM EDT,132,1
Apr 11 2025,2:01:08 AM EDT,28,0
Apr 11 2025,2:04:11 AM EDT,140,1
Apr 11 2025,2:04:28 AM EDT,139,1
Apr 11 2025,2:10:28 AM EDT,69,0
Apr 11 2025,7:37:58 AM EDT,139,1
Apr 11 2025,7:38:51 AM EDT,45,0
Apr 11 2025,8:05:24 AM EDT,140,1
Apr 11 2025,8:06:11 AM EDT,140,1
Apr 11 2025,8:06:34 AM EDT,27,0
Apr 11 2025,8:07:01 AM EDT,140,1
Apr 11 2025,8:11:02 AM EDT,140,1
Apr 11 2025,11:05:37 AM EDT,47,0
Apr 11 2025,11:07:27 AM EDT,140,1
Apr 11 2025,11:09:48 AM EDT,140,1
Apr 11 2025,11:51:38 AM EDT,139,1
Apr 11 2025,12:00:47 PM EDT,86,1
Apr 11 2025,12:01:04 PM EDT,140,1
Apr 11 2025,2:06:37 PM EDT,73,0
Apr 11 2025,2:25:33 PM EDT,52,0
Apr 11 2025,2:27:46 PM EDT,81,1
Apr 11 2025,2:28:55 PM EDT,139,1
Apr 11 2025,2:41:47 PM EDT,26,0
Apr 11 2025,2:44:04 PM EDT,140,1
Apr 11 2025,3:03:50 PM EDT,140,1
Apr 11 2025,4:39:15 PM EDT,126,1
Apr 11 2025,7:32:14 PM EDT,37,0
Apr 11 2025,9:04:51 PM EDT,30,0
Apr 11 2025,9:16:03 PM EDT,255,0
Apr 11 2025,11:36:33 PM EDT,23,0
Apr 11 2025,11:57:20 PM EDT,28,0
Apr 12 2025,12:26:32 AM EDT,140,1
Apr 12 2025,12:34:41 AM EDT,39,1
Apr 12 2025,12:35:43 AM EDT,55,0
Apr 12 2025,12:38:36 AM EDT,27,0
Apr 12 2025,12:40:00 AM EDT,31,0
Apr 12 2025,12:41:24 AM EDT,25,0
Apr 12 2025,12:41:51 AM EDT,140,1
Apr 12 2025,12:42:04 AM EDT,140,1
Apr 12 2025,12:54:01 AM EDT,140,1
Apr 12 2025,12:55:51 AM EDT,26,0
Apr 12 2025,1:02:44 AM EDT,49,1
Apr 12 2025,1:12:12 AM EDT,33,0
Apr 12 2025,2:40:34 AM EDT,144,1
Apr 12 2025,9:36:54 AM EDT,25,0
Apr 12 2025,9:40:42 AM EDT,44,1
Apr 12 2025,9:48:16 AM EDT,113,1
Apr 12 2025,10:07:16 AM EDT,140,1
Apr 12 2025,10:11:39 AM EDT,140,1
Apr 12 2025,10:22:29 AM EDT,23,0
Apr 12 2025,10:22:40 AM EDT,138,1
Apr 12 2025,10:23:46 AM EDT,122,1
Apr 12 2025,3:30:54 PM EDT,140,1
Apr 12 2025,7:34:31 PM EDT,108,0
Apr 12 2025,10:31:42 PM EDT,140,1
Apr 12 2025,10:33:24 PM EDT,51,0
Apr 13 2025,2:52:36 AM EDT,28,0
Apr 13 2025,3:15:38 AM EDT,70,1
Apr 13 2025,3:20:27 AM EDT,77,1
Apr 13 2025,3:20:39 AM EDT,140,1
Apr 13 2025,3:24:02 AM EDT,139,1
Apr 13 2025,3:27:25 AM EDT,121,1
Apr 13 2025,3:27:41 AM EDT,140,1
Apr 13 2025,3:27:59 AM EDT,140,1
Apr 13 2025,3:29:10 AM EDT,140,1
Apr 13 2025,3:29:39 AM EDT,140,1
Apr 13 2025,3:30:26 AM EDT,48,1
Apr 13 2025,3:33:09 AM EDT,25,0
Apr 13 2025,10:21:20 AM EDT,31,0
Apr 13 2025,10:23:03 AM EDT,56,0
Apr 13 2025,10:24:32 AM EDT,36,1
Apr 13 2025,10:39:37 AM EDT,48,0
Apr 13 2025,10:59:36 AM EDT,140,1
Apr 13 2025,11:06:02 AM EDT,23,0
Apr 13 2025,1:00:58 PM EDT,46,1
Apr 13 2025,1:02:25 PM EDT,114,1
Apr 13 2025,1:48:40 PM EDT,140,1
Apr 13 2025,5:27:08 PM EDT,140,1
Apr 13 2025,5:28:44 PM EDT,27,0
Apr 13 2025,6:47:20 PM EDT,119,1
Apr 13 2025,7:12:41 PM EDT,139,1
Apr 13 2025,7:12:52 PM EDT,140,1
Apr 13 2025,7:13:33 PM EDT,140,1
Apr 13 2025,11:15:00 PM EDT,28,0
Apr 13 2025,11:39:15 PM EDT,43,0
Apr 13 2025,11:47:56 PM EDT,23,0
Apr 13 2025,11:51:44 PM EDT,28,0
Apr 14 2025,12:11:42 AM EDT,94,1
Apr 14 2025,12:16:31 AM EDT,66,0
Apr 14 2025,12:19:35 AM EDT,44,1
Apr 14 2025,12:48:15 AM EDT,43,0
Apr 14 2025,12:49:43 AM EDT,27,0
Apr 14 2025,9:22:20 AM EDT,62,0
Apr 14 2025,9:25:16 AM EDT,140,1
Apr 14 2025,9:32:39 AM EDT,139,1
Apr 14 2025,9:34:54 AM EDT,140,1
Apr 14 2025,9:37:50 AM EDT,32,1
Apr 14 2025,9:43:54 AM EDT,176,0
Apr 14 2025,9:50:05 AM EDT,47,0
Apr 14 2025,9:51:54 AM EDT,77,0
Apr 14 2025,1:17:37 PM EDT,42,0
Apr 14 2025,10:59:29 PM EDT,77,1
Apr 14 2025,11:26:29 PM EDT,59,0
Apr 14 2025,11:26:47 PM EDT,140,1
Apr 15 2025,2:52:43 AM EDT,79,0
Apr 15 2025,2:57:16 AM EDT,140,1
Apr 15 2025,3:13:35 AM EDT,27,0
Apr 15 2025,3:19:14 AM EDT,140,1
Apr 15 2025,3:20:54 AM EDT,66,1
Apr 15 2025,3:22:01 AM EDT,140,1
Apr 15 2025,3:23:27 AM EDT,140,1
Apr 15 2025,3:26:39 AM EDT,139,1
Apr 15 2025,3:31:43 AM EDT,40,0
Apr 15 2025,4:34:37 AM EDT,122,1
Apr 15 2025,4:35:18 AM EDT,140,1
Apr 15 2025,4:37:23 AM EDT,140,1
Apr 15 2025,8:55:00 AM EDT,23,0
Apr 15 2025,11:48:15 AM EDT,28,0
Apr 15 2025,12:40:35 PM EDT,144,0
Apr 15 2025,1:22:38 PM EDT,148,0
Apr 15 2025,3:10:51 PM EDT,61,0
Apr 15 2025,3:57:18 PM EDT,81,1
Apr 15 2025,4:34:43 PM EDT,33,0
Apr 15 2025,4:35:00 PM EDT,47,1
Apr 15 2025,5:38:44 PM EDT,140,1
Apr 15 2025,6:04:35 PM EDT,36,1
Apr 15 2025,6:29:37 PM EDT,27,0
Apr 15 2025,6:31:17 PM EDT,31,0
Apr 15 2025,6:49:21 PM EDT,139,1
Apr 15 2025,6:49:39 PM EDT,25,0
Apr 15 2025,7:45:22 PM EDT,26,0
Apr 15 2025,8:58:34 PM EDT,90,1
Apr 15 2025,9:03:54 PM EDT,138,1
Apr 15 2025,9:10:34 PM EDT,139,1
Apr 15 2025,11:27:04 PM EDT,35,0
Apr 15 2025,11:31:55 PM EDT,32,1
Apr 15 2025,11:35:01 PM EDT,144,1
Apr 15 2025,11:38:28 PM EDT,23,0
Apr 15 2025,11:41:25 PM EDT,34,0
Apr 15 2025,11:59:18 PM EDT,16,0
Apr 16 2025,12:01:12 AM EDT,126,0
Apr 16 2025,12:22:26 AM EDT,140,1
Apr 16 2025,10:48:34 AM EDT,140,1
Apr 16 2025,10:49:47 AM EDT,140,1
Apr 16 2025,10:57:22 AM EDT,139,1
Apr 16 2025,10:58:23 AM EDT,139,1
Apr 16 2025,10:59:18 AM EDT,143,1
Apr 16 2025,12:03:54 PM EDT,58,0
Apr 16 2025,12:04:40 PM EDT,23,0
Apr 16 2025,5:35:03 PM EDT,48,1
Apr 16 2025,6:19:35 PM EDT,31,0
Apr 16 2025,6:20:00 PM EDT,54,1
Apr 17 2025,1:38:29 AM EDT,38,0
Apr 17 2025,1:40:32 AM EDT,144,1
Apr 17 2025,1:40:45 AM EDT,10,1
Apr 17 2025,1:17:06 PM EDT,67,1
Apr 17 2025,1:33:42 PM EDT,104,1
Apr 17 2025,1:34:05 PM EDT,140,1
Apr 17 2025,1:34:58 PM EDT,140,1
Apr 17 2025,2:30:58 PM EDT,140,1
Apr 17 2025,2:35:33 PM EDT,28,0
Apr 17 2025,2:40:36 PM EDT,114,0
Apr 17 2025,2:42:20 PM EDT,140,1
Apr 17 2025,2:54:58 PM EDT,23,0
Apr 17 2025,2:55:16 PM EDT,101,1
Apr 17 2025,3:00:39 PM EDT,42,1
Apr 17 2025,6:35:30 PM EDT,28,0
Apr 17 2025,6:52:01 PM EDT,139,1
Apr 17 2025,6:58:21 PM EDT,32,0
Apr 17 2025,8:23:29 PM EDT,28,0
Apr 17 2025,8:24:46 PM EDT,43,0
Apr 17 2025,8:28:23 PM EDT,39,1
Apr 17 2025,11:02:16 PM EDT,33,0
Apr 18 2025,3:59:13 AM EDT,140,1
Apr 18 2025,3:59:30 AM EDT,140,1
Apr 18 2025,4:02:02 AM EDT,139,1
Apr 18 2025,4:02:32 AM EDT,139,1
Apr 18 2025,4:13:24 AM EDT,23,0
Apr 18 2025,4:24:00 AM EDT,140,1
Apr 18 2025,4:39:10 AM EDT,44,0
Apr 18 2025,5:00:03 AM EDT,120,1
Apr 18 2025,10:01:44 AM EDT,27,0
Apr 18 2025,10:06:02 AM EDT,54,0
Apr 18 2025,1:52:30 PM EDT,139,1
Apr 18 2025,6:52:30 PM EDT,140,1
Apr 18 2025,7:07:15 PM EDT,114,0
Apr 18 2025,7:08:33 PM EDT,74,0
Apr 18 2025,7:09:19 PM EDT,61,0
Apr 18 2025,7:55:56 PM EDT,69,0
Apr 18 2025,8:51:39 PM EDT,102,1
Apr 18 2025,8:56:39 PM EDT,23,0
Apr 18 2025,9:00:43 PM EDT,28,0
Apr 18 2025,9:03:14 PM EDT,140,1
Apr 18 2025,9:09:21 PM EDT,140,1
Apr 18 2025,9:10:53 PM EDT,140,1
Apr 19 2025,3:59:32 AM EDT,140,1
Apr 19 2025,4:00:15 AM EDT,140,1
Apr 19 2025,4:01:36 AM EDT,140,1
Apr 19 2025,4:16:44 AM EDT,107,1
Apr 19 2025,4:21:20 AM EDT,140,1
Apr 19 2025,4:24:19 AM EDT,120,0
Apr 19 2025,4:24:50 AM EDT,138,1
Apr 19 2025,4:36:54 AM EDT,28,0
Apr 19 2025,4:37:21 AM EDT,140,1
Apr 19 2025,5:04:49 AM EDT,29,1
Apr 19 2025,5:12:45 AM EDT,140,1
Apr 19 2025,1:19:09 PM EDT,53,1
Apr 19 2025,1:26:08 PM EDT,46,0
Apr 19 2025,1:26:20 PM EDT,58,1
Apr 19 2025,2:35:54 PM EDT,140,1
Apr 19 2025,4:07:13 PM EDT,132,1
Apr 19 2025,6:36:40 PM EDT,121,1
Apr 19 2025,7:54:52 PM EDT,139,1
Apr 19 2025,7:55:00 PM EDT,102,1
Apr 19 2025,7:55:44 PM EDT,140,1
Apr 19 2025,7:56:44 PM EDT,27,0
Apr 19 2025,8:06:10 PM EDT,90,0
Apr 19 2025,8:06:53 PM EDT,140,1
Apr 19 2025,10:28:32 PM EDT,140,1
Apr 19 2025,11:23:35 PM EDT,36,0
Apr 20 2025,1:26:00 AM EDT,140,1
Apr 20 2025,1:28:31 AM EDT,40,0
Apr 20 2025,1:30:21 AM EDT,139,1
Apr 20 2025,1:38:00 AM EDT,13,1
Apr 20 2025,1:50:35 AM EDT,53,0
Apr 20 2025,1:51:19 AM EDT,140,1
Apr 20 2025,1:52:29 AM EDT,140,1
Apr 20 2025,1:54:09 AM EDT,139,1
Apr 20 2025,1:55:02 AM EDT,30,0
Apr 20 2025,1:56:03 AM EDT,38,1
Apr 20 2025,2:42:11 AM EDT,42,0
Apr 20 2025,10:04:29 AM EDT,13,0
Apr 20 2025,3:32:14 PM EDT,140,1
Apr 20 2025,3:36:05 PM EDT,30,0
Apr 21 2025,12:12:14 AM EDT,106,0
Apr 21 2025,1:06:09 AM EDT,107,0
Apr 21 2025,1:24:10 AM EDT,38,1
Apr 21 2025,1:28:02 AM EDT,28,0
Apr 21 2025,1:45:39 AM EDT,140,1
Apr 21 2025,1:49:57 AM EDT,140,1
Apr 21 2025,2:00:03 AM EDT,120,1
Apr 21 2025,10:05:23 AM EDT,140,1
Apr 21 2025,10:09:37 AM EDT,42,0
Apr 21 2025,10:29:45 AM EDT,140,1
Apr 21 2025,10:34:51 AM EDT,111,1
Apr 21 2025,10:41:19 AM EDT,28,0
Apr 21 2025,10:41:45 AM EDT,25,0
Apr 21 2025,1:47:32 PM EDT,140,1
Apr 21 2025,3:13:50 PM EDT,140,1
Apr 21 2025,3:14:10 PM EDT,140,1
Apr 21 2025,3:15:05 PM EDT,25,0
Apr 21 2025,3:23:33 PM EDT,137,1
Apr 21 2025,6:38:45 PM EDT,49,0
Apr 21 2025,6:39:03 PM EDT,140,1
Apr 22 2025,1:20:53 AM EDT,44,1
Apr 22 2025,1:21:23 AM EDT,140,1
Apr 22 2025,1:30:51 AM EDT,140,1
Apr 22 2025,1:31:12 AM EDT,140,1
Apr 22 2025,1:31:26 AM EDT,87,1
Apr 22 2025,1:34:24 AM EDT,109,1
Apr 22 2025,1:48:46 AM EDT,23,0
Apr 22 2025,2:03:12 AM EDT,44,1
Apr 22 2025,6:41:12 AM EDT,140,1
Apr 22 2025,6:54:28 AM EDT,110,0
Apr 22 2025,6:58:17 AM EDT,77,0
Apr 22 2025,6:58:39 AM EDT,140,1
Apr 22 2025,7:02:54 AM EDT,28,0
Apr 22 2025,7:10:12 AM EDT,25,0
Apr 22 2025,7:10:37 AM EDT,140,1
Apr 22 2025,7:11:13 AM EDT,140,1
Apr 22 2025,7:15:07 AM EDT,140,1
Apr 22 2025,7:21:27 AM EDT,61,0
Apr 22 2025,7:26:04 AM EDT,140,1
Apr 22 2025,7:34:40 AM EDT,23,0
Apr 22 2025,7:45:41 AM EDT,140,1
Apr 22 2025,7:47:00 AM EDT,140,1
Apr 22 2025,7:48:47 AM EDT,56,1
Apr 22 2025,7:49:05 AM EDT,27,0
Apr 22 2025,7:49:52 AM EDT,31,0
Apr 22 2025,8:09:46 AM EDT,81,1
Apr 22 2025,8:10:26 AM EDT,65,0
Apr 22 2025,8:14:59 AM EDT,140,1
Apr 22 2025,10:18:38 AM EDT,140,1
Apr 22 2025,10:19:08 AM EDT,140,1
Apr 22 2025,10:19:40 AM EDT,116,1
Apr 22 2025,10:21:27 AM EDT,116,1
Apr 22 2025,11:22:51 AM EDT,43,0
Apr 22 2025,2:15:17 PM EDT,23,0
Apr 22 2025,2:16:06 PM EDT,140,1
Apr 22 2025,2:16:27 PM EDT,140,1
Apr 22 2025,2:16:31 PM EDT,144,1
Apr 22 2025,3:47:24 PM EDT,69,0
Apr 22 2025,3:49:20 PM EDT,25,0
Apr 22 2025,3:50:52 PM EDT,63,0
Apr 22 2025,3:51:48 PM EDT,31,0
Apr 22 2025,3:55:50 PM EDT,90,1
Apr 22 2025,4:47:52 PM EDT,52,1
Apr 22 2025,5:13:29 PM EDT,140,1
Apr 22 2025,5:15:29 PM EDT,140,1
Apr 22 2025,10:52:46 PM EDT,140,1
Apr 22 2025,11:01:13 PM EDT,140,1
Apr 22 2025,11:43:24 PM EDT,140,1
Apr 23 2025,12:08:04 AM EDT,138,1
Apr 23 2025,12:13:03 AM EDT,140,1
Apr 23 2025,4:10:37 AM EDT,52,1
Apr 23 2025,4:15:24 AM EDT,139,1
Apr 23 2025,4:17:08 AM EDT,140,1
Apr 23 2025,4:24:25 AM EDT,139,1
Apr 23 2025,4:28:03 AM EDT,140,1
Apr 23 2025,4:34:48 AM EDT,139,1
Apr 23 2025,4:54:38 AM EDT,111,1
Apr 23 2025,5:14:33 AM EDT,140,1
Apr 23 2025,5:35:22 AM EDT,140,1
Apr 23 2025,5:35:44 AM EDT,140,1
Apr 23 2025,9:28:25 AM EDT,184,0
Apr 23 2025,9:44:19 AM EDT,38,0
Apr 23 2025,9:44:42 AM EDT,39,1
Apr 23 2025,12:53:20 PM EDT,67,0
Apr 23 2025,3:34:27 PM EDT,27,0
Apr 23 2025,5:00:54 PM EDT,140,1
Apr 23 2025,5:01:33 PM EDT,52,1
Apr 23 2025,5:11:02 PM EDT,140,1
Apr 23 2025,5:21:20 PM EDT,139,1
Apr 23 2025,7:38:40 PM EDT,140,1
Apr 23 2025,9:18:03 PM EDT,140,1
Apr 23 2025,9:21:29 PM EDT,140,1
Apr 23 2025,9:57:09 PM EDT,140,1
Apr 23 2025,10:03:28 PM EDT,139,1
Apr 24 2025,2:04:47 AM EDT,140,1
Apr 24 2025,2:05:57 AM EDT,140,1
Apr 24 2025,2:21:56 AM EDT,140,1
Apr 24 2025,2:23:36 AM EDT,25,0
Apr 24 2025,2:24:43 AM EDT,46,1
Apr 24 2025,4:58:07 AM EDT,139,1
Apr 24 2025,5:23:50 AM EDT,25,0
Apr 24 2025,5:34:43 AM EDT,82,1
Apr 24 2025,6:28:16 AM EDT,144,1
Apr 24 2025,6:37:04 AM EDT,28,0
Apr 24 2025,6:37:43 AM EDT,59,0
Apr 24 2025,6:40:35 AM EDT,140,1
Apr 24 2025,6:43:57 AM EDT,140,1
Apr 24 2025,6:50:35 AM EDT,23,0
Apr 24 2025,6:51:32 AM EDT,140,1
Apr 24 2025,6:52:42 AM EDT,140,1
Apr 24 2025,7:09:12 AM EDT,58,0
Apr 24 2025,7:09:34 AM EDT,92,1
Apr 24 2025,10:48:09 AM EDT,43,0
Apr 24 2025,10:49:01 AM EDT,140,1
Apr 24 2025,10:49:55 AM EDT,139,1
Apr 24 2025,10:53:22 AM EDT,140,1
Apr 24 2025,11:53:49 AM EDT,56,0
Apr 24 2025,11:54:39 AM EDT,25,0
Apr 24 2025,12:22:07 PM EDT,140,1
Apr 24 2025,12:24:40 PM EDT,38,1
Apr 24 2025,12:36:43 PM EDT,61,0
Apr 24 2025,12:37:58 PM EDT,27,0
Apr 24 2025,12:39:13 PM EDT,80,0
Apr 24 2025,12:47:37 PM EDT,25,0
Apr 24 2025,12:57:17 PM EDT,75,1
Apr 24 2025,12:58:01 PM EDT,60,0
Apr 24 2025,2:07:07 PM EDT,140,1
Apr 24 2025,3:59:48 PM EDT,140,1
Apr 24 2025,4:07:15 PM EDT,25,0
Apr 24 2025,4:52:12 PM EDT,115,1
Apr 24 2025,6:22:21 PM EDT,140,1
Apr 24 2025,6:28:03 PM EDT,255,0
Apr 24 2025,6:30:51 PM EDT,32,0
Apr 24 2025,8:18:34 PM EDT,140,1
Apr 24 2025,8:32:13 PM EDT,140,1
Apr 24 2025,8:34:36 PM EDT,39,1
Apr 24 2025,9:03:37 PM EDT,23,0
Apr 24 2025,9:22:46 PM EDT,26,0
Apr 24 2025,9:33:21 PM EDT,36,0
Apr 25 2025,12:16:31 AM EDT,27,0
Apr 25 2025,1:17:22 AM EDT,36,0
Apr 25 2025,1:39:32 AM EDT,34,0
Apr 25 2025,1:45:27 AM EDT,25,0
Apr 25 2025,1:51:59 AM EDT,25,0
Apr 25 2025,1:57:19 AM EDT,164,0
Apr 25 2025,1:59:03 AM EDT,139,1
Apr 25 2025,2:01:11 AM EDT,39,0
Apr 25 2025,2:01:49 AM EDT,140,1
Apr 25 2025,2:05:30 AM EDT,140,1
Apr 25 2025,2:08:41 AM EDT,139,1
Apr 25 2025,2:49:05 AM EDT,91,1
Apr 25 2025,10:27:13 AM EDT,140,1
Apr 25 2025,10:29:12 AM EDT,139,1
Apr 25 2025,10:29:19 AM EDT,140,1
Apr 25 2025,10:31:37 AM EDT,140,1
Apr 25 2025,10:33:22 AM EDT,140,1
Apr 25 2025,10:34:23 AM EDT,140,1
Apr 25 2025,10:34:37 AM EDT,140,1
Apr 25 2025,11:07:15 AM EDT,50,0
Apr 25 2025,11:11:56 AM EDT,140,1
Apr 25 2025,11:17:08 AM EDT,140,1
Apr 25 2025,11:17:33 AM EDT,139,1
Apr 25 2025,11:19:26 AM EDT,90,1
Apr 25 2025,11:23:39 AM EDT,129,1
Apr 25 2025,11:29:40 AM EDT,140,1
Apr 25 2025,11:29:54 AM EDT,140,1
Apr 25 2025,11:30:52 AM EDT,140,1
Apr 25 2025,11:41:47 AM EDT,140,1
Apr 25 2025,12:18:26 PM EDT,32,0
Apr 25 2025,12:19:49 PM EDT,44,1
Apr 25 2025,12:27:54 PM EDT,140,1
Apr 25 2025,12:29:09 PM EDT,36,1
Apr 25 2025,12:30:22 PM EDT,140,1
Apr 25 2025,12:31:08 PM EDT,140,1
Apr 25 2025,12:35:08 PM EDT,254,0
Apr 25 2025,12:36:51 PM EDT,148,0
Apr 25 2025,1:12:40 PM EDT,140,1
Apr 25 2025,1:22:35 PM EDT,140,1
Apr 25 2025,2:17:33 PM EDT,67,0
Apr 25 2025,3:38:36 PM EDT,140,1
Apr 25 2025,3:41:48 PM EDT,63,1
Apr 25 2025,3:42:22 PM EDT,27,0
Apr 25 2025,6:35:20 PM EDT,140,1
Apr 25 2025,6:44:12 PM EDT,49,0
Apr 25 2025,11:36:55 PM EDT,126,1
Apr 26 2025,12:55:22 AM EDT,74,1
Apr 26 2025,2:38:26 AM EDT,140,1
Apr 26 2025,3:20:55 AM EDT,139,1
Apr 26 2025,3:29:08 AM EDT,60,0
Apr 26 2025,3:42:58 AM EDT,30,0
Apr 26 2025,4:10:55 AM EDT,35,0
Apr 26 2025,4:11:17 AM EDT,140,1
Apr 26 2025,4:29:45 AM EDT,33,0
Apr 26 2025,4:33:05 AM EDT,42,1
Apr 26 2025,10:48:13 AM EDT,140,1
Apr 26 2025,10:50:13 AM EDT,70,0
Apr 26 2025,10:57:26 AM EDT,140,1
Apr 26 2025,10:58:50 AM EDT,25,0
Apr 26 2025,11:00:56 AM EDT,89,0
Apr 26 2025,11:01:10 AM EDT,76,1
Apr 26 2025,11:02:09 AM EDT,140,1
Apr 26 2025,11:22:13 AM EDT,140,1
Apr 26 2025,1:23:24 PM EDT,178,0
Apr 26 2025,1:34:22 PM EDT,41,0
Apr 26 2025,2:22:53 PM EDT,140,1
Apr 26 2025,2:23:55 PM EDT,140,1
Apr 26 2025,2:26:55 PM EDT,31,0
Apr 26 2025,2:28:59 PM EDT,25,0
Apr 26 2025,3:07:30 PM EDT,135,1
Apr 26 2025,3:08:09 PM EDT,25,0
Apr 26 2025,3:16:19 PM EDT,27,0
Apr 26 2025,3:16:46 PM EDT,140,1
Apr 26 2025,3:44:01 PM EDT,83,0
Apr 26 2025,4:20:47 PM EDT,144,1
Apr 26 2025,4:21:04 PM EDT,140,1
Apr 26 2025,4:21:57 PM EDT,101,1
Apr 26 2025,4:22:12 PM EDT,119,1
Apr 26 2025,4:22:57 PM EDT,33,0
Apr 26 2025,11:33:56 PM EDT,86,1
Apr 27 2025,1:12:26 AM EDT,29,0
Apr 27 2025,1:20:26 AM EDT,140,1
Apr 27 2025,1:21:53 AM EDT,23,0
Apr 27 2025,1:32:44 AM EDT,62,0
Apr 27 2025,1:33:49 AM EDT,80,0
Apr 27 2025,1:37:49 AM EDT,140,1
Apr 27 2025,1:56:05 AM EDT,140,1
Apr 27 2025,2:00:13 AM EDT,38,1
Apr 27 2025,2:11:14 AM EDT,25,0
Apr 27 2025,2:35:51 PM EDT,134,1
Apr 27 2025,3:10:49 PM EDT,114,1
Apr 27 2025,3:20:08 PM EDT,255,0
Apr 27 2025,6:10:48 PM EDT,139,1
Apr 27 2025,6:11:08 PM EDT,140,1
Apr 27 2025,7:26:01 PM EDT,72,1
Apr 27 2025,7:28:30 PM EDT,81,1
Apr 27 2025,8:09:21 PM EDT,71,0
Apr 27 2025,9:59:23 PM EDT,140,1
Apr 27 2025,10:05:30 PM EDT,23,0
Apr 27 2025,11:23:30 PM EDT,58,0
Apr 28 2025,12:38:28 AM EDT,27,0
Apr 28 2025,1:35:52 AM EDT,140,1
Apr 28 2025,1:46:11 AM EDT,140,1
Apr 28 2025,1:46:58 AM EDT,140,1
Apr 28 2025,1:47:51 AM EDT,140,1
Apr 28 2025,2:05:36 AM EDT,101,1
Apr 28 2025,2:07:09 AM EDT,36,0
Apr 28 2025,2:12:30 AM EDT,140,1
Apr 28 2025,2:18:49 AM EDT,23,0
Apr 28 2025,2:19:38 AM EDT,107,1
Apr 28 2025,2:23:15 AM EDT,106,1
Apr 28 2025,2:28:07 AM EDT,83,1
Apr 28 2025,2:34:18 AM EDT,144,1
Apr 28 2025,2:34:37 AM EDT,23,0
Apr 28 2025,2:37:01 AM EDT,140,1
Apr 28 2025,2:25:13 PM EDT,47,0
Apr 28 2025,2:25:27 PM EDT,140,1
Apr 28 2025,7:33:25 PM EDT,36,0
Apr 28 2025,7:44:51 PM EDT,139,1
Apr 28 2025,7:58:21 PM EDT,53,0
Apr 28 2025,7:59:34 PM EDT,23,0
Apr 28 2025,8:03:21 PM EDT,78,1
Apr 28 2025,10:13:23 PM EDT,23,0
Apr 28 2025,10:15:16 PM EDT,64,0
Apr 28 2025,10:16:20 PM EDT,119,1
Apr 28 2025,10:17:35 PM EDT,136,0
Apr 28 2025,10:21:40 PM EDT,139,1
Apr 28 2025,10:48:32 PM EDT,70,0
Apr 28 2025,10:50:22 PM EDT,49,0
Apr 29 2025,12:21:53 AM EDT,52,0
Apr 29 2025,1:29:37 AM EDT,140,1
Apr 29 2025,1:34:02 AM EDT,140,1
Apr 29 2025,1:57:00 AM EDT,140,1
Apr 29 2025,2:12:59 AM EDT,255,0
Apr 29 2025,2:26:50 AM EDT,28,0
Apr 29 2025,2:29:44 AM EDT,139,1
Apr 29 2025,2:31:46 AM EDT,38,1
Apr 29 2025,2:40:23 AM EDT,68,1
Apr 29 2025,3:09:37 AM EDT,140,1
Apr 29 2025,3:12:01 AM EDT,23,0
Apr 29 2025,3:15:06 AM EDT,82,1
Apr 29 2025,9:30:22 AM EDT,140,1
Apr 29 2025,10:07:49 AM EDT,139,1
Apr 29 2025,10:32:17 AM EDT,42,0
Apr 30 2025,12:31:35 AM EDT,140,1
Apr 30 2025,1:12:25 AM EDT,98,1
Apr 30 2025,1:16:14 AM EDT,116,1
Apr 30 2025,3:40:08 AM EDT,140,1
Apr 30 2025,3:40:33 AM EDT,139,1
Apr 30 2025,4:18:08 AM EDT,101,1
Apr 30 2025,3:27:58 PM EDT,140,1
Apr 30 2025,5:33:01 PM EDT,23,0
Apr 30 2025,5:37:10 PM EDT,135,1
Apr 30 2025,7:41:31 PM EDT,140,1
Apr 30 2025,7:42:29 PM EDT,23,0
Apr 30 2025,8:37:42 PM EDT,62,0
Apr 30 2025,8:38:23 PM EDT,140,1
May 1 2025,1:11:45 AM EDT,117,1
May 1 2025,1:38:25 AM EDT,206,0
May 1 2025,1:53:35 AM EDT,56,0
May 1 2025,2:55:08 AM EDT,139,1
May 1 2025,2:59:18 AM EDT,140,1
May 1 2025,2:59:26 AM EDT,23,0
May 1 2025,9:07:41 AM EDT,140,1
May 1 2025,9:18:28 AM EDT,140,1
May 1 2025,9:19:16 AM EDT,139,1
May 1 2025,9:19:39 AM EDT,140,1
May 1 2025,9:31:17 AM EDT,140,1
May 1 2025,10:33:49 AM EDT,54,1
May 1 2025,12:48:19 PM EDT,92,0
May 1 2025,12:48:32 PM EDT,37,1
May 1 2025,12:57:04 PM EDT,252,0
May 1 2025,12:57:23 PM EDT,140,1
May 1 2025,3:02:46 PM EDT,140,1
May 1 2025,8:30:03 PM EDT,57,0
May 1 2025,8:46:51 PM EDT,140,1
May 1 2025,8:57:05 PM EDT,108,1
May 1 2025,8:57:20 PM EDT,140,1
May 1 2025,8:57:25 PM EDT,140,1
May 1 2025,8:59:22 PM EDT,140,1
May 1 2025,9:00:02 PM EDT,140,1
May 1 2025,9:00:55 PM EDT,139,1
May 1 2025,9:11:46 PM EDT,138,1
May 2 2025,2:17:46 AM EDT,149,0
May 2 2025,2:19:15 AM EDT,62,1
May 2 2025,2:21:08 AM EDT,139,1
May 2 2025,2:29:19 AM EDT,140,1
May 2 2025,2:34:07 AM EDT,23,0
May 2 2025,2:48:29 AM EDT,137,1
May 2 2025,2:49:57 AM EDT,138,1
May 2 2025,2:53:44 AM EDT,99,1
May 2 2025,2:55:11 AM EDT,140,1
May 2 2025,10:03:02 AM EDT,140,1
May 2 2025,10:03:29 AM EDT,139,1
May 2 2025,10:10:10 AM EDT,38,0
May 2 2025,10:19:42 AM EDT,116,1
May 2 2025,10:20:14 AM EDT,138,1
May 2 2025,10:21:16 AM EDT,140,1
May 2 2025,10:25:21 AM EDT,115,1
May 2 2025,11:37:48 AM EDT,140,1
May 2 2025,11:59:46 AM EDT,31,0
May 2 2025,12:00:36 PM EDT,138,1
May 2 2025,12:01:05 PM EDT,25,0
May 2 2025,12:02:52 PM EDT,66,0
May 2 2025,12:06:18 PM EDT,25,0
May 2 2025,12:08:10 PM EDT,27,0
May 2 2025,12:45:33 PM EDT,114,0
May 2 2025,12:49:21 PM EDT,120,0
May 2 2025,12:54:22 PM EDT,75,0
May 2 2025,1:29:55 PM EDT,74,0
May 2 2025,2:08:20 PM EDT,255,0
May 2 2025,4:00:39 PM EDT,140,1
May 2 2025,4:00:53 PM EDT,46,1
May 2 2025,4:13:56 PM EDT,55,0
May 2 2025,4:14:27 PM EDT,70,1
May 2 2025,5:01:20 PM EDT,40,0
May 2 2025,5:02:04 PM EDT,49,0
May 2 2025,5:03:38 PM EDT,45,0
May 2 2025,5:08:24 PM EDT,176,0
May 2 2025,5:12:09 PM EDT,189,0
May 2 2025,5:17:11 PM EDT,139,1
May 2 2025,6:33:44 PM EDT,25,0
May 2 2025,6:41:14 PM EDT,109,1
May 2 2025,6:42:00 PM EDT,83,1
May 2 2025,6:42:28 PM EDT,28,0
May 2 2025,11:28:27 PM EDT,23,0
May 3 2025,12:52:38 AM EDT,140,1
May 3 2025,4:25:12 AM EDT,25,0
May 3 2025,4:36:49 AM EDT,140,1
May 3 2025,4:37:21 AM EDT,140,1
May 3 2025,4:40:10 AM EDT,27,0
May 3 2025,4:46:41 AM EDT,140,1
May 3 2025,4:47:26 AM EDT,31,0
May 3 2025,4:47:52 AM EDT,140,1
May 3 2025,4:49:34 AM EDT,140,1
May 3 2025,4:50:13 AM EDT,140,1
May 3 2025,4:51:54 AM EDT,140,1
May 3 2025,5:05:12 AM EDT,167,0
May 3 2025,5:05:46 AM EDT,140,1
May 3 2025,5:07:18 AM EDT,140,1
May 3 2025,5:09:14 AM EDT,136,1
May 3 2025,5:11:16 AM EDT,140,1
May 3 2025,5:12:25 AM EDT,140,1
May 3 2025,5:18:18 AM EDT,92,1
May 3 2025,5:21:19 AM EDT,85,1
May 3 2025,5:22:39 AM EDT,131,1
May 3 2025,9:29:49 AM EDT,40,0
May 3 2025,9:35:11 AM EDT,34,1
May 3 2025,9:37:04 AM EDT,140,1
May 3 2025,9:52:49 AM EDT,140,1
May 3 2025,10:00:29 AM EDT,140,1
May 3 2025,10:08:38 AM EDT,140,1
May 3 2025,10:13:54 AM EDT,140,1
May 3 2025,10:17:23 AM EDT,140,1
May 3 2025,10:18:52 AM EDT,90,1
May 3 2025,10:27:17 AM EDT,23,0
May 3 2025,10:32:55 AM EDT,33,0
May 3 2025,10:33:07 AM EDT,91,1
May 3 2025,10:34:15 AM EDT,9,0
May 3 2025,7:37:46 PM EDT,140,1
May 3 2025,8:56:50 PM EDT,109,1
May 3 2025,9:07:54 PM EDT,36,0
May 3 2025,9:12:58 PM EDT,140,1
May 3 2025,9:18:27 PM EDT,23,0
May 3 2025,9:19:04 PM EDT,26,0
May 3 2025,9:29:20 PM EDT,140,1
May 3 2025,9:30:18 PM EDT,53,0
May 3 2025,9:35:56 PM EDT,140,1
May 3 2025,10:13:21 PM EDT,56,0
May 3 2025,10:17:13 PM EDT,56,1
May 4 2025,12:00:27 AM EDT,50,0
May 4 2025,12:41:05 AM EDT,139,1
May 4 2025,12:42:53 AM EDT,23,0
May 4 2025,12:52:48 AM EDT,140,1
May 4 2025,12:53:47 AM EDT,53,0
May 4 2025,12:55:24 AM EDT,87,1
May 4 2025,2:12:58 AM EDT,139,1
May 4 2025,2:14:43 AM EDT,43,0
May 4 2025,2:15:07 AM EDT,23,0
May 4 2025,2:15:25 AM EDT,140,1
May 4 2025,2:34:51 AM EDT,85,0
May 4 2025,2:35:46 AM EDT,140,1
May 4 2025,2:37:21 AM EDT,140,1
May 4 2025,9:26:39 AM EDT,140,1
May 4 2025,9:35:48 AM EDT,78,0
May 4 2025,9:42:13 AM EDT,23,0
May 4 2025,9:51:36 AM EDT,35,0
May 4 2025,9:53:44 AM EDT,74,1
May 4 2025,9:55:00 AM EDT,25,0
May 4 2025,9:58:19 AM EDT,52,0
May 4 2025,9:58:48 AM EDT,25,0
May 4 2025,9:59:43 AM EDT,72,1
May 4 2025,10:09:17 AM EDT,23,0
May 4 2025,10:14:04 AM EDT,103,1
May 4 2025,10:18:22 AM EDT,140,1
May 4 2025,10:19:01 AM EDT,27,0
May 4 2025,10:20:55 AM EDT,84,1
May 4 2025,10:56:57 AM EDT,140,1
May 4 2025,10:57:05 AM EDT,144,1
May 4 2025,11:11:05 AM EDT,140,1
May 4 2025,11:15:58 AM EDT,38,0
May 4 2025,11:35:14 AM EDT,75,1
May 4 2025,12:13:15 PM EDT,140,1
May 4 2025,12:18:04 PM EDT,140,1
May 4 2025,1:00:29 PM EDT,96,1
May 4 2025,1:49:51 PM EDT,36,0
May 4 2025,1:50:14 PM EDT,82,1
May 4 2025,2:15:50 PM EDT,133,0
May 4 2025,2:20:32 PM EDT,100,1
May 4 2025,2:29:05 PM EDT,41,0
May 4 2025,2:37:00 PM EDT,140,1
May 4 2025,3:21:30 PM EDT,59,0
May 4 2025,3:38:07 PM EDT,139,1
May 4 2025,5:40:03 PM EDT,25,0
May 4 2025,5:47:13 PM EDT,28,0
May 4 2025,6:03:53 PM EDT,140,1
May 4 2025,6:23:02 PM EDT,198,0
May 4 2025,8:18:11 PM EDT,44,0
May 4 2025,9:12:53 PM EDT,126,1
May 4 2025,10:17:45 PM EDT,25,0
May 5 2025,12:01:22 AM EDT,66,0
May 5 2025,7:39:27 AM EDT,137,1
May 5 2025,7:40:48 AM EDT,28,0
May 5 2025,7:43:05 AM EDT,118,1
May 5 2025,7:51:37 AM EDT,140,1
May 5 2025,7:54:29 AM EDT,176,0
May 5 2025,8:02:26 AM EDT,87,1
May 5 2025,8:16:02 AM EDT,140,1
May 5 2025,8:17:15 AM EDT,92,1
May 5 2025,8:24:20 AM EDT,40,0
May 5 2025,8:25:38 AM EDT,140,1
May 5 2025,5:26:47 PM EDT,201,0
May 5 2025,5:27:15 PM EDT,114,1
May 5 2025,5:48:38 PM EDT,38,1
May 5 2025,5:49:15 PM EDT,140,1
May 5 2025,5:50:04 PM EDT,140,1
May 5 2025,9:09:54 PM EDT,23,0
May 5 2025,9:10:32 PM EDT,126,1
May 6 2025,3:02:31 AM EDT,136,1
May 6 2025,3:14:18 AM EDT,140,1
May 6 2025,3:17:15 AM EDT,41,0
May 6 2025,3:20:37 AM EDT,140,1
May 6 2025,3:24:07 AM EDT,28,0
May 6 2025,3:34:02 AM EDT,140,1
May 6 2025,3:34:14 AM EDT,140,1
May 6 2025,3:54:21 AM EDT,139,1
May 6 2025,6:41:56 AM EDT,103,1
May 6 2025,6:43:39 AM EDT,140,1
May 6 2025,6:46:05 AM EDT,140,1
May 6 2025,6:48:02 AM EDT,140,1
May 6 2025,6:48:24 AM EDT,140,1
May 6 2025,6:49:50 AM EDT,140,1
May 6 2025,7:00:59 AM EDT,139,1
May 6 2025,7:02:13 AM EDT,74,0
May 6 2025,7:05:09 AM EDT,140,1
May 6 2025,7:09:05 AM EDT,140,1
May 6 2025,7:09:56 AM EDT,140,1
May 6 2025,2:05:58 PM EDT,99,1
May 6 2025,2:21:29 PM EDT,56,1
May 6 2025,2:22:59 PM EDT,23,0
May 6 2025,2:30:50 PM EDT,126,0
May 6 2025,2:34:21 PM EDT,140,1
May 6 2025,2:36:49 PM EDT,140,1
May 6 2025,2:47:59 PM EDT,104,1
May 6 2025,2:49:26 PM EDT,144,1
May 6 2025,3:27:02 PM EDT,47,0
May 7 2025,1:00:23 AM EDT,32,0
May 7 2025,1:00:36 AM EDT,140,1
May 7 2025,1:04:27 AM EDT,140,1
May 7 2025,1:04:43 AM EDT,61,1
May 7 2025,1:04:53 AM EDT,94,1
May 7 2025,1:06:35 AM EDT,50,0
May 7 2025,1:07:05 AM EDT,140,1
May 7 2025,1:07:14 AM EDT,140,1
May 7 2025,1:07:22 AM EDT,140,1
May 7 2025,1:07:46 AM EDT,36,1
May 7 2025,1:08:35 AM EDT,136,1
May 7 2025,1:08:56 AM EDT,105,1
May 7 2025,1:09:41 AM EDT,79,1
May 7 2025,1:11:08 AM EDT,106,1
May 7 2025,1:11:29 AM EDT,139,1
May 7 2025,1:13:42 AM EDT,140,1
May 7 2025,1:13:54 AM EDT,140,1
May 7 2025,1:14:15 AM EDT,86,1
May 7 2025,1:16:24 AM EDT,144,1
May 7 2025,1:16:39 AM EDT,140,1
May 7 2025,1:26:46 AM EDT,140,1
May 7 2025,1:27:05 AM EDT,71,1
May 7 2025,1:39:04 AM EDT,140,1
May 7 2025,1:39:37 AM EDT,43,0
May 7 2025,1:39:47 AM EDT,140,1
May 7 2025,2:01:28 AM EDT,140,1
May 7 2025,2:01:45 AM EDT,139,1
May 7 2025,2:03:43 AM EDT,32,0
May 7 2025,6:47:33 AM EDT,139,1
May 7 2025,6:51:11 AM EDT,140,1
May 7 2025,6:51:16 AM EDT,140,1
May 7 2025,6:57:53 AM EDT,135,1
May 7 2025,7:01:17 AM EDT,140,1
May 7 2025,7:02:29 AM EDT,140,1
May 7 2025,11:43:14 AM EDT,23,0
May 7 2025,2:26:17 PM EDT,68,1
May 7 2025,6:36:09 PM EDT,140,1
May 7 2025,8:04:47 PM EDT,140,1
May 7 2025,8:14:38 PM EDT,71,1
May 7 2025,8:56:13 PM EDT,140,1
May 8 2025,2:08:00 AM EDT,138,1
May 8 2025,2:08:36 AM EDT,23,0
May 8 2025,2:09:18 AM EDT,5,0
May 8 2025,2:16:46 AM EDT,140,1
May 8 2025,2:23:50 AM EDT,25,0
May 8 2025,6:59:11 AM EDT,140,1
May 8 2025,7:03:05 AM EDT,138,1
May 8 2025,7:03:37 AM EDT,105,1
May 8 2025,7:05:06 AM EDT,140,1
May 8 2025,7:17:00 AM EDT,116,0
May 8 2025,7:24:36 AM EDT,140,1
May 8 2025,7:27:45 AM EDT,140,1
May 8 2025,7:28:39 AM EDT,84,1
May 8 2025,8:04:31 AM EDT,110,0
May 8 2025,8:05:30 AM EDT,140,1
May 8 2025,8:06:35 AM EDT,59,1
May 8 2025,8:13:37 AM EDT,82,1
May 8 2025,8:38:32 AM EDT,34,0
May 8 2025,10:58:23 AM EDT,55,1
May 8 2025,11:48:28 AM EDT,128,1
May 8 2025,1:46:23 PM EDT,38,0
May 8 2025,1:46:35 PM EDT,37,1
May 8 2025,6:55:03 PM EDT,103,0
May 8 2025,7:19:30 PM EDT,95,0
May 8 2025,7:36:01 PM EDT,142,1
May 8 2025,8:17:24 PM EDT,85,0
May 8 2025,8:17:49 PM EDT,28,0
May 8 2025,10:10:30 PM EDT,143,0
May 8 2025,10:18:56 PM EDT,70,0
May 8 2025,10:19:16 PM EDT,140,1
May 9 2025,12:08:16 AM EDT,126,0
May 9 2025,12:53:06 AM EDT,140,1
May 9 2025,1:00:59 AM EDT,63,0
May 9 2025,4:04:26 AM EDT,36,0
May 9 2025,5:51:20 AM EDT,25,0
May 9 2025,5:53:13 AM EDT,38,1
May 9 2025,5:56:31 AM EDT,126,1
May 9 2025,6:04:36 AM EDT,91,0
May 9 2025,11:56:50 AM EDT,140,1
May 9 2025,1:47:13 PM EDT,66,1
May 9 2025,1:48:37 PM EDT,28,0
May 9 2025,3:25:09 PM EDT,23,0
May 9 2025,3:27:36 PM EDT,73,0
May 9 2025,3:28:06 PM EDT,138,1
May 9 2025,3:29:04 PM EDT,139,1
May 9 2025,6:48:29 PM EDT,62,0
May 9 2025,6:52:54 PM EDT,37,0
May 9 2025,8:16:06 PM EDT,140,1
May 9 2025,8:24:07 PM EDT,124,1
May 9 2025,8:26:59 PM EDT,106,1
May 9 2025,8:28:24 PM EDT,39,1
May 9 2025,9:26:38 PM EDT,25,0
May 9 2025,9:27:29 PM EDT,25,0
May 9 2025,9:33:17 PM EDT,67,0
May 9 2025,9:37:40 PM EDT,25,0
May 9 2025,10:06:51 PM EDT,43,0
May 9 2025,10:28:36 PM EDT,28,0
May 9 2025,10:31:29 PM EDT,28,0
May 9 2025,10:38:02 PM EDT,23,0
May 9 2025,10:43:40 PM EDT,23,0
May 10 2025,2:02:57 AM EDT,139,1
May 10 2025,2:07:20 AM EDT,105,1
May 10 2025,2:41:36 AM EDT,128,1
May 10 2025,2:43:17 AM EDT,70,0
May 10 2025,2:55:08 AM EDT,68,0
May 10 2025,2:57:24 AM EDT,140,1
May 10 2025,2:58:45 AM EDT,139,1
May 10 2025,3:06:28 AM EDT,15,0
May 10 2025,3:10:39 AM EDT,50,1
May 10 2025,3:17:31 AM EDT,55,0
May 10 2025,3:19:04 AM EDT,26,0
May 10 2025,3:22:04 AM EDT,105,1
May 10 2025,3:26:27 AM EDT,139,1
May 10 2025,10:22:57 AM EDT,138,1
May 10 2025,10:35:07 AM EDT,95,1
May 10 2025,10:38:28 AM EDT,129,1
May 10 2025,11:29:37 AM EDT,140,1
May 10 2025,12:18:30 PM EDT,83,1
May 10 2025,12:19:57 PM EDT,52,1
May 10 2025,12:30:39 PM EDT,82,1
May 10 2025,12:31:33 PM EDT,77,0
May 10 2025,12:33:10 PM EDT,23,0
May 10 2025,1:33:51 PM EDT,34,0
May 10 2025,6:54:42 PM EDT,72,1
May 10 2025,9:22:49 PM EDT,139,1
May 11 2025,12:26:24 AM EDT,39,1
May 11 2025,12:46:24 AM EDT,42,0
May 11 2025,1:23:37 AM EDT,25,0
May 11 2025,1:54:56 AM EDT,140,1
May 11 2025,2:08:29 AM EDT,135,0
May 11 2025,2:08:40 AM EDT,96,1
May 11 2025,2:10:05 AM EDT,46,1
May 11 2025,2:23:26 AM EDT,52,0
May 11 2025,2:37:15 AM EDT,87,1
May 11 2025,2:51:53 AM EDT,140,1
May 11 2025,2:59:53 AM EDT,140,1
May 11 2025,3:03:19 AM EDT,140,1
May 11 2025,3:09:13 AM EDT,43,1
May 11 2025,3:29:08 AM EDT,101,0
May 11 2025,3:31:55 AM EDT,100,1
May 11 2025,9:28:56 AM EDT,251,0
May 11 2025,9:43:32 AM EDT,237,0
May 11 2025,9:44:22 AM EDT,140,1
May 11 2025,10:02:00 AM EDT,77,0
May 11 2025,10:15:01 AM EDT,27,0
May 11 2025,10:18:34 AM EDT,151,0
May 11 2025,10:36:06 AM EDT,140,1
May 11 2025,10:37:03 AM EDT,139,1
May 11 2025,10:49:17 AM EDT,121,0
May 11 2025,10:52:56 AM EDT,156,0
May 11 2025,10:54:57 AM EDT,138,1
May 11 2025,11:02:28 AM EDT,130,1
May 11 2025,11:06:29 AM EDT,40,0
May 11 2025,11:07:22 AM EDT,140,1
May 11 2025,1:01:04 PM EDT,158,0
May 11 2025,1:52:15 PM EDT,115,0
May 11 2025,1:59:33 PM EDT,27,0
May 11 2025,2:40:21 PM EDT,115,0
May 11 2025,3:12:22 PM EDT,52,1
May 11 2025,3:48:02 PM EDT,140,1
May 11 2025,3:49:04 PM EDT,140,1
May 11 2025,4:12:16 PM EDT,149,0
May 11 2025,4:40:43 PM EDT,47,1
May 11 2025,6:16:30 PM EDT,255,0
May 11 2025,6:33:07 PM EDT,140,1
May 11 2025,9:14:53 PM EDT,139,1
May 11 2025,10:08:41 PM EDT,140,1
May 12 2025,3:28:43 AM EDT,27,0
May 12 2025,3:54:46 AM EDT,140,1
May 12 2025,3:56:16 AM EDT,101,1
May 12 2025,4:12:14 AM EDT,140,1
May 12 2025,4:16:55 AM EDT,107,1
May 12 2025,4:43:47 AM EDT,255,0
May 12 2025,4:46:38 AM EDT,28,0
May 12 2025,4:51:23 AM EDT,126,0
May 12 2025,4:53:33 AM EDT,35,0
May 12 2025,4:54:15 AM EDT,140,1
May 12 2025,4:56:22 AM EDT,60,0
May 12 2025,5:04:32 AM EDT,23,0
May 12 2025,5:07:12 AM EDT,119,0
May 12 2025,5:08:50 AM EDT,140,1
May 12 2025,5:10:30 AM EDT,140,1
May 12 2025,5:23:54 AM EDT,140,1
May 12 2025,5:31:04 AM EDT,139,1
May 12 2025,5:34:58 AM EDT,50,1
May 12 2025,5:47:56 AM EDT,153,0
May 12 2025,5:48:22 AM EDT,126,1
May 12 2025,5:52:09 AM EDT,36,0
May 12 2025,6:00:12 AM EDT,46,0
May 12 2025,11:21:38 AM EDT,28,0
May 12 2025,11:55:22 AM EDT,26,0
May 12 2025,2:04:18 PM EDT,140,1
May 12 2025,2:06:08 PM EDT,140,1
May 12 2025,4:55:02 PM EDT,140,1
May 12 2025,5:03:37 PM EDT,114,1
May 12 2025,5:03:46 PM EDT,140,1
May 12 2025,5:17:23 PM EDT,39,0
May 12 2025,5:22:01 PM EDT,55,1
May 12 2025,5:36:39 PM EDT,140,1
May 12 2025,5:38:24 PM EDT,90,1
May 12 2025,5:55:13 PM EDT,76,1
May 12 2025,5:55:24 PM EDT,75,1
May 12 2025,8:16:04 PM EDT,25,0
May 12 2025,8:17:38 PM EDT,140,1
May 12 2025,8:18:28 PM EDT,22,0
May 12 2025,8:21:25 PM EDT,93,0
May 12 2025,8:32:43 PM EDT,120,0
May 12 2025,8:33:34 PM EDT,140,1
May 12 2025,8:36:00 PM EDT,86,1
May 12 2025,9:04:02 PM EDT,140,1
May 12 2025,9:05:11 PM EDT,140,1
May 12 2025,9:05:35 PM EDT,140,1
May 12 2025,9:07:08 PM EDT,25,0
May 12 2025,9:16:34 PM EDT,140,1
May 12 2025,9:26:40 PM EDT,106,1
May 13 2025,5:12:38 AM EDT,61,0
May 13 2025,5:13:18 AM EDT,69,1
May 13 2025,5:13:39 AM EDT,74,1
May 13 2025,5:14:30 AM EDT,102,1
May 13 2025,5:16:27 AM EDT,71,0
May 13 2025,5:16:50 AM EDT,140,1
May 13 2025,5:48:55 AM EDT,76,1
May 13 2025,5:49:36 AM EDT,104,1
May 13 2025,7:09:14 AM EDT,83,1
May 13 2025,7:09:59 AM EDT,136,1
May 13 2025,7:31:25 AM EDT,116,1
May 13 2025,7:31:47 AM EDT,140,1
May 13 2025,7:36:55 AM EDT,94,0
May 13 2025,7:48:44 AM EDT,136,1
May 13 2025,7:53:31 AM EDT,140,1
May 13 2025,7:55:07 AM EDT,104,1
May 13 2025,7:55:39 AM EDT,113,1
May 13 2025,7:56:23 AM EDT,140,1
May 13 2025,8:45:50 AM EDT,108,1
May 13 2025,8:59:33 AM EDT,23,0
May 13 2025,9:00:47 AM EDT,39,0
May 13 2025,9:20:13 AM EDT,23,0
May 13 2025,9:47:01 AM EDT,140,1
May 13 2025,9:48:29 AM EDT,140,1
May 13 2025,10:03:10 AM EDT,140,1
May 13 2025,10:12:37 AM EDT,140,1
May 13 2025,10:16:16 AM EDT,140,1
May 13 2025,10:38:25 AM EDT,140,1
May 13 2025,12:48:20 PM EDT,23,0
May 13 2025,12:54:28 PM EDT,140,1
May 13 2025,12:54:58 PM EDT,31,0
May 13 2025,1:37:18 PM EDT,28,0
May 13 2025,1:40:29 PM EDT,140,1
May 13 2025,1:45:04 PM EDT,63,1
May 13 2025,1:48:15 PM EDT,95,0
May 13 2025,4:46:40 PM EDT,140,1
May 13 2025,5:32:01 PM EDT,78,1
May 13 2025,5:32:49 PM EDT,138,1
May 13 2025,6:41:35 PM EDT,132,1
May 13 2025,6:44:13 PM EDT,119,1
May 13 2025,7:05:27 PM EDT,140,1
May 13 2025,7:07:03 PM EDT,140,1
May 13 2025,7:21:11 PM EDT,140,1
May 13 2025,7:21:40 PM EDT,111,1
May 13 2025,7:36:51 PM EDT,180,0
May 13 2025,7:37:25 PM EDT,55,1
May 13 2025,7:37:39 PM EDT,140,1
May 13 2025,7:41:57 PM EDT,140,1
May 13 2025,7:43:35 PM EDT,44,1
May 13 2025,7:45:24 PM EDT,140,1
May 13 2025,8:08:27 PM EDT,25,0
May 14 2025,1:08:25 AM EDT,23,0
May 14 2025,1:12:08 AM EDT,144,1
May 14 2025,3:00:21 AM EDT,140,1
May 14 2025,3:22:27 AM EDT,140,1
May 14 2025,3:24:19 AM EDT,23,0
May 14 2025,3:50:25 AM EDT,140,1
May 14 2025,3:52:48 AM EDT,69,1
May 14 2025,4:13:59 AM EDT,25,0
May 14 2025,5:10:32 AM EDT,36,1
May 14 2025,5:14:33 AM EDT,61,0
May 14 2025,5:15:14 AM EDT,140,1
May 14 2025,6:15:40 AM EDT,140,1
May 14 2025,7:37:35 AM EDT,74,0
May 14 2025,7:41:28 AM EDT,27,0
May 14 2025,7:43:01 AM EDT,66,0
May 14 2025,7:46:15 AM EDT,139,1
May 14 2025,7:54:09 AM EDT,40,0
May 14 2025,8:29:48 AM EDT,53,0
May 14 2025,11:20:59 AM EDT,130,0
May 14 2025,3:33:35 PM EDT,99,1
May 14 2025,3:54:40 PM EDT,140,1
May 14 2025,4:47:39 PM EDT,27,0
May 14 2025,4:55:19 PM EDT,33,0
May 14 2025,6:49:05 PM EDT,126,1
May 14 2025,7:09:51 PM EDT,95,0
May 14 2025,7:32:12 PM EDT,140,1
May 14 2025,7:44:00 PM EDT,140,1
May 15 2025,1:57:29 AM EDT,140,1
May 15 2025,2:00:07 AM EDT,140,1
May 15 2025,3:27:20 AM EDT,57,0
May 15 2025,3:27:38 AM EDT,23,0
May 15 2025,3:31:13 AM EDT,82,0
May 15 2025,3:42:38 AM EDT,255,0
May 15 2025,3:46:53 AM EDT,55,0
May 15 2025,4:20:59 AM EDT,23,0
May 15 2025,4:24:26 AM EDT,140,1
May 15 2025,4:25:16 AM EDT,89,0
May 15 2025,4:53:35 AM EDT,121,0
May 15 2025,4:59:37 AM EDT,78,0
May 15 2025,5:46:02 AM EDT,88,1
May 15 2025,8:06:11 AM EDT,167,0
May 15 2025,8:08:56 AM EDT,40,0
May 15 2025,8:10:15 AM EDT,133,1
May 15 2025,8:10:22 AM EDT,60,1
May 15 2025,8:20:12 AM EDT,255,0
May 15 2025,9:38:16 AM EDT,25,0
May 15 2025,9:57:16 AM EDT,105,1
May 15 2025,10:01:03 AM EDT,140,1
May 15 2025,10:01:46 AM EDT,140,1
May 15 2025,10:02:12 AM EDT,33,0
May 15 2025,10:10:04 AM EDT,140,1
May 15 2025,6:39:10 PM EDT,55,0
May 15 2025,6:41:26 PM EDT,104,1
May 15 2025,6:42:01 PM EDT,100,1
May 15 2025,6:44:03 PM EDT,139,1
May 15 2025,11:24:55 PM EDT,131,1
May 15 2025,11:26:54 PM EDT,140,1
May 15 2025,11:32:44 PM EDT,64,0
May 15 2025,11:33:50 PM EDT,86,1
May 15 2025,11:34:19 PM EDT,44,1
May 15 2025,11:34:52 PM EDT,83,1
May 15 2025,11:37:59 PM EDT,57,0
May 15 2025,11:45:06 PM EDT,98,0
May 16 2025,2:17:46 AM EDT,139,1
May 16 2025,2:20:21 AM EDT,140,1
May 16 2025,10:44:11 AM EDT,140,1
May 16 2025,10:45:23 AM EDT,140,1
May 16 2025,10:53:23 AM EDT,59,1
May 16 2025,10:54:33 AM EDT,55,0
May 16 2025,11:20:17 AM EDT,238,0
May 16 2025,11:31:26 AM EDT,136,0
May 16 2025,11:33:06 AM EDT,67,1
May 16 2025,11:53:26 AM EDT,23,0
May 16 2025,12:42:01 PM EDT,54,0
May 16 2025,2:08:10 PM EDT,140,1
May 16 2025,2:10:01 PM EDT,140,1
May 16 2025,2:10:35 PM EDT,84,1
May 16 2025,2:11:12 PM EDT,139,1
May 16 2025,2:12:26 PM EDT,140,1
May 16 2025,2:16:11 PM EDT,61,0
May 16 2025,2:17:09 PM EDT,18,0
May 16 2025,2:40:25 PM EDT,57,0
May 16 2025,2:51:06 PM EDT,67,0
May 16 2025,3:03:01 PM EDT,27,0
May 16 2025,3:36:44 PM EDT,23,0
May 16 2025,3:40:14 PM EDT,140,1
May 16 2025,5:29:40 PM EDT,78,0
May 16 2025,5:30:04 PM EDT,140,1
May 16 2025,5:30:19 PM EDT,137,1
May 16 2025,5:38:13 PM EDT,139,1
May 16 2025,5:53:16 PM EDT,55,0
May 16 2025,9:20:19 PM EDT,140,1
May 17 2025,12:40:05 PM EDT,37,1
May 17 2025,1:11:39 PM EDT,139,1
May 17 2025,3:05:19 PM EDT,47,1
May 17 2025,3:19:01 PM EDT,134,1
May 17 2025,3:31:07 PM EDT,43,1
May 17 2025,8:53:09 PM EDT,51,0
May 17 2025,8:54:27 PM EDT,5,0
May 17 2025,9:12:29 PM EDT,132,1
May 17 2025,9:17:26 PM EDT,23,0
May 18 2025,2:12:13 AM EDT,139,1
May 18 2025,2:36:32 AM EDT,140,1
May 18 2025,2:43:16 PM EDT,140,1
May 18 2025,2:47:15 PM EDT,40,0
May 18 2025,4:29:36 PM EDT,27,0
May 18 2025,4:33:13 PM EDT,139,1
May 18 2025,4:33:28 PM EDT,51,1
May 18 2025,4:36:25 PM EDT,27,0
May 18 2025,4:41:43 PM EDT,32,0
May 18 2025,4:44:48 PM EDT,140,1
May 18 2025,7:23:28 PM EDT,68,0
May 18 2025,7:38:36 PM EDT,104,1
May 18 2025,7:42:28 PM EDT,23,0
May 18 2025,7:49:32 PM EDT,26,0
May 18 2025,7:50:28 PM EDT,28,0
May 18 2025,7:51:48 PM EDT,83,1
May 18 2025,7:57:15 PM EDT,140,1
May 18 2025,7:57:37 PM EDT,140,1
May 18 2025,10:14:46 PM EDT,139,1
May 18 2025,10:23:48 PM EDT,39,1
May 18 2025,10:31:03 PM EDT,56,0
May 18 2025,10:34:01 PM EDT,25,0
May 18 2025,10:49:23 PM EDT,34,0
May 18 2025,11:01:44 PM EDT,57,1
May 18 2025,11:02:53 PM EDT,140,1
May 18 2025,11:03:41 PM EDT,74,1
May 18 2025,11:03:59 PM EDT,78,1
May 18 2025,11:16:50 PM EDT,140,1
May 19 2025,4:35:51 AM EDT,31,0
May 19 2025,4:40:54 AM EDT,131,1
May 19 2025,4:42:27 AM EDT,140,1
May 19 2025,4:54:24 AM EDT,140,1
May 19 2025,4:57:08 AM EDT,140,1
May 19 2025,10:30:38 AM EDT,23,0
May 19 2025,10:33:01 AM EDT,43,0
May 19 2025,6:46:30 PM EDT,23,0
May 19 2025,6:49:34 PM EDT,64,1
May 19 2025,6:50:58 PM EDT,138,1
May 19 2025,8:02:27 PM EDT,138,1
May 19 2025,9:15:54 PM EDT,83,1
May 19 2025,9:23:46 PM EDT,140,1
May 19 2025,9:24:36 PM EDT,139,1
May 19 2025,11:56:16 PM EDT,140,1
May 19 2025,11:56:53 PM EDT,23,0
May 19 2025,11:57:55 PM EDT,65,0
May 19 2025,11:58:34 PM EDT,76,1
May 20 2025,12:13:51 AM EDT,61,0
May 20 2025,12:15:45 AM EDT,140,1
May 20 2025,12:16:27 AM EDT,77,1
May 20 2025,12:17:08 AM EDT,140,1
May 20 2025,12:17:50 AM EDT,41,0
May 20 2025,12:18:02 AM EDT,111,1
May 20 2025,12:21:48 AM EDT,132,0
May 20 2025,12:24:17 AM EDT,136,1
May 20 2025,12:30:15 AM EDT,96,0
May 20 2025,12:30:42 AM EDT,140,1
May 20 2025,12:31:01 AM EDT,113,1
May 20 2025,12:33:13 AM EDT,86,0
May 20 2025,12:35:37 AM EDT,138,1
May 20 2025,2:25:21 AM EDT,123,1
May 20 2025,2:27:33 AM EDT,140,1
May 20 2025,8:50:10 AM EDT,140,1
May 20 2025,9:59:12 AM EDT,138,1
May 20 2025,9:59:56 AM EDT,140,1
May 20 2025,10:11:28 AM EDT,67,0
May 20 2025,10:23:27 AM EDT,38,1
May 20 2025,10:28:20 AM EDT,27,0
May 20 2025,10:36:36 AM EDT,109,0
May 20 2025,10:40:44 AM EDT,136,0
May 20 2025,10:46:31 AM EDT,81,0
May 20 2025,10:51:51 AM EDT,23,0
May 20 2025,11:57:58 AM EDT,28,0
May 20 2025,12:17:03 PM EDT,38,1
May 20 2025,12:19:04 PM EDT,140,1
May 20 2025,12:19:56 PM EDT,33,0
May 20 2025,12:24:03 PM EDT,140,1
May 20 2025,1:51:45 PM EDT,140,1
May 20 2025,11:41:58 PM EDT,139,1
May 20 2025,11:42:11 PM EDT,140,1
May 20 2025,11:42:47 PM EDT,23,0
May 20 2025,11:45:19 PM EDT,140,1
May 21 2025,12:04:38 AM EDT,140,1
May 21 2025,12:09:30 AM EDT,33,0
May 21 2025,12:13:34 AM EDT,140,1
May 21 2025,12:20:12 AM EDT,134,1
May 21 2025,12:31:52 AM EDT,59,1
May 21 2025,12:44:32 AM EDT,49,0
May 21 2025,12:48:16 AM EDT,79,1
May 21 2025,12:50:10 AM EDT,89,1
May 21 2025,1:15:58 AM EDT,118,1
May 21 2025,1:17:14 AM EDT,69,0
May 21 2025,1:18:04 AM EDT,111,1
May 21 2025,1:20:20 AM EDT,23,0
May 21 2025,1:34:18 AM EDT,140,1
May 21 2025,3:00:23 AM EDT,34,0
May 21 2025,3:05:25 AM EDT,28,0
May 21 2025,3:10:15 AM EDT,35,0
May 21 2025,3:19:23 AM EDT,23,0
May 21 2025,3:19:55 AM EDT,28,0
May 21 2025,3:22:03 AM EDT,24,0
May 21 2025,3:32:27 AM EDT,25,0
May 21 2025,3:33:40 AM EDT,52,0
May 21 2025,12:02:34 PM EDT,75,1
May 21 2025,1:58:46 PM EDT,50,0
May 21 2025,4:49:29 PM EDT,26,0
May 21 2025,6:18:33 PM EDT,25,0
May 21 2025,6:19:21 PM EDT,5,0
May 21 2025,6:20:12 PM EDT,25,0
May 21 2025,6:20:32 PM EDT,140,1
May 21 2025,6:22:29 PM EDT,25,0
May 21 2025,9:46:39 PM EDT,96,0
May 21 2025,9:50:33 PM EDT,54,0
May 21 2025,9:50:48 PM EDT,81,1
May 21 2025,9:52:16 PM EDT,57,1
May 21 2025,9:59:39 PM EDT,140,1
May 21 2025,10:00:26 PM EDT,140,1
May 22 2025,12:16:38 AM EDT,140,1
May 22 2025,12:18:56 AM EDT,68,0
May 22 2025,12:21:03 AM EDT,31,0
May 22 2025,12:23:28 AM EDT,139,1
May 22 2025,12:25:16 AM EDT,23,0
May 22 2025,12:26:52 AM EDT,54,0
May 22 2025,12:27:09 AM EDT,121,1
May 22 2025,1:14:24 AM EDT,140,1
May 22 2025,1:15:59 AM EDT,139,1
May 22 2025,4:20:27 PM EDT,140,1
May 23 2025,7:12:05 AM EDT,180,0
May 23 2025,7:32:56 AM EDT,56,1
May 23 2025,7:49:38 AM EDT,41,0
May 23 2025,7:53:25 AM EDT,140,1
May 23 2025,7:55:00 AM EDT,139,1
May 23 2025,1:28:05 PM EDT,139,1
May 23 2025,1:55:34 PM EDT,51,0
May 23 2025,2:01:58 PM EDT,255,0
May 23 2025,2:03:06 PM EDT,95,1
May 23 2025,2:08:12 PM EDT,141,0
May 23 2025,6:03:38 PM EDT,140,1
May 23 2025,7:53:11 PM EDT,68,0
May 23 2025,8:54:04 PM EDT,95,1
May 23 2025,8:54:39 PM EDT,68,0
May 23 2025,9:35:28 PM EDT,23,0
May 23 2025,9:35:32 PM EDT,114,1
May 23 2025,9:54:07 PM EDT,140,1
May 23 2025,9:57:38 PM EDT,140,1
May 23 2025,10:24:02 PM EDT,25,0
May 23 2025,11:13:37 PM EDT,140,1
May 23 2025,11:16:04 PM EDT,25,0
May 24 2025,2:15:44 AM EDT,140,1
May 24 2025,3:33:58 AM EDT,102,1
May 24 2025,3:34:22 AM EDT,140,1
May 24 2025,3:36:54 AM EDT,23,0
May 24 2025,3:38:55 AM EDT,87,1
May 24 2025,3:57:10 AM EDT,39,0
May 24 2025,10:51:49 AM EDT,140,1
May 24 2025,10:54:56 AM EDT,140,1
May 24 2025,11:18:46 AM EDT,93,1
May 24 2025,6:31:23 PM EDT,140,1
May 24 2025,6:36:55 PM EDT,63,0
May 24 2025,7:32:56 PM EDT,99,1
May 24 2025,7:36:20 PM EDT,107,1
May 24 2025,7:39:25 PM EDT,115,1
May 24 2025,7:43:54 PM EDT,136,1
May 24 2025,7:49:24 PM EDT,39,0
May 24 2025,7:58:09 PM EDT,95,0
May 24 2025,7:58:57 PM EDT,22,0
May 24 2025,9:13:49 PM EDT,140,1
May 24 2025,9:14:40 PM EDT,73,0
May 24 2025,9:16:12 PM EDT,21,1
May 24 2025,9:23:13 PM EDT,56,1
May 25 2025,2:29:36 AM EDT,139,1
May 25 2025,2:31:01 AM EDT,140,1
May 25 2025,2:37:48 AM EDT,140,1
May 25 2025,2:53:02 AM EDT,100,1
May 25 2025,3:09:41 AM EDT,23,0
May 25 2025,3:37:20 AM EDT,52,0
May 25 2025,3:39:01 AM EDT,138,1
May 25 2025,3:39:22 AM EDT,140,1
May 25 2025,4:20:13 AM EDT,144,1
May 25 2025,10:49:43 AM EDT,140,1
May 25 2025,11:16:32 AM EDT,140,1
May 25 2025,11:24:46 AM EDT,23,0
May 25 2025,1:41:45 PM EDT,139,1
May 25 2025,1:49:40 PM EDT,79,1
May 25 2025,7:08:40 PM EDT,37,0
May 26 2025,6:31:28 AM EDT,139,1
May 26 2025,6:44:12 AM EDT,116,1
May 26 2025,6:59:44 AM EDT,97,1
May 26 2025,11:04:52 AM EDT,31,0
May 26 2025,11:12:38 AM EDT,139,1
May 26 2025,11:40:58 AM EDT,129,1
May 26 2025,11:41:20 AM EDT,140,1
May 26 2025,11:51:09 AM EDT,90,1
May 26 2025,11:51:48 AM EDT,139,1
May 26 2025,1:45:53 PM EDT,98,0
May 26 2025,2:13:03 PM EDT,68,0
May 26 2025,2:14:53 PM EDT,27,0
May 26 2025,5:11:28 PM EDT,28,0
May 26 2025,9:58:57 PM EDT,27,0
May 27 2025,12:18:45 AM EDT,94,1
May 27 2025,1:01:25 AM EDT,48,0
May 27 2025,1:20:30 AM EDT,97,1
May 27 2025,1:53:44 AM EDT,46,1
May 27 2025,1:57:28 AM EDT,37,0
May 27 2025,1:57:54 AM EDT,71,1
May 27 2025,2:02:12 AM EDT,71,0
May 27 2025,3:29:32 AM EDT,140,1
May 27 2025,3:31:58 AM EDT,23,0
May 27 2025,3:32:50 AM EDT,25,0
May 27 2025,3:41:52 AM EDT,60,0
May 27 2025,3:43:11 AM EDT,31,0
May 27 2025,3:59:00 AM EDT,58,1
May 27 2025,4:05:43 AM EDT,139,1
May 27 2025,4:24:43 AM EDT,120,1
May 27 2025,12:56:04 PM EDT,125,1
May 27 2025,12:58:00 PM EDT,140,1
May 27 2025,1:06:51 PM EDT,95,0
May 27 2025,1:14:38 PM EDT,81,0
May 27 2025,2:11:20 PM EDT,110,1
May 27 2025,7:12:37 PM EDT,55,0
May 27 2025,7:15:21 PM EDT,140,1
May 27 2025,9:04:33 PM EDT,255,0
May 27 2025,9:06:11 PM EDT,137,1
May 27 2025,10:12:15 PM EDT,140,1
May 27 2025,10:13:03 PM EDT,140,1
May 27 2025,10:15:24 PM EDT,23,0
May 27 2025,10:18:20 PM EDT,23,0
May 27 2025,10:19:23 PM EDT,119,1
May 27 2025,10:20:57 PM EDT,62,0
May 27 2025,10:43:58 PM EDT,23,0
May 27 2025,10:45:07 PM EDT,140,1
May 28 2025,1:38:16 AM EDT,61,1
May 28 2025,1:45:57 AM EDT,140,1
May 28 2025,3:29:04 PM EDT,99,1
May 28 2025,4:01:47 PM EDT,100,1
May 28 2025,4:13:02 PM EDT,140,1
May 28 2025,4:56:47 PM EDT,23,0
May 28 2025,5:54:51 PM EDT,140,1
May 28 2025,8:01:38 PM EDT,255,0
May 28 2025,8:49:55 PM EDT,58,0
May 28 2025,10:00:40 PM EDT,75,1
May 28 2025,10:02:22 PM EDT,21,0
May 28 2025,10:39:14 PM EDT,140,1
May 29 2025,12:43:54 AM EDT,140,1
May 29 2025,1:16:58 AM EDT,30,0
May 29 2025,1:17:21 AM EDT,140,1
May 29 2025,1:19:06 AM EDT,93,0
May 29 2025,1:19:25 AM EDT,139,1
May 29 2025,1:48:42 AM EDT,140,1
May 29 2025,1:49:35 AM EDT,140,1
May 29 2025,2:11:06 AM EDT,233,0
May 29 2025,2:38:36 AM EDT,23,0
May 29 2025,1:37:37 PM EDT,121,1
May 29 2025,1:48:26 PM EDT,60,1
May 29 2025,6:30:07 PM EDT,55,0
May 29 2025,6:30:17 PM EDT,140,1
May 29 2025,7:39:36 PM EDT,50,0
May 30 2025,3:11:05 AM EDT,30,0
May 30 2025,3:29:39 AM EDT,132,1
May 30 2025,3:32:36 AM EDT,40,0
May 30 2025,3:35:45 AM EDT,97,1
May 30 2025,4:09:21 AM EDT,66,0
May 30 2025,4:14:09 AM EDT,140,1
May 30 2025,4:18:55 AM EDT,140,1
May 30 2025,4:19:33 AM EDT,93,1
May 30 2025,4:21:24 AM EDT,85,1
May 30 2025,4:22:25 AM EDT,87,1
May 30 2025,4:25:55 AM EDT,28,0
May 30 2025,4:35:36 AM EDT,137,1
May 30 2025,4:54:09 AM EDT,140,1
May 30 2025,11:47:04 AM EDT,136,1
May 30 2025,11:49:54 AM EDT,38,0
May 30 2025,12:17:05 PM EDT,73,0
May 30 2025,12:22:37 PM EDT,139,1
May 30 2025,12:49:46 PM EDT,140,1
May 30 2025,1:10:35 PM EDT,23,0
May 30 2025,1:12:31 PM EDT,23,0
May 30 2025,1:15:19 PM EDT,140,1
May 30 2025,1:17:23 PM EDT,44,0
May 30 2025,3:32:09 PM EDT,140,1
May 30 2025,4:55:05 PM EDT,190,0
May 30 2025,7:44:32 PM EDT,140,1
May 30 2025,7:46:33 PM EDT,128,1
May 30 2025,7:47:58 PM EDT,140,1
May 30 2025,7:51:22 PM EDT,29,0
May 30 2025,7:53:15 PM EDT,38,1
May 30 2025,11:00:34 PM EDT,23,0
May 30 2025,11:08:05 PM EDT,23,0
May 30 2025,11:10:18 PM EDT,110,1
May 30 2025,11:10:35 PM EDT,25,0
May 30 2025,11:11:05 PM EDT,26,0
May 30 2025,11:13:22 PM EDT,41,0
May 30 2025,11:17:56 PM EDT,140,1
May 30 2025,11:18:34 PM EDT,140,1
May 30 2025,11:22:35 PM EDT,140,1
May 30 2025,11:22:43 PM EDT,139,1
May 30 2025,11:26:11 PM EDT,140,1
May 30 2025,11:38:44 PM EDT,84,1
May 30 2025,11:42:45 PM EDT,140,1
May 31 2025,11:20:07 AM EDT,53,1
May 31 2025,3:14:17 PM EDT,174,0
May 31 2025,4:54:14 PM EDT,140,1
May 31 2025,5:18:12 PM EDT,64,0
May 31 2025,5:22:53 PM EDT,83,0
May 31 2025,5:38:22 PM EDT,255,0
May 31 2025,8:30:05 PM EDT,102,1
May 31 2025,8:32:19 PM EDT,23,0
May 31 2025,8:34:03 PM EDT,25,0
May 31 2025,8:34:22 PM EDT,88,1
May 31 2025,9:07:02 PM EDT,106,0
May 31 2025,9:07:40 PM EDT,41,0
May 31 2025,9:08:36 PM EDT,62,0
May 31 2025,9:08:54 PM EDT,140,1
May 31 2025,9:42:11 PM EDT,28,0
May 31 2025,9:42:43 PM EDT,61,1
May 31 2025,9:44:39 PM EDT,140,1
May 31 2025,11:14:38 PM EDT,115,1
Jun 1 2025,12:16:21 AM EDT,140,1
Jun 1 2025,12:24:13 AM EDT,50,0
Jun 1 2025,12:30:01 AM EDT,20,1
Jun 1 2025,12:59:40 AM EDT,140,1
Jun 1 2025,1:01:02 AM EDT,140,1
Jun 1 2025,1:02:06 AM EDT,112,1
Jun 1 2025,1:03:43 AM EDT,41,0
Jun 1 2025,1:04:28 AM EDT,107,1
Jun 1 2025,1:08:32 AM EDT,140,1
Jun 1 2025,4:19:26 AM EDT,74,1
Jun 1 2025,4:30:35 AM EDT,23,0
Jun 1 2025,4:32:09 AM EDT,140,1
Jun 1 2025,4:36:47 AM EDT,83,1
Jun 1 2025,5:07:59 AM EDT,33,0
Jun 1 2025,5:21:02 AM EDT,140,1
Jun 1 2025,5:27:14 AM EDT,123,1
Jun 1 2025,10:23:03 AM EDT,54,0
Jun 1 2025,10:34:03 AM EDT,140,1
Jun 1 2025,10:34:23 AM EDT,23,0
Jun 1 2025,10:34:36 AM EDT,140,1
Jun 1 2025,10:42:25 AM EDT,99,1
Jun 1 2025,10:43:06 AM EDT,140,1
Jun 1 2025,10:44:44 AM EDT,140,1
Jun 1 2025,11:06:00 AM EDT,79,1
Jun 1 2025,11:22:26 AM EDT,140,1
Jun 1 2025,11:46:24 AM EDT,109,0
Jun 1 2025,11:48:26 AM EDT,81,1
Jun 1 2025,12:01:25 PM EDT,25,0
Jun 1 2025,12:46:16 PM EDT,27,0
Jun 1 2025,1:27:28 PM EDT,97,1
Jun 1 2025,1:38:37 PM EDT,140,1
Jun 1 2025,1:51:04 PM EDT,100,1
Jun 1 2025,2:06:35 PM EDT,214,0
Jun 1 2025,2:07:52 PM EDT,23,0
Jun 1 2025,2:09:42 PM EDT,72,0
Jun 1 2025,2:11:22 PM EDT,78,0
Jun 1 2025,2:13:27 PM EDT,109,1
Jun 1 2025,11:26:18 PM EDT,69,0
Jun 1 2025,11:49:43 PM EDT,58,0
Jun 2 2025,12:06:36 AM EDT,140,1
Jun 2 2025,2:19:24 AM EDT,57,1
Jun 2 2025,2:22:38 AM EDT,103,1
Jun 2 2025,2:23:14 AM EDT,56,1
Jun 2 2025,2:23:41 AM EDT,139,1
Jun 2 2025,8:07:10 AM EDT,48,0
Jun 2 2025,8:16:02 AM EDT,140,1
Jun 2 2025,8:18:43 AM EDT,50,0
Jun 2 2025,8:20:32 AM EDT,58,0
Jun 2 2025,8:25:18 AM EDT,255,0
Jun 2 2025,8:30:09 AM EDT,39,1
Jun 2 2025,8:49:26 AM EDT,36,0
Jun 2 2025,8:58:56 AM EDT,27,0
Jun 2 2025,9:14:05 AM EDT,50,0
Jun 2 2025,9:26:52 AM EDT,131,1
Jun 2 2025,11:54:14 AM EDT,99,0
Jun 2 2025,11:58:18 AM EDT,27,0
Jun 2 2025,12:00:28 PM EDT,37,1
Jun 2 2025,1:35:24 PM EDT,52,1
Jun 2 2025,1:36:12 PM EDT,113,1
Jun 2 2025,2:42:03 PM EDT,65,0
Jun 2 2025,3:15:41 PM EDT,63,0
Jun 2 2025,3:26:56 PM EDT,65,0
Jun 2 2025,3:31:30 PM EDT,52,0
Jun 2 2025,3:33:07 PM EDT,27,0
Jun 2 2025,3:43:14 PM EDT,40,1
Jun 2 2025,3:52:11 PM EDT,82,1
Jun 2 2025,3:56:17 PM EDT,140,1
Jun 2 2025,3:56:56 PM EDT,82,1
Jun 2 2025,8:30:07 PM EDT,55,0
Jun 2 2025,9:15:45 PM EDT,140,1
Jun 2 2025,9:26:32 PM EDT,30,0
Jun 2 2025,9:35:06 PM EDT,23,0
Jun 2 2025,11:05:01 PM EDT,114,1
Jun 3 2025,12:29:43 AM EDT,89,1
Jun 3 2025,12:45:06 AM EDT,140,1
Jun 3 2025,1:13:44 AM EDT,28,0
Jun 3 2025,1:37:55 AM EDT,29,0
Jun 3 2025,1:46:35 AM EDT,115,1
Jun 3 2025,10:01:42 AM EDT,28,0
Jun 3 2025,10:09:01 AM EDT,140,1
Jun 3 2025,10:20:02 AM EDT,64,0
Jun 3 2025,10:20:20 AM EDT,140,1
Jun 3 2025,10:31:27 AM EDT,140,1
Jun 3 2025,10:36:15 AM EDT,82,1
Jun 3 2025,10:45:10 AM EDT,23,0
Jun 3 2025,10:46:31 AM EDT,140,1
Jun 3 2025,10:54:33 AM EDT,30,0
Jun 3 2025,10:54:48 AM EDT,111,1
Jun 3 2025,10:55:16 AM EDT,37,0
Jun 3 2025,10:57:37 AM EDT,93,0
Jun 3 2025,11:09:31 AM EDT,40,1
Jun 3 2025,11:28:38 AM EDT,140,1
Jun 3 2025,11:33:18 AM EDT,121,1
Jun 3 2025,12:05:06 PM EDT,140,1
Jun 3 2025,12:08:30 PM EDT,27,0
Jun 3 2025,12:09:38 PM EDT,131,1
Jun 3 2025,12:14:01 PM EDT,140,1
Jun 3 2025,12:15:44 PM EDT,85,1
Jun 3 2025,12:21:45 PM EDT,140,1
Jun 3 2025,12:25:34 PM EDT,56,0
Jun 3 2025,12:30:02 PM EDT,83,1
Jun 3 2025,12:41:28 PM EDT,140,1
Jun 3 2025,12:52:12 PM EDT,140,1
Jun 3 2025,12:59:41 PM EDT,228,0
Jun 3 2025,1:00:10 PM EDT,40,1
Jun 3 2025,1:01:55 PM EDT,63,0
Jun 3 2025,1:05:43 PM EDT,67,0
Jun 3 2025,1:06:50 PM EDT,23,0
Jun 3 2025,1:15:23 PM EDT,189,0
Jun 3 2025,1:16:36 PM EDT,77,1
Jun 3 2025,1:20:20 PM EDT,71,1
Jun 3 2025,1:21:31 PM EDT,27,0
Jun 3 2025,1:31:31 PM EDT,212,0
Jun 3 2025,1:35:16 PM EDT,172,0
Jun 3 2025,1:38:52 PM EDT,59,0
Jun 3 2025,1:39:31 PM EDT,96,1
Jun 3 2025,1:40:12 PM EDT,35,0
Jun 3 2025,3:29:45 PM EDT,26,0
Jun 3 2025,3:30:56 PM EDT,68,0
Jun 3 2025,3:32:25 PM EDT,103,0
Jun 3 2025,3:35:04 PM EDT,140,1
Jun 3 2025,3:49:15 PM EDT,57,1
Jun 3 2025,3:50:56 PM EDT,109,1
Jun 3 2025,3:57:52 PM EDT,103,1
Jun 3 2025,3:59:05 PM EDT,140,1
Jun 3 2025,4:00:04 PM EDT,45,0
Jun 3 2025,4:00:37 PM EDT,79,1
Jun 3 2025,4:03:23 PM EDT,72,1
Jun 3 2025,4:06:20 PM EDT,61,1
Jun 3 2025,4:07:11 PM EDT,64,1
Jun 3 2025,4:46:58 PM EDT,31,1
Jun 3 2025,7:19:44 PM EDT,140,1
Jun 3 2025,7:20:40 PM EDT,132,1
Jun 3 2025,7:24:40 PM EDT,79,0
Jun 4 2025,2:05:05 AM EDT,113,1
Jun 4 2025,2:07:55 AM EDT,140,1
Jun 4 2025,2:10:22 AM EDT,107,1
Jun 4 2025,2:10:27 AM EDT,44,1
Jun 4 2025,2:10:57 AM EDT,140,1
Jun 4 2025,2:12:14 AM EDT,94,1
Jun 4 2025,2:14:17 AM EDT,96,0
Jun 4 2025,2:15:45 AM EDT,139,1
Jun 4 2025,2:28:13 AM EDT,252,0
Jun 4 2025,12:07:55 PM EDT,68,0
Jun 4 2025,12:18:31 PM EDT,144,1
Jun 4 2025,12:19:05 PM EDT,42,0
Jun 4 2025,12:19:47 PM EDT,140,1
Jun 4 2025,12:21:08 PM EDT,140,1
Jun 4 2025,1:47:12 PM EDT,140,1
Jun 4 2025,1:47:34 PM EDT,25,0
Jun 4 2025,1:48:43 PM EDT,28,0
Jun 4 2025,1:50:16 PM EDT,27,0
Jun 4 2025,1:50:48 PM EDT,67,0
Jun 4 2025,1:52:29 PM EDT,140,1
Jun 4 2025,1:57:03 PM EDT,129,0
Jun 4 2025,1:57:30 PM EDT,140,1
Jun 4 2025,2:00:00 PM EDT,140,1
Jun 4 2025,2:02:06 PM EDT,140,1
Jun 4 2025,2:02:39 PM EDT,139,1
Jun 4 2025,2:03:08 PM EDT,140,1
Jun 4 2025,2:03:22 PM EDT,93,1
Jun 4 2025,2:06:40 PM EDT,41,0
Jun 4 2025,2:50:59 PM EDT,89,0
Jun 4 2025,2:57:44 PM EDT,25,0
Jun 4 2025,2:58:41 PM EDT,23,0
Jun 4 2025,3:06:55 PM EDT,93,1
Jun 4 2025,6:27:28 PM EDT,137,0
Jun 4 2025,6:28:20 PM EDT,140,1
Jun 4 2025,6:29:51 PM EDT,34,0
Jun 4 2025,6:31:06 PM EDT,30,0
Jun 4 2025,6:31:10 PM EDT,123,1
Jun 4 2025,8:24:18 PM EDT,28,0
Jun 4 2025,8:24:32 PM EDT,136,1
Jun 4 2025,8:24:49 PM EDT,86,1
Jun 4 2025,8:26:43 PM EDT,25,0
Jun 4 2025,8:27:46 PM EDT,23,0
Jun 4 2025,9:02:14 PM EDT,140,1
Jun 4 2025,9:11:33 PM EDT,25,0
Jun 4 2025,9:13:10 PM EDT,128,1
Jun 4 2025,9:16:52 PM EDT,66,1
Jun 4 2025,9:18:25 PM EDT,28,0
Jun 4 2025,10:09:52 PM EDT,55,1
Jun 4 2025,10:10:17 PM EDT,46,0
Jun 4 2025,10:12:13 PM EDT,139,1
Jun 4 2025,10:28:02 PM EDT,140,1
Jun 4 2025,10:30:21 PM EDT,26,0
Jun 4 2025,10:30:41 PM EDT,102,1
Jun 4 2025,10:31:20 PM EDT,31,0
Jun 4 2025,10:35:51 PM EDT,116,1
Jun 4 2025,10:39:44 PM EDT,38,1
Jun 4 2025,10:41:59 PM EDT,140,1
Jun 4 2025,10:44:19 PM EDT,140,1
Jun 4 2025,10:47:04 PM EDT,140,1
Jun 4 2025,10:47:48 PM EDT,144,1
Jun 4 2025,10:48:17 PM EDT,129,1
Jun 4 2025,11:27:07 PM EDT,139,1
Jun 4 2025,11:28:06 PM EDT,140,1
Jun 4 2025,11:28:29 PM EDT,31,0
Jun 4 2025,11:29:17 PM EDT,139,1
Jun 4 2025,11:56:59 PM EDT,140,1
Jun 4 2025,11:59:51 PM EDT,23,0
Jun 5 2025,12:01:56 AM EDT,140,1
Jun 5 2025,10:37:53 AM EDT,140,1
Jun 5 2025,10:39:58 AM EDT,108,0
Jun 5 2025,10:41:36 AM EDT,52,0
Jun 5 2025,10:46:33 AM EDT,140,1
Jun 5 2025,10:49:52 AM EDT,102,1
Jun 5 2025,10:52:30 AM EDT,27,0
Jun 5 2025,11:14:57 AM EDT,140,1
Jun 5 2025,11:20:16 AM EDT,34,0
Jun 5 2025,11:28:16 AM EDT,140,1
Jun 5 2025,11:32:30 AM EDT,139,1
Jun 5 2025,11:46:28 AM EDT,51,0
Jun 5 2025,12:10:14 PM EDT,33,0
Jun 5 2025,12:11:30 PM EDT,67,0
Jun 5 2025,12:13:21 PM EDT,29,0
Jun 5 2025,12:19:36 PM EDT,255,0
Jun 5 2025,12:21:50 PM EDT,95,1
Jun 5 2025,12:25:37 PM EDT,167,0
Jun 5 2025,12:26:00 PM EDT,26,0
Jun 5 2025,12:26:55 PM EDT,102,1
Jun 5 2025,12:44:32 PM EDT,49,0
Jun 5 2025,1:29:44 PM EDT,25,0
Jun 5 2025,1:31:54 PM EDT,31,0
Jun 5 2025,1:33:58 PM EDT,140,1
Jun 5 2025,1:34:17 PM EDT,25,0
Jun 5 2025,1:37:47 PM EDT,140,1
Jun 5 2025,1:38:33 PM EDT,55,0
Jun 5 2025,1:39:09 PM EDT,72,0
Jun 5 2025,1:39:59 PM EDT,83,0
Jun 5 2025,1:42:41 PM EDT,170,0
Jun 5 2025,1:42:57 PM EDT,50,1
Jun 5 2025,1:44:22 PM EDT,85,0
Jun 5 2025,1:45:06 PM EDT,140,1
Jun 5 2025,1:45:26 PM EDT,31,0
Jun 5 2025,1:47:11 PM EDT,140,1
Jun 5 2025,1:48:10 PM EDT,33,0
Jun 5 2025,1:49:35 PM EDT,99,0
Jun 5 2025,1:55:56 PM EDT,1,0
Jun 5 2025,1:57:25 PM EDT,101,0
Jun 5 2025,2:08:56 PM EDT,52,1
Jun 5 2025,2:10:02 PM EDT,43,0
Jun 5 2025,2:12:56 PM EDT,231,0
Jun 5 2025,2:21:16 PM EDT,59,0
Jun 5 2025,2:23:34 PM EDT,117,0
Jun 5 2025,2:25:41 PM EDT,57,0
Jun 5 2025,2:27:15 PM EDT,70,0
Jun 5 2025,2:35:09 PM EDT,53,0
Jun 5 2025,2:36:26 PM EDT,69,0
Jun 5 2025,2:37:15 PM EDT,30,1
Jun 5 2025,2:45:41 PM EDT,56,0
Jun 5 2025,2:45:55 PM EDT,140,1
Jun 5 2025,2:48:25 PM EDT,52,0
Jun 5 2025,2:49:49 PM EDT,84,0
Jun 5 2025,3:10:47 PM EDT,155,0
Jun 5 2025,3:20:00 PM EDT,55,0
Jun 5 2025,4:05:23 PM EDT,25,0
Jun 5 2025,4:09:40 PM EDT,177,0
Jun 5 2025,4:11:33 PM EDT,26,0
Jun 5 2025,4:11:51 PM EDT,27,0
Jun 5 2025,4:14:04 PM EDT,25,0
Jun 5 2025,4:24:00 PM EDT,23,0
Jun 5 2025,4:26:08 PM EDT,96,0
Jun 5 2025,4:43:54 PM EDT,25,0
Jun 5 2025,6:06:43 PM EDT,140,1
Jun 5 2025,6:41:27 PM EDT,140,1
Jun 5 2025,8:26:34 PM EDT,140,1
Jun 5 2025,8:29:41 PM EDT,140,1
Jun 5 2025,8:56:02 PM EDT,140,1
Jun 5 2025,9:16:56 PM EDT,25,0
Jun 5 2025,9:21:13 PM EDT,67,0
Jun 5 2025,9:29:04 PM EDT,56,0
Jun 5 2025,9:48:30 PM EDT,26,0
Jun 5 2025,10:08:57 PM EDT,114,1
Jun 5 2025,10:09:46 PM EDT,140,1
Jun 5 2025,11:46:44 PM EDT,140,1
Jun 6 2025,3:00:08 AM EDT,140,1
Jun 6 2025,3:07:30 AM EDT,140,1
Jun 6 2025,3:10:05 AM EDT,140,1
Jun 6 2025,3:29:29 AM EDT,112,1
Jun 6 2025,3:54:53 AM EDT,140,1
Jun 6 2025,10:52:58 AM EDT,64,0
Jun 6 2025,1:01:04 PM EDT,49,0
Jun 6 2025,1:08:14 PM EDT,79,1
Jun 6 2025,1:27:15 PM EDT,139,1
Jun 6 2025,1:45:24 PM EDT,143,1
Jun 6 2025,2:00:33 PM EDT,139,1
Jun 6 2025,2:51:06 PM EDT,117,1
Jun 6 2025,3:00:42 PM EDT,111,1
Jun 6 2025,3:05:40 PM EDT,139,1
Jun 6 2025,5:10:55 PM EDT,55,0
Jun 6 2025,5:17:22 PM EDT,25,0
Jun 6 2025,6:08:46 PM EDT,176,0
Jun 6 2025,6:16:18 PM EDT,41,0
Jun 6 2025,6:30:09 PM EDT,137,1
Jun 6 2025,6:30:39 PM EDT,53,0
Jun 6 2025,6:39:55 PM EDT,27,0
Jun 6 2025,6:42:30 PM EDT,100,0
Jun 6 2025,6:48:01 PM EDT,140,1
Jun 6 2025,7:06:10 PM EDT,144,1
Jun 6 2025,8:31:29 PM EDT,32,0
Jun 6 2025,8:34:31 PM EDT,139,1
Jun 7 2025,3:16:54 AM EDT,25,0
Jun 7 2025,3:27:10 AM EDT,110,1
Jun 7 2025,4:11:30 AM EDT,89,1
Jun 7 2025,4:50:41 AM EDT,140,1
Jun 7 2025,1:50:55 PM EDT,139,1
Jun 7 2025,1:52:31 PM EDT,53,1
Jun 7 2025,3:02:19 PM EDT,140,1
Jun 7 2025,3:04:20 PM EDT,40,0
Jun 7 2025,7:17:22 PM EDT,140,1
Jun 7 2025,9:33:26 PM EDT,140,1
Jun 7 2025,9:38:25 PM EDT,91,1
Jun 8 2025,12:18:30 AM EDT,140,1
Jun 8 2025,3:45:27 AM EDT,140,1
Jun 8 2025,3:47:26 AM EDT,136,1
Jun 8 2025,3:48:59 AM EDT,83,1
Jun 8 2025,3:57:07 AM EDT,57,1
Jun 8 2025,4:10:46 AM EDT,140,1
Jun 8 2025,4:21:08 AM EDT,140,1
Jun 8 2025,4:21:52 AM EDT,140,1
Jun 8 2025,4:23:52 AM EDT,97,1
Jun 8 2025,1:18:04 PM EDT,140,1
Jun 8 2025,1:19:30 PM EDT,140,1
Jun 8 2025,1:23:36 PM EDT,140,1
Jun 8 2025,1:57:45 PM EDT,53,0
Jun 8 2025,3:16:04 PM EDT,95,1
Jun 8 2025,3:19:35 PM EDT,139,1
Jun 8 2025,3:19:55 PM EDT,100,1
Jun 8 2025,3:28:51 PM EDT,44,1
Jun 8 2025,3:38:12 PM EDT,140,1
Jun 8 2025,3:44:29 PM EDT,56,0
Jun 8 2025,4:10:32 PM EDT,62,0
Jun 8 2025,4:10:38 PM EDT,140,1
Jun 8 2025,4:22:03 PM EDT,143,1
Jun 8 2025,5:02:09 PM EDT,139,1
Jun 8 2025,5:57:27 PM EDT,41,0
Jun 8 2025,7:04:21 PM EDT,118,1
Jun 8 2025,7:25:34 PM EDT,91,0
Jun 8 2025,7:31:14 PM EDT,76,1
Jun 8 2025,7:47:10 PM EDT,68,0
Jun 8 2025,7:47:44 PM EDT,140,1
Jun 8 2025,8:19:47 PM EDT,93,1
Jun 8 2025,8:57:50 PM EDT,61,0
Jun 8 2025,9:18:37 PM EDT,140,1
Jun 8 2025,9:25:23 PM EDT,110,1
Jun 8 2025,9:27:50 PM EDT,71,1
Jun 8 2025,10:00:38 PM EDT,28,0
Jun 8 2025,10:04:14 PM EDT,86,1
Jun 8 2025,10:08:40 PM EDT,38,0
Jun 8 2025,10:09:48 PM EDT,23,0
Jun 8 2025,11:26:24 PM EDT,33,0
Jun 8 2025,11:37:00 PM EDT,140,1
Jun 8 2025,11:41:39 PM EDT,25,0
Jun 9 2025,2:11:25 AM EDT,100,1
Jun 9 2025,4:12:19 AM EDT,108,1
Jun 9 2025,2:18:14 PM EDT,140,1
Jun 9 2025,2:20:03 PM EDT,117,1
Jun 9 2025,2:26:12 PM EDT,25,0
Jun 9 2025,2:32:02 PM EDT,140,1
Jun 9 2025,2:33:52 PM EDT,187,0
Jun 9 2025,2:36:20 PM EDT,207,0
Jun 9 2025,2:44:35 PM EDT,184,0
Jun 9 2025,3:11:58 PM EDT,40,0
Jun 9 2025,4:50:36 PM EDT,28,0
Jun 9 2025,5:22:12 PM EDT,130,1
Jun 9 2025,5:34:52 PM EDT,126,0
Jun 9 2025,5:37:29 PM EDT,140,1
Jun 9 2025,5:38:02 PM EDT,86,0
Jun 9 2025,6:36:51 PM EDT,25,0
Jun 9 2025,7:41:47 PM EDT,25,0
Jun 9 2025,9:23:31 PM EDT,140,1
Jun 9 2025,10:29:51 PM EDT,140,1
Jun 9 2025,10:38:15 PM EDT,102,0
Jun 9 2025,10:42:22 PM EDT,140,1
Jun 9 2025,11:37:59 PM EDT,138,1
Jun 9 2025,11:40:06 PM EDT,38,1
Jun 9 2025,11:44:00 PM EDT,140,1
Jun 9 2025,11:47:48 PM EDT,140,1
Jun 10 2025,12:23:36 AM EDT,80,1
Jun 10 2025,12:27:27 AM EDT,128,1
Jun 10 2025,12:52:28 AM EDT,42,1
Jun 10 2025,1:01:10 AM EDT,40,0
Jun 10 2025,1:08:05 AM EDT,23,0
Jun 10 2025,1:16:51 AM EDT,140,1
Jun 10 2025,2:12:41 AM EDT,23,0
Jun 10 2025,9:30:47 AM EDT,140,1
Jun 10 2025,1:17:57 PM EDT,50,0
Jun 10 2025,1:30:18 PM EDT,183,0
Jun 10 2025,2:04:46 PM EDT,139,1
Jun 10 2025,2:08:05 PM EDT,144,1
Jun 10 2025,7:59:44 PM EDT,42,0
Jun 10 2025,8:14:11 PM EDT,32,0
Jun 11 2025,2:23:33 AM EDT,140,1
Jun 11 2025,2:25:12 AM EDT,121,0
Jun 11 2025,2:44:54 AM EDT,140,1
Jun 11 2025,2:47:09 AM EDT,140,1
Jun 11 2025,2:50:06 AM EDT,140,1
Jun 11 2025,3:04:46 AM EDT,88,0
Jun 11 2025,3:06:36 AM EDT,76,1
Jun 11 2025,3:13:55 AM EDT,23,0
Jun 11 2025,3:16:59 AM EDT,140,1
Jun 11 2025,4:54:04 AM EDT,140,1
Jun 11 2025,4:59:59 AM EDT,138,1
Jun 11 2025,5:00:05 AM EDT,133,1
Jun 11 2025,5:01:27 AM EDT,104,1
Jun 11 2025,5:02:03 AM EDT,13,1
Jun 11 2025,5:17:07 AM EDT,25,0
Jun 11 2025,5:24:22 AM EDT,139,1
Jun 11 2025,5:54:30 AM EDT,139,1
Jun 11 2025,11:02:11 AM EDT,77,1
Jun 11 2025,11:37:00 AM EDT,85,0
Jun 11 2025,12:02:29 PM EDT,255,0
Jun 11 2025,12:13:22 PM EDT,140,1
Jun 11 2025,12:15:50 PM EDT,34,0
Jun 11 2025,12:18:23 PM EDT,106,0
Jun 11 2025,1:12:49 PM EDT,140,1
Jun 11 2025,1:18:07 PM EDT,55,0
Jun 11 2025,5:38:54 PM EDT,30,0
Jun 11 2025,10:05:12 PM EDT,140,1
Jun 11 2025,10:08:14 PM EDT,140,1
Jun 11 2025,10:56:10 PM EDT,26,0
Jun 11 2025,11:01:20 PM EDT,94,1
Jun 11 2025,11:15:53 PM EDT,71,1
Jun 12 2025,3:12:44 AM EDT,140,1
Jun 12 2025,3:34:25 AM EDT,140,1
Jun 12 2025,3:56:51 AM EDT,61,0
Jun 12 2025,4:06:28 AM EDT,140,1
Jun 12 2025,4:08:51 AM EDT,137,1
Jun 12 2025,4:10:24 AM EDT,27,0
Jun 12 2025,4:19:13 AM EDT,85,1
Jun 12 2025,4:26:07 AM EDT,78,1
Jun 12 2025,4:29:16 AM EDT,139,1
Jun 12 2025,4:31:23 AM EDT,140,1
Jun 12 2025,4:33:38 AM EDT,140,1
Jun 12 2025,4:41:15 AM EDT,81,1
Jun 12 2025,10:00:53 AM EDT,140,1
Jun 12 2025,10:05:40 AM EDT,107,1
Jun 12 2025,10:06:02 AM EDT,95,1
Jun 12 2025,10:11:49 AM EDT,91,1
Jun 12 2025,10:22:08 AM EDT,140,1
Jun 12 2025,10:52:20 AM EDT,241,0
Jun 12 2025,10:57:55 AM EDT,140,1
Jun 12 2025,11:00:24 AM EDT,187,0
Jun 12 2025,11:00:40 AM EDT,138,1
Jun 12 2025,11:01:42 AM EDT,41,0
Jun 12 2025,11:07:08 AM EDT,135,1
Jun 12 2025,11:10:42 AM EDT,139,1
Jun 12 2025,11:16:13 AM EDT,33,0
Jun 12 2025,1:39:59 PM EDT,33,0
Jun 12 2025,2:10:18 PM EDT,140,1
Jun 12 2025,2:12:05 PM EDT,51,0
Jun 12 2025,5:36:58 PM EDT,26,0
Jun 12 2025,5:41:24 PM EDT,23,0
Jun 12 2025,5:45:16 PM EDT,42,1
Jun 12 2025,5:50:53 PM EDT,109,1
Jun 12 2025,5:52:35 PM EDT,124,1
Jun 12 2025,10:30:18 PM EDT,140,1
Jun 12 2025,11:11:20 PM EDT,140,1
Jun 12 2025,11:12:03 PM EDT,115,1
Jun 12 2025,11:58:43 PM EDT,75,0
Jun 13 2025,12:45:13 AM EDT,81,1
Jun 13 2025,12:46:44 AM EDT,140,1
Jun 13 2025,1:43:37 AM EDT,55,0
Jun 13 2025,1:44:40 AM EDT,123,1
Jun 13 2025,1:57:11 AM EDT,255,0
Jun 13 2025,2:02:36 AM EDT,44,0
Jun 13 2025,2:07:38 AM EDT,53,0
Jun 13 2025,2:15:44 AM EDT,140,1
Jun 13 2025,2:22:15 AM EDT,38,0
Jun 13 2025,2:28:46 AM EDT,45,1
Jun 13 2025,2:29:12 AM EDT,139,1
Jun 13 2025,2:56:04 AM EDT,140,1
Jun 13 2025,2:59:07 AM EDT,23,0
Jun 13 2025,1:09:55 PM EDT,140,1
Jun 13 2025,1:15:20 PM EDT,27,0
Jun 13 2025,1:27:47 PM EDT,39,0
Jun 13 2025,2:06:25 PM EDT,55,0
Jun 13 2025,2:15:10 PM EDT,92,1
Jun 13 2025,2:51:59 PM EDT,140,1
Jun 13 2025,2:52:46 PM EDT,59,0
Jun 13 2025,6:50:53 PM EDT,67,1
Jun 13 2025,6:51:25 PM EDT,115,1
Jun 13 2025,7:00:47 PM EDT,130,1
Jun 13 2025,7:02:39 PM EDT,145,1
Jun 13 2025,10:26:49 PM EDT,36,1
Jun 13 2025,11:27:38 PM EDT,116,1
Jun 14 2025,2:32:49 AM EDT,139,1
Jun 14 2025,4:26:23 AM EDT,140,1
Jun 14 2025,4:30:51 AM EDT,136,0
Jun 14 2025,4:47:37 AM EDT,62,0
Jun 14 2025,5:02:12 AM EDT,139,1
Jun 14 2025,5:13:18 AM EDT,144,1
Jun 14 2025,5:30:06 AM EDT,140,1
Jun 14 2025,5:31:13 AM EDT,28,0
Jun 14 2025,5:46:00 AM EDT,38,1
Jun 14 2025,1:48:12 PM EDT,51,0
Jun 14 2025,2:09:14 PM EDT,55,0
Jun 14 2025,2:11:52 PM EDT,59,0
Jun 14 2025,6:57:59 PM EDT,87,1
Jun 14 2025,6:58:28 PM EDT,139,1
Jun 15 2025,12:09:59 AM EDT,25,0
Jun 15 2025,12:15:49 AM EDT,57,1
Jun 15 2025,12:24:36 AM EDT,66,0
Jun 15 2025,12:35:04 AM EDT,87,0
Jun 15 2025,12:41:10 AM EDT,39,0
Jun 15 2025,12:42:58 AM EDT,140,1
Jun 15 2025,12:50:49 AM EDT,28,0
Jun 15 2025,12:55:46 AM EDT,139,1
Jun 15 2025,1:02:34 AM EDT,130,1
Jun 15 2025,1:13:08 AM EDT,49,0
Jun 15 2025,1:39:28 AM EDT,131,1
Jun 15 2025,2:35:55 AM EDT,128,1
Jun 15 2025,2:49:21 AM EDT,139,1
Jun 15 2025,2:50:29 AM EDT,140,1
Jun 15 2025,12:44:10 PM EDT,140,1
Jun 15 2025,12:48:27 PM EDT,140,1
Jun 15 2025,12:49:26 PM EDT,41,0
Jun 15 2025,12:49:38 PM EDT,140,1
Jun 15 2025,12:50:15 PM EDT,140,1
Jun 15 2025,12:54:05 PM EDT,140,1
Jun 15 2025,1:01:48 PM EDT,139,1
Jun 15 2025,1:29:57 PM EDT,139,1
Jun 16 2025,12:03:35 AM EDT,60,0
Jun 16 2025,12:30:20 AM EDT,99,1
Jun 16 2025,12:31:14 AM EDT,52,0
Jun 16 2025,1:25:50 AM EDT,140,1
Jun 16 2025,1:46:53 AM EDT,25,0
Jun 16 2025,1:54:12 AM EDT,29,0
Jun 16 2025,2:03:41 AM EDT,25,0
Jun 16 2025,3:24:53 AM EDT,50,0
Jun 16 2025,3:29:32 AM EDT,140,1
Jun 16 2025,3:47:04 AM EDT,140,1
Jun 16 2025,3:47:36 AM EDT,140,1
Jun 16 2025,3:48:48 AM EDT,102,1
Jun 16 2025,3:54:11 AM EDT,140,1
Jun 16 2025,3:59:14 AM EDT,140,1
Jun 16 2025,4:05:03 AM EDT,68,1
Jun 16 2025,10:31:08 AM EDT,94,0
Jun 16 2025,10:38:20 AM EDT,139,1
Jun 16 2025,10:57:57 AM EDT,96,1
Jun 16 2025,11:14:26 AM EDT,178,0
Jun 16 2025,11:15:13 AM EDT,12,0
Jun 16 2025,11:17:33 AM EDT,62,0
Jun 16 2025,11:23:18 AM EDT,139,1
Jun 16 2025,11:25:59 AM EDT,135,1
Jun 16 2025,12:01:42 PM EDT,140,1
Jun 16 2025,12:04:28 PM EDT,140,1
Jun 16 2025,3:24:48 PM EDT,140,1
Jun 16 2025,3:35:32 PM EDT,140,1
Jun 16 2025,7:27:12 PM EDT,140,1
Jun 16 2025,8:59:09 PM EDT,94,0
Jun 16 2025,11:42:40 PM EDT,106,1
Jun 17 2025,1:23:02 AM EDT,140,1
Jun 17 2025,1:26:47 AM EDT,140,1
Jun 17 2025,1:30:27 AM EDT,140,1
Jun 17 2025,1:32:11 AM EDT,109,1
Jun 17 2025,1:37:29 AM EDT,80,1
Jun 17 2025,1:38:17 AM EDT,27,0
Jun 17 2025,1:41:19 AM EDT,113,1
Jun 17 2025,1:42:03 AM EDT,43,1
Jun 17 2025,3:32:49 AM EDT,139,1
Jun 17 2025,3:44:55 AM EDT,27,0
Jun 17 2025,3:45:12 AM EDT,140,1
Jun 17 2025,3:45:27 AM EDT,140,1
Jun 17 2025,3:53:03 AM EDT,139,1
Jun 17 2025,3:58:55 AM EDT,94,1
Jun 17 2025,3:59:01 AM EDT,104,1
Jun 17 2025,4:21:10 AM EDT,100,1
Jun 17 2025,10:14:02 AM EDT,140,1
Jun 17 2025,10:14:50 AM EDT,139,1
Jun 17 2025,10:34:01 AM EDT,140,1
Jun 17 2025,10:44:50 AM EDT,49,0
Jun 17 2025,10:50:03 AM EDT,171,0
Jun 17 2025,11:00:13 AM EDT,127,1
Jun 17 2025,11:07:07 AM EDT,140,1
Jun 17 2025,9:43:22 PM EDT,63,0
Jun 17 2025,11:12:10 PM EDT,139,1
Jun 17 2025,11:19:14 PM EDT,30,0
Jun 18 2025,12:33:23 AM EDT,140,1
Jun 18 2025,12:36:33 AM EDT,140,1
Jun 18 2025,12:37:15 AM EDT,39,0
Jun 18 2025,2:19:43 AM EDT,140,1
Jun 18 2025,3:41:27 AM EDT,77,1
Jun 18 2025,3:45:10 AM EDT,25,0
Jun 18 2025,4:39:39 AM EDT,87,0
Jun 18 2025,11:26:50 AM EDT,140,1
Jun 18 2025,11:41:51 AM EDT,144,1
Jun 18 2025,11:46:48 AM EDT,44,0
Jun 18 2025,11:49:50 AM EDT,50,1
Jun 18 2025,5:39:53 PM EDT,164,0
Jun 19 2025,5:59:29 AM EDT,14,0
Jun 19 2025,7:35:17 AM EDT,23,0
Jun 19 2025,7:45:44 AM EDT,140,1
Jun 19 2025,7:46:53 AM EDT,102,1
Jun 19 2025,7:47:25 AM EDT,139,1
Jun 19 2025,7:50:54 AM EDT,133,1
Jun 19 2025,7:51:05 AM EDT,55,1
Jun 19 2025,12:15:22 PM EDT,35,0
Jun 19 2025,5:01:06 PM EDT,140,1
Jun 19 2025,5:01:16 PM EDT,114,1
Jun 19 2025,5:36:49 PM EDT,46,0
Jun 19 2025,5:47:15 PM EDT,136,1
Jun 19 2025,6:02:20 PM EDT,25,0
Jun 19 2025,10:16:26 PM EDT,121,1
Jun 19 2025,10:25:39 PM EDT,140,1
Jun 19 2025,10:42:14 PM EDT,120,1
Jun 20 2025,3:30:35 AM EDT,140,1
Jun 20 2025,3:35:53 AM EDT,140,1
Jun 20 2025,3:40:10 AM EDT,139,1
Jun 20 2025,3:40:20 AM EDT,137,1
Jun 20 2025,3:44:46 AM EDT,140,1
Jun 20 2025,3:47:42 AM EDT,107,1
Jun 20 2025,6:03:36 AM EDT,140,1
Jun 20 2025,6:22:51 AM EDT,140,1
Jun 20 2025,6:27:15 AM EDT,40,1
Jun 20 2025,6:29:08 AM EDT,134,0
Jun 20 2025,6:30:56 AM EDT,65,0
Jun 20 2025,6:52:55 AM EDT,140,1
Jun 20 2025,6:55:34 AM EDT,139,1
Jun 20 2025,12:01:14 PM EDT,140,1
Jun 20 2025,12:42:31 PM EDT,101,0
Jun 20 2025,12:46:26 PM EDT,137,1
Jun 20 2025,12:56:26 PM EDT,103,1
Jun 20 2025,5:45:35 PM EDT,25,0
Jun 20 2025,9:38:00 PM EDT,139,1
Jun 21 2025,4:02:47 AM EDT,255,0
Jun 21 2025,4:25:57 AM EDT,140,1
Jun 21 2025,4:52:02 AM EDT,63,0
Jun 21 2025,4:54:06 AM EDT,59,1
Jun 21 2025,2:38:34 PM EDT,153,0
Jun 21 2025,2:39:32 PM EDT,57,0
Jun 21 2025,3:44:52 PM EDT,55,0
Jun 21 2025,3:48:36 PM EDT,23,0
Jun 21 2025,3:52:16 PM EDT,48,0
Jun 21 2025,6:13:53 PM EDT,139,1
Jun 21 2025,7:47:26 PM EDT,140,1
Jun 21 2025,11:58:54 PM EDT,139,1
Jun 21 2025,11:59:03 PM EDT,140,1
Jun 22 2025,1:51:55 AM EDT,103,1
Jun 22 2025,12:45:38 PM EDT,90,1
Jun 22 2025,1:09:51 PM EDT,140,1
Jun 22 2025,1:12:28 PM EDT,101,0
Jun 22 2025,1:19:54 PM EDT,58,0
Jun 22 2025,1:21:25 PM EDT,140,1
Jun 22 2025,2:05:53 PM EDT,79,1
Jun 22 2025,3:46:23 PM EDT,37,1
Jun 22 2025,3:47:07 PM EDT,116,1
Jun 22 2025,3:49:05 PM EDT,57,1
Jun 22 2025,3:50:26 PM EDT,86,1
Jun 22 2025,3:50:33 PM EDT,71,1
Jun 22 2025,3:51:22 PM EDT,44,0
Jun 22 2025,3:51:38 PM EDT,41,1
Jun 22 2025,3:52:19 PM EDT,107,1
Jun 22 2025,3:57:20 PM EDT,220,0
Jun 22 2025,4:15:52 PM EDT,68,1
Jun 22 2025,4:22:30 PM EDT,144,0
Jun 22 2025,4:32:41 PM EDT,38,0
Jun 22 2025,4:33:25 PM EDT,139,1
Jun 22 2025,4:59:29 PM EDT,92,1
Jun 22 2025,5:02:51 PM EDT,108,1
Jun 22 2025,5:09:00 PM EDT,106,1
Jun 22 2025,5:09:10 PM EDT,88,1
Jun 22 2025,5:10:31 PM EDT,35,0
Jun 22 2025,5:21:08 PM EDT,70,1
Jun 22 2025,5:22:29 PM EDT,140,1
Jun 22 2025,7:17:09 PM EDT,140,1
Jun 22 2025,7:19:23 PM EDT,140,1
Jun 22 2025,7:20:22 PM EDT,140,1
Jun 22 2025,7:21:30 PM EDT,79,1
Jun 22 2025,7:23:02 PM EDT,67,1
Jun 22 2025,10:47:01 PM EDT,34,0
Jun 22 2025,10:49:07 PM EDT,109,1
Jun 22 2025,10:50:30 PM EDT,139,1
Jun 22 2025,10:52:16 PM EDT,140,1
Jun 22 2025,10:52:51 PM EDT,139,1
Jun 22 2025,10:53:40 PM EDT,139,1
Jun 22 2025,10:54:07 PM EDT,140,1
Jun 22 2025,11:51:57 PM EDT,140,1
Jun 23 2025,1:05:28 AM EDT,140,1
Jun 23 2025,2:51:19 AM EDT,140,1
Jun 23 2025,9:42:25 AM EDT,54,1
Jun 23 2025,9:42:53 AM EDT,27,0
Jun 23 2025,9:51:15 AM EDT,140,1
Jun 23 2025,9:52:20 AM EDT,140,1
Jun 23 2025,9:53:38 AM EDT,38,1
Jun 23 2025,10:07:47 AM EDT,140,1
Jun 23 2025,10:07:58 AM EDT,99,1
Jun 23 2025,1:06:19 PM EDT,42,1
Jun 23 2025,1:06:33 PM EDT,134,1
Jun 23 2025,1:19:00 PM EDT,25,0
Jun 23 2025,1:25:00 PM EDT,140,1
Jun 23 2025,1:25:12 PM EDT,98,1
Jun 23 2025,1:27:40 PM EDT,140,1
Jun 23 2025,1:29:42 PM EDT,140,1
Jun 23 2025,1:32:55 PM EDT,140,1
Jun 23 2025,1:34:25 PM EDT,23,0
Jun 23 2025,1:41:53 PM EDT,140,1
Jun 23 2025,1:47:32 PM EDT,25,0
Jun 23 2025,9:58:28 PM EDT,114,1
Jun 24 2025,2:44:35 AM EDT,140,1
Jun 24 2025,3:03:16 AM EDT,113,1
Jun 24 2025,3:03:57 AM EDT,140,1
Jun 24 2025,3:04:16 AM EDT,28,0
Jun 24 2025,3:10:42 AM EDT,27,0
Jun 24 2025,3:11:16 AM EDT,140,1
Jun 24 2025,1:55:27 PM EDT,140,1
Jun 24 2025,1:56:43 PM EDT,139,1
Jun 24 2025,2:05:20 PM EDT,85,1
Jun 24 2025,3:56:18 PM EDT,139,1
Jun 24 2025,9:11:23 PM EDT,107,1
Jun 25 2025,1:55:54 AM EDT,140,1
Jun 25 2025,2:05:00 AM EDT,140,1
Jun 25 2025,2:06:14 AM EDT,140,1
Jun 25 2025,2:09:10 AM EDT,139,1
Jun 25 2025,2:15:37 AM EDT,144,1
Jun 25 2025,2:32:40 AM EDT,139,1
Jun 25 2025,2:34:04 AM EDT,25,0
Jun 25 2025,2:39:26 AM EDT,92,1
Jun 25 2025,3:06:26 AM EDT,140,1
Jun 25 2025,3:24:39 AM EDT,67,0
Jun 25 2025,3:25:33 AM EDT,139,1
Jun 25 2025,3:28:48 AM EDT,98,0
Jun 25 2025,3:35:10 AM EDT,23,0
Jun 25 2025,4:07:06 AM EDT,27,0
Jun 25 2025,4:22:27 AM EDT,90,1
Jun 25 2025,6:48:32 AM EDT,140,1
Jun 25 2025,7:51:54 AM EDT,139,1
Jun 25 2025,2:48:49 PM EDT,139,1
Jun 25 2025,11:59:39 PM EDT,25,0
Jun 26 2025,12:03:23 AM EDT,140,1
Jun 26 2025,12:07:16 AM EDT,28,0
Jun 26 2025,2:55:02 AM EDT,23,0
Jun 26 2025,4:29:41 AM EDT,106,1
Jun 26 2025,4:32:00 AM EDT,102,1
Jun 26 2025,4:32:54 AM EDT,57,1
Jun 26 2025,4:43:34 AM EDT,87,0
Jun 26 2025,5:04:57 AM EDT,140,1
Jun 26 2025,5:15:54 AM EDT,25,0
Jun 26 2025,5:34:01 AM EDT,43,1
Jun 26 2025,5:36:05 AM EDT,79,0
Jun 26 2025,6:36:51 AM EDT,54,1
Jun 26 2025,6:37:10 AM EDT,103,1
Jun 26 2025,7:01:11 AM EDT,140,1
Jun 26 2025,10:26:26 AM EDT,60,0
Jun 26 2025,10:58:16 AM EDT,140,1
Jun 26 2025,11:13:19 AM EDT,136,0
Jun 26 2025,11:19:19 AM EDT,140,1
Jun 26 2025,11:34:06 AM EDT,139,1
Jun 26 2025,3:53:45 PM EDT,34,1
Jun 26 2025,4:40:02 PM EDT,26,0
Jun 26 2025,6:28:27 PM EDT,44,0
Jun 26 2025,6:40:57 PM EDT,79,1
Jun 26 2025,7:01:57 PM EDT,42,0
Jun 26 2025,8:00:55 PM EDT,33,0
Jun 26 2025,9:15:09 PM EDT,234,0
Jun 27 2025,6:58:47 AM EDT,43,0
Jun 27 2025,7:34:37 AM EDT,171,0
Jun 27 2025,7:38:03 AM EDT,140,1
Jun 27 2025,7:49:42 AM EDT,140,1
Jun 27 2025,2:50:10 PM EDT,55,0
Jun 27 2025,3:05:03 PM EDT,140,1
Jun 27 2025,3:29:16 PM EDT,241,0
Jun 27 2025,3:36:30 PM EDT,254,0
Jun 27 2025,4:33:19 PM EDT,86,1
Jun 27 2025,5:08:49 PM EDT,87,1
Jun 27 2025,5:10:59 PM EDT,68,0
Jun 27 2025,5:11:32 PM EDT,134,1
Jun 27 2025,6:43:01 PM EDT,140,1
Jun 27 2025,6:43:59 PM EDT,116,1
Jun 27 2025,8:49:44 PM EDT,80,0
Jun 27 2025,10:48:37 PM EDT,140,1
Jun 27 2025,10:57:33 PM EDT,63,0
Jun 27 2025,10:59:33 PM EDT,140,1
Jun 27 2025,11:03:23 PM EDT,139,1
Jun 28 2025,2:08:52 AM EDT,32,0
Jun 28 2025,9:22:28 AM EDT,139,1
Jun 28 2025,10:06:50 AM EDT,140,1
Jun 28 2025,10:10:59 AM EDT,140,1
Jun 28 2025,10:11:36 AM EDT,140,1
Jun 28 2025,3:36:22 PM EDT,114,1
Jun 28 2025,3:55:08 PM EDT,140,1
Jun 28 2025,4:01:00 PM EDT,255,0
Jun 28 2025,4:01:50 PM EDT,43,0
Jun 28 2025,4:33:50 PM EDT,183,0
Jun 28 2025,4:44:13 PM EDT,140,1
Jun 28 2025,4:51:37 PM EDT,197,0
Jun 28 2025,4:54:47 PM EDT,226,0
Jun 28 2025,5:04:24 PM EDT,41,0
Jun 28 2025,5:05:58 PM EDT,72,0
Jun 28 2025,5:12:29 PM EDT,95,0
Jun 28 2025,5:40:00 PM EDT,140,1
Jun 28 2025,5:46:52 PM EDT,140,1
Jun 28 2025,5:51:10 PM EDT,140,1
Jun 28 2025,6:05:10 PM EDT,54,0
Jun 28 2025,6:09:37 PM EDT,144,1
Jun 29 2025,1:42:33 PM EDT,56,1
Jun 29 2025,2:27:13 PM EDT,167,0
Jun 29 2025,2:30:05 PM EDT,164,0
Jun 29 2025,3:02:00 PM EDT,140,1
Jun 29 2025,3:19:34 PM EDT,31,0
Jun 29 2025,3:20:45 PM EDT,94,1
Jun 29 2025,3:24:43 PM EDT,121,0
Jun 29 2025,3:58:44 PM EDT,133,1
Jun 29 2025,4:04:18 PM EDT,40,0
Jun 29 2025,4:04:54 PM EDT,89,1
Jun 29 2025,10:19:56 PM EDT,78,1
Jun 29 2025,11:33:46 PM EDT,130,1
Jun 30 2025,2:21:25 AM EDT,139,1
Jun 30 2025,2:35:55 AM EDT,111,1
Jun 30 2025,2:36:48 AM EDT,140,1
Jun 30 2025,3:15:51 AM EDT,140,1
Jun 30 2025,3:22:29 AM EDT,133,1
Jun 30 2025,3:43:07 AM EDT,140,1
Jun 30 2025,3:49:42 AM EDT,140,1
Jun 30 2025,3:58:01 AM EDT,34,0
Jun 30 2025,4:01:51 AM EDT,44,1
Jun 30 2025,4:03:03 AM EDT,140,1
Jun 30 2025,4:19:23 AM EDT,122,1
Jun 30 2025,10:59:59 AM EDT,37,1
Jun 30 2025,11:00:46 AM EDT,44,1
Jun 30 2025,11:43:20 AM EDT,58,0
Jun 30 2025,12:13:45 PM EDT,139,1
Jun 30 2025,12:19:47 PM EDT,140,1
Jun 30 2025,12:46:57 PM EDT,37,0
Jun 30 2025,1:10:31 PM EDT,140,1
Jun 30 2025,1:10:57 PM EDT,140,1
Jun 30 2025,1:25:30 PM EDT,44,1
Jun 30 2025,3:08:19 PM EDT,249,0
Jun 30 2025,3:36:00 PM EDT,160,0
Jun 30 2025,4:02:32 PM EDT,255,0
Jun 30 2025,5:59:30 PM EDT,34,1
Jun 30 2025,6:02:46 PM EDT,196,0
Jun 30 2025,6:23:08 PM EDT,140,1
Jun 30 2025,6:27:33 PM EDT,140,1
Jun 30 2025,6:44:57 PM EDT,140,1
Jun 30 2025,6:50:22 PM EDT,140,1
Jun 30 2025,6:58:43 PM EDT,97,0
Jun 30 2025,6:59:19 PM EDT,140,1
Jun 30 2025,7:06:20 PM EDT,113,1
Jun 30 2025,7:06:40 PM EDT,25,0
Jun 30 2025,7:07:45 PM EDT,25,0
Jun 30 2025,7:09:22 PM EDT,114,1
Jun 30 2025,7:17:32 PM EDT,99,1
Jun 30 2025,7:18:34 PM EDT,34,0
Jun 30 2025,7:22:44 PM EDT,140,1
Jun 30 2025,7:25:01 PM EDT,44,1
Jun 30 2025,7:47:52 PM EDT,140,1
Jun 30 2025,9:03:56 PM EDT,139,1
Jun 30 2025,9:26:02 PM EDT,28,0
Jun 30 2025,9:41:38 PM EDT,213,0
Jun 30 2025,10:35:27 PM EDT,13,0
Jul 1 2025,12:11:57 AM EDT,76,1
Jul 1 2025,12:14:55 AM EDT,69,0
Jul 1 2025,12:15:22 AM EDT,27,0
Jul 1 2025,12:17:44 AM EDT,24,1
Jul 1 2025,12:31:30 AM EDT,140,1
Jul 1 2025,12:41:02 AM EDT,81,1
Jul 1 2025,12:49:19 AM EDT,25,0
Jul 1 2025,12:52:25 AM EDT,156,0
Jul 1 2025,1:04:07 AM EDT,77,0
Jul 1 2025,1:06:19 AM EDT,57,0
Jul 1 2025,1:19:29 AM EDT,109,1
Jul 1 2025,1:32:45 AM EDT,26,0
Jul 1 2025,1:37:59 AM EDT,53,1
Jul 1 2025,1:40:30 AM EDT,34,0
Jul 1 2025,1:43:06 AM EDT,1,0
Jul 1 2025,1:54:16 AM EDT,25,0
Jul 1 2025,6:34:55 AM EDT,139,1
Jul 1 2025,6:44:46 AM EDT,140,1
Jul 1 2025,6:48:22 AM EDT,25,0
Jul 1 2025,6:58:49 AM EDT,139,1
Jul 1 2025,7:02:44 AM EDT,25,0
Jul 1 2025,7:13:45 AM EDT,140,1
Jul 1 2025,8:10:31 AM EDT,86,1
Jul 1 2025,8:15:48 AM EDT,28,0
Jul 1 2025,8:19:56 AM EDT,140,1
Jul 1 2025,8:20:52 AM EDT,92,1
Jul 1 2025,8:32:06 AM EDT,140,1
Jul 1 2025,8:41:30 AM EDT,130,1
Jul 1 2025,8:45:34 AM EDT,39,0
Jul 1 2025,9:31:19 AM EDT,255,0
Jul 1 2025,9:39:22 AM EDT,140,1
Jul 1 2025,3:13:33 PM EDT,140,1
Jul 1 2025,3:14:03 PM EDT,140,1
Jul 1 2025,3:15:50 PM EDT,139,1
Jul 1 2025,3:58:17 PM EDT,140,1
Jul 1 2025,8:18:09 PM EDT,83,1
Jul 2 2025,12:17:32 AM EDT,113,1
Jul 2 2025,12:18:28 AM EDT,44,1
Jul 2 2025,1:02:42 AM EDT,38,0
Jul 2 2025,1:06:05 AM EDT,140,1
Jul 2 2025,1:24:01 AM EDT,140,0
Jul 2 2025,1:24:51 AM EDT,89,1
Jul 2 2025,1:29:33 AM EDT,140,1
Jul 2 2025,1:49:50 AM EDT,63,0
Jul 2 2025,10:54:53 AM EDT,70,0
Jul 2 2025,1:19:45 PM EDT,140,1
Jul 2 2025,1:22:14 PM EDT,54,0
Jul 2 2025,1:25:41 PM EDT,150,0
Jul 3 2025,5:51:08 AM EDT,23,0
Jul 3 2025,6:01:24 AM EDT,27,0
Jul 3 2025,6:02:25 AM EDT,44,1
Jul 3 2025,6:02:46 AM EDT,43,1
Jul 3 2025,6:07:20 AM EDT,140,1
Jul 3 2025,6:07:49 AM EDT,35,0
Jul 3 2025,6:12:10 AM EDT,135,1
Jul 3 2025,6:15:39 AM EDT,118,0
Jul 3 2025,6:25:01 AM EDT,139,1
Jul 3 2025,6:27:51 AM EDT,111,1
Jul 3 2025,6:31:42 AM EDT,140,1
Jul 3 2025,6:47:41 AM EDT,138,1
Jul 3 2025,7:14:31 AM EDT,139,1
Jul 3 2025,7:15:22 AM EDT,140,1
Jul 3 2025,7:19:24 AM EDT,140,1
Jul 3 2025,7:22:53 AM EDT,98,0
Jul 3 2025,3:53:10 PM EDT,58,0
Jul 3 2025,3:54:00 PM EDT,140,1
Jul 3 2025,10:10:59 PM EDT,140,1
Jul 4 2025,5:23:08 AM EDT,98,0
Jul 4 2025,6:07:10 AM EDT,34,0
Jul 4 2025,8:25:15 AM EDT,44,1
Jul 4 2025,8:57:12 AM EDT,158,0
Jul 4 2025,9:10:13 AM EDT,33,0
Jul 4 2025,9:13:59 AM EDT,28,0
Jul 4 2025,9:22:28 AM EDT,255,0
Jul 4 2025,9:24:58 AM EDT,140,1
Jul 4 2025,9:26:33 AM EDT,25,0
Jul 4 2025,1:54:06 PM EDT,54,0
Jul 4 2025,2:25:49 PM EDT,27,0
Jul 4 2025,2:41:01 PM EDT,120,1
Jul 4 2025,2:52:44 PM EDT,140,1
Jul 4 2025,2:52:53 PM EDT,40,1
Jul 4 2025,2:53:01 PM EDT,44,1
Jul 4 2025,2:55:55 PM EDT,109,1
Jul 5 2025,12:11:28 AM EDT,58,1
Jul 5 2025,3:46:28 AM EDT,97,1
Jul 5 2025,3:46:48 PM EDT,255,0
Jul 5 2025,3:54:09 PM EDT,51,0
Jul 5 2025,3:54:40 PM EDT,27,0
Jul 5 2025,3:56:31 PM EDT,140,1
Jul 5 2025,4:23:13 PM EDT,140,1
Jul 5 2025,5:23:20 PM EDT,217,0
Jul 5 2025,5:34:19 PM EDT,140,1
Jul 5 2025,5:48:56 PM EDT,33,0
Jul 5 2025,5:51:09 PM EDT,23,0
Jul 5 2025,5:52:08 PM EDT,140,1
Jul 6 2025,2:55:00 PM EDT,59,0
Jul 6 2025,2:57:40 AM EDT,25,0
Jul 6 2025,3:20:55 AM EDT,30,0
Jul 6 2025,3:53:33 AM EDT,138,1
Jul 6 2025,3:59:06 AM EDT,140,1
Jul 6 2025,4:07:01 AM EDT,140,1
Jul 6 2025,4:23:35 AM EDT,140,1
Jul 6 2025,4:23:56 AM EDT,118,1
Jul 6 2025,4:24:41 AM EDT,140,1
Jul 6 2025,4:25:34 AM EDT,139,1
Jul 6 2025,4:27:24 AM EDT,59,1
Jul 6 2025,4:37:44 AM EDT,25,0
Jul 6 2025,4:39:38 AM EDT,36,1
Jul 6 2025,4:40:11 AM EDT,135,1
Jul 6 2025,4:46:00 AM EDT,140,1
Jul 6 2025,4:57:42 AM EDT,36,0
Jul 6 2025,4:59:05 AM EDT,140,1
Jul 6 2025,5:12:58 AM EDT,140,1
Jul 6 2025,5:15:26 AM EDT,25,0
Jul 6 2025,5:20:40 AM EDT,119,0
Jul 6 2025,5:27:24 AM EDT,140,1
Jul 6 2025,5:30:00 AM EDT,152,1
Jul 6 2025,5:44:08 AM EDT,140,1
Jul 6 2025,5:46:53 AM EDT,75,0
Jul 6 2025,7:18:49 AM EDT,37,0
Jul 6 2025,7:19:21 AM EDT,140,1
Jul 6 2025,1:33:57 PM EDT,137,1
Jul 6 2025,6:25:50 PM EDT,144,1
Jul 6 2025,6:38:37 PM EDT,67,0
Jul 6 2025,6:51:44 PM EDT,140,1
Jul 6 2025,7:04:28 PM EDT,140,1
Jul 6 2025,7:15:12 PM EDT,57,0
Jul 6 2025,7:21:15 PM EDT,139,1
Jul 6 2025,7:27:58 PM EDT,140,1
Jul 6 2025,7:29:49 PM EDT,93,0
Jul 6 2025,7:31:24 PM EDT,138,1
Jul 6 2025,7:45:44 PM EDT,57,0
Jul 6 2025,7:47:14 PM EDT,43,0
Jul 6 2025,7:47:44 PM EDT,68,0
Jul 6 2025,7:52:28 PM EDT,140,1
Jul 6 2025,7:56:26 PM EDT,140,1
Jul 6 2025,9:12:59 PM EDT,31,0
Jul 7 2025,2:11:50 AM EDT,140,1
Jul 7 2025,3:12:58 AM EDT,25,0
Jul 7 2025,3:50:08 AM EDT,25,0
Jul 7 2025,3:55:01 AM EDT,140,1
Jul 7 2025,4:02:51 AM EDT,95,0
Jul 7 2025,4:41:09 AM EDT,54,0
Jul 7 2025,5:45:09 AM EDT,113,1
Jul 7 2025,6:55:46 AM EDT,69,1
Jul 7 2025,7:24:59 AM EDT,140,1
Jul 7 2025,7:25:42 AM EDT,140,1
Jul 7 2025,12:15:34 PM EDT,140,1
Jul 7 2025,12:40:15 PM EDT,118,1
Jul 7 2025,4:35:20 PM EDT,140,1
Jul 7 2025,4:48:03 PM EDT,62,0
Jul 7 2025,4:52:16 PM EDT,53,0
Jul 7 2025,8:59:25 PM EDT,62,1
Jul 7 2025,11:08:14 PM EDT,206,0
Jul 8 2025,2:41:08 AM EDT,122,1
Jul 8 2025,2:42:10 AM EDT,90,1
Jul 8 2025,2:43:28 AM EDT,129,1
Jul 8 2025,2:45:53 AM EDT,140,1
Jul 8 2025,3:00:38 AM EDT,103,1
Jul 8 2025,12:13:01 PM EDT,140,1
Jul 8 2025,1:18:32 PM EDT,140,1
Jul 8 2025,1:28:41 PM EDT,171,0
Jul 8 2025,2:00:55 PM EDT,138,1
Jul 8 2025,2:12:22 PM EDT,122,1
Jul 8 2025,2:13:02 PM EDT,90,1
Jul 8 2025,2:21:15 PM EDT,113,1
Jul 8 2025,2:33:56 PM EDT,88,0
Jul 8 2025,2:38:42 PM EDT,78,1
Jul 8 2025,3:07:19 PM EDT,140,1
Jul 8 2025,3:11:00 PM EDT,60,1
Jul 8 2025,4:11:39 PM EDT,61,1
Jul 8 2025,4:12:13 PM EDT,140,1
Jul 8 2025,4:31:02 PM EDT,140,1
Jul 8 2025,4:42:33 PM EDT,27,0
Jul 8 2025,11:07:51 PM EDT,133,1
Jul 9 2025,1:51:44 AM EDT,36,0
Jul 9 2025,2:30:36 AM EDT,81,1
Jul 9 2025,3:16:44 AM EDT,140,1
Jul 9 2025,11:36:14 AM EDT,140,1
Jul 9 2025,12:12:03 PM EDT,139,1
Jul 9 2025,12:12:19 PM EDT,140,1
Jul 9 2025,1:39:01 PM EDT,140,1
Jul 9 2025,7:24:05 PM EDT,110,1
Jul 10 2025,12:04:51 AM EDT,51,0
Jul 10 2025,1:20:13 AM EDT,198,0
Jul 10 2025,2:16:43 AM EDT,52,0
Jul 10 2025,2:25:58 AM EDT,140,1
Jul 10 2025,2:27:29 AM EDT,149,1
Jul 10 2025,2:28:06 AM EDT,140,1
Jul 10 2025,3:26:51 AM EDT,79,1
Jul 10 2025,3:32:39 AM EDT,65,0
Jul 10 2025,3:39:22 AM EDT,224,0
Jul 10 2025,3:41:01 AM EDT,48,0
Jul 10 2025,3:56:00 AM EDT,140,1
Jul 10 2025,4:07:01 AM EDT,139,1
Jul 10 2025,4:10:17 AM EDT,71,0
Jul 10 2025,4:13:57 AM EDT,36,0
Jul 10 2025,4:16:52 AM EDT,57,0
Jul 10 2025,4:20:58 AM EDT,140,1
Jul 10 2025,4:47:01 AM EDT,255,0
Jul 10 2025,5:14:24 AM EDT,25,0
Jul 10 2025,5:30:22 AM EDT,87,1
Jul 10 2025,5:33:53 AM EDT,140,1
Jul 10 2025,6:08:40 AM EDT,139,1
Jul 10 2025,6:40:08 AM EDT,140,1
Jul 10 2025,7:07:21 AM EDT,53,1
Jul 10 2025,7:08:00 AM EDT,92,1
Jul 10 2025,7:10:08 AM EDT,88,1
Jul 10 2025,1:46:15 PM EDT,140,1
Jul 10 2025,2:52:21 PM EDT,106,1
Jul 10 2025,2:54:53 PM EDT,140,1
Jul 10 2025,2:57:47 PM EDT,61,0
Jul 10 2025,3:35:01 PM EDT,86,0
Jul 10 2025,4:45:17 PM EDT,141,0
Jul 10 2025,6:47:00 PM EDT,28,0
Jul 10 2025,6:49:21 PM EDT,140,1
Jul 10 2025,8:01:18 PM EDT,140,1
Jul 10 2025,8:02:05 PM EDT,23,0
Jul 10 2025,8:03:00 PM EDT,140,1
Jul 10 2025,8:06:55 PM EDT,27,0
Jul 10 2025,8:23:10 PM EDT,140,1
Jul 10 2025,8:27:00 PM EDT,32,0
Jul 10 2025,9:25:36 PM EDT,140,1
Jul 10 2025,9:26:29 PM EDT,39,0
Jul 11 2025,1:18:24 AM EDT,140,1
Jul 11 2025,3:30:56 AM EDT,140,1
Jul 11 2025,4:24:54 AM EDT,53,0
Jul 11 2025,5:03:43 AM EDT,140,1
Jul 11 2025,5:08:42 AM EDT,118,1
Jul 11 2025,5:09:35 AM EDT,140,1
Jul 11 2025,5:15:26 AM EDT,40,1
Jul 11 2025,12:00:30 PM EDT,140,1
Jul 11 2025,12:09:25 PM EDT,139,1
Jul 11 2025,12:50:17 PM EDT,140,1
Jul 11 2025,1:07:04 PM EDT,140,1
Jul 11 2025,1:08:32 PM EDT,102,1
Jul 11 2025,1:08:58 PM EDT,28,0
Jul 11 2025,1:12:18 PM EDT,95,1
Jul 11 2025,1:13:33 PM EDT,140,1
Jul 11 2025,1:14:05 PM EDT,124,1
Jul 11 2025,1:15:31 PM EDT,84,1
Jul 11 2025,1:42:44 PM EDT,93,1
Jul 11 2025,4:37:21 PM EDT,25,0
Jul 11 2025,5:09:20 PM EDT,45,1
Jul 11 2025,5:18:11 PM EDT,140,1
Jul 11 2025,6:16:07 PM EDT,140,1
Jul 11 2025,6:16:45 PM EDT,31,0
Jul 11 2025,6:39:30 PM EDT,140,1
Jul 11 2025,8:13:16 PM EDT,75,0
Jul 12 2025,4:18:29 AM EDT,64,0
Jul 12 2025,4:30:03 AM EDT,140,1
Jul 12 2025,4:32:01 AM EDT,27,0
Jul 12 2025,4:34:19 AM EDT,144,1
Jul 12 2025,11:48:27 AM EDT,34,1
Jul 12 2025,12:23:43 PM EDT,43,0
Jul 13 2025,12:07:32 AM EDT,85,1
Jul 13 2025,1:10:36 AM EDT,95,1
Jul 13 2025,1:19:22 AM EDT,113,1
Jul 13 2025,1:45:15 AM EDT,86,1
Jul 13 2025,1:46:42 AM EDT,60,0
Jul 13 2025,1:49:16 AM EDT,140,1
Jul 13 2025,1:51:19 AM EDT,28,0
Jul 13 2025,2:01:34 AM EDT,118,1
Jul 13 2025,2:10:14 AM EDT,87,1
Jul 13 2025,2:16:52 AM EDT,65,0
Jul 13 2025,2:24:12 AM EDT,105,1
Jul 13 2025,2:25:19 AM EDT,70,1
Jul 13 2025,2:32:08 AM EDT,135,0
Jul 13 2025,2:56:42 AM EDT,140,1
Jul 13 2025,2:57:29 AM EDT,139,1
Jul 13 2025,2:59:59 AM EDT,82,0
Jul 13 2025,9:50:50 AM EDT,140,1
Jul 13 2025,9:57:40 AM EDT,85,1
Jul 13 2025,10:05:06 AM EDT,52,1
Jul 13 2025,12:10:12 PM EDT,140,1
Jul 13 2025,12:10:26 PM EDT,45,1
Jul 13 2025,3:08:16 PM EDT,79,1
Jul 13 2025,3:14:10 PM EDT,140,1
Jul 13 2025,5:22:02 PM EDT,66,0
Jul 13 2025,5:22:57 PM EDT,27,0
Jul 13 2025,5:28:25 PM EDT,114,1
Jul 13 2025,6:03:42 PM EDT,255,0
Jul 13 2025,6:16:22 PM EDT,139,1
Jul 13 2025,6:38:13 PM EDT,255,0
Jul 13 2025,7:10:58 PM EDT,140,1
Jul 13 2025,7:20:57 PM EDT,108,0
Jul 13 2025,10:30:02 PM EDT,80,0
Jul 14 2025,12:03:00 AM EDT,140,1
Jul 14 2025,1:15:38 AM EDT,61,0
Jul 14 2025,1:18:37 AM EDT,23,0
Jul 14 2025,1:25:41 AM EDT,111,1
Jul 14 2025,1:33:09 AM EDT,100,1
Jul 14 2025,1:42:59 AM EDT,69,1
Jul 14 2025,3:52:19 AM EDT,140,1
Jul 14 2025,3:54:34 AM EDT,140,1
Jul 14 2025,4:22:47 AM EDT,26,0
Jul 14 2025,4:23:18 AM EDT,84,1
Jul 14 2025,4:44:51 AM EDT,26,0
Jul 14 2025,4:52:19 AM EDT,140,1
Jul 14 2025,5:00:07 AM EDT,139,1
Jul 14 2025,5:13:47 AM EDT,159,0
Jul 14 2025,5:19:38 AM EDT,50,0
Jul 14 2025,6:08:05 AM EDT,140,1
Jul 14 2025,6:09:44 AM EDT,88,0
Jul 14 2025,6:27:49 AM EDT,87,0
Jul 14 2025,6:32:04 AM EDT,19,0
Jul 14 2025,6:32:35 AM EDT,140,1
Jul 14 2025,6:33:19 AM EDT,81,1
Jul 14 2025,6:35:31 AM EDT,23,0
Jul 14 2025,6:44:25 AM EDT,84,0
Jul 14 2025,6:47:38 AM EDT,39,0
Jul 14 2025,6:47:59 AM EDT,23,0
Jul 14 2025,6:49:21 AM EDT,115,1
Jul 14 2025,6:52:03 AM EDT,22,0
Jul 14 2025,6:56:44 AM EDT,34,1
Jul 14 2025,1:15:34 PM EDT,46,1
Jul 14 2025,1:24:16 PM EDT,140,1
Jul 14 2025,1:40:59 PM EDT,104,1
Jul 14 2025,1:41:18 PM EDT,136,1
Jul 14 2025,1:45:33 PM EDT,108,1
Jul 14 2025,1:46:54 PM EDT,93,0
Jul 14 2025,1:47:28 PM EDT,25,0
Jul 14 2025,1:59:01 PM EDT,155,0
Jul 14 2025,3:57:46 PM EDT,57,0
Jul 14 2025,4:15:44 PM EDT,140,1
Jul 14 2025,5:41:08 PM EDT,34,0
Jul 14 2025,9:22:36 PM EDT,140,1
Jul 14 2025,9:29:58 PM EDT,78,1
Jul 14 2025,11:11:05 PM EDT,62,1
Jul 14 2025,11:22:46 PM EDT,25,0
Jul 14 2025,11:41:55 PM EDT,140,1
Jul 14 2025,11:42:53 PM EDT,70,1
Jul 15 2025,1:54:44 AM EDT,27,0
Jul 15 2025,3:30:30 AM EDT,140,1
Jul 15 2025,4:37:56 AM EDT,74,1
Jul 15 2025,4:43:26 AM EDT,144,1
Jul 15 2025,4:47:12 AM EDT,81,1
Jul 15 2025,4:57:34 AM EDT,26,0
Jul 15 2025,5:16:39 AM EDT,85,1
Jul 15 2025,5:17:51 AM EDT,111,1
Jul 15 2025,5:20:40 AM EDT,29,0
Jul 15 2025,5:40:43 AM EDT,116,1
Jul 15 2025,5:40:54 AM EDT,112,1
Jul 15 2025,6:20:26 AM EDT,66,1
Jul 15 2025,6:21:33 AM EDT,126,1
Jul 15 2025,6:31:33 AM EDT,74,1
Jul 15 2025,6:42:49 AM EDT,71,1
Jul 15 2025,8:54:32 AM EDT,140,1
Jul 15 2025,1:26:09 PM EDT,140,1
Jul 15 2025,1:29:31 PM EDT,140,1
Jul 15 2025,1:29:49 PM EDT,140,1
Jul 15 2025,4:28:27 PM EDT,71,1
Jul 15 2025,4:29:04 PM EDT,45,0
Jul 16 2025,12:44:35 AM EDT,140,1
Jul 16 2025,12:46:48 AM EDT,140,1
Jul 16 2025,2:53:50 AM EDT,83,1
Jul 16 2025,2:55:34 AM EDT,140,1
Jul 16 2025,4:40:39 AM EDT,92,0
Jul 16 2025,4:56:44 AM EDT,23,0
Jul 16 2025,4:57:20 AM EDT,110,1
Jul 16 2025,5:02:33 AM EDT,69,0
Jul 16 2025,5:04:36 AM EDT,93,1
Jul 16 2025,5:04:54 AM EDT,139,1
Jul 16 2025,5:05:59 AM EDT,28,0
Jul 16 2025,5:22:33 AM EDT,105,1
Jul 16 2025,5:34:58 AM EDT,59,0
Jul 16 2025,5:50:59 AM EDT,85,1
Jul 16 2025,6:18:55 AM EDT,56,1
Jul 16 2025,6:37:55 AM EDT,107,0
Jul 16 2025,6:45:00 AM EDT,40,0
Jul 16 2025,6:49:41 AM EDT,140,1
Jul 16 2025,7:17:29 AM EDT,140,1
Jul 16 2025,8:33:44 AM EDT,30,0
Jul 16 2025,8:46:13 AM EDT,47,0
Jul 16 2025,9:07:18 AM EDT,28,0
Jul 16 2025,9:13:34 AM EDT,106,1
Jul 16 2025,9:14:33 AM EDT,56,0
Jul 16 2025,2:07:32 PM EDT,115,1
Jul 16 2025,2:25:56 PM EDT,140,1
Jul 16 2025,2:57:28 PM EDT,116,0
Jul 16 2025,3:06:54 PM EDT,140,1
Jul 16 2025,7:14:11 PM EDT,33,0
Jul 16 2025,7:18:23 PM EDT,62,1
Jul 16 2025,11:16:46 PM EDT,25,0
Jul 16 2025,11:31:44 PM EDT,85,1
Jul 16 2025,11:32:34 PM EDT,80,1
Jul 16 2025,11:48:25 PM EDT,34,0
Jul 16 2025,11:56:35 PM EDT,48,0
Jul 17 2025,12:17:08 AM EDT,140,1
Jul 17 2025,1:08:24 AM EDT,140,1
Jul 17 2025,1:29:36 AM EDT,96,1
Jul 17 2025,1:46:35 AM EDT,157,0
Jul 17 2025,3:01:46 AM EDT,140,1
Jul 17 2025,3:06:26 AM EDT,25,0
Jul 17 2025,3:09:01 AM EDT,41,0
Jul 17 2025,3:15:01 AM EDT,226,0
Jul 17 2025,3:26:27 AM EDT,25,0
Jul 17 2025,3:29:15 AM EDT,42,0
Jul 17 2025,3:32:37 AM EDT,140,1
Jul 17 2025,3:33:19 AM EDT,95,1
Jul 17 2025,3:57:25 AM EDT,63,1
Jul 17 2025,11:16:37 AM EDT,140,1
Jul 17 2025,11:24:43 AM EDT,140,1
Jul 17 2025,11:40:27 AM EDT,49,1
Jul 17 2025,5:25:05 PM EDT,140,1
Jul 17 2025,5:58:41 PM EDT,41,1
Jul 17 2025,6:03:06 PM EDT,77,0
Jul 17 2025,6:28:17 PM EDT,28,0
Jul 17 2025,6:31:46 PM EDT,61,0
Jul 17 2025,6:39:06 PM EDT,39,0
Jul 17 2025,6:41:02 PM EDT,41,1
Jul 17 2025,7:37:13 PM EDT,140,1
Jul 17 2025,7:39:30 PM EDT,82,0
Jul 17 2025,8:21:45 PM EDT,85,1
Jul 18 2025,12:16:19 AM EDT,139,1
Jul 18 2025,12:20:05 AM EDT,140,1
Jul 18 2025,12:22:44 AM EDT,30,0
Jul 18 2025,2:54:30 AM EDT,129,1
Jul 18 2025,7:24:12 AM EDT,49,0
Jul 18 2025,7:34:42 AM EDT,66,1
Jul 18 2025,7:50:05 AM EDT,64,0
Jul 18 2025,7:51:44 AM EDT,23,0
Jul 18 2025,8:05:41 AM EDT,105,0
Jul 18 2025,8:09:42 AM EDT,77,0
Jul 18 2025,8:26:40 AM EDT,36,1
Jul 18 2025,1:14:41 PM EDT,140,1
Jul 18 2025,1:26:04 PM EDT,140,1
Jul 18 2025,1:28:45 PM EDT,90,1
Jul 18 2025,1:33:34 PM EDT,104,0
Jul 18 2025,1:33:47 PM EDT,124,1
Jul 18 2025,1:38:13 PM EDT,140,1
Jul 18 2025,1:55:56 PM EDT,140,1
Jul 18 2025,1:58:25 PM EDT,139,1
Jul 18 2025,2:02:22 PM EDT,140,1
Jul 18 2025,2:07:40 PM EDT,39,0
Jul 18 2025,2:09:30 PM EDT,139,1
Jul 18 2025,2:10:22 PM EDT,135,1
Jul 18 2025,2:15:17 PM EDT,28,0
Jul 18 2025,5:13:16 PM EDT,102,1
Jul 18 2025,5:26:40 PM EDT,80,0
Jul 18 2025,5:28:27 PM EDT,38,0
Jul 18 2025,6:03:55 PM EDT,106,1
Jul 18 2025,6:04:33 PM EDT,66,1
Jul 18 2025,6:05:11 PM EDT,45,0
Jul 18 2025,6:07:25 PM EDT,140,1
Jul 18 2025,6:29:43 PM EDT,45,0
Jul 18 2025,6:43:43 PM EDT,140,1
Jul 18 2025,9:52:41 PM EDT,103,1
Jul 18 2025,9:58:08 PM EDT,80,1
Jul 19 2025,4:31:01 AM EDT,93,1
Jul 19 2025,3:41:50 PM EDT,132,1
Jul 19 2025,6:41:14 PM EDT,140,1
Jul 19 2025,6:43:18 PM EDT,140,1
Jul 19 2025,8:35:26 PM EDT,62,0
Jul 19 2025,8:37:49 PM EDT,140,1
Jul 19 2025,8:40:44 PM EDT,58,0
Jul 19 2025,8:42:17 PM EDT,78,1
Jul 19 2025,8:46:55 PM EDT,89,0
Jul 19 2025,8:47:20 PM EDT,140,1
Jul 19 2025,8:47:41 PM EDT,23,0
Jul 19 2025,9:12:53 PM EDT,46,0
Jul 19 2025,9:20:36 PM EDT,110,0
Jul 19 2025,9:32:25 PM EDT,140,1
Jul 19 2025,9:45:23 PM EDT,92,1
Jul 19 2025,9:45:53 PM EDT,27,0
Jul 19 2025,10:12:55 PM EDT,140,1
Jul 19 2025,10:26:01 PM EDT,36,0
Jul 19 2025,10:27:33 PM EDT,28,0
Jul 19 2025,10:32:01 PM EDT,51,0
Jul 19 2025,10:33:50 PM EDT,88,1
Jul 19 2025,10:44:09 PM EDT,69,1
Jul 19 2025,10:46:36 PM EDT,76,0
Jul 20 2025,12:59:49 AM EDT,140,1
Jul 20 2025,1:12:13 AM EDT,138,1
Jul 20 2025,3:24:59 AM EDT,23,0
Jul 20 2025,3:35:56 AM EDT,103,0
Jul 20 2025,3:39:47 AM EDT,23,0
Jul 20 2025,3:46:09 AM EDT,107,0
Jul 20 2025,12:16:47 PM EDT,78,1
Jul 20 2025,12:17:02 PM EDT,140,1
Jul 20 2025,12:17:47 PM EDT,140,1
Jul 20 2025,12:47:51 PM EDT,25,0
Jul 20 2025,1:00:21 PM EDT,140,1
Jul 20 2025,1:54:48 PM EDT,51,0
Jul 20 2025,2:30:23 PM EDT,114,1
Jul 20 2025,3:22:17 PM EDT,41,0
Jul 20 2025,5:59:16 PM EDT,160,0
Jul 20 2025,6:08:07 PM EDT,161,0
Jul 20 2025,6:09:21 PM EDT,36,1
Jul 20 2025,8:14:52 PM EDT,75,1
Jul 20 2025,10:32:20 PM EDT,140,1
Jul 21 2025,1:21:05 AM EDT,33,0
Jul 21 2025,2:19:46 AM EDT,23,0
Jul 21 2025,2:20:28 AM EDT,89,1
Jul 21 2025,2:20:58 AM EDT,140,1
Jul 21 2025,2:22:14 AM EDT,23,0
Jul 21 2025,2:46:44 AM EDT,110,1
Jul 21 2025,2:48:34 AM EDT,140,1
Jul 21 2025,3:00:41 AM EDT,65,1
Jul 21 2025,3:02:30 AM EDT,74,1
Jul 21 2025,3:08:28 AM EDT,255,0
Jul 21 2025,3:18:21 AM EDT,90,1
Jul 21 2025,3:20:46 AM EDT,66,1
Jul 21 2025,3:25:05 AM EDT,101,1
Jul 21 2025,3:27:58 AM EDT,140,1
Jul 21 2025,3:46:55 AM EDT,140,1
Jul 21 2025,3:48:45 AM EDT,81,1
Jul 21 2025,11:28:40 AM EDT,139,1
Jul 21 2025,12:06:33 PM EDT,140,1
Jul 21 2025,12:50:08 PM EDT,75,0
Jul 21 2025,12:59:47 PM EDT,138,0
Jul 21 2025,1:18:12 PM EDT,143,1
Jul 21 2025,1:22:42 PM EDT,234,0
Jul 21 2025,1:23:28 PM EDT,47,0
Jul 21 2025,2:13:52 PM EDT,60,0
Jul 21 2025,3:22:59 PM EDT,140,1
Jul 21 2025,3:43:43 PM EDT,48,1
Jul 21 2025,6:48:33 PM EDT,140,1
Jul 21 2025,6:49:28 PM EDT,139,1
Jul 21 2025,7:36:32 PM EDT,126,0
Jul 21 2025,10:51:20 PM EDT,144,1
Jul 21 2025,10:54:36 PM EDT,140,1
Jul 21 2025,10:56:58 PM EDT,101,1
Jul 21 2025,10:57:16 PM EDT,90,1
Jul 21 2025,11:15:10 PM EDT,53,0
Jul 22 2025,5:26:23 AM EDT,140,1
Jul 22 2025,5:33:47 AM EDT,61,0
Jul 22 2025,5:36:35 AM EDT,64,0
Jul 22 2025,5:44:38 AM EDT,81,1
Jul 22 2025,5:46:32 AM EDT,98,1
Jul 22 2025,5:47:55 AM EDT,45,1
Jul 22 2025,5:52:24 AM EDT,23,0
Jul 22 2025,6:13:42 AM EDT,107,1
Jul 22 2025,6:14:12 AM EDT,96,1
Jul 22 2025,6:15:12 AM EDT,108,1
Jul 22 2025,6:27:08 AM EDT,140,1
Jul 22 2025,12:01:28 PM EDT,57,0
Jul 22 2025,12:03:10 PM EDT,138,1
Jul 22 2025,12:05:36 PM EDT,121,1
Jul 22 2025,12:54:32 PM EDT,255,0
Jul 22 2025,1:04:01 PM EDT,123,0
Jul 22 2025,1:13:06 PM EDT,212,0
Jul 22 2025,1:18:47 PM EDT,25,0
Jul 22 2025,1:27:28 PM EDT,140,1
Jul 22 2025,1:28:40 PM EDT,102,1
Jul 22 2025,1:34:23 PM EDT,140,1
Jul 22 2025,1:49:38 PM EDT,70,0
Jul 22 2025,2:00:31 PM EDT,17,0
Jul 22 2025,2:06:31 PM EDT,140,1
Jul 22 2025,3:41:35 PM EDT,40,1
Jul 22 2025,3:44:18 PM EDT,28,0
Jul 22 2025,9:00:38 PM EDT,44,1
Jul 22 2025,9:01:50 PM EDT,111,1
Jul 22 2025,9:02:42 PM EDT,26,0
Jul 22 2025,9:05:43 PM EDT,25,0
Jul 22 2025,9:13:34 PM EDT,83,1
Jul 23 2025,1:27:57 AM EDT,125,1
Jul 23 2025,1:34:01 AM EDT,130,1
Jul 23 2025,1:34:34 AM EDT,140,1
Jul 23 2025,1:35:42 AM EDT,113,1
Jul 23 2025,2:19:49 AM EDT,44,1
Jul 23 2025,2:35:25 AM EDT,118,1
Jul 23 2025,2:36:07 AM EDT,144,1
Jul 23 2025,11:08:18 AM EDT,112,1
Jul 23 2025,11:15:11 AM EDT,140,1
Jul 23 2025,11:20:19 AM EDT,139,1
Jul 23 2025,11:21:17 AM EDT,51,0
Jul 23 2025,11:27:09 AM EDT,73,0
Jul 23 2025,11:28:30 AM EDT,68,0
Jul 23 2025,11:29:22 AM EDT,44,0
Jul 23 2025,11:30:13 AM EDT,105,1
Jul 23 2025,12:09:14 PM EDT,90,1
Jul 23 2025,12:10:01 PM EDT,98,1
Jul 23 2025,12:55:30 PM EDT,120,0
Jul 23 2025,1:26:31 PM EDT,143,1
Jul 23 2025,2:33:17 PM EDT,108,1
Jul 23 2025,2:36:47 PM EDT,23,0
Jul 23 2025,2:37:33 PM EDT,27,0
Jul 23 2025,2:42:10 PM EDT,121,0
Jul 23 2025,2:56:39 PM EDT,140,1
Jul 23 2025,2:59:40 PM EDT,68,1
Jul 23 2025,3:03:18 PM EDT,139,1
Jul 23 2025,4:20:37 PM EDT,139,1
Jul 23 2025,7:03:19 PM EDT,89,0
Jul 23 2025,7:23:40 PM EDT,35,0
Jul 23 2025,8:04:45 PM EDT,140,1
Jul 23 2025,8:05:08 PM EDT,40,0
Jul 23 2025,9:14:55 PM EDT,84,0
Jul 23 2025,10:56:20 PM EDT,140,1
Jul 24 2025,6:28:07 AM EDT,23,0
Jul 24 2025,8:14:10 AM EDT,140,1
Jul 24 2025,8:24:05 AM EDT,40,0
Jul 24 2025,10:37:38 AM EDT,123,1
Jul 24 2025,12:57:25 PM EDT,107,1
Jul 24 2025,1:10:54 PM EDT,224,0
Jul 24 2025,1:17:47 PM EDT,64,0
Jul 24 2025,1:37:42 PM EDT,140,1
Jul 24 2025,1:39:53 PM EDT,140,1
Jul 24 2025,4:30:22 PM EDT,148,0
Jul 24 2025,7:15:09 PM EDT,140,1
Jul 24 2025,8:04:49 PM EDT,130,1
Jul 24 2025,8:23:30 PM EDT,140,1
Jul 24 2025,8:23:44 PM EDT,139,1
Jul 24 2025,8:31:25 PM EDT,59,1
Jul 24 2025,8:32:03 PM EDT,54,1
Jul 24 2025,9:00:16 PM EDT,144,0
Jul 24 2025,9:01:28 PM EDT,140,1
Jul 24 2025,9:15:32 PM EDT,100,0
Jul 24 2025,9:42:30 PM EDT,140,1
Jul 24 2025,9:44:47 PM EDT,90,1
Jul 24 2025,10:14:43 PM EDT,140,1
Jul 24 2025,10:17:31 PM EDT,186,0
Jul 24 2025,10:33:17 PM EDT,23,0
Jul 24 2025,10:33:56 PM EDT,63,1
Jul 24 2025,10:35:11 PM EDT,113,0
Jul 24 2025,10:44:01 PM EDT,90,1
Jul 25 2025,5:28:48 AM EDT,28,0
Jul 25 2025,5:38:19 AM EDT,106,0
Jul 25 2025,5:38:38 AM EDT,67,1
Jul 25 2025,5:52:20 AM EDT,140,1
Jul 25 2025,5:54:02 AM EDT,59,1
Jul 25 2025,5:54:17 AM EDT,30,0
Jul 25 2025,1:57:03 PM EDT,120,1
Jul 26 2025,2:20:16 AM EDT,170,0
Jul 26 2025,2:22:14 AM EDT,68,0
Jul 26 2025,4:58:09 AM EDT,25,0
Jul 26 2025,5:39:08 AM EDT,138,1
Jul 26 2025,6:08:57 AM EDT,92,1
Jul 26 2025,6:16:15 AM EDT,99,1
Jul 26 2025,6:23:02 AM EDT,140,1
Jul 26 2025,6:25:36 AM EDT,104,1
Jul 26 2025,6:26:54 AM EDT,140,1
Jul 26 2025,6:27:14 AM EDT,44,0
Jul 26 2025,6:40:39 AM EDT,65,0
Jul 26 2025,6:55:59 AM EDT,140,1
Jul 26 2025,7:15:53 AM EDT,140,1
Jul 26 2025,7:17:38 AM EDT,143,0
Jul 26 2025,7:19:50 AM EDT,140,1
Jul 26 2025,12:14:57 PM EDT,139,1
Jul 26 2025,12:29:45 PM EDT,140,1
Jul 26 2025,12:43:26 PM EDT,139,1
Jul 26 2025,3:36:12 PM EDT,82,1
Jul 26 2025,3:39:52 PM EDT,118,1
Jul 26 2025,9:31:15 PM EDT,135,1
Jul 26 2025,9:49:30 PM EDT,54,0
Jul 27 2025,4:53:33 AM EDT,93,1
Jul 27 2025,4:54:46 AM EDT,139,1
Jul 27 2025,5:09:53 AM EDT,92,1
Jul 27 2025,5:13:41 AM EDT,126,1
Jul 27 2025,5:20:59 AM EDT,79,1
Jul 27 2025,12:51:52 PM EDT,138,1
Jul 27 2025,4:56:25 PM EDT,139,1
Jul 27 2025,5:13:39 PM EDT,140,1
Jul 27 2025,5:14:54 PM EDT,128,1
Jul 27 2025,5:18:42 PM EDT,106,1
Jul 27 2025,5:19:50 PM EDT,117,0
Jul 27 2025,5:21:33 PM EDT,85,1
Jul 27 2025,5:22:09 PM EDT,140,1
Jul 27 2025,5:28:12 PM EDT,41,0
Jul 27 2025,5:28:37 PM EDT,140,1
Jul 27 2025,5:29:56 PM EDT,140,1
Jul 27 2025,5:56:02 PM EDT,78,0
Jul 27 2025,6:08:07 PM EDT,23,0
Jul 27 2025,6:11:26 PM EDT,139,1
Jul 27 2025,6:21:32 PM EDT,23,0
Jul 27 2025,6:22:13 PM EDT,255,0
Jul 27 2025,6:28:03 PM EDT,42,0
Jul 27 2025,6:43:00 PM EDT,139,1
Jul 27 2025,6:53:24 PM EDT,140,1
Jul 27 2025,10:30:40 PM EDT,139,1
Jul 27 2025,11:28:43 PM EDT,255,0
Jul 27 2025,11:30:16 PM EDT,164,0
Jul 27 2025,11:36:54 PM EDT,237,0
Jul 27 2025,11:38:26 PM EDT,140,1
Jul 28 2025,12:10:03 AM EDT,53,1
Jul 28 2025,1:37:24 AM EDT,140,1
Jul 28 2025,1:39:46 AM EDT,140,1
Jul 28 2025,2:08:53 AM EDT,64,0
Jul 28 2025,10:33:05 AM EDT,25,0
Jul 28 2025,12:19:57 PM EDT,140,1
Jul 28 2025,1:44:22 PM EDT,117,0
Jul 28 2025,2:20:29 PM EDT,255,0
Jul 28 2025,2:21:32 PM EDT,32,0
Jul 28 2025,2:29:28 PM EDT,27,0
Jul 28 2025,3:11:18 PM EDT,55,0
Jul 28 2025,3:22:43 PM EDT,148,1
Jul 28 2025,3:22:52 PM EDT,90,1
Jul 28 2025,5:01:08 PM EDT,140,1
Jul 28 2025,5:04:02 PM EDT,58,0
Jul 28 2025,5:07:02 PM EDT,91,0
Jul 28 2025,5:20:40 PM EDT,59,0
Jul 28 2025,5:55:55 PM EDT,72,1
Jul 28 2025,7:05:51 PM EDT,33,0
Jul 28 2025,7:06:49 PM EDT,135,1
Jul 28 2025,7:09:24 PM EDT,55,0
Jul 28 2025,8:08:08 PM EDT,140,1
Jul 28 2025,8:10:17 PM EDT,48,1
Jul 28 2025,8:48:46 PM EDT,81,0
Jul 28 2025,11:25:10 PM EDT,133,1
Jul 28 2025,11:26:36 PM EDT,140,1
Jul 29 2025,4:50:27 AM EDT,140,1
Jul 29 2025,4:54:00 AM EDT,140,1
Jul 29 2025,5:15:20 AM EDT,132,1
Jul 29 2025,5:19:24 AM EDT,139,1
Jul 29 2025,5:19:48 AM EDT,140,1
Jul 29 2025,10:38:57 AM EDT,140,1
Jul 29 2025,10:57:01 AM EDT,44,1
Jul 29 2025,1:50:25 PM EDT,140,1
Jul 29 2025,1:56:26 PM EDT,255,0
Jul 29 2025,1:58:51 PM EDT,239,0
Jul 29 2025,2:14:59 PM EDT,140,1
Jul 29 2025,3:27:04 PM EDT,126,1
Jul 30 2025,3:13:12 AM EDT,94,1
Jul 30 2025,3:23:52 AM EDT,56,1
Jul 30 2025,7:51:21 AM EDT,60,0
Jul 30 2025,7:52:01 AM EDT,92,1
Jul 30 2025,7:58:47 AM EDT,140,1
Jul 30 2025,7:59:15 AM EDT,140,1
Jul 30 2025,8:00:28 AM EDT,140,1
Jul 30 2025,8:09:28 AM EDT,139,1
Jul 30 2025,8:12:02 AM EDT,25,0
Jul 30 2025,8:16:36 AM EDT,140,1
Jul 30 2025,8:18:31 AM EDT,139,1
Jul 30 2025,8:31:27 AM EDT,122,1
Jul 30 2025,12:05:10 PM EDT,140,1
Jul 30 2025,12:05:39 PM EDT,73,1
Jul 30 2025,12:06:19 PM EDT,139,1
Jul 30 2025,12:14:59 PM EDT,51,0
Jul 30 2025,12:20:46 PM EDT,80,1
Jul 30 2025,12:23:40 PM EDT,149,0
Jul 30 2025,12:24:10 PM EDT,140,1
Jul 30 2025,12:31:43 PM EDT,140,1
Jul 30 2025,12:34:40 PM EDT,69,0
Jul 30 2025,12:53:32 PM EDT,29,0
Jul 30 2025,12:56:07 PM EDT,82,1
Jul 30 2025,1:04:17 PM EDT,73,1
Jul 30 2025,1:09:17 PM EDT,65,1
Jul 30 2025,1:11:04 PM EDT,111,0
Jul 30 2025,1:13:07 PM EDT,36,1
Jul 30 2025,1:14:38 PM EDT,93,1
Jul 30 2025,1:17:26 PM EDT,36,1
Jul 30 2025,1:18:39 PM EDT,116,1
Jul 30 2025,1:41:11 PM EDT,53,1
Jul 30 2025,1:45:33 PM EDT,38,0
Jul 30 2025,1:47:11 PM EDT,116,0
Jul 30 2025,1:49:47 PM EDT,109,0
Jul 30 2025,1:53:38 PM EDT,66,0
Jul 30 2025,1:56:24 PM EDT,140,1
Jul 30 2025,1:58:51 PM EDT,23,0
Jul 30 2025,2:06:08 PM EDT,139,1
Jul 30 2025,2:07:49 PM EDT,23,0
Jul 30 2025,2:38:22 PM EDT,140,1
Jul 30 2025,2:39:00 PM EDT,88,1
Jul 30 2025,2:43:41 PM EDT,67,0
Jul 30 2025,2:44:32 PM EDT,139,1
Jul 30 2025,7:17:37 PM EDT,77,1
Jul 31 2025,3:48:50 AM EDT,140,1
Jul 31 2025,3:50:46 AM EDT,95,0
Jul 31 2025,4:13:21 AM EDT,66,1
Jul 31 2025,4:24:23 AM EDT,94,1
Jul 31 2025,4:31:48 AM EDT,64,1
Jul 31 2025,4:39:37 AM EDT,140,1
Jul 31 2025,11:56:04 AM EDT,124,1
Jul 31 2025,12:10:59 PM EDT,124,1
Jul 31 2025,5:04:06 PM EDT,75,0
Jul 31 2025,7:57:49 PM EDT,140,1
Jul 31 2025,8:16:11 PM EDT,26,0
Aug 1 2025,3:42:22 AM EDT,62,0
Aug 1 2025,3:49:46 AM EDT,60,0
Aug 1 2025,3:52:45 AM EDT,77,1
Aug 1 2025,4:02:46 AM EDT,105,1
Aug 1 2025,4:39:36 AM EDT,47,0
Aug 1 2025,4:39:55 AM EDT,94,1
Aug 1 2025,4:46:08 AM EDT,28,0
Aug 1 2025,4:50:51 AM EDT,140,1
Aug 1 2025,7:26:28 AM EDT,32,0
Aug 1 2025,7:27:14 AM EDT,139,1
Aug 1 2025,7:28:43 AM EDT,140,1
Aug 1 2025,7:33:45 AM EDT,140,1
Aug 1 2025,7:34:11 AM EDT,126,1
Aug 1 2025,12:05:33 PM EDT,140,1
Aug 1 2025,12:16:45 PM EDT,140,1
Aug 1 2025,12:17:05 PM EDT,25,0
Aug 1 2025,12:17:21 PM EDT,98,1
Aug 1 2025,12:23:13 PM EDT,101,1
Aug 1 2025,12:41:48 PM EDT,139,1
Aug 1 2025,12:50:23 PM EDT,140,1
Aug 1 2025,12:51:00 PM EDT,140,1
Aug 1 2025,2:23:18 PM EDT,99,1
Aug 1 2025,5:17:26 PM EDT,140,1
Aug 1 2025,5:17:37 PM EDT,120,1
Aug 1 2025,7:40:37 PM EDT,62,1
Aug 1 2025,8:44:59 PM EDT,127,0
Aug 1 2025,11:29:40 PM EDT,80,0
Aug 1 2025,11:35:23 PM EDT,106,1
Aug 1 2025,11:38:56 PM EDT,77,1
Aug 2 2025,1:24:14 AM EDT,68,1
Aug 2 2025,1:27:15 AM EDT,23,0
Aug 2 2025,1:29:10 AM EDT,59,1
Aug 2 2025,1:34:06 AM EDT,98,0
Aug 2 2025,1:35:32 AM EDT,69,0
Aug 2 2025,1:35:40 AM EDT,115,1
Aug 2 2025,1:36:29 AM EDT,26,0
Aug 2 2025,1:38:40 AM EDT,134,0
Aug 2 2025,3:04:09 AM EDT,140,1
Aug 2 2025,3:12:14 AM EDT,140,1
Aug 2 2025,4:31:19 AM EDT,58,0
Aug 2 2025,4:32:55 AM EDT,96,1
Aug 2 2025,4:33:39 AM EDT,99,1
Aug 2 2025,4:43:28 AM EDT,255,0
Aug 2 2025,4:50:40 AM EDT,140,1
Aug 2 2025,5:09:42 AM EDT,130,1
Aug 2 2025,5:15:38 AM EDT,37,0
Aug 2 2025,5:22:34 AM EDT,58,1
Aug 2 2025,5:25:06 AM EDT,140,1
Aug 2 2025,5:31:29 AM EDT,60,1
Aug 2 2025,6:41:06 AM EDT,221,0
Aug 2 2025,7:20:00 AM EDT,140,1
Aug 2 2025,1:18:59 PM EDT,25,0
Aug 2 2025,1:29:45 PM EDT,254,0
Aug 2 2025,1:32:15 PM EDT,177,0
Aug 2 2025,1:32:36 PM EDT,138,1
Aug 2 2025,1:36:23 PM EDT,67,0
Aug 2 2025,1:41:16 PM EDT,140,1
Aug 2 2025,2:41:42 PM EDT,26,0
Aug 2 2025,2:49:02 PM EDT,124,0
Aug 2 2025,2:53:30 PM EDT,40,0
Aug 2 2025,2:54:00 PM EDT,39,0
Aug 2 2025,2:54:23 PM EDT,51,1
Aug 2 2025,2:56:57 PM EDT,104,1
Aug 2 2025,4:06:12 PM EDT,140,1
Aug 2 2025,4:53:16 PM EDT,85,1
Aug 2 2025,7:28:55 PM EDT,140,1
Aug 2 2025,7:41:11 PM EDT,81,0
Aug 2 2025,7:41:53 PM EDT,69,0
Aug 2 2025,7:42:45 PM EDT,25,0
Aug 2 2025,7:56:57 PM EDT,64,0
Aug 2 2025,7:58:18 PM EDT,140,1
Aug 2 2025,8:03:48 PM EDT,118,1
Aug 2 2025,8:10:13 PM EDT,26,0
Aug 2 2025,8:15:25 PM EDT,139,1
Aug 2 2025,8:20:54 PM EDT,96,0
Aug 2 2025,8:24:47 PM EDT,95,1
Aug 2 2025,9:47:39 PM EDT,27,0
Aug 2 2025,10:58:25 PM EDT,116,0
Aug 2 2025,11:00:34 PM EDT,48,0
Aug 2 2025,11:02:38 PM EDT,75,1
Aug 2 2025,11:15:56 PM EDT,136,1
Aug 2 2025,11:19:56 PM EDT,25,0
Aug 3 2025,5:42:22 AM EDT,71,1
Aug 3 2025,5:58:06 AM EDT,23,0
Aug 3 2025,6:04:23 AM EDT,140,1
Aug 3 2025,6:07:42 AM EDT,112,1
Aug 3 2025,6:09:08 AM EDT,51,0
Aug 3 2025,6:36:26 AM EDT,111,0
Aug 3 2025,7:15:12 AM EDT,128,1
Aug 3 2025,7:34:01 AM EDT,140,1
Aug 3 2025,7:35:37 AM EDT,120,0
Aug 3 2025,7:41:16 AM EDT,140,1
Aug 3 2025,7:48:57 AM EDT,23,0
Aug 3 2025,7:50:05 AM EDT,139,1
Aug 3 2025,7:52:11 AM EDT,34,0
Aug 3 2025,8:06:28 AM EDT,2,0
Aug 3 2025,8:07:46 AM EDT,140,1
Aug 3 2025,11:44:21 AM EDT,99,1
Aug 3 2025,11:47:55 AM EDT,149,1
Aug 3 2025,11:48:14 AM EDT,140,1
Aug 3 2025,11:56:19 AM EDT,132,0
Aug 3 2025,12:03:53 PM EDT,194,0
Aug 3 2025,12:06:53 PM EDT,57,1
Aug 3 2025,12:11:13 PM EDT,140,1
Aug 3 2025,12:28:55 PM EDT,140,1
Aug 3 2025,12:34:46 PM EDT,77,0
Aug 3 2025,12:37:45 PM EDT,139,1
Aug 3 2025,12:37:51 PM EDT,139,1
Aug 3 2025,12:40:04 PM EDT,93,0
Aug 3 2025,12:40:21 PM EDT,140,1
Aug 3 2025,12:41:00 PM EDT,134,1
Aug 3 2025,12:43:03 PM EDT,130,0
Aug 3 2025,12:43:18 PM EDT,99,1
Aug 3 2025,12:59:03 PM EDT,140,1
Aug 3 2025,12:59:24 PM EDT,28,0
Aug 3 2025,12:59:45 PM EDT,140,1
Aug 3 2025,1:00:02 PM EDT,140,1
Aug 3 2025,1:03:11 PM EDT,66,0
Aug 3 2025,1:03:17 PM EDT,23,0
Aug 3 2025,1:03:38 PM EDT,108,1
Aug 3 2025,1:05:36 PM EDT,131,0
Aug 3 2025,1:08:55 PM EDT,26,0
Aug 3 2025,1:10:03 PM EDT,82,0
Aug 3 2025,1:12:58 PM EDT,32,0
Aug 3 2025,1:13:37 PM EDT,140,1
Aug 3 2025,1:13:59 PM EDT,140,1
Aug 3 2025,1:16:42 PM EDT,93,1
Aug 3 2025,1:19:16 PM EDT,110,0
Aug 3 2025,1:24:04 PM EDT,52,0
Aug 3 2025,1:26:36 PM EDT,101,0
Aug 3 2025,4:25:07 PM EDT,69,1
Aug 3 2025,4:28:59 PM EDT,163,0
Aug 3 2025,4:30:16 PM EDT,140,1
Aug 3 2025,4:35:15 PM EDT,50,1
Aug 3 2025,4:41:43 PM EDT,107,1
Aug 3 2025,6:13:29 PM EDT,172,0
Aug 3 2025,8:40:44 PM EDT,133,1
Aug 3 2025,9:15:19 PM EDT,42,0
Aug 3 2025,9:23:26 PM EDT,129,0
Aug 3 2025,9:26:36 PM EDT,77,1
Aug 3 2025,9:41:25 PM EDT,81,1
Aug 4 2025,2:06:04 AM EDT,42,0
Aug 4 2025,3:02:34 AM EDT,140,1
Aug 4 2025,3:35:59 AM EDT,28,0
Aug 4 2025,4:14:50 AM EDT,140,1
Aug 4 2025,7:52:22 AM EDT,71,1
Aug 4 2025,7:53:35 AM EDT,140,1
Aug 4 2025,7:54:13 AM EDT,139,1
Aug 4 2025,11:53:40 AM EDT,40,0
Aug 4 2025,11:59:39 AM EDT,28,0
Aug 4 2025,12:08:23 PM EDT,121,1
Aug 4 2025,12:08:53 PM EDT,90,1
Aug 4 2025,12:10:59 PM EDT,54,0
Aug 4 2025,12:16:46 PM EDT,140,1
Aug 4 2025,12:18:04 PM EDT,140,1
Aug 4 2025,12:19:49 PM EDT,130,1
Aug 4 2025,1:25:49 PM EDT,30,0
Aug 4 2025,1:27:31 PM EDT,39,0
Aug 4 2025,1:46:31 PM EDT,140,1
Aug 4 2025,3:04:29 PM EDT,140,1
Aug 4 2025,3:06:19 PM EDT,86,1
Aug 4 2025,3:09:08 PM EDT,103,1
Aug 4 2025,3:17:54 PM EDT,113,0
Aug 4 2025,3:19:53 PM EDT,62,0
Aug 4 2025,3:25:13 PM EDT,140,1
Aug 4 2025,3:34:02 PM EDT,140,1
Aug 4 2025,6:08:25 PM EDT,68,0
Aug 4 2025,7:10:46 PM EDT,71,1
Aug 4 2025,7:11:45 PM EDT,53,0
Aug 4 2025,7:12:15 PM EDT,140,1
Aug 4 2025,7:12:52 PM EDT,28,0
Aug 4 2025,7:25:55 PM EDT,81,0
Aug 4 2025,7:36:28 PM EDT,57,1
Aug 4 2025,7:42:53 PM EDT,97,1
Aug 4 2025,8:50:51 PM EDT,61,0
Aug 4 2025,8:53:49 PM EDT,82,1
Aug 4 2025,8:55:14 PM EDT,68,0
Aug 4 2025,9:02:21 PM EDT,108,0
Aug 4 2025,9:04:57 PM EDT,73,0
Aug 4 2025,9:09:01 PM EDT,69,0
Aug 4 2025,9:11:12 PM EDT,128,0
Aug 4 2025,9:43:07 PM EDT,112,1
Aug 4 2025,9:45:42 PM EDT,76,1
Aug 5 2025,12:13:02 AM EDT,96,0
Aug 5 2025,12:16:55 AM EDT,113,0
Aug 5 2025,2:21:53 AM EDT,156,0
Aug 5 2025,2:25:42 AM EDT,62,0
Aug 5 2025,2:39:21 AM EDT,23,0
Aug 5 2025,2:40:10 AM EDT,140,1
Aug 5 2025,2:47:37 AM EDT,140,1
Aug 5 2025,3:00:18 AM EDT,70,1
Aug 5 2025,3:01:20 AM EDT,37,0
Aug 5 2025,3:04:05 AM EDT,70,0
Aug 5 2025,3:09:30 AM EDT,67,1
Aug 5 2025,3:12:12 AM EDT,90,1
Aug 5 2025,3:31:15 AM EDT,35,0
Aug 5 2025,3:33:41 AM EDT,6,0
Aug 5 2025,3:41:35 AM EDT,134,0
Aug 5 2025,3:42:53 AM EDT,23,0
Aug 5 2025,3:44:55 AM EDT,112,0
Aug 5 2025,3:57:25 AM EDT,48,0
Aug 5 2025,3:58:07 AM EDT,139,1
Aug 5 2025,3:59:31 AM EDT,73,0
Aug 5 2025,4:06:30 AM EDT,87,1
Aug 5 2025,4:07:06 AM EDT,67,1
Aug 5 2025,4:08:06 AM EDT,32,0
Aug 5 2025,4:11:17 AM EDT,139,1
Aug 5 2025,4:14:14 AM EDT,23,0
Aug 5 2025,4:16:21 AM EDT,140,1
Aug 5 2025,4:20:15 AM EDT,25,0
Aug 5 2025,4:24:32 AM EDT,95,1
Aug 5 2025,4:25:22 AM EDT,106,1
Aug 5 2025,4:28:24 AM EDT,37,1
Aug 5 2025,4:44:38 AM EDT,99,1
Aug 5 2025,4:47:08 AM EDT,140,1
Aug 5 2025,4:49:56 AM EDT,36,1
Aug 5 2025,4:51:45 AM EDT,114,1
Aug 5 2025,4:55:49 AM EDT,139,1
Aug 5 2025,5:00:42 AM EDT,74,0
Aug 5 2025,5:04:12 AM EDT,32,1
Aug 5 2025,5:05:41 AM EDT,138,1
Aug 5 2025,10:26:42 AM EDT,119,1
Aug 5 2025,10:28:38 AM EDT,140,1
Aug 5 2025,10:29:21 AM EDT,140,1
Aug 5 2025,10:29:56 AM EDT,57,1
Aug 5 2025,10:36:30 AM EDT,140,1
Aug 5 2025,11:05:44 AM EDT,134,1
Aug 5 2025,11:05:55 AM EDT,72,1
Aug 5 2025,11:08:46 AM EDT,48,0
Aug 5 2025,11:24:54 AM EDT,139,0
Aug 5 2025,11:27:03 AM EDT,140,1
Aug 5 2025,11:33:21 AM EDT,108,1
Aug 5 2025,11:40:07 AM EDT,48,0
Aug 5 2025,11:48:03 AM EDT,174,0
Aug 5 2025,1:18:16 PM EDT,51,0
Aug 5 2025,1:18:42 PM EDT,117,1
Aug 5 2025,1:28:34 PM EDT,140,1
Aug 5 2025,1:35:10 PM EDT,25,0
Aug 5 2025,2:00:09 PM EDT,173,0
Aug 5 2025,2:02:07 PM EDT,140,1
Aug 5 2025,2:08:25 PM EDT,58,0
Aug 5 2025,2:12:10 PM EDT,86,1
Aug 5 2025,2:14:17 PM EDT,94,1
Aug 5 2025,3:32:11 PM EDT,88,0
Aug 5 2025,3:48:54 PM EDT,77,1
Aug 5 2025,3:50:31 PM EDT,33,0
Aug 5 2025,3:55:55 PM EDT,139,1
Aug 5 2025,4:00:50 PM EDT,40,0
Aug 5 2025,4:07:44 PM EDT,35,0
Aug 5 2025,4:09:07 PM EDT,28,0
Aug 5 2025,4:12:04 PM EDT,139,1
Aug 5 2025,4:16:49 PM EDT,28,0
Aug 5 2025,4:28:16 PM EDT,92,0
Aug 5 2025,4:29:32 PM EDT,93,0
Aug 5 2025,4:37:39 PM EDT,26,0
Aug 5 2025,4:39:08 PM EDT,140,1
Aug 5 2025,4:57:57 PM EDT,255,0
Aug 5 2025,8:38:44 PM EDT,28,0
Aug 5 2025,9:31:09 PM EDT,25,0
Aug 6 2025,12:49:58 AM EDT,115,1
Aug 6 2025,12:59:57 AM EDT,140,1
Aug 6 2025,2:27:48 AM EDT,144,1
Aug 6 2025,2:56:29 AM EDT,160,0
Aug 6 2025,3:09:02 AM EDT,141,1
Aug 6 2025,3:21:14 AM EDT,90,0
Aug 6 2025,3:22:52 AM EDT,139,1
Aug 6 2025,3:25:17 AM EDT,111,0
Aug 6 2025,3:45:14 AM EDT,68,1
Aug 6 2025,3:48:28 AM EDT,90,1
Aug 6 2025,3:55:16 AM EDT,47,0
Aug 6 2025,3:57:20 AM EDT,41,1
Aug 6 2025,4:02:25 AM EDT,174,0
Aug 6 2025,5:27:01 AM EDT,27,0
Aug 6 2025,5:40:22 AM EDT,75,1
Aug 6 2025,5:56:27 AM EDT,64,1
Aug 6 2025,5:57:41 AM EDT,68,0
Aug 6 2025,6:06:10 AM EDT,72,1
Aug 6 2025,6:07:35 AM EDT,78,1
Aug 6 2025,6:09:15 AM EDT,131,1
Aug 6 2025,10:59:21 AM EDT,112,1
Aug 6 2025,11:31:09 AM EDT,140,1
Aug 6 2025,5:25:21 PM EDT,75,0
Aug 6 2025,5:32:28 PM EDT,52,0
Aug 6 2025,6:43:50 PM EDT,144,1
Aug 6 2025,6:45:35 PM EDT,25,0
Aug 6 2025,6:46:12 PM EDT,25,0
Aug 6 2025,10:33:42 PM EDT,140,1
Aug 7 2025,12:41:35 AM EDT,78,1
Aug 7 2025,2:09:45 AM EDT,109,1
Aug 7 2025,2:18:02 AM EDT,55,1
Aug 7 2025,2:55:37 AM EDT,43,1
Aug 7 2025,3:11:00 AM EDT,99,1
Aug 7 2025,3:11:50 AM EDT,140,1
Aug 7 2025,3:18:02 AM EDT,57,0
Aug 7 2025,3:35:39 AM EDT,139,1
Aug 7 2025,3:43:31 AM EDT,39,0
Aug 7 2025,3:44:18 AM EDT,140,1
Aug 7 2025,3:47:44 AM EDT,23,0
Aug 7 2025,3:53:06 AM EDT,34,0
Aug 7 2025,3:55:30 AM EDT,116,0
Aug 7 2025,3:57:00 AM EDT,23,0
Aug 7 2025,3:58:35 AM EDT,80,0
Aug 7 2025,4:06:41 AM EDT,139,1
Aug 7 2025,4:14:01 AM EDT,65,0
Aug 7 2025,4:14:19 AM EDT,71,1
Aug 7 2025,4:15:32 AM EDT,23,0
Aug 7 2025,4:18:33 AM EDT,140,1
Aug 7 2025,4:22:10 AM EDT,140,1
Aug 7 2025,4:23:17 AM EDT,47,0
Aug 7 2025,8:06:09 AM EDT,29,0
Aug 7 2025,12:23:38 PM EDT,135,1
Aug 7 2025,12:25:16 PM EDT,140,1
Aug 7 2025,12:27:02 PM EDT,100,0
Aug 7 2025,12:27:34 PM EDT,140,1
Aug 7 2025,12:32:12 PM EDT,140,1
Aug 7 2025,12:42:19 PM EDT,71,1
Aug 7 2025,12:45:30 PM EDT,112,1
Aug 7 2025,12:45:53 PM EDT,75,1
Aug 7 2025,12:52:56 PM EDT,28,0
Aug 7 2025,12:57:39 PM EDT,140,1
Aug 7 2025,1:10:47 PM EDT,140,1
Aug 7 2025,1:11:10 PM EDT,103,1
Aug 7 2025,1:11:27 PM EDT,60,1
Aug 7 2025,1:16:48 PM EDT,36,1
Aug 7 2025,1:21:14 PM EDT,140,1
Aug 7 2025,1:24:05 PM EDT,56,1
Aug 7 2025,1:28:35 PM EDT,140,1
Aug 7 2025,1:30:30 PM EDT,73,1
Aug 7 2025,1:32:42 PM EDT,151,0
Aug 7 2025,1:37:01 PM EDT,76,1
Aug 7 2025,1:42:48 PM EDT,53,0
Aug 7 2025,1:43:04 PM EDT,140,1
Aug 7 2025,1:44:31 PM EDT,140,1
Aug 7 2025,1:47:54 PM EDT,140,1
Aug 7 2025,1:50:07 PM EDT,81,1
Aug 7 2025,1:50:50 PM EDT,66,1
Aug 7 2025,1:55:35 PM EDT,101,0
Aug 7 2025,1:58:10 PM EDT,140,1
Aug 7 2025,2:29:08 PM EDT,84,1
Aug 7 2025,2:38:46 PM EDT,140,1
Aug 7 2025,2:41:54 PM EDT,36,1
Aug 7 2025,2:43:03 PM EDT,78,1
Aug 7 2025,2:52:10 PM EDT,47,1
Aug 7 2025,2:53:29 PM EDT,115,1
Aug 7 2025,3:04:41 PM EDT,35,0
Aug 7 2025,3:12:23 PM EDT,98,1
Aug 7 2025,3:34:06 PM EDT,144,0
Aug 7 2025,3:35:19 PM EDT,107,0
Aug 7 2025,3:43:48 PM EDT,132,1
Aug 7 2025,3:44:38 PM EDT,136,1
Aug 7 2025,3:46:20 PM EDT,219,0
Aug 7 2025,4:04:50 PM EDT,140,1
Aug 7 2025,4:05:16 PM EDT,25,0
Aug 7 2025,4:08:44 PM EDT,94,1
Aug 7 2025,4:13:53 PM EDT,65,1
Aug 7 2025,4:37:33 PM EDT,34,0
Aug 7 2025,4:52:23 PM EDT,75,0
Aug 7 2025,4:57:46 PM EDT,70,0
Aug 7 2025,6:47:41 PM EDT,255,0
Aug 7 2025,6:49:23 PM EDT,82,0
Aug 7 2025,6:51:10 PM EDT,53,1
Aug 7 2025,8:22:32 PM EDT,110,1
Aug 7 2025,9:29:44 PM EDT,140,1
Aug 7 2025,9:37:09 PM EDT,140,1
Aug 7 2025,11:16:37 PM EDT,42,0
Aug 7 2025,11:21:21 PM EDT,139,1
Aug 8 2025,12:24:08 AM EDT,81,0
Aug 8 2025,3:43:14 AM EDT,140,1
Aug 8 2025,5:54:43 AM EDT,53,1
Aug 8 2025,6:24:54 AM EDT,140,1
Aug 8 2025,6:29:03 AM EDT,80,1
Aug 8 2025,6:52:34 AM EDT,85,0
Aug 8 2025,6:55:41 AM EDT,140,1
Aug 8 2025,7:19:57 AM EDT,140,1
Aug 8 2025,7:22:55 AM EDT,133,1
Aug 8 2025,7:31:30 AM EDT,61,0
Aug 8 2025,7:34:11 AM EDT,40,0
Aug 8 2025,7:47:22 AM EDT,85,1
Aug 8 2025,7:58:49 AM EDT,56,1
Aug 8 2025,8:00:46 AM EDT,75,1
Aug 8 2025,8:01:39 AM EDT,140,1
Aug 8 2025,12:42:49 PM EDT,46,1
Aug 8 2025,12:43:41 PM EDT,140,1
Aug 8 2025,12:50:44 PM EDT,72,0
Aug 8 2025,12:59:59 PM EDT,76,1
Aug 8 2025,1:07:39 PM EDT,25,0
Aug 8 2025,1:10:57 PM EDT,243,0
Aug 8 2025,1:12:50 PM EDT,113,1
Aug 8 2025,1:13:26 PM EDT,70,1
Aug 8 2025,1:15:34 PM EDT,62,1
Aug 8 2025,1:33:22 PM EDT,163,0
Aug 8 2025,1:34:09 PM EDT,140,1
Aug 8 2025,1:41:05 PM EDT,40,0
Aug 8 2025,1:42:43 PM EDT,70,0
Aug 8 2025,1:43:39 PM EDT,28,0
Aug 8 2025,1:43:48 PM EDT,69,1
Aug 8 2025,1:46:16 PM EDT,139,1
Aug 8 2025,1:47:17 PM EDT,111,1
Aug 8 2025,1:56:24 PM EDT,101,1
Aug 8 2025,2:04:30 PM EDT,86,0
Aug 8 2025,2:07:09 PM EDT,181,0
Aug 8 2025,2:15:26 PM EDT,93,1
Aug 8 2025,2:15:49 PM EDT,68,1
Aug 8 2025,2:19:45 PM EDT,140,1
Aug 8 2025,2:31:38 PM EDT,122,0
Aug 8 2025,5:33:41 PM EDT,62,0
Aug 8 2025,8:22:32 PM EDT,37,0
Aug 8 2025,8:22:47 PM EDT,35,1
Aug 8 2025,8:25:07 PM EDT,75,1
Aug 8 2025,8:32:07 PM EDT,65,0
Aug 8 2025,9:08:52 PM EDT,112,1
Aug 8 2025,9:09:59 PM EDT,97,0
Aug 8 2025,9:10:32 PM EDT,64,1
Aug 8 2025,9:12:49 PM EDT,46,1
Aug 8 2025,9:13:49 PM EDT,140,1
Aug 8 2025,10:03:50 PM EDT,64,1
Aug 8 2025,10:05:59 PM EDT,28,0
Aug 8 2025,10:09:20 PM EDT,103,1
Aug 8 2025,10:10:08 PM EDT,36,1
Aug 8 2025,10:43:23 PM EDT,132,1
Aug 8 2025,11:11:22 PM EDT,138,1
Aug 8 2025,11:13:19 PM EDT,58,1
Aug 8 2025,11:15:01 PM EDT,80,1
Aug 8 2025,11:15:15 PM EDT,96,1
Aug 8 2025,11:15:29 PM EDT,50,1
Aug 8 2025,11:16:10 PM EDT,139,1
Aug 8 2025,11:27:32 PM EDT,29,0
Aug 8 2025,11:34:04 PM EDT,23,0
Aug 8 2025,11:34:27 PM EDT,127,1
Aug 8 2025,11:35:13 PM EDT,140,1
Aug 8 2025,11:37:40 PM EDT,93,1
Aug 8 2025,11:48:49 PM EDT,81,1
Aug 9 2025,12:09:44 AM EDT,83,1
Aug 9 2025,12:35:32 AM EDT,94,1
Aug 9 2025,12:37:52 AM EDT,140,1
Aug 9 2025,12:41:09 AM EDT,70,1
Aug 9 2025,12:45:19 AM EDT,79,1
Aug 9 2025,12:53:07 AM EDT,102,1
Aug 9 2025,12:53:20 AM EDT,137,1
Aug 9 2025,1:37:01 AM EDT,140,1
Aug 9 2025,1:37:26 AM EDT,110,1
Aug 9 2025,1:38:12 AM EDT,96,1
Aug 9 2025,2:10:13 AM EDT,255,0
Aug 9 2025,2:10:57 AM EDT,53,1
Aug 9 2025,2:11:16 AM EDT,25,0
Aug 9 2025,2:11:44 AM EDT,140,1
Aug 9 2025,2:20:37 AM EDT,140,1
Aug 9 2025,4:21:32 AM EDT,23,0
Aug 9 2025,11:20:10 AM EDT,28,0
Aug 9 2025,11:20:54 AM EDT,140,1
Aug 9 2025,11:29:07 AM EDT,255,0
Aug 9 2025,11:36:49 AM EDT,255,0
Aug 9 2025,11:39:57 AM EDT,76,1
Aug 9 2025,11:40:09 AM EDT,48,1
Aug 9 2025,11:41:59 AM EDT,67,1
Aug 9 2025,11:42:24 AM EDT,140,1
Aug 9 2025,11:45:45 AM EDT,140,1
Aug 9 2025,11:46:43 AM EDT,28,0
Aug 9 2025,11:48:34 AM EDT,89,0
Aug 9 2025,11:52:40 AM EDT,96,1
Aug 9 2025,12:49:00 PM EDT,23,0
Aug 9 2025,6:19:32 PM EDT,105,1
Aug 9 2025,6:19:49 PM EDT,86,1
Aug 9 2025,6:21:39 PM EDT,78,1
Aug 9 2025,7:29:24 PM EDT,45,0
Aug 9 2025,7:53:34 PM EDT,186,0
Aug 9 2025,7:58:52 PM EDT,39,0
Aug 9 2025,9:57:01 PM EDT,106,1
Aug 9 2025,9:58:38 PM EDT,23,0
Aug 9 2025,9:59:49 PM EDT,110,1
Aug 9 2025,10:00:00 PM EDT,60,1
Aug 9 2025,10:00:44 PM EDT,79,1
Aug 10 2025,5:57:09 AM EDT,119,1
Aug 10 2025,5:57:16 AM EDT,78,1
Aug 10 2025,6:05:19 AM EDT,139,0
Aug 10 2025,6:12:09 AM EDT,45,0
Aug 10 2025,6:14:38 AM EDT,87,0
Aug 10 2025,6:17:29 AM EDT,139,1
Aug 10 2025,6:23:42 AM EDT,74,1
Aug 10 2025,6:27:17 AM EDT,58,1
Aug 10 2025,6:29:08 AM EDT,44,0
Aug 10 2025,6:34:57 AM EDT,140,1
Aug 10 2025,6:41:09 AM EDT,87,0
Aug 10 2025,6:41:19 AM EDT,110,1
Aug 10 2025,6:42:16 AM EDT,50,1
Aug 10 2025,7:03:38 AM EDT,99,1
Aug 10 2025,7:05:56 AM EDT,48,0
Aug 10 2025,7:08:41 AM EDT,122,0
Aug 10 2025,7:11:20 AM EDT,165,0
Aug 10 2025,7:15:38 AM EDT,30,0
Aug 10 2025,7:23:35 AM EDT,125,1
Aug 10 2025,7:26:06 AM EDT,68,1
Aug 10 2025,7:28:14 AM EDT,29,0
Aug 10 2025,7:32:37 AM EDT,139,1
Aug 10 2025,7:33:15 AM EDT,140,1
Aug 10 2025,7:34:13 AM EDT,140,1
Aug 10 2025,7:46:28 AM EDT,121,0
Aug 10 2025,7:47:12 AM EDT,89,1
Aug 10 2025,7:48:09 AM EDT,110,1
Aug 10 2025,7:53:31 AM EDT,157,0
Aug 10 2025,7:54:29 AM EDT,140,1
Aug 10 2025,7:56:36 AM EDT,140,1
Aug 10 2025,7:59:57 AM EDT,80,1
Aug 10 2025,11:30:16 AM EDT,140,1
Aug 10 2025,11:38:34 AM EDT,212,0
Aug 10 2025,11:49:50 AM EDT,101,1
Aug 10 2025,11:53:34 AM EDT,85,0
Aug 10 2025,11:55:21 AM EDT,25,0
Aug 10 2025,11:59:57 AM EDT,255,0
Aug 10 2025,12:02:37 PM EDT,63,0
Aug 10 2025,12:17:03 PM EDT,108,1
Aug 10 2025,12:19:12 PM EDT,139,1
Aug 10 2025,12:20:57 PM EDT,139,1
Aug 10 2025,12:21:24 PM EDT,101,1
Aug 10 2025,12:44:56 PM EDT,77,1
Aug 10 2025,12:47:26 PM EDT,139,1
Aug 10 2025,5:59:46 PM EDT,79,1
Aug 10 2025,6:08:12 PM EDT,140,1
Aug 10 2025,6:08:19 PM EDT,99,1
Aug 10 2025,6:10:47 PM EDT,70,0
Aug 10 2025,6:11:42 PM EDT,52,1
Aug 10 2025,6:15:04 PM EDT,47,0
Aug 10 2025,6:18:38 PM EDT,80,1
Aug 10 2025,6:19:51 PM EDT,25,0
Aug 10 2025,6:20:06 PM EDT,140,1
Aug 10 2025,6:20:26 PM EDT,43,1
Aug 10 2025,6:45:46 PM EDT,140,1
Aug 10 2025,6:46:58 PM EDT,140,1
Aug 10 2025,6:47:53 PM EDT,62,0
Aug 10 2025,8:23:49 PM EDT,27,0
Aug 10 2025,9:08:20 PM EDT,150,0
Aug 10 2025,9:09:54 PM EDT,140,1
Aug 10 2025,9:11:31 PM EDT,86,0
Aug 10 2025,9:11:45 PM EDT,140,1
Aug 10 2025,9:22:51 PM EDT,28,0
Aug 10 2025,9:34:00 PM EDT,34,0
Aug 10 2025,9:34:58 PM EDT,89,1
Aug 10 2025,10:16:25 PM EDT,54,0
Aug 10 2025,10:34:42 PM EDT,40,0
Aug 10 2025,11:18:00 PM EDT,28,0
Aug 10 2025,11:19:15 PM EDT,85,0
Aug 10 2025,11:24:00 PM EDT,96,1
Aug 11 2025,12:45:02 AM EDT,138,1
Aug 11 2025,12:52:37 AM EDT,140,1
Aug 11 2025,1:08:15 AM EDT,75,1
Aug 11 2025,1:11:02 AM EDT,23,0
Aug 11 2025,1:12:02 AM EDT,37,1
Aug 11 2025,2:03:03 AM EDT,92,1
Aug 11 2025,2:13:01 AM EDT,23,0
Aug 11 2025,2:14:51 AM EDT,140,1
Aug 11 2025,2:18:26 AM EDT,108,1
Aug 11 2025,2:27:24 AM EDT,34,0
Aug 11 2025,2:32:57 AM EDT,140,1
Aug 11 2025,2:38:11 AM EDT,27,0
Aug 11 2025,2:47:15 AM EDT,90,1
Aug 11 2025,2:52:21 AM EDT,76,1
Aug 11 2025,2:57:22 AM EDT,26,0
Aug 11 2025,2:57:54 AM EDT,140,1
Aug 11 2025,2:58:44 AM EDT,92,1
Aug 11 2025,3:01:06 AM EDT,90,1
Aug 11 2025,3:01:16 AM EDT,84,1
Aug 11 2025,3:03:37 AM EDT,140,1
Aug 11 2025,3:06:58 AM EDT,140,1
Aug 11 2025,3:12:20 AM EDT,140,1
Aug 11 2025,3:17:46 AM EDT,61,1
Aug 11 2025,5:14:21 AM EDT,104,1
Aug 11 2025,6:28:47 AM EDT,140,1
Aug 11 2025,6:29:36 AM EDT,28,0
Aug 11 2025,6:33:42 AM EDT,140,1
Aug 11 2025,6:35:11 AM EDT,140,1
Aug 11 2025,6:41:57 AM EDT,23,0
Aug 11 2025,7:06:23 AM EDT,47,0
Aug 11 2025,7:11:08 AM EDT,140,1
Aug 11 2025,7:11:51 AM EDT,65,1
Aug 11 2025,7:13:45 AM EDT,132,0
Aug 11 2025,7:13:59 AM EDT,27,0
Aug 11 2025,7:15:45 AM EDT,140,1
Aug 11 2025,7:18:35 AM EDT,134,1
Aug 11 2025,7:30:06 AM EDT,63,0
Aug 11 2025,7:32:31 AM EDT,166,0
Aug 11 2025,7:36:09 AM EDT,110,1
Aug 11 2025,7:40:03 AM EDT,140,1
Aug 11 2025,7:41:09 AM EDT,85,1
Aug 11 2025,7:49:33 AM EDT,111,1
Aug 11 2025,7:54:56 AM EDT,23,0
Aug 11 2025,7:55:14 AM EDT,140,1
Aug 11 2025,7:55:52 AM EDT,140,1
Aug 11 2025,7:58:25 AM EDT,140,1
Aug 11 2025,8:06:11 AM EDT,95,1
Aug 11 2025,8:08:19 AM EDT,139,1
Aug 11 2025,8:14:29 AM EDT,112,1
Aug 11 2025,8:20:24 AM EDT,140,1
Aug 11 2025,8:22:36 AM EDT,93,0
Aug 11 2025,8:24:46 AM EDT,139,1
Aug 11 2025,8:30:38 AM EDT,67,1
Aug 11 2025,8:34:29 AM EDT,74,1
Aug 11 2025,8:56:19 AM EDT,44,0
Aug 11 2025,8:57:09 AM EDT,35,1
Aug 11 2025,9:20:19 AM EDT,46,0
Aug 11 2025,9:23:19 AM EDT,48,0
Aug 11 2025,9:29:18 AM EDT,121,1
Aug 11 2025,2:24:25 PM EDT,95,1
Aug 11 2025,2:26:43 PM EDT,62,1
Aug 11 2025,3:16:39 PM EDT,92,1
Aug 11 2025,3:23:55 PM EDT,148,0
Aug 11 2025,3:48:02 PM EDT,94,0
Aug 11 2025,4:05:12 PM EDT,124,1
Aug 11 2025,4:07:48 PM EDT,31,0
Aug 11 2025,4:11:56 PM EDT,71,0
Aug 11 2025,4:12:54 PM EDT,140,1
Aug 11 2025,4:13:47 PM EDT,140,1
Aug 11 2025,4:50:58 PM EDT,114,0
Aug 11 2025,5:04:55 PM EDT,65,0
Aug 11 2025,5:05:12 PM EDT,41,1
Aug 11 2025,5:30:38 PM EDT,60,0
Aug 11 2025,5:32:02 PM EDT,141,0
Aug 11 2025,5:34:36 PM EDT,29,0
Aug 11 2025,5:45:15 PM EDT,111,1
Aug 11 2025,5:55:29 PM EDT,136,0
Aug 11 2025,5:56:30 PM EDT,33,0
Aug 11 2025,5:57:54 PM EDT,41,1
Aug 11 2025,6:13:21 PM EDT,65,0
Aug 11 2025,6:26:23 PM EDT,37,0
Aug 11 2025,6:29:23 PM EDT,124,1
Aug 11 2025,7:07:26 PM EDT,85,1
Aug 11 2025,7:19:35 PM EDT,253,0
Aug 11 2025,7:21:31 PM EDT,49,0
Aug 11 2025,7:22:29 PM EDT,74,0
Aug 11 2025,7:24:08 PM EDT,117,1
Aug 11 2025,7:34:11 PM EDT,105,1
Aug 11 2025,8:36:55 PM EDT,76,0
Aug 11 2025,8:49:44 PM EDT,53,0
Aug 11 2025,8:50:24 PM EDT,78,1
Aug 11 2025,8:52:49 PM EDT,85,1
Aug 11 2025,8:53:03 PM EDT,140,1
Aug 11 2025,9:03:10 PM EDT,140,1
Aug 11 2025,9:04:20 PM EDT,144,1
Aug 11 2025,9:07:28 PM EDT,203,0
Aug 11 2025,9:07:56 PM EDT,74,1
Aug 11 2025,9:11:03 PM EDT,115,1
Aug 11 2025,9:15:07 PM EDT,140,1
Aug 11 2025,9:32:21 PM EDT,140,1
Aug 11 2025,9:35:24 PM EDT,27,0
Aug 11 2025,9:35:50 PM EDT,25,0
Aug 11 2025,9:37:26 PM EDT,138,0
Aug 11 2025,9:40:30 PM EDT,125,0
Aug 11 2025,9:47:29 PM EDT,78,1
Aug 11 2025,10:55:39 PM EDT,53,1
Aug 11 2025,10:57:03 PM EDT,76,0
Aug 11 2025,11:50:49 PM EDT,94,1
Aug 12 2025,12:14:32 AM EDT,71,1
Aug 12 2025,12:14:49 AM EDT,81,1
Aug 12 2025,12:40:16 AM EDT,99,0
Aug 12 2025,12:41:04 AM EDT,69,0
Aug 12 2025,1:38:36 AM EDT,140,1
Aug 12 2025,2:27:13 AM EDT,70,0
Aug 12 2025,3:50:56 AM EDT,38,0
Aug 12 2025,4:51:13 AM EDT,203,0
Aug 12 2025,4:59:43 AM EDT,62,1
Aug 12 2025,5:00:25 AM EDT,39,0
Aug 12 2025,5:08:10 AM EDT,37,1
Aug 12 2025,5:08:32 AM EDT,56,0
Aug 12 2025,5:08:46 AM EDT,140,1
Aug 12 2025,5:14:37 AM EDT,167,0
Aug 12 2025,5:20:00 AM EDT,169,0
Aug 12 2025,5:27:04 AM EDT,140,1
Aug 12 2025,5:27:43 AM EDT,140,1
Aug 12 2025,5:28:45 AM EDT,84,1
Aug 12 2025,5:31:43 AM EDT,25,0
Aug 12 2025,5:33:32 AM EDT,140,1
Aug 12 2025,5:35:43 AM EDT,83,1
Aug 12 2025,5:39:32 AM EDT,140,1
Aug 12 2025,5:40:12 AM EDT,118,1
Aug 12 2025,5:40:40 AM EDT,26,0
Aug 12 2025,5:42:05 AM EDT,140,1
Aug 12 2025,5:45:01 AM EDT,67,1
Aug 12 2025,5:47:20 AM EDT,26,0
Aug 12 2025,5:47:29 AM EDT,140,1
Aug 12 2025,5:49:48 AM EDT,140,1
Aug 12 2025,5:50:47 AM EDT,139,1
Aug 12 2025,5:51:08 AM EDT,140,1
Aug 12 2025,5:58:06 AM EDT,140,1
Aug 12 2025,6:02:21 AM EDT,91,1
Aug 12 2025,6:02:31 AM EDT,139,1
Aug 12 2025,6:02:43 AM EDT,140,1
Aug 12 2025,6:06:09 AM EDT,85,1
Aug 12 2025,6:07:54 AM EDT,64,1
Aug 12 2025,6:08:56 AM EDT,140,1
Aug 12 2025,6:21:15 AM EDT,116,1
Aug 12 2025,6:26:13 AM EDT,140,1
Aug 12 2025,6:26:39 AM EDT,112,1
Aug 12 2025,6:29:29 AM EDT,140,1
Aug 12 2025,6:42:21 AM EDT,139,1
Aug 12 2025,11:47:26 AM EDT,123,1
Aug 12 2025,11:48:16 AM EDT,107,1
Aug 12 2025,12:00:12 PM EDT,28,0
Aug 12 2025,12:01:28 PM EDT,32,0
Aug 12 2025,12:03:22 PM EDT,65,0
Aug 12 2025,12:11:06 PM EDT,112,1
Aug 12 2025,12:29:23 PM EDT,37,0
Aug 12 2025,12:30:30 PM EDT,112,1
Aug 12 2025,12:32:19 PM EDT,140,1
Aug 12 2025,12:32:35 PM EDT,72,1
Aug 12 2025,12:33:02 PM EDT,25,0
Aug 12 2025,12:35:03 PM EDT,140,1
Aug 12 2025,12:37:16 PM EDT,94,1
Aug 12 2025,12:38:17 PM EDT,117,1
Aug 12 2025,12:40:01 PM EDT,78,1
Aug 12 2025,12:42:50 PM EDT,36,0
Aug 12 2025,12:43:07 PM EDT,79,1
Aug 12 2025,12:43:50 PM EDT,71,1
Aug 12 2025,12:45:55 PM EDT,87,0
Aug 12 2025,12:47:31 PM EDT,139,1
Aug 12 2025,1:11:16 PM EDT,73,0
Aug 12 2025,2:04:43 PM EDT,123,1
Aug 12 2025,2:48:49 PM EDT,65,0
Aug 12 2025,2:54:06 PM EDT,113,0
Aug 12 2025,2:56:52 PM EDT,125,1
Aug 12 2025,2:58:46 PM EDT,41,0
Aug 12 2025,3:14:18 PM EDT,124,0
Aug 12 2025,3:47:20 PM EDT,35,0
Aug 12 2025,3:50:00 PM EDT,27,0
Aug 12 2025,3:51:01 PM EDT,38,0
Aug 12 2025,4:21:13 PM EDT,140,1
Aug 12 2025,4:21:39 PM EDT,140,1
Aug 12 2025,4:30:49 PM EDT,140,1
Aug 12 2025,4:30:53 PM EDT,103,1
Aug 12 2025,6:55:18 PM EDT,140,1
Aug 12 2025,6:58:28 PM EDT,80,1
Aug 12 2025,6:58:42 PM EDT,68,1
Aug 12 2025,7:01:17 PM EDT,45,0
Aug 12 2025,8:14:06 PM EDT,80,0
Aug 12 2025,8:51:20 PM EDT,132,1
Aug 12 2025,8:52:14 PM EDT,116,1
Aug 12 2025,8:52:49 PM EDT,140,1
Aug 12 2025,9:14:54 PM EDT,75,1
Aug 12 2025,9:15:00 PM EDT,140,1
Aug 12 2025,9:15:31 PM EDT,92,1
Aug 12 2025,9:29:10 PM EDT,137,1
Aug 12 2025,10:31:03 PM EDT,36,0
Aug 12 2025,10:33:57 PM EDT,30,0
Aug 12 2025,10:34:41 PM EDT,139,1
Aug 13 2025,12:12:36 AM EDT,63,0
Aug 13 2025,12:19:08 AM EDT,140,1
Aug 13 2025,12:23:25 AM EDT,72,1
Aug 13 2025,12:32:13 AM EDT,125,1
Aug 13 2025,12:33:16 AM EDT,119,1
Aug 13 2025,12:40:54 AM EDT,53,0
Aug 13 2025,12:51:26 AM EDT,93,1
Aug 13 2025,12:54:50 AM EDT,140,1
Aug 13 2025,12:59:09 AM EDT,140,1
Aug 13 2025,2:35:28 AM EDT,23,0
Aug 13 2025,2:37:32 AM EDT,140,1
Aug 13 2025,10:11:43 AM EDT,140,1
Aug 13 2025,10:12:38 AM EDT,140,1
Aug 13 2025,10:13:58 AM EDT,65,1
Aug 13 2025,10:16:12 AM EDT,86,0
Aug 13 2025,10:21:07 AM EDT,112,1
Aug 13 2025,10:25:57 AM EDT,65,1
Aug 13 2025,10:35:57 AM EDT,83,1
Aug 13 2025,10:56:57 AM EDT,139,1
Aug 13 2025,11:00:57 AM EDT,151,0
Aug 13 2025,11:01:55 AM EDT,30,0
Aug 13 2025,11:02:47 AM EDT,122,1
Aug 13 2025,11:04:26 AM EDT,56,1
Aug 13 2025,11:13:56 AM EDT,90,1
Aug 13 2025,11:16:47 AM EDT,140,1
Aug 13 2025,3:00:36 PM EDT,26,1
Aug 13 2025,3:14:34 PM EDT,140,1
Aug 13 2025,3:15:05 PM EDT,74,0
Aug 13 2025,3:15:57 PM EDT,53,1
Aug 13 2025,3:19:45 PM EDT,141,0
Aug 13 2025,3:21:28 PM EDT,33,0
Aug 13 2025,4:51:55 PM EDT,53,1
Aug 13 2025,4:53:08 PM EDT,53,0
Aug 13 2025,4:55:51 PM EDT,44,0
Aug 13 2025,4:56:19 PM EDT,139,1
Aug 13 2025,4:57:58 PM EDT,110,1
Aug 13 2025,4:59:33 PM EDT,80,1
Aug 13 2025,5:00:27 PM EDT,42,0
Aug 13 2025,6:02:55 PM EDT,140,1
Aug 13 2025,6:29:10 PM EDT,112,1
Aug 13 2025,6:47:59 PM EDT,76,1
Aug 13 2025,9:18:08 PM EDT,104,1
Aug 14 2025,2:18:19 AM EDT,140,1
Aug 14 2025,2:18:30 AM EDT,140,1
Aug 14 2025,2:18:50 AM EDT,137,1
Aug 14 2025,3:54:33 AM EDT,140,1
Aug 14 2025,3:59:45 AM EDT,82,1
Aug 14 2025,3:59:54 AM EDT,76,1
Aug 14 2025,4:00:30 AM EDT,50,1
Aug 14 2025,4:01:41 AM EDT,81,1
Aug 14 2025,4:02:28 AM EDT,140,1
Aug 14 2025,4:06:47 AM EDT,52,0
Aug 14 2025,4:13:30 AM EDT,93,1
Aug 14 2025,4:14:20 AM EDT,139,1
Aug 14 2025,4:15:00 AM EDT,106,1
Aug 14 2025,4:15:52 AM EDT,63,1
Aug 14 2025,4:17:51 AM EDT,64,1
Aug 14 2025,4:32:19 AM EDT,118,1
Aug 14 2025,4:39:20 AM EDT,140,1
Aug 14 2025,4:42:07 AM EDT,140,1
Aug 14 2025,4:47:05 AM EDT,140,1
Aug 14 2025,4:47:33 AM EDT,80,1
Aug 14 2025,4:48:03 AM EDT,115,1
Aug 14 2025,4:49:43 AM EDT,95,1
Aug 14 2025,4:52:52 AM EDT,87,1
Aug 14 2025,4:54:30 AM EDT,117,1
Aug 14 2025,4:55:53 AM EDT,114,1
Aug 14 2025,4:56:17 AM EDT,103,1
Aug 14 2025,4:59:45 AM EDT,139,1
Aug 14 2025,5:05:16 AM EDT,140,1
Aug 14 2025,5:12:41 AM EDT,139,1
Aug 14 2025,5:13:20 AM EDT,140,1
Aug 14 2025,5:18:03 AM EDT,25,0
Aug 14 2025,9:56:57 AM EDT,140,1
Aug 14 2025,9:59:15 AM EDT,103,1
Aug 14 2025,10:17:53 AM EDT,140,1
Aug 14 2025,10:20:20 AM EDT,140,1
Aug 14 2025,10:20:36 AM EDT,37,0
Aug 14 2025,10:21:04 AM EDT,140,1
Aug 14 2025,10:28:21 AM EDT,139,1
Aug 14 2025,10:31:54 AM EDT,206,0
Aug 14 2025,10:32:28 AM EDT,140,1
Aug 14 2025,10:33:20 AM EDT,28,0
Aug 14 2025,10:36:06 AM EDT,209,0
Aug 14 2025,10:38:04 AM EDT,33,0
Aug 14 2025,10:40:03 AM EDT,100,0
Aug 14 2025,10:41:48 AM EDT,59,1
Aug 14 2025,10:47:25 AM EDT,140,1
Aug 14 2025,10:51:01 AM EDT,112,1
Aug 14 2025,10:56:34 AM EDT,145,0
Aug 14 2025,10:57:18 AM EDT,40,0
Aug 14 2025,10:58:02 AM EDT,28,0
Aug 14 2025,11:00:50 AM EDT,140,1
Aug 14 2025,11:02:09 AM EDT,117,1
Aug 14 2025,11:02:29 AM EDT,140,1
Aug 14 2025,11:06:41 AM EDT,48,0
Aug 14 2025,11:34:05 AM EDT,27,0
Aug 14 2025,11:34:19 AM EDT,138,1
Aug 14 2025,11:46:09 AM EDT,29,0
Aug 14 2025,2:03:44 PM EDT,140,1
Aug 14 2025,3:46:58 PM EDT,102,0
Aug 14 2025,3:47:38 PM EDT,100,1
Aug 14 2025,4:08:00 PM EDT,118,0
Aug 14 2025,4:09:10 PM EDT,35,0
Aug 14 2025,4:10:02 PM EDT,140,1
Aug 14 2025,5:06:57 PM EDT,138,1
Aug 14 2025,5:07:15 PM EDT,140,1
Aug 14 2025,5:07:59 PM EDT,140,1
Aug 14 2025,5:12:58 PM EDT,36,0
Aug 14 2025,5:15:05 PM EDT,130,1
Aug 14 2025,5:22:35 PM EDT,140,1
Aug 14 2025,5:24:31 PM EDT,27,0
Aug 14 2025,5:48:34 PM EDT,144,1
Aug 14 2025,5:51:07 PM EDT,170,0
Aug 14 2025,7:10:54 PM EDT,139,1
Aug 14 2025,7:14:43 PM EDT,97,0
Aug 14 2025,7:26:31 PM EDT,82,1
Aug 14 2025,8:25:56 PM EDT,25,0
Aug 14 2025,8:26:54 PM EDT,55,0
Aug 14 2025,10:05:59 PM EDT,102,1
Aug 14 2025,11:08:42 PM EDT,28,0
Aug 14 2025,11:09:54 PM EDT,61,0
Aug 14 2025,11:52:40 PM EDT,50,0
Aug 14 2025,11:59:19 PM EDT,27,0
Aug 15 2025,12:01:55 AM EDT,95,0
Aug 15 2025,12:13:35 AM EDT,121,1
Aug 15 2025,12:14:14 AM EDT,116,1
Aug 15 2025,12:17:02 AM EDT,25,0
Aug 15 2025,12:25:42 AM EDT,27,0
Aug 15 2025,12:26:03 AM EDT,114,1
Aug 15 2025,12:33:48 AM EDT,38,0
Aug 15 2025,12:34:11 AM EDT,106,1
Aug 15 2025,12:37:12 AM EDT,89,1
Aug 15 2025,12:40:18 AM EDT,255,0
Aug 15 2025,12:41:03 AM EDT,31,0
Aug 15 2025,12:41:20 AM EDT,139,1
Aug 15 2025,12:41:38 AM EDT,140,1
Aug 15 2025,12:43:38 AM EDT,55,0
Aug 15 2025,12:53:29 AM EDT,36,1
Aug 15 2025,12:55:49 AM EDT,25,0
Aug 15 2025,12:56:49 AM EDT,25,0
Aug 15 2025,1:55:56 AM EDT,140,1
Aug 15 2025,4:11:44 AM EDT,59,0
Aug 15 2025,4:11:59 AM EDT,139,1
Aug 15 2025,4:12:38 AM EDT,17,0
Aug 15 2025,4:15:21 AM EDT,61,1
Aug 15 2025,4:16:22 AM EDT,140,1
Aug 15 2025,4:17:44 AM EDT,108,1
Aug 15 2025,4:22:22 AM EDT,140,1
Aug 15 2025,4:37:16 AM EDT,102,1
Aug 15 2025,4:44:46 AM EDT,116,1
Aug 15 2025,4:46:09 AM EDT,140,1
Aug 15 2025,5:07:37 AM EDT,108,1
Aug 15 2025,12:56:00 PM EDT,96,1
Aug 15 2025,1:06:31 PM EDT,195,0
Aug 15 2025,1:08:26 PM EDT,118,1
Aug 15 2025,1:39:55 PM EDT,140,1
Aug 15 2025,1:54:08 PM EDT,58,1
Aug 15 2025,1:59:56 PM EDT,113,1
Aug 15 2025,2:12:02 PM EDT,98,1
Aug 15 2025,5:53:10 PM EDT,140,1
Aug 15 2025,6:21:47 PM EDT,60,1
Aug 15 2025,7:44:35 PM EDT,67,0
Aug 15 2025,8:39:45 PM EDT,58,0
Aug 15 2025,9:43:44 PM EDT,39,0
Aug 15 2025,9:46:46 PM EDT,83,0
Aug 15 2025,11:07:12 PM EDT,105,0
Aug 15 2025,11:21:24 PM EDT,28,0
Aug 15 2025,11:26:23 PM EDT,140,1
Aug 15 2025,11:26:35 PM EDT,28,0
Aug 15 2025,11:43:09 PM EDT,140,1
Aug 15 2025,11:52:19 PM EDT,100,1
Aug 16 2025,12:38:57 AM EDT,48,0
Aug 16 2025,12:39:17 AM EDT,25,0
Aug 16 2025,12:55:03 AM EDT,196,0
Aug 16 2025,1:01:54 AM EDT,28,0
Aug 16 2025,1:09:55 AM EDT,38,0
Aug 16 2025,1:47:01 AM EDT,36,1
Aug 16 2025,3:38:23 AM EDT,129,1
Aug 16 2025,3:41:19 AM EDT,117,1
Aug 16 2025,3:41:50 AM EDT,104,1
Aug 16 2025,3:44:53 AM EDT,25,0
Aug 16 2025,3:45:34 AM EDT,37,1
Aug 16 2025,3:45:45 AM EDT,140,1
Aug 16 2025,3:51:09 AM EDT,67,1
Aug 16 2025,12:41:29 PM EDT,95,0
Aug 16 2025,12:55:12 PM EDT,56,1
Aug 16 2025,12:58:24 PM EDT,89,0
Aug 16 2025,1:00:26 PM EDT,66,0
Aug 16 2025,1:01:18 PM EDT,126,1
Aug 16 2025,1:02:49 PM EDT,140,1
Aug 16 2025,1:03:17 PM EDT,37,1
Aug 16 2025,1:06:16 PM EDT,25,0
Aug 16 2025,1:07:16 PM EDT,140,1
Aug 16 2025,1:10:52 PM EDT,121,0
Aug 16 2025,1:16:49 PM EDT,26,0
Aug 16 2025,1:20:19 PM EDT,34,0
Aug 16 2025,1:21:41 PM EDT,46,0
Aug 16 2025,1:58:22 PM EDT,255,0
Aug 16 2025,1:58:36 PM EDT,26,0
Aug 16 2025,2:02:38 PM EDT,103,0
Aug 16 2025,2:05:00 PM EDT,49,0
Aug 16 2025,2:06:50 PM EDT,23,0
Aug 16 2025,2:21:46 PM EDT,140,1
Aug 16 2025,2:23:26 PM EDT,87,1
Aug 16 2025,2:27:54 PM EDT,28,0
Aug 16 2025,2:53:02 PM EDT,25,0
Aug 16 2025,3:15:08 PM EDT,137,1
Aug 16 2025,3:16:10 PM EDT,68,0
Aug 16 2025,3:41:39 PM EDT,140,1
Aug 16 2025,3:51:32 PM EDT,105,1
Aug 16 2025,3:55:26 PM EDT,44,0
Aug 16 2025,3:57:15 PM EDT,28,0
Aug 16 2025,4:05:03 PM EDT,137,1
Aug 16 2025,5:57:56 PM EDT,139,1
Aug 16 2025,6:09:18 PM EDT,69,0
Aug 16 2025,6:11:59 PM EDT,123,0
Aug 16 2025,6:12:19 PM EDT,120,1
Aug 16 2025,6:13:48 PM EDT,139,1
Aug 16 2025,6:15:29 PM EDT,27,0
Aug 16 2025,6:17:08 PM EDT,140,1
Aug 16 2025,6:48:31 PM EDT,140,1
Aug 17 2025,5:11:13 AM EDT,80,1
Aug 17 2025,5:16:57 AM EDT,135,1
Aug 17 2025,5:18:37 AM EDT,50,0
Aug 17 2025,5:22:41 AM EDT,119,1
Aug 17 2025,5:26:45 AM EDT,115,1
Aug 17 2025,5:28:23 AM EDT,23,0
Aug 17 2025,5:29:19 AM EDT,87,1
Aug 17 2025,12:09:58 PM EDT,140,1
Aug 17 2025,12:11:54 PM EDT,139,1
Aug 17 2025,12:12:40 PM EDT,59,1
Aug 17 2025,12:24:07 PM EDT,88,1
Aug 17 2025,12:33:03 PM EDT,140,1
Aug 17 2025,1:02:55 PM EDT,140,1
Aug 17 2025,9:36:27 PM EDT,39,0
Aug 18 2025,4:00:20 AM EDT,28,0
Aug 18 2025,10:13:40 AM EDT,140,1
Aug 18 2025,10:13:58 AM EDT,144,1
Aug 18 2025,10:51:06 AM EDT,140,1
Aug 18 2025,10:51:51 AM EDT,52,1
Aug 18 2025,10:54:46 AM EDT,140,1
Aug 18 2025,11:53:04 AM EDT,50,0
Aug 18 2025,11:56:31 AM EDT,140,1
Aug 18 2025,11:57:16 AM EDT,140,1
Aug 18 2025,11:59:20 AM EDT,140,1
Aug 18 2025,2:14:12 PM EDT,140,1
Aug 18 2025,5:54:48 PM EDT,31,0
Aug 18 2025,7:46:25 PM EDT,194,0
Aug 18 2025,8:05:49 PM EDT,170,0
Aug 18 2025,8:15:31 PM EDT,27,0
Aug 18 2025,8:20:34 PM EDT,85,1
Aug 18 2025,8:21:03 PM EDT,23,0
Aug 18 2025,8:32:26 PM EDT,28,0
Aug 18 2025,8:45:52 PM EDT,28,0
Aug 18 2025,9:31:52 PM EDT,53,0
Aug 18 2025,9:35:16 PM EDT,104,0
Aug 18 2025,9:35:38 PM EDT,68,1
Aug 18 2025,9:36:23 PM EDT,40,0
Aug 18 2025,9:42:23 PM EDT,50,0
Aug 18 2025,9:49:53 PM EDT,238,0
Aug 18 2025,10:02:41 PM EDT,190,0
Aug 18 2025,10:12:30 PM EDT,54,0
Aug 18 2025,10:18:01 PM EDT,80,0
Aug 18 2025,10:20:51 PM EDT,26,0
Aug 18 2025,10:44:29 PM EDT,93,0
Aug 18 2025,10:46:03 PM EDT,67,0
Aug 18 2025,11:20:35 PM EDT,140,1
Aug 19 2025,2:09:22 AM EDT,82,0
Aug 19 2025,2:10:30 AM EDT,138,1
Aug 19 2025,9:42:12 AM EDT,55,0
Aug 19 2025,9:44:08 AM EDT,39,0
Aug 19 2025,9:51:25 AM EDT,140,1
Aug 19 2025,12:14:39 PM EDT,111,1
Aug 19 2025,1:48:45 PM EDT,73,1
Aug 19 2025,3:25:17 PM EDT,52,0
Aug 19 2025,3:41:52 PM EDT,59,0
Aug 19 2025,3:42:25 PM EDT,54,1
Aug 19 2025,3:42:41 PM EDT,140,1
Aug 19 2025,3:49:21 PM EDT,142,0
Aug 19 2025,6:02:08 PM EDT,112,1
Aug 19 2025,6:21:02 PM EDT,28,0
Aug 19 2025,6:23:51 PM EDT,108,1
Aug 19 2025,6:32:06 PM EDT,90,1
Aug 19 2025,8:17:59 PM EDT,139,1
Aug 19 2025,8:28:00 PM EDT,56,1
Aug 19 2025,8:28:21 PM EDT,97,1
Aug 19 2025,8:29:12 PM EDT,34,0
Aug 19 2025,8:31:09 PM EDT,32,0
Aug 19 2025,11:35:24 PM EDT,37,1
Aug 19 2025,11:36:31 PM EDT,140,1
Aug 20 2025,2:51:29 AM EDT,38,0
Aug 20 2025,3:03:02 AM EDT,140,1
Aug 20 2025,3:04:28 AM EDT,79,1
Aug 20 2025,3:21:02 AM EDT,109,1
Aug 20 2025,3:24:11 AM EDT,71,0
Aug 20 2025,3:25:55 AM EDT,125,0
Aug 20 2025,3:29:07 AM EDT,28,0
Aug 20 2025,3:35:47 AM EDT,140,1
Aug 20 2025,3:43:28 AM EDT,93,1
Aug 20 2025,3:43:57 AM EDT,103,1
Aug 20 2025,3:47:39 AM EDT,76,1
Aug 20 2025,3:47:47 AM EDT,140,1
Aug 20 2025,3:48:42 AM EDT,46,0
Aug 20 2025,3:49:23 AM EDT,28,0
Aug 20 2025,3:52:35 AM EDT,70,1
Aug 20 2025,3:53:51 AM EDT,76,0
Aug 20 2025,3:54:53 AM EDT,139,1
Aug 20 2025,3:55:52 AM EDT,140,1
Aug 20 2025,3:56:50 AM EDT,140,1
Aug 20 2025,4:00:22 AM EDT,31,0
Aug 20 2025,4:02:11 AM EDT,25,0
Aug 20 2025,4:05:45 AM EDT,28,0
Aug 20 2025,4:06:43 AM EDT,23,0
Aug 20 2025,10:02:35 AM EDT,140,1
Aug 20 2025,10:03:00 AM EDT,98,1
Aug 20 2025,10:05:26 AM EDT,135,1
Aug 20 2025,10:07:28 AM EDT,37,1
Aug 20 2025,10:10:43 AM EDT,52,0
Aug 20 2025,10:26:03 AM EDT,34,0
Aug 20 2025,10:26:56 AM EDT,116,1
Aug 20 2025,10:29:03 AM EDT,28,0
Aug 20 2025,10:55:22 AM EDT,42,0
Aug 20 2025,3:36:26 PM EDT,56,0
Aug 20 2025,3:39:18 PM EDT,28,0
Aug 20 2025,3:44:11 PM EDT,55,0
Aug 20 2025,3:45:31 PM EDT,49,0
Aug 20 2025,3:48:39 PM EDT,50,0
Aug 20 2025,4:05:12 PM EDT,140,1
Aug 20 2025,4:10:04 PM EDT,140,1
Aug 20 2025,4:11:22 PM EDT,47,0
Aug 20 2025,7:32:45 PM EDT,28,0
Aug 21 2025,12:20:22 AM EDT,140,1
Aug 21 2025,2:37:56 AM EDT,140,1
Aug 21 2025,2:44:27 AM EDT,140,1
Aug 21 2025,2:46:38 AM EDT,31,0
Aug 21 2025,2:47:20 AM EDT,61,0
Aug 21 2025,2:55:37 AM EDT,255,0
Aug 21 2025,2:58:32 AM EDT,60,0
Aug 21 2025,3:00:11 AM EDT,135,1
Aug 21 2025,3:01:09 AM EDT,89,1
Aug 21 2025,3:01:19 AM EDT,27,0
Aug 21 2025,3:02:01 AM EDT,46,0
Aug 21 2025,3:03:42 AM EDT,65,0
Aug 21 2025,3:07:55 AM EDT,115,1
Aug 21 2025,3:08:42 AM EDT,72,0
Aug 21 2025,3:10:09 AM EDT,101,1
Aug 21 2025,7:12:48 AM EDT,38,0
Aug 21 2025,7:22:53 AM EDT,28,0
Aug 21 2025,7:54:28 AM EDT,140,1
Aug 21 2025,7:56:40 AM EDT,77,1
Aug 21 2025,7:57:34 AM EDT,140,1
Aug 21 2025,7:58:52 AM EDT,115,0
Aug 21 2025,8:00:28 AM EDT,136,0
Aug 21 2025,8:04:53 AM EDT,198,0
Aug 21 2025,8:06:43 AM EDT,28,0
Aug 21 2025,8:09:38 AM EDT,140,1
Aug 21 2025,8:16:56 AM EDT,91,1
Aug 21 2025,8:18:43 AM EDT,28,0
Aug 21 2025,8:19:19 AM EDT,140,1
Aug 21 2025,8:21:06 AM EDT,139,1
Aug 21 2025,8:24:15 AM EDT,42,0
Aug 21 2025,8:27:04 AM EDT,140,1
Aug 21 2025,8:43:59 AM EDT,27,0
Aug 21 2025,8:53:20 AM EDT,35,0
Aug 21 2025,9:00:25 AM EDT,96,0
Aug 21 2025,2:55:23 PM EDT,25,0
Aug 21 2025,3:31:14 PM EDT,140,1
Aug 21 2025,3:31:44 PM EDT,89,1
Aug 21 2025,3:34:25 PM EDT,87,1
Aug 21 2025,3:39:00 PM EDT,58,0
Aug 21 2025,4:19:06 PM EDT,112,0
Aug 21 2025,4:24:13 PM EDT,43,0
Aug 21 2025,4:37:33 PM EDT,149,1
Aug 21 2025,4:38:23 PM EDT,64,1
Aug 21 2025,4:39:52 PM EDT,195,0
Aug 22 2025,6:16:25 AM EDT,38,0
Aug 22 2025,6:22:14 AM EDT,102,1
Aug 22 2025,6:27:35 AM EDT,65,1
Aug 22 2025,6:28:23 AM EDT,140,1
Aug 22 2025,6:54:02 AM EDT,129,1
Aug 22 2025,6:55:44 AM EDT,117,1
Aug 22 2025,6:57:52 AM EDT,62,0
Aug 22 2025,7:01:02 AM EDT,112,0
Aug 22 2025,7:09:07 AM EDT,27,0
Aug 22 2025,7:12:56 AM EDT,58,0
Aug 22 2025,7:13:48 AM EDT,140,1
Aug 22 2025,7:16:47 AM EDT,138,1
Aug 22 2025,7:24:53 AM EDT,255,0
Aug 22 2025,7:26:03 AM EDT,140,1
Aug 22 2025,7:31:35 AM EDT,227,0
Aug 22 2025,2:23:20 PM EDT,140,1
Aug 22 2025,3:02:50 PM EDT,50,1
Aug 22 2025,3:03:51 PM EDT,139,1
Aug 22 2025,3:50:49 PM EDT,107,1
Aug 22 2025,6:04:42 PM EDT,140,1
Aug 22 2025,6:05:45 PM EDT,140,1
Aug 22 2025,6:11:45 PM EDT,143,1
Aug 22 2025,6:13:29 PM EDT,140,1
Aug 22 2025,6:26:14 PM EDT,57,0
Aug 22 2025,7:13:49 PM EDT,142,0
Aug 22 2025,8:01:03 PM EDT,140,1
Aug 23 2025,5:14:20 AM EDT,72,1
Aug 23 2025,3:04:14 PM EDT,140,1
Aug 23 2025,3:08:39 PM EDT,43,0
Aug 23 2025,3:09:01 PM EDT,49,1
Aug 23 2025,6:16:55 PM EDT,159,0
Aug 23 2025,6:18:19 PM EDT,140,1
Aug 23 2025,6:19:44 PM EDT,140,1
Aug 23 2025,6:28:09 PM EDT,105,1
Aug 23 2025,6:29:42 PM EDT,140,1
Aug 23 2025,6:34:01 PM EDT,155,0
Aug 23 2025,6:34:25 PM EDT,140,1
Aug 23 2025,6:35:07 PM EDT,122,1
Aug 23 2025,6:38:05 PM EDT,255,0
Aug 23 2025,6:39:57 PM EDT,134,0
Aug 23 2025,6:41:42 PM EDT,119,0
Aug 23 2025,6:44:10 PM EDT,133,1
Aug 23 2025,6:45:52 PM EDT,140,1
Aug 23 2025,6:47:16 PM EDT,99,1
Aug 23 2025,6:50:44 PM EDT,75,0
Aug 23 2025,6:51:14 PM EDT,140,1
Aug 23 2025,6:51:22 PM EDT,76,1
Aug 23 2025,6:52:43 PM EDT,23,0
Aug 23 2025,6:54:47 PM EDT,88,0
Aug 23 2025,6:55:39 PM EDT,82,0
Aug 23 2025,9:44:38 PM EDT,140,1
Aug 23 2025,10:07:39 PM EDT,109,1
Aug 23 2025,10:26:07 PM EDT,65,1
Aug 23 2025,11:37:15 PM EDT,98,1
Aug 24 2025,1:17:59 AM EDT,33,0
Aug 24 2025,1:24:58 AM EDT,140,1
Aug 24 2025,1:28:15 AM EDT,80,1
Aug 24 2025,1:30:06 AM EDT,99,0
Aug 24 2025,1:40:33 AM EDT,99,0
Aug 24 2025,1:44:15 AM EDT,113,0
Aug 24 2025,1:53:16 AM EDT,140,1
Aug 24 2025,2:02:45 AM EDT,140,1
Aug 24 2025,2:05:27 AM EDT,138,1
Aug 24 2025,2:27:26 AM EDT,83,0
Aug 24 2025,2:28:03 AM EDT,90,1
Aug 24 2025,2:28:44 AM EDT,23,0
Aug 24 2025,2:34:30 AM EDT,140,1
Aug 24 2025,2:38:53 AM EDT,137,1
Aug 24 2025,2:39:09 AM EDT,23,0
Aug 24 2025,4:51:28 PM EDT,140,1
Aug 24 2025,4:58:27 PM EDT,140,1
Aug 24 2025,5:33:42 PM EDT,53,0
Aug 24 2025,10:11:07 PM EDT,39,0
Aug 24 2025,11:32:27 PM EDT,140,1
Aug 25 2025,12:10:21 AM EDT,93,0
Aug 25 2025,12:30:06 AM EDT,104,1
Aug 25 2025,1:27:16 AM EDT,140,1
Aug 25 2025,2:39:05 AM EDT,112,1
Aug 25 2025,12:20:59 PM EDT,190,0
Aug 25 2025,12:23:04 PM EDT,65,0
Aug 25 2025,12:35:19 PM EDT,102,0
Aug 25 2025,12:38:41 PM EDT,200,0
Aug 25 2025,12:50:47 PM EDT,140,1
Aug 25 2025,12:51:16 PM EDT,39,0
Aug 25 2025,1:57:28 PM EDT,49,0
Aug 25 2025,1:59:04 PM EDT,47,0
Aug 25 2025,4:00:20 PM EDT,121,0
Aug 25 2025,7:17:23 PM EDT,52,0
Aug 25 2025,8:04:10 PM EDT,83,0
Aug 25 2025,8:15:13 PM EDT,135,0
Aug 25 2025,8:23:09 PM EDT,25,0
Aug 25 2025,8:33:42 PM EDT,70,0
Aug 25 2025,8:35:54 PM EDT,61,0
Aug 26 2025,12:48:11 AM EDT,140,1
Aug 26 2025,1:02:57 AM EDT,140,1
Aug 26 2025,1:06:25 AM EDT,68,0
Aug 26 2025,1:13:16 AM EDT,140,1
Aug 26 2025,1:23:29 AM EDT,139,1
Aug 26 2025,1:40:05 AM EDT,140,1
Aug 26 2025,1:41:07 AM EDT,138,1
Aug 26 2025,1:43:15 AM EDT,34,0
Aug 26 2025,1:45:31 AM EDT,139,1
Aug 26 2025,1:49:52 AM EDT,139,1
Aug 26 2025,1:51:27 AM EDT,124,1
Aug 26 2025,2:05:04 AM EDT,140,1
Aug 26 2025,2:18:40 AM EDT,109,0
Aug 26 2025,2:28:41 AM EDT,100,1
Aug 26 2025,2:37:59 AM EDT,23,0
Aug 26 2025,2:57:40 AM EDT,37,1
Aug 26 2025,3:03:55 AM EDT,139,1
Aug 26 2025,3:05:41 AM EDT,73,1
Aug 26 2025,3:14:07 AM EDT,140,1
Aug 26 2025,9:32:28 AM EDT,140,1
Aug 26 2025,11:25:14 AM EDT,132,1
Aug 26 2025,11:36:01 AM EDT,140,1
Aug 26 2025,11:50:28 AM EDT,140,1
Aug 26 2025,11:56:52 AM EDT,248,0
Aug 26 2025,12:07:42 PM EDT,140,1
Aug 26 2025,12:08:22 PM EDT,140,1
Aug 26 2025,12:16:34 PM EDT,209,0
Aug 26 2025,12:46:07 PM EDT,72,1
Aug 26 2025,12:48:30 PM EDT,140,1
Aug 26 2025,1:06:10 PM EDT,255,0
Aug 26 2025,3:39:22 PM EDT,48,1
Aug 26 2025,4:18:25 PM EDT,117,1
Aug 26 2025,4:43:35 PM EDT,105,0
Aug 26 2025,4:44:20 PM EDT,55,0
Aug 26 2025,4:53:35 PM EDT,27,0
Aug 26 2025,5:20:42 PM EDT,49,0
Aug 26 2025,5:21:58 PM EDT,203,0
Aug 26 2025,6:07:58 PM EDT,140,1
Aug 26 2025,6:49:03 PM EDT,45,0
Aug 26 2025,7:13:21 PM EDT,140,1
Aug 26 2025,7:13:48 PM EDT,33,0
Aug 26 2025,7:18:10 PM EDT,140,1
Aug 26 2025,7:19:14 PM EDT,63,0
Aug 26 2025,7:23:12 PM EDT,25,0
Aug 26 2025,7:23:16 PM EDT,140,1
Aug 26 2025,7:27:18 PM EDT,140,1
Aug 26 2025,7:29:18 PM EDT,139,1
Aug 26 2025,7:58:16 PM EDT,55,0
Aug 27 2025,2:26:45 AM EDT,23,0
Aug 27 2025,2:26:56 AM EDT,140,1
Aug 27 2025,2:30:51 AM EDT,33,0
Aug 27 2025,2:33:31 AM EDT,139,1
Aug 27 2025,2:35:31 AM EDT,61,0
Aug 27 2025,2:46:39 AM EDT,55,0
Aug 27 2025,2:48:54 AM EDT,140,1
Aug 27 2025,4:09:02 AM EDT,140,1
Aug 27 2025,4:23:16 AM EDT,140,1
Aug 27 2025,4:54:18 AM EDT,140,1
Aug 27 2025,4:56:52 AM EDT,140,1
Aug 27 2025,5:10:40 AM EDT,139,1
Aug 27 2025,10:01:40 AM EDT,43,0
Aug 27 2025,10:35:56 AM EDT,23,0
Aug 27 2025,10:39:23 AM EDT,140,1
Aug 27 2025,10:48:16 AM EDT,56,1
Aug 27 2025,10:52:12 AM EDT,111,1
Aug 27 2025,10:54:22 AM EDT,63,0
Aug 27 2025,10:55:02 AM EDT,140,1
Aug 27 2025,11:09:40 AM EDT,140,1
Aug 27 2025,4:44:28 PM EDT,140,1
Aug 27 2025,4:47:35 PM EDT,138,1
Aug 27 2025,4:48:17 PM EDT,53,0
Aug 27 2025,4:51:13 PM EDT,46,0
Aug 27 2025,5:12:32 PM EDT,243,0
Aug 28 2025,6:22:55 AM EDT,60,0
Aug 28 2025,6:58:17 AM EDT,140,1
Aug 28 2025,7:05:51 AM EDT,255,0
Aug 28 2025,7:10:51 AM EDT,140,1
Aug 28 2025,7:19:25 AM EDT,120,1
Aug 28 2025,7:34:55 AM EDT,140,1
Aug 28 2025,7:35:20 AM EDT,140,1
Aug 28 2025,1:32:36 PM EDT,55,0
Aug 28 2025,5:36:10 PM EDT,30,0
Aug 28 2025,5:36:19 PM EDT,65,1
Aug 28 2025,5:40:53 PM EDT,121,0
Aug 28 2025,6:16:03 PM EDT,140,1
Aug 28 2025,6:43:03 PM EDT,140,1
Aug 28 2025,7:26:26 PM EDT,39,0
Aug 28 2025,7:26:48 PM EDT,54,0
Aug 28 2025,8:05:20 PM EDT,151,0
Aug 28 2025,8:05:50 PM EDT,136,0
Aug 28 2025,8:12:31 PM EDT,30,0
Aug 28 2025,8:50:19 PM EDT,32,0
Aug 28 2025,9:18:09 PM EDT,26,1
Aug 28 2025,10:03:17 PM EDT,71,0
Aug 28 2025,11:31:37 PM EDT,140,1
Aug 28 2025,11:33:37 PM EDT,140,1
Aug 29 2025,1:02:00 AM EDT,38,0
Aug 29 2025,3:51:34 AM EDT,28,0
Aug 29 2025,4:11:53 AM EDT,62,0
Aug 29 2025,4:30:01 AM EDT,28,0
Aug 29 2025,4:40:32 AM EDT,140,1
Aug 29 2025,4:42:00 AM EDT,82,0
Aug 29 2025,4:45:15 AM EDT,140,1
Aug 29 2025,4:58:32 AM EDT,136,1
Aug 29 2025,4:59:37 AM EDT,140,1
Aug 29 2025,11:04:18 AM EDT,140,1
Aug 29 2025,11:06:39 AM EDT,157,0
Aug 29 2025,11:07:17 AM EDT,140,1
Aug 29 2025,11:09:44 AM EDT,97,0
Aug 29 2025,11:21:21 AM EDT,89,1
Aug 29 2025,11:25:57 AM EDT,241,0
Aug 29 2025,11:26:34 AM EDT,2,0
Aug 29 2025,11:27:59 AM EDT,140,1
Aug 29 2025,11:33:12 AM EDT,239,0
Aug 29 2025,11:33:48 AM EDT,140,1
Aug 29 2025,11:42:49 AM EDT,96,1
Aug 29 2025,11:44:03 AM EDT,140,1
Aug 29 2025,11:44:19 AM EDT,140,1
Aug 29 2025,11:45:47 AM EDT,140,1
Aug 29 2025,11:46:19 AM EDT,139,1
Aug 29 2025,11:47:07 AM EDT,140,1
Aug 29 2025,11:47:36 AM EDT,140,1
Aug 29 2025,11:47:48 AM EDT,140,1
Aug 29 2025,11:48:36 AM EDT,140,1
Aug 29 2025,11:56:52 AM EDT,140,1
Aug 29 2025,11:58:09 AM EDT,115,1
Aug 29 2025,11:59:32 AM EDT,140,1
Aug 29 2025,12:07:46 PM EDT,140,1
Aug 29 2025,12:14:03 PM EDT,38,0
Aug 29 2025,12:15:29 PM EDT,79,0
Aug 29 2025,12:16:26 PM EDT,39,1
Aug 29 2025,12:19:43 PM EDT,27,0
Aug 29 2025,12:23:32 PM EDT,33,0
Aug 29 2025,12:25:15 PM EDT,140,1
Aug 29 2025,12:35:07 PM EDT,52,0
Aug 29 2025,12:41:52 PM EDT,26,0
Aug 29 2025,12:44:51 PM EDT,39,0
Aug 29 2025,12:45:07 PM EDT,50,1
Aug 29 2025,12:45:23 PM EDT,140,1
Aug 29 2025,12:50:25 PM EDT,140,1
Aug 29 2025,12:59:00 PM EDT,26,0
Aug 29 2025,1:00:32 PM EDT,60,0
Aug 29 2025,1:10:43 PM EDT,140,1
Aug 29 2025,1:11:53 PM EDT,71,1
Aug 29 2025,1:12:55 PM EDT,28,0
Aug 29 2025,1:22:53 PM EDT,50,0
Aug 29 2025,1:23:45 PM EDT,122,1
Aug 29 2025,1:29:35 PM EDT,198,0
Aug 29 2025,3:32:25 PM EDT,52,0
Aug 29 2025,3:33:37 PM EDT,140,1
Aug 29 2025,3:49:50 PM EDT,62,1
Aug 29 2025,3:50:59 PM EDT,140,1
Aug 29 2025,3:53:38 PM EDT,27,0
Aug 29 2025,3:58:52 PM EDT,33,0
Aug 29 2025,4:08:03 PM EDT,46,0
Aug 29 2025,4:12:25 PM EDT,29,0
Aug 29 2025,7:40:52 PM EDT,140,1
Aug 29 2025,7:41:00 PM EDT,140,1
Aug 30 2025,2:26:04 AM EDT,25,0
Aug 30 2025,2:29:54 AM EDT,98,0
Aug 30 2025,2:30:51 AM EDT,123,1
Aug 30 2025,2:59:39 AM EDT,139,1
Aug 30 2025,3:12:09 AM EDT,69,1
Aug 30 2025,3:16:24 AM EDT,43,0
Aug 30 2025,3:17:23 AM EDT,25,0
Aug 30 2025,3:19:55 AM EDT,140,1
Aug 30 2025,3:22:39 AM EDT,137,1
Aug 30 2025,3:25:27 AM EDT,59,1
Aug 30 2025,3:38:21 AM EDT,96,0
Aug 30 2025,3:43:46 AM EDT,61,1
Aug 30 2025,3:45:13 AM EDT,57,0
Aug 30 2025,3:51:24 AM EDT,139,1
Aug 30 2025,3:53:02 AM EDT,140,1
Aug 30 2025,3:55:52 AM EDT,63,1
Aug 30 2025,4:01:28 AM EDT,60,1
Aug 30 2025,4:06:09 AM EDT,144,1
Aug 30 2025,4:07:22 AM EDT,59,0
Aug 30 2025,4:09:03 AM EDT,43,0
Aug 30 2025,4:11:01 AM EDT,49,0
Aug 30 2025,4:13:01 AM EDT,33,0
Aug 30 2025,4:22:54 AM EDT,57,0
Aug 30 2025,4:24:20 AM EDT,71,0
Aug 30 2025,4:25:13 AM EDT,28,0
Aug 30 2025,4:26:50 AM EDT,140,1
Aug 30 2025,4:30:02 AM EDT,55,0
Aug 30 2025,4:30:51 AM EDT,25,1
Aug 30 2025,4:31:18 AM EDT,140,1
Aug 30 2025,4:32:37 AM EDT,38,0
Aug 30 2025,4:34:40 AM EDT,107,1
Aug 30 2025,4:36:14 AM EDT,139,1
Aug 30 2025,4:38:44 AM EDT,49,1
Aug 30 2025,4:44:15 AM EDT,171,0
Aug 30 2025,4:47:13 AM EDT,61,0
Aug 30 2025,5:12:53 AM EDT,121,1
Aug 30 2025,5:13:15 AM EDT,31,0
Aug 30 2025,5:13:35 AM EDT,100,1
Aug 30 2025,5:20:13 AM EDT,66,1
Aug 30 2025,5:20:50 AM EDT,101,1
Aug 30 2025,5:21:27 AM EDT,140,1
Aug 30 2025,5:22:31 AM EDT,140,1
Aug 30 2025,5:24:03 AM EDT,114,1
Aug 30 2025,5:25:39 AM EDT,32,0
Aug 30 2025,5:26:40 AM EDT,140,1
Aug 30 2025,5:30:11 AM EDT,139,1
Aug 30 2025,5:30:38 AM EDT,140,1
Aug 30 2025,5:34:55 AM EDT,46,0
Aug 30 2025,5:36:15 AM EDT,140,1
Aug 30 2025,5:38:24 AM EDT,140,1
Aug 30 2025,6:07:49 AM EDT,28,0
Aug 30 2025,7:45:15 AM EDT,140,1
Aug 30 2025,7:45:42 AM EDT,40,0
Aug 30 2025,7:47:05 AM EDT,140,1
Aug 30 2025,7:47:13 AM EDT,139,1
Aug 30 2025,7:47:58 AM EDT,132,1
Aug 30 2025,7:49:04 AM EDT,102,1
Aug 30 2025,7:49:59 AM EDT,140,1
Aug 30 2025,7:50:43 AM EDT,122,1
Aug 30 2025,7:51:18 AM EDT,140,1
Aug 30 2025,7:52:59 AM EDT,139,1
Aug 30 2025,7:53:28 AM EDT,43,0
Aug 30 2025,11:51:27 AM EDT,135,1
Aug 30 2025,12:02:35 PM EDT,105,0
Aug 30 2025,12:04:05 PM EDT,85,1
Aug 30 2025,12:22:17 PM EDT,140,1
Aug 30 2025,12:37:35 PM EDT,118,1
Aug 30 2025,12:37:55 PM EDT,139,1
Aug 30 2025,12:57:53 PM EDT,140,1
Aug 30 2025,1:01:49 PM EDT,111,1
Aug 30 2025,1:17:57 PM EDT,140,1
Aug 30 2025,1:20:25 PM EDT,139,1
Aug 30 2025,1:21:11 PM EDT,140,1
Aug 30 2025,1:22:10 PM EDT,140,1
Aug 30 2025,1:25:22 PM EDT,97,1
Aug 30 2025,1:25:47 PM EDT,129,1
Aug 30 2025,1:27:30 PM EDT,103,1
Aug 30 2025,1:28:42 PM EDT,44,1
Aug 30 2025,1:30:24 PM EDT,76,0
Aug 30 2025,1:33:19 PM EDT,70,0
Aug 30 2025,1:40:37 PM EDT,139,1
Aug 30 2025,5:28:32 PM EDT,57,1
Aug 30 2025,5:30:33 PM EDT,140,1
Aug 30 2025,5:33:07 PM EDT,140,1
Aug 30 2025,5:33:53 PM EDT,110,1
Aug 30 2025,5:35:09 PM EDT,26,0
Aug 30 2025,5:36:13 PM EDT,38,0
Aug 30 2025,5:36:49 PM EDT,140,1
Aug 30 2025,5:37:34 PM EDT,56,0
Aug 30 2025,5:38:17 PM EDT,42,1
Aug 30 2025,5:38:51 PM EDT,59,1
Aug 30 2025,5:40:04 PM EDT,140,1
Aug 30 2025,5:40:27 PM EDT,143,1
Aug 30 2025,5:42:35 PM EDT,150,0
Aug 30 2025,5:44:27 PM EDT,70,0
Aug 30 2025,5:47:03 PM EDT,140,1
Aug 30 2025,5:47:35 PM EDT,140,1
Aug 30 2025,5:51:53 PM EDT,49,0
Aug 30 2025,5:55:51 PM EDT,112,0
Aug 30 2025,5:58:49 PM EDT,140,1
Aug 30 2025,5:59:34 PM EDT,140,1
Aug 30 2025,7:12:34 PM EDT,139,1
Aug 30 2025,7:14:59 PM EDT,54,1
Aug 30 2025,7:15:09 PM EDT,56,1
Aug 30 2025,7:30:24 PM EDT,27,0
Aug 30 2025,8:15:40 PM EDT,34,0
Aug 30 2025,8:16:50 PM EDT,28,0
Aug 30 2025,8:17:35 PM EDT,140,1
Aug 30 2025,8:18:01 PM EDT,56,1
Aug 30 2025,8:20:14 PM EDT,77,0
Aug 30 2025,8:21:55 PM EDT,140,1
Aug 30 2025,8:22:41 PM EDT,140,1
Aug 30 2025,8:24:51 PM EDT,140,1
Aug 30 2025,8:26:14 PM EDT,138,1
Aug 30 2025,8:26:50 PM EDT,27,0
Aug 30 2025,8:43:34 PM EDT,140,1
Aug 30 2025,8:51:20 PM EDT,25,0
Aug 30 2025,8:52:34 PM EDT,140,1
Aug 30 2025,8:53:04 PM EDT,139,1
Aug 30 2025,9:18:05 PM EDT,59,1
Aug 30 2025,9:18:58 PM EDT,50,1
Aug 30 2025,9:21:26 PM EDT,25,0
Aug 30 2025,9:23:10 PM EDT,123,1
Aug 30 2025,9:26:00 PM EDT,79,1
Aug 31 2025,1:55:28 AM EDT,131,1
Aug 31 2025,1:57:29 AM EDT,53,0
Aug 31 2025,2:07:51 AM EDT,81,1
Aug 31 2025,2:11:18 AM EDT,140,1
Aug 31 2025,2:15:47 AM EDT,140,1
Aug 31 2025,2:18:46 AM EDT,94,1
Aug 31 2025,2:42:58 AM EDT,85,1
Aug 31 2025,2:44:08 AM EDT,140,1
Aug 31 2025,2:44:51 AM EDT,129,1
Aug 31 2025,2:45:56 AM EDT,140,1
Aug 31 2025,2:46:29 AM EDT,125,1
Aug 31 2025,2:48:12 AM EDT,124,1
Aug 31 2025,2:48:50 AM EDT,140,1
Aug 31 2025,2:50:43 AM EDT,140,1
Aug 31 2025,2:53:22 AM EDT,61,0
Aug 31 2025,3:05:20 AM EDT,140,1
Aug 31 2025,3:06:22 AM EDT,140,1
Aug 31 2025,3:28:52 AM EDT,25,0
Aug 31 2025,3:51:52 AM EDT,89,1
Aug 31 2025,3:52:51 AM EDT,140,1
Aug 31 2025,3:55:22 AM EDT,34,0
Aug 31 2025,3:55:44 AM EDT,28,0
Aug 31 2025,4:07:47 AM EDT,74,1
Aug 31 2025,4:09:58 AM EDT,152,0
Aug 31 2025,4:10:28 AM EDT,121,1
Aug 31 2025,4:11:33 AM EDT,140,1
Aug 31 2025,4:12:08 AM EDT,25,0
Aug 31 2025,4:23:19 AM EDT,44,1
Aug 31 2025,4:33:37 AM EDT,75,0
Aug 31 2025,4:44:03 AM EDT,42,1
Aug 31 2025,4:48:43 AM EDT,104,1
Aug 31 2025,4:57:38 AM EDT,26,0
Aug 31 2025,4:59:08 AM EDT,139,1
Aug 31 2025,12:43:28 PM EDT,109,1
Aug 31 2025,12:43:49 PM EDT,111,1
Aug 31 2025,12:45:06 PM EDT,139,1
Aug 31 2025,1:20:40 PM EDT,23,0
Aug 31 2025,1:40:55 PM EDT,139,1
Aug 31 2025,1:41:25 PM EDT,27,0
Aug 31 2025,1:42:54 PM EDT,140,1
Aug 31 2025,1:46:33 PM EDT,153,0
Aug 31 2025,1:49:23 PM EDT,116,0
Aug 31 2025,1:56:36 PM EDT,251,0
Aug 31 2025,1:58:27 PM EDT,140,1
Aug 31 2025,1:58:58 PM EDT,28,0
Aug 31 2025,1:59:18 PM EDT,123,1
Aug 31 2025,1:59:46 PM EDT,48,0
Aug 31 2025,2:00:25 PM EDT,43,0
Aug 31 2025,2:04:50 PM EDT,70,0
Aug 31 2025,2:06:36 PM EDT,140,1
Aug 31 2025,2:07:05 PM EDT,140,1
Aug 31 2025,2:08:02 PM EDT,140,1
Aug 31 2025,5:16:07 PM EDT,49,1
Aug 31 2025,5:17:20 PM EDT,140,1
Aug 31 2025,5:24:14 PM EDT,87,0
Aug 31 2025,5:24:23 PM EDT,140,1
Aug 31 2025,5:27:09 PM EDT,37,0
Aug 31 2025,5:52:58 PM EDT,87,1
Aug 31 2025,5:53:36 PM EDT,32,0
Aug 31 2025,6:15:06 PM EDT,140,1
Aug 31 2025,6:24:31 PM EDT,141,0
Aug 31 2025,6:26:54 PM EDT,140,1
Aug 31 2025,6:26:58 PM EDT,108,1
Aug 31 2025,6:39:48 PM EDT,138,1
Aug 31 2025,6:40:40 PM EDT,140,1
Aug 31 2025,6:59:03 PM EDT,46,0
Aug 31 2025,7:00:01 PM EDT,140,1
Aug 31 2025,7:34:58 PM EDT,140,1
Aug 31 2025,7:35:36 PM EDT,90,1
Aug 31 2025,7:36:48 PM EDT,139,1
Aug 31 2025,7:39:00 PM EDT,140,1
Aug 31 2025,7:39:27 PM EDT,140,1
Aug 31 2025,7:40:57 PM EDT,37,0
Aug 31 2025,7:52:20 PM EDT,140,1
Aug 31 2025,7:53:10 PM EDT,37,0
Aug 31 2025,7:54:01 PM EDT,140,1
Aug 31 2025,8:01:23 PM EDT,85,1
Aug 31 2025,8:35:08 PM EDT,140,1
Aug 31 2025,8:36:01 PM EDT,62,0
Aug 31 2025,8:39:08 PM EDT,56,1
Aug 31 2025,9:35:18 PM EDT,78,0
Aug 31 2025,9:36:01 PM EDT,25,0
Sep 1 2025,12:50:49 AM EDT,85,1
Sep 1 2025,12:53:32 AM EDT,112,0
Sep 1 2025,1:04:10 AM EDT,68,0
Sep 1 2025,1:05:11 AM EDT,28,0
Sep 1 2025,1:31:25 AM EDT,62,0
Sep 1 2025,1:33:59 AM EDT,140,1
Sep 1 2025,1:35:15 AM EDT,128,1
Sep 1 2025,1:39:22 AM EDT,140,1
Sep 1 2025,1:40:42 AM EDT,107,1
Sep 1 2025,1:52:30 AM EDT,140,1
Sep 1 2025,1:52:45 AM EDT,140,1
Sep 1 2025,1:57:46 AM EDT,255,0
Sep 1 2025,2:01:35 AM EDT,27,0
Sep 1 2025,2:03:10 AM EDT,45,0
Sep 1 2025,2:03:51 AM EDT,140,1
Sep 1 2025,2:05:16 AM EDT,140,1
Sep 1 2025,2:06:59 AM EDT,32,0
Sep 1 2025,2:07:31 AM EDT,140,1
Sep 1 2025,2:09:38 AM EDT,138,1
Sep 1 2025,2:10:46 AM EDT,42,0
Sep 1 2025,2:14:36 AM EDT,52,0
Sep 1 2025,2:24:06 AM EDT,206,0
Sep 1 2025,2:30:49 AM EDT,102,1
Sep 1 2025,2:31:19 AM EDT,25,0
Sep 1 2025,2:32:25 AM EDT,25,0
Sep 1 2025,2:38:28 AM EDT,63,0
Sep 1 2025,2:40:08 AM EDT,99,0
Sep 1 2025,2:43:35 AM EDT,140,1
Sep 1 2025,2:46:12 AM EDT,51,0
Sep 1 2025,2:48:06 AM EDT,36,1
Sep 1 2025,11:42:54 AM EDT,140,1
Sep 1 2025,12:17:42 PM EDT,140,1
Sep 1 2025,12:27:11 PM EDT,136,1
Sep 1 2025,12:28:03 PM EDT,140,1
Sep 1 2025,12:46:48 PM EDT,140,1
Sep 1 2025,12:49:09 PM EDT,33,0
Sep 1 2025,4:01:37 PM EDT,34,1
Sep 1 2025,4:03:13 PM EDT,140,1
Sep 1 2025,4:11:45 PM EDT,23,0
Sep 1 2025,4:14:25 PM EDT,140,1
Sep 1 2025,4:15:51 PM EDT,70,0
Sep 1 2025,4:21:21 PM EDT,140,1
Sep 1 2025,4:22:55 PM EDT,80,0
Sep 1 2025,4:28:28 PM EDT,140,1
Sep 1 2025,4:29:41 PM EDT,140,1
Sep 1 2025,4:41:37 PM EDT,86,0
Sep 1 2025,4:42:48 PM EDT,27,0
Sep 1 2025,4:48:02 PM EDT,23,0
Sep 1 2025,4:59:36 PM EDT,140,1
Sep 1 2025,7:13:28 PM EDT,140,1
Sep 1 2025,7:13:57 PM EDT,102,1
Sep 1 2025,7:14:28 PM EDT,140,1
Sep 1 2025,7:16:49 PM EDT,140,1
Sep 1 2025,7:22:06 PM EDT,140,1
Sep 1 2025,7:54:40 PM EDT,51,0
Sep 1 2025,8:50:19 PM EDT,39,1
Sep 1 2025,8:52:54 PM EDT,150,0
Sep 1 2025,8:53:40 PM EDT,138,1
Sep 1 2025,9:13:04 PM EDT,30,0
Sep 1 2025,11:50:25 PM EDT,140,1
Sep 2 2025,12:24:50 AM EDT,139,1
Sep 2 2025,12:27:16 AM EDT,25,0
Sep 2 2025,12:33:19 AM EDT,140,1
Sep 2 2025,9:07:20 AM EDT,36,0
Sep 2 2025,9:08:26 AM EDT,140,1
Sep 2 2025,9:11:10 AM EDT,68,0
Sep 2 2025,9:23:58 AM EDT,140,1
Sep 2 2025,9:24:58 AM EDT,140,1
Sep 2 2025,9:28:48 AM EDT,152,0
Sep 2 2025,10:02:43 AM EDT,38,0
Sep 2 2025,10:06:04 AM EDT,78,0
Sep 2 2025,10:07:07 AM EDT,68,0
Sep 2 2025,10:09:20 AM EDT,39,0
Sep 2 2025,10:10:10 AM EDT,54,0
Sep 2 2025,10:20:53 AM EDT,139,1
Sep 2 2025,10:22:35 AM EDT,140,1
Sep 2 2025,10:22:54 AM EDT,140,1
Sep 2 2025,10:58:15 AM EDT,48,0
Sep 2 2025,11:04:31 AM EDT,255,0
Sep 2 2025,11:20:08 AM EDT,47,0
Sep 2 2025,11:21:16 AM EDT,27,0
Sep 2 2025,11:24:30 AM EDT,140,1
Sep 2 2025,11:28:21 AM EDT,80,0
Sep 2 2025,11:34:04 AM EDT,43,0
Sep 2 2025,11:36:53 AM EDT,139,1
Sep 2 2025,11:38:35 AM EDT,105,1
Sep 2 2025,11:41:21 AM EDT,124,0
Sep 2 2025,11:42:45 AM EDT,140,1
Sep 2 2025,11:53:26 AM EDT,42,0
Sep 2 2025,11:58:04 AM EDT,85,0
Sep 2 2025,11:59:44 AM EDT,156,0
Sep 2 2025,12:07:32 PM EDT,23,0
Sep 2 2025,12:07:54 PM EDT,73,1
Sep 2 2025,12:21:51 PM EDT,140,1
Sep 2 2025,12:25:38 PM EDT,110,0
Sep 2 2025,12:28:51 PM EDT,45,0
Sep 2 2025,12:31:31 PM EDT,132,1
Sep 2 2025,12:32:47 PM EDT,25,0
Sep 2 2025,1:23:59 PM EDT,82,0
Sep 2 2025,1:49:13 PM EDT,37,0
Sep 2 2025,1:51:37 PM EDT,140,1
Sep 2 2025,2:01:45 PM EDT,140,1
Sep 2 2025,2:02:20 PM EDT,140,1
Sep 2 2025,2:09:51 PM EDT,65,0
Sep 2 2025,2:14:27 PM EDT,255,0
Sep 2 2025,2:19:44 PM EDT,140,1
Sep 2 2025,2:45:47 PM EDT,139,1
Sep 2 2025,5:02:44 PM EDT,67,1
Sep 2 2025,5:02:53 PM EDT,140,1
Sep 2 2025,5:05:55 PM EDT,140,1
Sep 2 2025,5:06:04 PM EDT,65,1
Sep 2 2025,5:06:55 PM EDT,140,1
Sep 2 2025,5:15:48 PM EDT,78,1
Sep 3 2025,12:19:54 AM EDT,140,1
Sep 3 2025,12:57:07 AM EDT,119,1
Sep 3 2025,12:57:49 AM EDT,143,1
Sep 3 2025,1:08:28 AM EDT,139,1
Sep 3 2025,1:09:36 AM EDT,140,1
Sep 3 2025,1:24:14 AM EDT,28,0
Sep 3 2025,1:25:56 AM EDT,106,1
Sep 3 2025,1:32:36 AM EDT,44,0
Sep 3 2025,1:42:24 AM EDT,140,1
Sep 3 2025,1:51:35 AM EDT,107,1
Sep 3 2025,1:52:30 AM EDT,25,0
Sep 3 2025,1:53:09 AM EDT,140,1
Sep 3 2025,1:55:20 AM EDT,140,1
Sep 3 2025,1:56:40 AM EDT,139,1
Sep 3 2025,1:59:54 AM EDT,124,1
Sep 3 2025,2:01:12 AM EDT,104,1
Sep 3 2025,2:03:54 AM EDT,140,1
Sep 3 2025,2:06:55 AM EDT,127,1
Sep 3 2025,11:47:44 AM EDT,140,1
Sep 3 2025,12:03:54 PM EDT,139,1
Sep 3 2025,12:11:14 PM EDT,90,1
Sep 3 2025,12:14:27 PM EDT,37,1
Sep 3 2025,1:45:04 PM EDT,25,0
Sep 3 2025,4:08:21 PM EDT,140,1
Sep 3 2025,5:58:09 PM EDT,254,0
Sep 3 2025,6:10:46 PM EDT,140,1
Sep 3 2025,6:16:50 PM EDT,118,0
Sep 3 2025,6:31:52 PM EDT,140,1
Sep 3 2025,11:26:36 PM EDT,53,0
Sep 3 2025,11:28:04 PM EDT,55,0
Sep 4 2025,12:08:48 AM EDT,63,0
Sep 4 2025,4:00:19 AM EDT,23,0
Sep 4 2025,4:19:39 AM EDT,66,0
Sep 4 2025,4:21:44 AM EDT,121,0
Sep 4 2025,4:23:10 AM EDT,73,0
Sep 4 2025,4:33:32 AM EDT,140,1
Sep 4 2025,4:41:26 AM EDT,50,0
Sep 4 2025,4:42:45 AM EDT,30,0
Sep 4 2025,4:50:02 AM EDT,144,1
Sep 4 2025,4:54:42 AM EDT,140,1
Sep 4 2025,4:56:59 AM EDT,131,1
Sep 4 2025,4:58:39 AM EDT,36,1
Sep 4 2025,5:01:27 AM EDT,137,1
Sep 4 2025,5:02:51 AM EDT,58,0
Sep 4 2025,5:14:49 AM EDT,97,0
Sep 4 2025,5:26:56 AM EDT,139,1
Sep 4 2025,5:29:32 AM EDT,130,0
Sep 4 2025,10:50:02 AM EDT,156,0
Sep 4 2025,10:59:15 AM EDT,88,0
Sep 4 2025,11:10:42 AM EDT,255,0
Sep 4 2025,11:12:38 AM EDT,36,1
Sep 4 2025,11:32:51 AM EDT,139,1
Sep 4 2025,11:42:28 AM EDT,23,0
Sep 4 2025,11:44:58 AM EDT,140,1
Sep 4 2025,11:48:25 AM EDT,62,1
Sep 4 2025,11:54:47 AM EDT,138,1
Sep 4 2025,12:07:45 PM EDT,29,0
Sep 4 2025,12:10:11 PM EDT,38,1
Sep 4 2025,12:50:32 PM EDT,57,0
Sep 4 2025,12:54:07 PM EDT,140,1
Sep 4 2025,12:55:59 PM EDT,54,0
Sep 4 2025,12:57:07 PM EDT,140,1
Sep 4 2025,12:59:44 PM EDT,76,1
Sep 4 2025,1:00:32 PM EDT,26,0
Sep 4 2025,5:15:16 PM EDT,140,1
Sep 4 2025,5:17:45 PM EDT,50,1
Sep 4 2025,5:24:54 PM EDT,23,0
Sep 4 2025,5:25:19 PM EDT,140,1
Sep 4 2025,5:26:22 PM EDT,30,0
Sep 4 2025,5:54:49 PM EDT,92,1
Sep 4 2025,5:55:28 PM EDT,139,1
Sep 4 2025,5:56:56 PM EDT,139,1
Sep 4 2025,6:38:20 PM EDT,26,0
Sep 4 2025,10:03:01 PM EDT,38,1
Sep 4 2025,10:20:03 PM EDT,140,1
Sep 4 2025,10:58:32 PM EDT,139,1
Sep 4 2025,10:58:48 PM EDT,127,1
Sep 4 2025,11:08:59 PM EDT,81,1
Sep 5 2025,3:22:24 AM EDT,50,0
Sep 5 2025,3:29:29 AM EDT,94,1
Sep 5 2025,3:30:17 AM EDT,140,1
Sep 5 2025,3:36:19 AM EDT,49,1
Sep 5 2025,3:37:20 AM EDT,51,1
Sep 5 2025,3:39:29 AM EDT,105,1
Sep 5 2025,3:43:46 AM EDT,96,1
Sep 5 2025,3:46:56 AM EDT,43,0
Sep 5 2025,4:01:01 AM EDT,122,1
Sep 5 2025,4:05:08 AM EDT,130,1
Sep 5 2025,4:06:39 AM EDT,140,1
Sep 5 2025,4:09:25 AM EDT,93,0
Sep 5 2025,4:33:37 AM EDT,140,1
Sep 5 2025,4:33:56 AM EDT,128,1
Sep 5 2025,4:47:25 AM EDT,49,1
Sep 5 2025,4:48:53 AM EDT,97,0
Sep 5 2025,4:50:02 AM EDT,78,0
Sep 5 2025,4:59:59 AM EDT,26,0
Sep 5 2025,5:02:33 AM EDT,102,1
Sep 5 2025,9:39:05 AM EDT,36,0
Sep 5 2025,9:54:13 AM EDT,89,0
Sep 5 2025,10:09:30 AM EDT,140,1
Sep 5 2025,10:12:45 AM EDT,140,0
Sep 5 2025,10:17:32 AM EDT,137,1
Sep 5 2025,10:18:35 AM EDT,140,1
Sep 5 2025,10:22:38 AM EDT,49,0
Sep 5 2025,10:44:37 AM EDT,140,1
Sep 5 2025,11:18:34 AM EDT,140,1
Sep 5 2025,12:45:50 PM EDT,140,1
Sep 5 2025,2:13:01 PM EDT,51,0
Sep 5 2025,2:18:39 PM EDT,140,1
Sep 5 2025,2:30:02 PM EDT,138,1
Sep 5 2025,2:33:22 PM EDT,141,0
Sep 5 2025,2:47:36 PM EDT,55,1
Sep 5 2025,3:08:32 PM EDT,80,1
Sep 5 2025,3:14:02 PM EDT,140,1
Sep 5 2025,3:32:01 PM EDT,28,0
Sep 5 2025,3:33:23 PM EDT,140,1
Sep 5 2025,3:39:09 PM EDT,61,0
Sep 5 2025,5:07:26 PM EDT,53,0
Sep 5 2025,9:47:44 PM EDT,26,0
Sep 6 2025,2:20:41 AM EDT,140,1
Sep 6 2025,2:57:46 AM EDT,51,1
Sep 6 2025,3:29:09 AM EDT,140,1
Sep 6 2025,3:34:28 AM EDT,117,1
Sep 6 2025,3:58:38 AM EDT,60,0
Sep 6 2025,4:23:25 AM EDT,140,1
Sep 6 2025,4:36:34 AM EDT,139,1
Sep 6 2025,4:44:58 AM EDT,140,1
Sep 6 2025,1:25:43 PM EDT,109,0
Sep 6 2025,2:15:33 PM EDT,69,1
Sep 6 2025,2:17:45 PM EDT,103,1
Sep 6 2025,3:11:53 PM EDT,140,1
Sep 6 2025,3:11:58 PM EDT,140,1
Sep 6 2025,5:35:30 PM EDT,255,0
Sep 6 2025,6:36:38 PM EDT,26,0
Sep 6 2025,6:38:06 PM EDT,87,1
Sep 6 2025,7:32:46 PM EDT,139,1
Sep 6 2025,8:18:54 PM EDT,79,1
Sep 6 2025,8:26:27 PM EDT,101,1
Sep 6 2025,9:55:08 PM EDT,90,1
Sep 6 2025,10:11:56 PM EDT,118,1
Sep 6 2025,10:13:33 PM EDT,28,0
Sep 7 2025,1:34:55 AM EDT,51,1
Sep 7 2025,1:35:01 AM EDT,140,1
Sep 7 2025,1:37:58 AM EDT,25,0
Sep 7 2025,1:57:45 AM EDT,230,0
Sep 7 2025,1:58:37 AM EDT,25,0
Sep 7 2025,1:59:28 AM EDT,140,1
Sep 7 2025,2:05:29 AM EDT,29,0
Sep 7 2025,2:06:08 AM EDT,140,1
Sep 7 2025,2:06:27 AM EDT,27,0
Sep 7 2025,2:16:39 AM EDT,140,1
Sep 7 2025,2:38:29 AM EDT,79,1
Sep 7 2025,2:42:53 AM EDT,140,1
Sep 7 2025,2:45:48 AM EDT,88,0
Sep 7 2025,2:53:27 AM EDT,92,0
Sep 7 2025,3:01:46 AM EDT,68,1
Sep 7 2025,3:02:19 AM EDT,140,1
Sep 7 2025,11:38:54 AM EDT,28,0
Sep 7 2025,11:43:17 AM EDT,140,1
Sep 7 2025,11:43:44 AM EDT,140,1
Sep 7 2025,11:51:13 AM EDT,233,0
Sep 7 2025,11:58:09 AM EDT,217,0
Sep 7 2025,12:01:51 PM EDT,89,0
Sep 7 2025,5:11:18 PM EDT,44,0
Sep 7 2025,5:49:32 PM EDT,143,1
Sep 7 2025,5:54:00 PM EDT,255,0
Sep 7 2025,5:56:13 PM EDT,27,0
Sep 7 2025,5:56:56 PM EDT,23,0
Sep 7 2025,5:57:25 PM EDT,37,1
Sep 7 2025,7:35:10 PM EDT,28,0
Sep 7 2025,8:17:05 PM EDT,31,0
Sep 7 2025,8:26:25 PM EDT,139,1
Sep 7 2025,8:32:06 PM EDT,140,1
Sep 7 2025,8:56:54 PM EDT,251,0
Sep 7 2025,8:58:54 PM EDT,129,0
Sep 7 2025,11:14:18 PM EDT,21,0
Sep 8 2025,12:35:58 AM EDT,47,0
Sep 8 2025,1:24:09 AM EDT,140,1
Sep 8 2025,1:30:56 AM EDT,173,0
Sep 8 2025,1:50:04 AM EDT,38,0
Sep 8 2025,2:03:11 AM EDT,39,0
Sep 8 2025,2:04:10 AM EDT,18,0
Sep 8 2025,2:10:20 AM EDT,153,0
Sep 8 2025,2:11:35 AM EDT,63,0
Sep 8 2025,2:13:29 AM EDT,85,0
Sep 8 2025,2:20:34 AM EDT,23,0
Sep 8 2025,2:23:21 AM EDT,49,0
Sep 8 2025,2:25:43 AM EDT,139,1
Sep 8 2025,2:26:51 AM EDT,68,1
Sep 8 2025,2:46:27 AM EDT,255,0
Sep 8 2025,2:47:21 AM EDT,25,0
Sep 8 2025,3:00:19 AM EDT,175,0
Sep 8 2025,3:25:15 AM EDT,76,1
Sep 8 2025,3:29:01 AM EDT,140,1
Sep 8 2025,3:31:32 AM EDT,23,0
Sep 8 2025,9:53:12 AM EDT,138,1
Sep 8 2025,10:06:03 AM EDT,140,1
Sep 8 2025,10:48:25 AM EDT,140,1
Sep 8 2025,11:57:29 AM EDT,115,0
Sep 8 2025,2:35:51 PM EDT,140,1
Sep 8 2025,2:47:42 PM EDT,27,0
Sep 8 2025,3:00:46 PM EDT,130,1
Sep 8 2025,3:02:08 PM EDT,81,0
Sep 8 2025,3:05:23 PM EDT,143,0
Sep 8 2025,3:07:34 PM EDT,32,0
Sep 8 2025,3:14:13 PM EDT,180,0
Sep 8 2025,3:16:56 PM EDT,55,1
Sep 8 2025,8:25:23 PM EDT,34,0
Sep 8 2025,8:38:00 PM EDT,23,0
Sep 8 2025,8:41:17 PM EDT,47,0
Sep 8 2025,8:42:21 PM EDT,42,0
Sep 8 2025,8:43:43 PM EDT,42,0
Sep 8 2025,8:59:39 PM EDT,110,1
Sep 8 2025,9:00:51 PM EDT,25,0
Sep 8 2025,9:04:13 PM EDT,140,1
Sep 8 2025,9:05:00 PM EDT,140,1
Sep 8 2025,9:07:34 PM EDT,25,0
Sep 8 2025,9:08:59 PM EDT,140,1
Sep 8 2025,9:12:59 PM EDT,144,1
Sep 8 2025,9:14:43 PM EDT,144,1
Sep 8 2025,9:21:16 PM EDT,140,1
Sep 9 2025,12:15:22 AM EDT,41,0
Sep 9 2025,1:18:02 AM EDT,25,0
Sep 9 2025,1:26:41 AM EDT,44,1
Sep 9 2025,1:27:16 AM EDT,25,0
Sep 9 2025,1:30:06 AM EDT,140,1
Sep 9 2025,1:30:45 AM EDT,140,1
Sep 9 2025,1:33:25 AM EDT,141,0
Sep 9 2025,1:36:17 AM EDT,76,1
Sep 9 2025,1:38:53 AM EDT,71,1
Sep 9 2025,1:44:43 AM EDT,140,1
Sep 9 2025,6:39:06 AM EDT,71,0
Sep 9 2025,6:40:33 AM EDT,140,1
Sep 9 2025,6:44:30 AM EDT,140,1
Sep 9 2025,6:48:40 AM EDT,140,1
Sep 9 2025,6:55:32 AM EDT,183,0
Sep 9 2025,7:09:33 AM EDT,139,1
Sep 9 2025,7:10:48 AM EDT,139,1
Sep 9 2025,7:32:58 AM EDT,139,1
Sep 9 2025,7:34:47 AM EDT,27,0
Sep 9 2025,12:19:10 PM EDT,140,1
Sep 9 2025,12:20:04 PM EDT,140,1
Sep 9 2025,12:38:03 PM EDT,62,1
Sep 9 2025,12:38:41 PM EDT,119,1
Sep 9 2025,1:04:40 PM EDT,32,0
Sep 9 2025,1:52:22 PM EDT,140,1
Sep 9 2025,1:54:07 PM EDT,159,0
Sep 9 2025,2:25:25 PM EDT,92,0
Sep 9 2025,2:29:26 PM EDT,254,0
Sep 9 2025,3:48:49 PM EDT,50,0
Sep 9 2025,3:49:53 PM EDT,36,0
Sep 9 2025,3:50:37 PM EDT,36,1
Sep 9 2025,3:54:02 PM EDT,255,0
Sep 9 2025,6:56:31 PM EDT,175,0
Sep 9 2025,9:17:56 PM EDT,37,1
Sep 10 2025,2:03:23 AM EDT,140,1
Sep 10 2025,2:11:34 AM EDT,25,0
Sep 10 2025,2:13:09 AM EDT,140,1
Sep 10 2025,2:46:45 AM EDT,74,0
Sep 10 2025,3:03:16 AM EDT,139,1
Sep 10 2025,3:07:03 AM EDT,29,0
Sep 10 2025,3:16:50 AM EDT,29,1
Sep 10 2025,3:19:11 AM EDT,139,1
Sep 10 2025,3:20:24 AM EDT,140,1
Sep 10 2025,3:20:46 AM EDT,140,1
Sep 10 2025,3:21:06 AM EDT,140,1
Sep 10 2025,3:22:23 AM EDT,49,1
Sep 10 2025,3:24:53 AM EDT,29,0
Sep 10 2025,3:25:24 AM EDT,25,0
Sep 10 2025,3:26:18 AM EDT,41,0
Sep 10 2025,3:32:35 AM EDT,60,0
Sep 10 2025,3:32:51 AM EDT,139,1
Sep 10 2025,3:33:35 AM EDT,50,0
Sep 10 2025,3:34:44 AM EDT,140,1
Sep 10 2025,3:35:18 AM EDT,25,0
Sep 10 2025,3:37:56 AM EDT,117,0
Sep 10 2025,3:39:46 AM EDT,36,1
Sep 10 2025,3:42:13 AM EDT,139,1
Sep 10 2025,3:43:20 AM EDT,140,1
Sep 10 2025,3:48:31 AM EDT,101,0
Sep 10 2025,3:49:31 AM EDT,133,1
Sep 10 2025,3:55:05 AM EDT,140,1
Sep 10 2025,9:52:58 AM EDT,140,1
Sep 10 2025,10:16:18 AM EDT,140,1
Sep 10 2025,10:16:47 AM EDT,140,1
Sep 10 2025,10:43:29 AM EDT,140,1
Sep 10 2025,10:45:09 AM EDT,110,0
Sep 10 2025,10:49:26 AM EDT,158,0
Sep 10 2025,10:57:20 AM EDT,206,0
Sep 10 2025,11:22:19 AM EDT,140,1
Sep 10 2025,11:30:26 AM EDT,222,0
Sep 10 2025,11:39:15 AM EDT,26,0
Sep 10 2025,3:26:06 PM EDT,55,0
Sep 10 2025,3:28:43 PM EDT,66,0
Sep 10 2025,4:03:04 PM EDT,31,0
Sep 10 2025,6:39:38 PM EDT,140,1
Sep 10 2025,6:49:08 PM EDT,140,1
Sep 10 2025,10:08:09 PM EDT,74,1
Sep 10 2025,11:00:04 PM EDT,64,0
Sep 10 2025,11:16:17 PM EDT,137,1
Sep 11 2025,4:28:47 AM EDT,39,0
Sep 11 2025,4:29:21 AM EDT,140,1
Sep 11 2025,4:58:14 AM EDT,116,1
Sep 11 2025,5:23:24 AM EDT,140,1
Sep 11 2025,5:27:53 AM EDT,140,1
Sep 11 2025,5:33:12 AM EDT,73,1
Sep 11 2025,10:35:35 AM EDT,140,1
Sep 11 2025,10:52:14 AM EDT,139,1
Sep 11 2025,10:53:47 AM EDT,140,1
Sep 11 2025,1:15:26 PM EDT,140,1
Sep 11 2025,4:50:57 PM EDT,140,1
Sep 11 2025,5:00:15 PM EDT,92,0
Sep 11 2025,6:15:43 PM EDT,107,1
Sep 11 2025,8:24:29 PM EDT,140,1
Sep 11 2025,8:25:30 PM EDT,50,0
Sep 12 2025,1:34:41 AM EDT,140,1
Sep 12 2025,2:08:13 AM EDT,140,1
Sep 12 2025,2:24:44 AM EDT,27,0
Sep 12 2025,3:18:08 AM EDT,134,1
Sep 12 2025,4:16:08 AM EDT,140,1
Sep 12 2025,4:25:14 AM EDT,51,1
Sep 12 2025,4:25:31 AM EDT,39,1
Sep 12 2025,9:26:53 AM EDT,26,0
Sep 12 2025,9:32:14 AM EDT,140,1
Sep 12 2025,9:34:16 AM EDT,64,1
Sep 12 2025,9:35:36 AM EDT,138,1
Sep 12 2025,9:48:27 AM EDT,106,0
Sep 12 2025,9:54:17 AM EDT,140,1
Sep 12 2025,9:57:45 AM EDT,140,1
Sep 12 2025,10:14:08 AM EDT,140,1
Sep 12 2025,10:18:09 AM EDT,140,1
Sep 12 2025,10:40:00 AM EDT,140,1
Sep 12 2025,10:48:27 AM EDT,136,1
Sep 12 2025,10:50:37 AM EDT,72,1
Sep 12 2025,10:52:06 AM EDT,140,1
Sep 12 2025,4:46:02 PM EDT,140,1
Sep 12 2025,4:48:25 PM EDT,60,0
Sep 12 2025,5:02:21 PM EDT,29,0
Sep 12 2025,5:50:20 PM EDT,140,1
Sep 12 2025,10:08:41 PM EDT,139,1
Sep 12 2025,11:21:14 PM EDT,139,1
Sep 12 2025,11:24:25 PM EDT,113,1
Sep 12 2025,11:43:32 PM EDT,140,1
Sep 12 2025,11:53:59 PM EDT,34,1
Sep 12 2025,11:57:24 PM EDT,140,1
Sep 13 2025,12:10:32 AM EDT,27,0
Sep 13 2025,12:18:54 AM EDT,62,1
Sep 13 2025,12:19:23 AM EDT,113,1
Sep 13 2025,12:25:03 AM EDT,140,1
Sep 13 2025,12:29:15 AM EDT,65,0
Sep 13 2025,10:12:24 AM EDT,28,0
Sep 13 2025,11:51:54 AM EDT,140,1
Sep 13 2025,11:54:32 AM EDT,82,0
Sep 13 2025,12:27:27 PM EDT,82,0
Sep 13 2025,2:11:19 PM EDT,139,1
Sep 13 2025,2:14:38 PM EDT,140,1
Sep 13 2025,2:14:50 PM EDT,27,0
Sep 13 2025,2:16:16 PM EDT,52,0
Sep 13 2025,2:16:52 PM EDT,34,0
Sep 13 2025,2:25:56 PM EDT,140,1
Sep 13 2025,2:26:29 PM EDT,113,1
Sep 13 2025,2:27:39 PM EDT,135,1
Sep 13 2025,2:39:10 PM EDT,140,1
Sep 13 2025,2:43:15 PM EDT,77,0
Sep 13 2025,2:47:40 PM EDT,31,0
Sep 13 2025,2:48:42 PM EDT,140,1
Sep 13 2025,2:54:28 PM EDT,27,0
Sep 13 2025,3:00:44 PM EDT,144,1
Sep 13 2025,3:01:07 PM EDT,25,0
Sep 13 2025,3:01:38 PM EDT,26,1
Sep 13 2025,3:16:33 PM EDT,140,1
Sep 13 2025,3:37:27 PM EDT,137,1
Sep 13 2025,3:54:40 PM EDT,136,1
Sep 13 2025,4:02:01 PM EDT,30,0
Sep 13 2025,7:32:26 PM EDT,26,0
Sep 13 2025,7:34:15 PM EDT,136,0
Sep 13 2025,7:34:50 PM EDT,140,1
Sep 13 2025,7:37:23 PM EDT,25,0
Sep 13 2025,7:38:19 PM EDT,45,0
Sep 13 2025,7:40:50 PM EDT,25,0
Sep 13 2025,7:42:33 PM EDT,55,0
Sep 13 2025,11:58:01 PM EDT,137,0
Sep 14 2025,12:43:13 AM EDT,28,0
Sep 14 2025,12:55:48 AM EDT,34,0
Sep 14 2025,1:01:31 AM EDT,23,0
Sep 14 2025,1:03:09 AM EDT,49,0
Sep 14 2025,1:08:59 AM EDT,36,0
Sep 14 2025,1:09:28 AM EDT,140,1
Sep 14 2025,1:11:03 AM EDT,38,0
Sep 14 2025,1:11:42 AM EDT,27,0
Sep 14 2025,1:20:40 AM EDT,27,0
Sep 14 2025,1:21:39 AM EDT,140,1
Sep 14 2025,1:26:08 AM EDT,140,1
Sep 14 2025,1:27:42 AM EDT,140,1
Sep 14 2025,1:28:42 AM EDT,23,0
Sep 14 2025,1:30:13 AM EDT,140,1
Sep 14 2025,1:34:00 AM EDT,57,0
Sep 14 2025,1:49:09 AM EDT,56,0
Sep 14 2025,1:55:23 AM EDT,140,1
Sep 14 2025,1:55:55 AM EDT,139,1
Sep 14 2025,3:19:59 AM EDT,31,0
Sep 14 2025,3:21:40 AM EDT,33,0
Sep 14 2025,3:22:23 AM EDT,131,1
Sep 14 2025,3:22:33 AM EDT,140,1
Sep 14 2025,8:15:30 AM EDT,140,1
Sep 14 2025,8:16:58 AM EDT,133,1
Sep 14 2025,8:24:08 AM EDT,28,0
Sep 14 2025,8:34:02 AM EDT,139,1
Sep 14 2025,8:41:53 AM EDT,23,0
Sep 14 2025,8:50:57 AM EDT,223,0
Sep 14 2025,8:55:20 AM EDT,78,0
Sep 14 2025,9:00:50 AM EDT,140,1
Sep 14 2025,9:01:19 AM EDT,111,1
Sep 14 2025,9:03:34 AM EDT,23,0
Sep 14 2025,9:05:01 AM EDT,27,0
Sep 14 2025,9:07:16 AM EDT,140,1
Sep 14 2025,9:09:11 AM EDT,59,0
Sep 14 2025,9:19:12 AM EDT,101,0
Sep 14 2025,9:21:41 AM EDT,34,0
Sep 14 2025,9:22:19 AM EDT,140,1
Sep 14 2025,9:24:47 AM EDT,139,1
Sep 14 2025,9:32:44 AM EDT,140,1
Sep 14 2025,9:35:01 AM EDT,140,1
Sep 14 2025,12:28:27 PM EDT,27,0
Sep 14 2025,12:35:19 PM EDT,140,1
Sep 14 2025,12:36:37 PM EDT,45,0
Sep 14 2025,12:42:08 PM EDT,140,1
Sep 14 2025,12:43:17 PM EDT,27,0
Sep 14 2025,4:13:24 PM EDT,36,0
Sep 14 2025,4:13:26 PM EDT,28,0
Sep 14 2025,4:25:41 PM EDT,140,1
Sep 14 2025,4:28:01 PM EDT,155,1
Sep 14 2025,4:29:09 PM EDT,74,1
Sep 14 2025,4:40:06 PM EDT,138,1
Sep 14 2025,4:41:03 PM EDT,140,1
Sep 14 2025,6:17:11 PM EDT,61,1
Sep 14 2025,6:18:32 PM EDT,28,0
Sep 14 2025,6:19:38 PM EDT,140,1
Sep 14 2025,6:21:25 PM EDT,85,1
Sep 14 2025,6:31:47 PM EDT,23,0
Sep 15 2025,2:46:04 AM EDT,47,0
Sep 15 2025,2:50:57 AM EDT,23,0
Sep 15 2025,3:07:28 AM EDT,54,0
Sep 15 2025,3:10:19 AM EDT,140,1
Sep 15 2025,3:13:57 AM EDT,25,0
Sep 15 2025,3:32:45 AM EDT,44,1
Sep 15 2025,3:35:02 AM EDT,25,0
Sep 15 2025,3:41:57 AM EDT,98,1
Sep 15 2025,3:45:46 AM EDT,140,1
Sep 15 2025,3:48:09 AM EDT,140,0
Sep 15 2025,3:48:50 AM EDT,25,0
Sep 15 2025,9:17:28 AM EDT,43,0
Sep 15 2025,9:21:49 AM EDT,140,1
Sep 15 2025,9:22:13 AM EDT,140,1
Sep 15 2025,9:43:20 AM EDT,140,1
Sep 15 2025,10:01:23 AM EDT,71,1
Sep 15 2025,10:09:43 AM EDT,72,0
Sep 15 2025,12:42:00 PM EDT,109,1
Sep 15 2025,12:47:15 PM EDT,102,1
Sep 15 2025,12:49:57 PM EDT,140,1
Sep 15 2025,3:22:04 PM EDT,83,0
Sep 15 2025,3:22:41 PM EDT,41,0
Sep 15 2025,3:27:26 PM EDT,23,0
Sep 15 2025,3:30:34 PM EDT,138,0
Sep 15 2025,3:32:14 PM EDT,25,0
Sep 15 2025,3:34:51 PM EDT,140,1
Sep 15 2025,7:02:56 PM EDT,23,0
Sep 15 2025,8:30:21 PM EDT,89,1
Sep 15 2025,8:40:30 PM EDT,140,1
Sep 15 2025,8:42:33 PM EDT,140,1
Sep 15 2025,8:44:46 PM EDT,140,1
Sep 15 2025,9:11:03 PM EDT,32,0
Sep 15 2025,10:51:44 PM EDT,66,1
Sep 15 2025,10:53:41 PM EDT,58,1
Sep 15 2025,10:58:03 PM EDT,49,0
Sep 15 2025,11:52:27 PM EDT,140,1
Sep 16 2025,12:00:57 AM EDT,140,1
Sep 16 2025,12:30:42 AM EDT,65,0
Sep 16 2025,12:34:12 AM EDT,70,1
Sep 16 2025,12:56:26 AM EDT,140,1
Sep 16 2025,1:47:17 AM EDT,140,1
Sep 16 2025,8:00:46 AM EDT,140,1
Sep 16 2025,8:14:02 AM EDT,140,1
Sep 16 2025,8:19:15 AM EDT,93,0
Sep 16 2025,9:08:13 AM EDT,27,0
Sep 16 2025,9:08:31 AM EDT,122,1
Sep 16 2025,9:13:23 AM EDT,140,1
Sep 16 2025,9:19:34 AM EDT,140,1
Sep 16 2025,9:33:45 AM EDT,140,1
Sep 16 2025,9:34:04 AM EDT,121,1
Sep 16 2025,9:39:48 AM EDT,140,1
Sep 16 2025,9:40:06 AM EDT,140,1
Sep 16 2025,9:40:25 AM EDT,140,1
Sep 16 2025,3:34:41 PM EDT,41,0
Sep 17 2025,1:53:47 AM EDT,23,0
Sep 17 2025,1:54:05 AM EDT,139,1
Sep 17 2025,1:54:31 AM EDT,140,1
Sep 17 2025,1:55:38 AM EDT,140,1
Sep 17 2025,2:11:28 AM EDT,61,0
Sep 17 2025,2:17:01 AM EDT,140,1
Sep 17 2025,2:21:34 AM EDT,136,0
Sep 17 2025,2:26:36 AM EDT,139,1
Sep 17 2025,2:33:54 AM EDT,118,1
Sep 17 2025,2:36:27 AM EDT,110,0
Sep 17 2025,2:38:22 AM EDT,140,1
Sep 17 2025,2:38:53 AM EDT,33,0
Sep 17 2025,9:15:58 AM EDT,42,0
Sep 17 2025,9:44:53 AM EDT,137,1
Sep 17 2025,9:46:01 AM EDT,50,0
Sep 17 2025,9:51:03 AM EDT,140,1
Sep 17 2025,10:00:58 AM EDT,140,1
Sep 17 2025,10:22:26 AM EDT,33,0
Sep 17 2025,10:35:17 AM EDT,35,0
Sep 17 2025,10:44:42 AM EDT,139,1
Sep 17 2025,10:45:36 AM EDT,50,0
Sep 17 2025,10:49:40 AM EDT,28,0
Sep 17 2025,10:52:37 AM EDT,46,0
Sep 17 2025,10:53:01 AM EDT,140,1
Sep 17 2025,10:54:29 AM EDT,140,1
Sep 17 2025,10:56:00 AM EDT,83,0
Sep 17 2025,10:58:51 AM EDT,70,0
Sep 17 2025,11:00:53 AM EDT,60,0
Sep 17 2025,12:58:11 PM EDT,43,0
Sep 17 2025,1:12:57 PM EDT,140,1
Sep 17 2025,1:15:36 PM EDT,207,0
Sep 17 2025,8:36:26 PM EDT,140,1
Sep 18 2025,3:37:34 AM EDT,92,1
Sep 18 2025,3:38:00 AM EDT,36,1
Sep 18 2025,3:42:02 AM EDT,140,1
Sep 18 2025,4:02:49 AM EDT,69,1
Sep 18 2025,4:05:33 AM EDT,118,0
Sep 18 2025,4:05:48 AM EDT,27,0
Sep 18 2025,4:07:01 AM EDT,139,1
Sep 18 2025,4:09:20 AM EDT,117,0
Sep 18 2025,4:12:33 AM EDT,140,1
Sep 18 2025,4:16:08 AM EDT,67,0
Sep 18 2025,4:18:03 AM EDT,96,1
Sep 18 2025,4:22:39 AM EDT,63,1
Sep 18 2025,4:22:56 AM EDT,58,1
Sep 18 2025,4:45:50 AM EDT,136,1
Sep 18 2025,9:43:48 AM EDT,140,1
Sep 18 2025,9:51:38 AM EDT,23,0
Sep 18 2025,9:57:06 AM EDT,139,1
Sep 18 2025,10:25:10 AM EDT,103,1
Sep 18 2025,10:28:18 AM EDT,39,0
Sep 18 2025,10:35:31 AM EDT,23,0
Sep 18 2025,10:36:28 AM EDT,27,0
Sep 18 2025,10:51:42 AM EDT,34,0
Sep 18 2025,1:55:13 PM EDT,140,1
Sep 18 2025,1:59:42 PM EDT,140,1
Sep 18 2025,2:01:37 PM EDT,169,0
Sep 18 2025,2:13:40 PM EDT,38,0
Sep 18 2025,2:14:24 PM EDT,140,1
Sep 18 2025,2:18:35 PM EDT,140,1
Sep 18 2025,4:56:15 PM EDT,140,1
Sep 18 2025,4:59:04 PM EDT,64,1
Sep 18 2025,5:00:18 PM EDT,140,1
Sep 18 2025,5:00:47 PM EDT,33,0
Sep 18 2025,5:01:39 PM EDT,140,1
Sep 18 2025,5:44:17 PM EDT,28,0
Sep 18 2025,9:18:32 PM EDT,28,0
Sep 19 2025,2:24:14 AM EDT,55,0
Sep 19 2025,2:28:43 AM EDT,140,1
Sep 19 2025,2:41:27 AM EDT,66,1
Sep 19 2025,3:29:45 AM EDT,104,1
Sep 19 2025,3:30:35 AM EDT,140,1
Sep 19 2025,3:41:28 AM EDT,140,1
Sep 19 2025,3:43:33 AM EDT,140,1
Sep 19 2025,3:47:24 AM EDT,140,1
Sep 19 2025,4:03:14 AM EDT,43,0
Sep 19 2025,4:08:29 AM EDT,139,1
Sep 19 2025,4:18:03 AM EDT,140,1
Sep 19 2025,4:25:11 AM EDT,96,1
Sep 19 2025,4:27:45 AM EDT,83,1
Sep 19 2025,9:48:05 AM EDT,86,0
Sep 19 2025,9:56:13 AM EDT,76,1
Sep 19 2025,10:00:52 AM EDT,58,0
Sep 19 2025,10:01:48 AM EDT,140,1
Sep 19 2025,10:05:26 AM EDT,83,0
Sep 19 2025,10:12:10 AM EDT,140,1
Sep 19 2025,10:23:31 AM EDT,90,1
Sep 19 2025,10:24:58 AM EDT,27,0
Sep 19 2025,10:25:45 AM EDT,140,1
Sep 19 2025,10:31:38 AM EDT,140,1
Sep 19 2025,10:32:21 AM EDT,25,0
Sep 19 2025,10:32:55 AM EDT,79,1
Sep 19 2025,10:35:16 AM EDT,57,1
Sep 19 2025,10:39:25 AM EDT,139,1
Sep 19 2025,10:43:14 AM EDT,76,1
Sep 19 2025,10:49:49 AM EDT,140,1
Sep 19 2025,10:51:09 AM EDT,42,1
Sep 19 2025,10:51:41 AM EDT,140,1
Sep 19 2025,10:54:22 AM EDT,140,1
Sep 19 2025,12:10:54 PM EDT,63,0
Sep 19 2025,12:13:16 PM EDT,138,1
Sep 19 2025,12:48:04 PM EDT,255,0
Sep 19 2025,12:59:47 PM EDT,46,0
Sep 19 2025,1:00:37 PM EDT,61,0
Sep 19 2025,1:01:29 PM EDT,25,0
Sep 19 2025,1:10:26 PM EDT,140,1
Sep 19 2025,1:12:26 PM EDT,39,0
Sep 19 2025,3:06:59 PM EDT,139,1
Sep 19 2025,3:13:08 PM EDT,140,1
Sep 19 2025,3:18:20 PM EDT,139,1
Sep 19 2025,3:44:56 PM EDT,26,0
Sep 19 2025,6:22:07 PM EDT,140,1
Sep 19 2025,6:23:14 PM EDT,140,1
Sep 19 2025,6:24:52 PM EDT,41,0
Sep 19 2025,10:42:48 PM EDT,39,0
Sep 19 2025,10:44:15 PM EDT,25,0
Sep 19 2025,10:45:20 PM EDT,144,1
Sep 19 2025,10:47:39 PM EDT,42,0
Sep 19 2025,10:56:27 PM EDT,62,0
Sep 19 2025,10:57:39 PM EDT,43,0
Sep 20 2025,1:02:36 AM EDT,42,0
Sep 20 2025,1:12:44 AM EDT,130,0
Sep 20 2025,1:14:21 AM EDT,137,1
Sep 20 2025,2:55:17 AM EDT,140,1
Sep 20 2025,3:32:44 AM EDT,140,1
Sep 20 2025,3:33:43 AM EDT,70,0
Sep 20 2025,9:56:08 AM EDT,27,0
Sep 20 2025,12:00:11 PM EDT,140,1
Sep 20 2025,12:06:49 PM EDT,21,1
Sep 20 2025,12:09:01 PM EDT,94,0
Sep 20 2025,12:12:30 PM EDT,75,0
Sep 20 2025,3:35:40 PM EDT,140,1
Sep 20 2025,6:40:44 PM EDT,140,1
Sep 20 2025,6:41:53 PM EDT,144,1
Sep 20 2025,6:52:52 PM EDT,32,0
Sep 20 2025,8:58:25 PM EDT,140,1
Sep 20 2025,9:00:03 PM EDT,83,1
Sep 20 2025,9:00:31 PM EDT,123,1
Sep 20 2025,9:05:09 PM EDT,34,0
Sep 20 2025,9:05:48 PM EDT,139,1
Sep 20 2025,9:06:19 PM EDT,140,1
Sep 20 2025,9:11:12 PM EDT,140,1
Sep 20 2025,9:14:00 PM EDT,25,0
Sep 20 2025,9:22:43 PM EDT,30,0
Sep 20 2025,9:53:04 PM EDT,138,1
Sep 20 2025,9:54:04 PM EDT,115,1
Sep 21 2025,7:37:36 AM EDT,140,1
Sep 21 2025,11:56:56 AM EDT,140,1
Sep 21 2025,12:25:06 PM EDT,144,1
Sep 21 2025,12:27:15 PM EDT,140,1
Sep 21 2025,12:27:24 PM EDT,140,1
Sep 21 2025,12:39:18 PM EDT,140,1
Sep 21 2025,12:41:44 PM EDT,139,1
Sep 21 2025,12:52:41 PM EDT,139,1
Sep 21 2025,1:20:39 PM EDT,61,1
Sep 21 2025,1:23:56 PM EDT,140,1
Sep 21 2025,1:28:43 PM EDT,140,1
Sep 21 2025,1:40:36 PM EDT,139,1
Sep 21 2025,1:45:48 PM EDT,157,0
Sep 21 2025,2:15:46 PM EDT,61,0
Sep 21 2025,3:49:51 PM EDT,140,1
Sep 21 2025,3:50:10 PM EDT,143,1
Sep 21 2025,5:57:10 PM EDT,47,0
Sep 21 2025,6:19:31 PM EDT,140,1
Sep 21 2025,6:52:42 PM EDT,35,0
Sep 21 2025,7:36:42 PM EDT,23,0
Sep 21 2025,7:56:13 PM EDT,138,1
Sep 21 2025,8:08:00 PM EDT,69,0
Sep 21 2025,9:37:38 PM EDT,140,1
Sep 21 2025,10:37:23 PM EDT,143,1
Sep 21 2025,10:38:56 PM EDT,72,1
Sep 22 2025,12:30:35 AM EDT,140,1
Sep 22 2025,12:34:37 AM EDT,38,1
Sep 22 2025,12:50:12 AM EDT,55,0
Sep 22 2025,1:02:46 AM EDT,140,1
Sep 22 2025,12:25:53 PM EDT,33,0
Sep 22 2025,11:55:53 PM EDT,27,0
Sep 23 2025,12:33:33 AM EDT,53,0
Sep 23 2025,12:34:18 AM EDT,140,1
Sep 23 2025,12:34:50 AM EDT,144,1
Sep 23 2025,12:55:41 AM EDT,38,0
Sep 23 2025,1:26:59 AM EDT,61,0
Sep 23 2025,1:27:40 AM EDT,140,1
Sep 23 2025,1:29:46 AM EDT,74,1
Sep 23 2025,1:30:04 AM EDT,140,1
Sep 23 2025,1:39:04 AM EDT,140,1
Sep 23 2025,1:42:39 AM EDT,140,1
Sep 23 2025,10:45:16 AM EDT,139,1
Sep 23 2025,10:47:39 AM EDT,55,0
Sep 23 2025,10:52:28 AM EDT,70,0
Sep 23 2025,10:52:34 AM EDT,140,1
Sep 23 2025,11:07:30 AM EDT,34,0
Sep 23 2025,11:08:53 AM EDT,140,1
Sep 23 2025,1:19:26 PM EDT,127,1
Sep 23 2025,1:20:09 PM EDT,139,1
Sep 23 2025,1:21:41 PM EDT,112,1
Sep 23 2025,1:48:05 PM EDT,140,1
Sep 24 2025,1:22:56 AM EDT,140,1
Sep 24 2025,2:57:39 AM EDT,23,0
Sep 24 2025,6:50:30 PM EDT,140,1
Sep 24 2025,6:56:39 PM EDT,48,1
Sep 25 2025,12:27:51 AM EDT,140,1
Sep 25 2025,3:52:02 AM EDT,137,0
Sep 25 2025,3:53:17 AM EDT,32,0
Sep 25 2025,4:16:41 AM EDT,140,1
Sep 25 2025,4:31:03 AM EDT,139,1
Sep 25 2025,4:31:13 AM EDT,144,1
Sep 25 2025,4:52:07 AM EDT,63,1
Sep 25 2025,4:53:58 AM EDT,140,1
Sep 25 2025,4:55:02 AM EDT,57,1
Sep 25 2025,5:01:04 AM EDT,76,1
Sep 25 2025,5:25:06 AM EDT,23,0
Sep 25 2025,5:26:55 AM EDT,84,1
Sep 25 2025,12:08:50 PM EDT,140,1
Sep 25 2025,12:10:53 PM EDT,53,0
Sep 25 2025,12:12:39 PM EDT,87,0
Sep 25 2025,4:58:05 PM EDT,140,1
Sep 26 2025,3:10:40 AM EDT,95,0
Sep 26 2025,3:21:15 AM EDT,38,0
Sep 26 2025,3:26:01 AM EDT,87,1
Sep 26 2025,3:29:29 AM EDT,64,0
Sep 26 2025,3:30:49 AM EDT,140,1
Sep 26 2025,3:39:16 AM EDT,27,0
Sep 26 2025,9:50:43 AM EDT,134,1
Sep 26 2025,9:54:38 AM EDT,139,1
Sep 26 2025,9:55:42 AM EDT,140,1
Sep 26 2025,10:08:55 AM EDT,83,0
Sep 26 2025,10:12:26 AM EDT,140,1
Sep 26 2025,10:14:05 AM EDT,140,1
Sep 26 2025,10:18:32 AM EDT,108,1
Sep 26 2025,10:19:14 AM EDT,61,0
Sep 26 2025,10:24:43 AM EDT,140,1
Sep 26 2025,10:25:40 AM EDT,140,1
Sep 26 2025,10:27:13 AM EDT,90,1
Sep 26 2025,10:28:01 AM EDT,140,1
Sep 26 2025,10:38:40 PM EDT,140,1
Sep 26 2025,10:39:17 PM EDT,39,1
Sep 27 2025,12:39:14 AM EDT,41,0
Sep 27 2025,12:40:49 AM EDT,139,1
Sep 27 2025,4:04:37 AM EDT,140,1
Sep 27 2025,4:08:18 AM EDT,140,1
Sep 27 2025,4:10:15 AM EDT,139,1
Sep 27 2025,4:12:32 AM EDT,140,1
Sep 27 2025,4:17:07 AM EDT,140,1
Sep 27 2025,4:56:51 AM EDT,28,0
Sep 27 2025,4:58:10 AM EDT,31,0
Sep 27 2025,5:05:11 AM EDT,63,1
Sep 27 2025,5:11:42 AM EDT,76,0
Sep 27 2025,5:14:36 AM EDT,46,0
Sep 27 2025,2:30:11 PM EDT,255,0
Sep 27 2025,2:30:27 PM EDT,62,1
Sep 27 2025,6:10:55 PM EDT,36,0
Sep 27 2025,6:14:38 PM EDT,95,0
Sep 27 2025,6:15:29 PM EDT,140,1
Sep 28 2025,1:45:10 AM EDT,139,1
Sep 28 2025,2:34:22 AM EDT,139,1
Sep 28 2025,2:36:26 AM EDT,140,1
Sep 28 2025,2:40:26 AM EDT,140,1
Sep 28 2025,2:41:35 AM EDT,84,1
Sep 28 2025,8:20:52 AM EDT,27,0
Sep 28 2025,8:26:49 AM EDT,140,1
Sep 28 2025,8:27:00 AM EDT,140,1
Sep 28 2025,8:29:31 AM EDT,126,1
Sep 28 2025,3:01:01 PM EDT,95,0
Sep 28 2025,3:18:21 PM EDT,67,0
Sep 28 2025,3:21:23 PM EDT,25,0
Sep 28 2025,3:22:32 PM EDT,66,1
Sep 28 2025,3:22:51 PM EDT,39,1
Sep 28 2025,3:23:09 PM EDT,31,0
Sep 28 2025,3:23:44 PM EDT,140,1
Sep 28 2025,3:24:04 PM EDT,139,1
Sep 28 2025,3:25:30 PM EDT,81,0
Sep 28 2025,3:26:30 PM EDT,140,1
Sep 28 2025,3:27:29 PM EDT,28,0
Sep 28 2025,3:27:51 PM EDT,26,0
Sep 28 2025,3:28:58 PM EDT,140,1
Sep 28 2025,3:41:20 PM EDT,82,1
Sep 28 2025,3:43:26 PM EDT,31,1
Sep 28 2025,3:52:26 PM EDT,140,1
Sep 28 2025,5:39:57 PM EDT,140,1
Sep 28 2025,5:40:14 PM EDT,65,1
Sep 28 2025,5:41:38 PM EDT,71,0
Sep 28 2025,5:44:47 PM EDT,140,1
Sep 28 2025,5:46:12 PM EDT,140,1
Sep 28 2025,6:02:49 PM EDT,139,1
Sep 28 2025,6:07:07 PM EDT,139,1
Sep 28 2025,6:08:43 PM EDT,29,0
Sep 28 2025,6:23:45 PM EDT,87,0
Sep 29 2025,12:05:33 AM EDT,27,0
Sep 29 2025,12:06:22 AM EDT,140,1
Sep 29 2025,12:09:28 AM EDT,140,1
Sep 29 2025,12:09:45 AM EDT,46,1
Sep 29 2025,12:17:48 AM EDT,46,1
Sep 29 2025,1:25:46 AM EDT,103,0
Sep 29 2025,1:26:50 AM EDT,140,1
Sep 29 2025,1:50:12 AM EDT,128,1
Sep 29 2025,10:40:24 PM EDT,31,0
Sep 29 2025,11:12:14 PM EDT,140,1
Sep 30 2025,1:23:33 AM EDT,85,1
Sep 30 2025,1:27:43 AM EDT,140,1
Sep 30 2025,1:28:31 AM EDT,38,0
Sep 30 2025,1:28:49 AM EDT,140,1
Sep 30 2025,1:29:15 AM EDT,27,0
Sep 30 2025,1:29:53 AM EDT,23,0
Sep 30 2025,1:30:28 AM EDT,48,0
Sep 30 2025,1:30:43 AM EDT,140,1
Sep 30 2025,1:31:34 AM EDT,37,0
Sep 30 2025,1:43:26 AM EDT,140,1
Sep 30 2025,1:43:53 AM EDT,28,0
Sep 30 2025,1:44:23 AM EDT,140,1
Sep 30 2025,1:45:44 AM EDT,140,1
Sep 30 2025,1:46:21 AM EDT,36,1
Sep 30 2025,1:46:46 AM EDT,140,1
Sep 30 2025,7:38:26 AM EDT,139,1
Sep 30 2025,7:39:39 AM EDT,95,1
Sep 30 2025,7:40:18 AM EDT,47,0
Sep 30 2025,7:43:29 AM EDT,135,1
Sep 30 2025,7:45:52 AM EDT,97,0
Sep 30 2025,7:49:06 AM EDT,189,0
Sep 30 2025,7:50:14 AM EDT,49,0
Sep 30 2025,7:54:00 AM EDT,140,1
Sep 30 2025,7:56:28 AM EDT,32,0
Sep 30 2025,8:24:18 AM EDT,25,0
Sep 30 2025,8:59:03 AM EDT,140,1
Sep 30 2025,2:05:50 PM EDT,148,1
Sep 30 2025,2:23:41 PM EDT,78,0
Sep 30 2025,2:26:56 PM EDT,255,0
Sep 30 2025,2:38:03 PM EDT,140,1
Sep 30 2025,2:43:45 PM EDT,195,0
Sep 30 2025,2:45:28 PM EDT,140,1
Sep 30 2025,3:03:07 PM EDT,28,0
Sep 30 2025,3:49:18 PM EDT,25,0
Sep 30 2025,3:51:41 PM EDT,94,1
Sep 30 2025,6:14:40 PM EDT,140,1
Sep 30 2025,6:15:01 PM EDT,140,1
Sep 30 2025,6:16:03 PM EDT,91,1
Sep 30 2025,6:17:28 PM EDT,137,1
Sep 30 2025,6:17:49 PM EDT,35,1
Sep 30 2025,6:19:25 PM EDT,42,0
Sep 30 2025,6:19:59 PM EDT,140,1
Sep 30 2025,6:31:10 PM EDT,140,1
Oct 1 2025,2:22:24 AM EDT,44,0
Oct 1 2025,2:24:52 AM EDT,91,0
Oct 1 2025,3:26:49 AM EDT,149,0
Oct 1 2025,3:31:03 AM EDT,47,0
Oct 1 2025,3:35:06 AM EDT,77,1
Oct 1 2025,3:36:07 AM EDT,25,0
Oct 1 2025,3:42:42 AM EDT,66,0
Oct 1 2025,3:43:48 AM EDT,29,0
Oct 1 2025,3:46:36 AM EDT,140,1
Oct 1 2025,3:46:44 AM EDT,127,1
Oct 1 2025,3:47:03 AM EDT,140,1
Oct 1 2025,3:50:52 AM EDT,137,1
Oct 1 2025,3:52:17 AM EDT,23,1
Oct 1 2025,3:54:40 AM EDT,140,1
Oct 1 2025,3:54:57 AM EDT,140,1
Oct 1 2025,5:22:26 AM EDT,47,0
Oct 1 2025,5:25:19 AM EDT,140,1
Oct 1 2025,5:25:54 AM EDT,140,1
Oct 1 2025,5:26:24 AM EDT,140,1
Oct 1 2025,12:40:19 PM EDT,84,0
Oct 1 2025,12:43:00 PM EDT,140,1
Oct 1 2025,12:47:49 PM EDT,179,0
Oct 1 2025,1:27:51 PM EDT,139,1
Oct 1 2025,1:28:10 PM EDT,140,1
Oct 1 2025,1:29:54 PM EDT,24,1
Oct 1 2025,1:30:51 PM EDT,56,0
Oct 1 2025,1:31:59 PM EDT,64,0
Oct 1 2025,1:35:44 PM EDT,130,1
Oct 1 2025,1:42:19 PM EDT,181,0
Oct 1 2025,1:45:42 PM EDT,140,1
Oct 1 2025,1:48:39 PM EDT,38,0
Oct 1 2025,1:49:51 PM EDT,87,0
Oct 1 2025,5:10:43 PM EDT,36,1
Oct 1 2025,5:11:03 PM EDT,140,1
Oct 1 2025,5:11:27 PM EDT,26,0
Oct 1 2025,5:15:09 PM EDT,140,1
Oct 1 2025,6:05:06 PM EDT,1,0
Oct 1 2025,6:11:01 PM EDT,22,0
Oct 1 2025,6:22:12 PM EDT,140,1
Oct 1 2025,6:23:02 PM EDT,89,0
Oct 1 2025,6:36:46 PM EDT,200,0
Oct 1 2025,6:51:36 PM EDT,140,1
Oct 1 2025,6:52:35 PM EDT,138,1
Oct 1 2025,6:52:58 PM EDT,140,1
Oct 1 2025,6:53:22 PM EDT,76,1
Oct 1 2025,6:55:34 PM EDT,33,0
Oct 1 2025,7:01:24 PM EDT,91,0
Oct 1 2025,7:26:30 PM EDT,38,0
Oct 1 2025,7:33:19 PM EDT,26,0
Oct 1 2025,8:16:48 PM EDT,28,0
Oct 1 2025,8:20:03 PM EDT,148,1
Oct 1 2025,8:20:42 PM EDT,140,1
Oct 1 2025,8:22:28 PM EDT,140,1
Oct 1 2025,10:42:03 PM EDT,38,0
Oct 2 2025,1:47:48 AM EDT,140,1
Oct 2 2025,1:48:14 AM EDT,139,1
Oct 2 2025,2:38:17 AM EDT,140,1
Oct 2 2025,2:40:32 AM EDT,127,0
Oct 2 2025,2:41:03 AM EDT,44,0
Oct 2 2025,2:41:31 AM EDT,116,1
Oct 2 2025,2:41:46 AM EDT,25,0
Oct 2 2025,2:42:08 AM EDT,34,0
Oct 2 2025,2:42:53 AM EDT,140,1
Oct 2 2025,2:43:52 AM EDT,29,0
Oct 2 2025,2:44:05 AM EDT,140,1
Oct 2 2025,2:44:47 AM EDT,140,1
Oct 2 2025,2:45:38 AM EDT,58,1
Oct 2 2025,2:47:03 AM EDT,45,0
Oct 2 2025,2:47:43 AM EDT,11,1
Oct 2 2025,2:47:49 AM EDT,140,1
Oct 2 2025,2:49:04 AM EDT,121,1
Oct 2 2025,2:51:57 AM EDT,130,1
Oct 2 2025,2:53:59 AM EDT,113,1
Oct 2 2025,2:54:47 AM EDT,27,0
Oct 2 2025,2:56:56 AM EDT,140,1
Oct 2 2025,2:59:35 AM EDT,140,1
Oct 2 2025,3:06:13 AM EDT,144,1
Oct 2 2025,3:06:50 AM EDT,91,1
Oct 2 2025,3:08:03 AM EDT,39,0
Oct 2 2025,3:08:46 AM EDT,34,0
Oct 2 2025,3:09:57 AM EDT,140,1
Oct 2 2025,3:23:29 AM EDT,140,1
Oct 2 2025,3:23:50 AM EDT,27,0
Oct 2 2025,3:25:16 AM EDT,140,1
Oct 2 2025,3:45:40 AM EDT,85,1
Oct 2 2025,3:49:49 AM EDT,165,0
Oct 2 2025,7:25:52 AM EDT,25,0
Oct 2 2025,7:26:40 AM EDT,28,0
Oct 2 2025,7:30:59 AM EDT,139,1
Oct 2 2025,7:31:53 AM EDT,30,0
Oct 2 2025,7:33:22 AM EDT,138,1
Oct 2 2025,7:34:24 AM EDT,25,0
Oct 2 2025,7:34:51 AM EDT,28,0
Oct 2 2025,5:19:15 PM EDT,146,0
Oct 2 2025,5:22:11 PM EDT,115,0
Oct 2 2025,5:28:01 PM EDT,88,1
Oct 2 2025,5:28:48 PM EDT,34,0
Oct 2 2025,5:38:21 PM EDT,138,1
Oct 2 2025,5:38:52 PM EDT,140,1
Oct 2 2025,5:43:11 PM EDT,26,0
Oct 2 2025,6:02:24 PM EDT,27,0
Oct 2 2025,6:02:53 PM EDT,140,1
Oct 2 2025,6:08:49 PM EDT,37,0
Oct 2 2025,6:10:53 PM EDT,37,0
Oct 2 2025,6:12:03 PM EDT,87,1
Oct 2 2025,6:12:52 PM EDT,75,0
Oct 2 2025,6:14:14 PM EDT,139,1
Oct 2 2025,6:14:46 PM EDT,63,0
Oct 2 2025,6:20:02 PM EDT,140,1
Oct 2 2025,6:27:27 PM EDT,139,1
Oct 2 2025,6:41:21 PM EDT,82,1
Oct 2 2025,6:41:48 PM EDT,140,1
Oct 2 2025,6:43:21 PM EDT,143,1
Oct 2 2025,6:52:46 PM EDT,61,0
Oct 2 2025,7:48:43 PM EDT,31,0
Oct 2 2025,7:49:17 PM EDT,114,1
Oct 2 2025,7:54:09 PM EDT,54,1
Oct 2 2025,8:02:14 PM EDT,139,1
Oct 2 2025,8:09:25 PM EDT,139,1
Oct 2 2025,10:10:28 PM EDT,139,1
Oct 2 2025,10:39:33 PM EDT,107,1
Oct 3 2025,3:43:20 AM EDT,140,1
Oct 3 2025,3:47:16 AM EDT,27,0
Oct 3 2025,4:08:53 AM EDT,56,0
Oct 3 2025,4:13:47 AM EDT,255,0
Oct 3 2025,4:15:27 AM EDT,64,0
Oct 3 2025,4:22:15 AM EDT,199,0
Oct 3 2025,4:22:49 AM EDT,28,0
Oct 3 2025,4:29:18 AM EDT,140,1
Oct 3 2025,4:31:03 AM EDT,140,1
Oct 3 2025,4:33:46 AM EDT,44,1
Oct 3 2025,10:49:32 AM EDT,63,0
Oct 3 2025,10:50:33 AM EDT,27,0
Oct 3 2025,11:00:17 AM EDT,140,1
Oct 3 2025,11:03:07 AM EDT,28,0
Oct 3 2025,11:05:45 AM EDT,140,1
Oct 3 2025,11:07:53 AM EDT,70,0
Oct 4 2025,12:19:49 AM EDT,140,1
Oct 4 2025,12:28:57 AM EDT,140,1
Oct 4 2025,12:39:16 AM EDT,140,1
Oct 4 2025,12:42:37 AM EDT,25,0
Oct 4 2025,12:45:26 AM EDT,28,0
Oct 4 2025,12:45:47 AM EDT,138,1
Oct 4 2025,12:52:59 AM EDT,81,1
Oct 4 2025,1:00:17 AM EDT,140,1
Oct 4 2025,1:00:27 AM EDT,54,0
Oct 4 2025,1:07:13 AM EDT,139,1
Oct 4 2025,1:15:32 AM EDT,32,0
Oct 4 2025,1:15:48 AM EDT,140,1
Oct 4 2025,1:16:08 AM EDT,140,1
Oct 4 2025,1:19:35 AM EDT,67,1
Oct 4 2025,1:24:03 AM EDT,140,1
Oct 4 2025,1:26:00 AM EDT,33,0
Oct 4 2025,1:30:16 AM EDT,36,1
Oct 4 2025,1:35:03 AM EDT,55,0
Oct 4 2025,1:48:42 AM EDT,36,1
Oct 4 2025,2:07:58 AM EDT,78,1
Oct 4 2025,2:10:38 AM EDT,124,1
Oct 4 2025,9:58:25 AM EDT,139,1
Oct 4 2025,10:02:10 AM EDT,140,1
Oct 4 2025,1:57:19 PM EDT,99,0
Oct 4 2025,11:32:10 PM EDT,28,0
Oct 4 2025,11:32:31 PM EDT,139,1
Oct 4 2025,11:43:34 PM EDT,28,0
Oct 4 2025,11:44:47 PM EDT,25,0
Oct 4 2025,11:46:25 PM EDT,40,1
Oct 4 2025,11:47:03 PM EDT,40,0
Oct 4 2025,11:47:18 PM EDT,105,1
Oct 4 2025,11:48:26 PM EDT,54,0
Oct 4 2025,11:49:03 PM EDT,140,1
Oct 4 2025,11:51:08 PM EDT,33,0
Oct 5 2025,12:04:32 AM EDT,139,1
Oct 5 2025,12:08:51 AM EDT,83,1
Oct 5 2025,12:29:08 AM EDT,98,0
Oct 5 2025,12:29:27 AM EDT,140,1
Oct 5 2025,12:31:16 AM EDT,29,0
Oct 5 2025,12:36:12 AM EDT,140,1
Oct 5 2025,12:36:54 AM EDT,140,1
Oct 5 2025,12:37:17 AM EDT,25,0
Oct 5 2025,12:37:29 AM EDT,139,1
Oct 5 2025,12:39:36 AM EDT,33,0
Oct 5 2025,12:42:57 AM EDT,124,1
Oct 5 2025,12:44:48 AM EDT,93,1
Oct 5 2025,12:45:30 AM EDT,140,1
Oct 5 2025,12:45:57 AM EDT,75,1
Oct 5 2025,12:48:34 AM EDT,89,0
Oct 5 2025,12:49:44 AM EDT,140,1
Oct 5 2025,12:50:03 AM EDT,140,1
Oct 5 2025,12:50:40 AM EDT,31,0
Oct 5 2025,1:06:58 AM EDT,139,1
Oct 5 2025,1:08:31 AM EDT,140,1
Oct 5 2025,1:08:53 AM EDT,28,0
Oct 5 2025,1:09:24 AM EDT,140,1
Oct 5 2025,1:10:02 AM EDT,111,1
Oct 5 2025,1:13:35 AM EDT,140,1
Oct 5 2025,1:20:59 AM EDT,140,1
Oct 5 2025,1:22:24 AM EDT,96,1
Oct 5 2025,1:23:02 AM EDT,140,1
Oct 5 2025,7:52:16 AM EDT,127,1
Oct 5 2025,8:20:24 AM EDT,99,0
Oct 5 2025,8:25:00 AM EDT,96,0
Oct 5 2025,8:40:19 AM EDT,34,0
Oct 5 2025,8:41:17 AM EDT,28,0
Oct 5 2025,8:57:22 AM EDT,95,0
Oct 5 2025,8:58:58 AM EDT,27,0
Oct 5 2025,8:59:13 AM EDT,27,0
Oct 5 2025,8:59:50 AM EDT,140,1
Oct 5 2025,9:00:40 AM EDT,139,1
Oct 5 2025,9:09:08 AM EDT,36,1
Oct 5 2025,9:16:10 AM EDT,138,1
Oct 5 2025,9:17:40 AM EDT,45,1
Oct 5 2025,9:19:07 AM EDT,28,0
Oct 5 2025,9:19:23 AM EDT,70,1
Oct 5 2025,9:30:52 AM EDT,144,1
Oct 5 2025,9:31:50 AM EDT,140,1
Oct 5 2025,9:34:54 AM EDT,118,1
Oct 5 2025,9:54:58 AM EDT,86,0
Oct 5 2025,11:48:46 AM EDT,25,0
Oct 5 2025,4:03:09 PM EDT,117,1
Oct 5 2025,4:03:59 PM EDT,131,1
Oct 5 2025,4:06:15 PM EDT,107,0
Oct 5 2025,4:07:42 PM EDT,33,0
Oct 5 2025,6:02:15 PM EDT,140,1
Oct 5 2025,10:59:01 PM EDT,139,1
Oct 5 2025,11:20:47 PM EDT,140,1
Oct 5 2025,11:23:17 PM EDT,138,1
Oct 6 2025,12:07:14 AM EDT,149,1
Oct 6 2025,12:57:29 AM EDT,140,1
Oct 6 2025,1:00:47 AM EDT,88,1
Oct 6 2025,1:02:13 AM EDT,140,1
Oct 6 2025,1:03:05 AM EDT,60,0
Oct 6 2025,1:03:18 AM EDT,140,1
Oct 6 2025,1:05:10 AM EDT,110,0
Oct 6 2025,1:07:05 AM EDT,140,1
Oct 6 2025,1:09:30 AM EDT,85,1
Oct 6 2025,1:10:32 AM EDT,86,1
Oct 6 2025,1:11:22 AM EDT,139,1
Oct 6 2025,1:12:51 AM EDT,53,0
Oct 6 2025,1:22:42 AM EDT,61,1
Oct 6 2025,1:22:54 AM EDT,62,1
Oct 6 2025,1:23:17 AM EDT,23,0
Oct 6 2025,1:25:00 AM EDT,127,1
Oct 6 2025,1:27:39 AM EDT,69,1
Oct 6 2025,9:40:47 AM EDT,28,0
Oct 6 2025,10:26:34 AM EDT,79,0
Oct 6 2025,11:00:55 AM EDT,26,0
Oct 6 2025,11:02:20 AM EDT,45,0
Oct 6 2025,11:03:11 AM EDT,140,1
Oct 6 2025,12:36:03 PM EDT,139,1
Oct 6 2025,12:55:46 PM EDT,113,0
Oct 6 2025,12:57:29 PM EDT,97,1
Oct 6 2025,1:29:20 PM EDT,33,0
Oct 6 2025,1:30:22 PM EDT,25,0
Oct 6 2025,1:36:53 PM EDT,130,1
Oct 6 2025,1:58:33 PM EDT,37,0
Oct 6 2025,2:00:38 PM EDT,71,1
Oct 6 2025,2:02:22 PM EDT,140,1
Oct 6 2025,2:06:23 PM EDT,140,1
Oct 6 2025,2:08:44 PM EDT,37,1
Oct 6 2025,2:09:18 PM EDT,69,1
Oct 6 2025,2:12:19 PM EDT,132,0
Oct 6 2025,2:12:51 PM EDT,52,0
Oct 6 2025,2:13:18 PM EDT,77,1
Oct 6 2025,2:13:35 PM EDT,125,1
Oct 6 2025,2:15:50 PM EDT,140,1
Oct 6 2025,2:17:04 PM EDT,103,1
Oct 7 2025,12:01:14 AM EDT,39,0
Oct 7 2025,12:13:41 AM EDT,52,0
Oct 7 2025,12:16:18 AM EDT,139,1
Oct 7 2025,12:25:46 AM EDT,53,0
Oct 7 2025,12:27:05 AM EDT,66,0
Oct 7 2025,12:32:51 AM EDT,76,1
Oct 7 2025,12:34:24 AM EDT,140,1
Oct 7 2025,12:35:31 AM EDT,28,0
Oct 7 2025,12:35:40 AM EDT,66,1
Oct 7 2025,12:36:14 AM EDT,140,1
Oct 7 2025,12:37:18 AM EDT,80,1
Oct 7 2025,12:38:17 AM EDT,87,1
Oct 7 2025,12:38:42 AM EDT,72,1
Oct 7 2025,12:39:01 AM EDT,36,1
Oct 7 2025,12:39:47 AM EDT,73,1
Oct 7 2025,12:41:39 AM EDT,109,1
Oct 7 2025,12:46:29 AM EDT,45,1
Oct 7 2025,12:47:34 AM EDT,89,0
Oct 7 2025,12:47:52 AM EDT,140,1
Oct 7 2025,12:49:09 AM EDT,81,1
Oct 7 2025,1:12:04 AM EDT,140,1
Oct 7 2025,5:03:50 AM EDT,59,1
Oct 7 2025,9:27:43 AM EDT,140,1
Oct 7 2025,9:43:33 AM EDT,140,1
Oct 7 2025,9:44:05 AM EDT,140,1
Oct 7 2025,11:26:59 AM EDT,255,0
Oct 7 2025,1:10:57 PM EDT,49,0
Oct 7 2025,1:11:36 PM EDT,61,1
Oct 7 2025,1:15:04 PM EDT,136,0
Oct 7 2025,1:18:15 PM EDT,25,0
Oct 7 2025,1:18:50 PM EDT,56,0
Oct 7 2025,1:20:43 PM EDT,140,1
Oct 7 2025,1:22:38 PM EDT,65,0
Oct 7 2025,1:25:45 PM EDT,139,1
Oct 7 2025,1:27:13 PM EDT,149,0
Oct 7 2025,1:28:18 PM EDT,27,0
Oct 7 2025,1:29:52 PM EDT,56,1
Oct 7 2025,1:30:33 PM EDT,96,1
Oct 7 2025,1:31:58 PM EDT,140,1
Oct 7 2025,1:33:37 PM EDT,140,1
Oct 7 2025,1:35:18 PM EDT,96,1
Oct 7 2025,1:35:44 PM EDT,53,0
Oct 7 2025,1:38:04 PM EDT,140,1
Oct 7 2025,2:52:37 PM EDT,46,1
Oct 7 2025,2:53:26 PM EDT,40,0
Oct 7 2025,3:02:02 PM EDT,140,1
Oct 7 2025,3:03:37 PM EDT,140,1
Oct 7 2025,5:21:34 PM EDT,140,1
Oct 7 2025,8:37:15 PM EDT,140,1
Oct 7 2025,8:37:30 PM EDT,92,1
Oct 7 2025,8:42:15 PM EDT,148,1
Oct 7 2025,11:23:45 PM EDT,152,1
Oct 7 2025,11:29:13 PM EDT,140,1
Oct 7 2025,11:32:19 PM EDT,140,1
Oct 7 2025,11:34:01 PM EDT,140,1
Oct 7 2025,11:35:15 PM EDT,73,1
Oct 7 2025,11:36:47 PM EDT,93,1
Oct 8 2025,12:45:58 AM EDT,33,0
Oct 8 2025,12:47:05 AM EDT,139,1
Oct 8 2025,8:13:43 AM EDT,99,0
Oct 8 2025,8:19:57 AM EDT,140,1
Oct 8 2025,8:20:57 AM EDT,96,1
Oct 8 2025,8:21:33 AM EDT,126,1
Oct 8 2025,8:24:42 AM EDT,25,0
Oct 8 2025,8:25:14 AM EDT,149,1
Oct 8 2025,8:25:45 AM EDT,31,0
Oct 8 2025,8:34:16 AM EDT,58,0
Oct 8 2025,8:45:44 AM EDT,57,1
Oct 8 2025,8:47:13 AM EDT,95,0
Oct 8 2025,8:47:49 AM EDT,113,1
Oct 8 2025,8:48:37 AM EDT,140,1
Oct 8 2025,9:51:01 AM EDT,140,1
Oct 8 2025,9:57:58 AM EDT,64,0
Oct 8 2025,10:42:36 AM EDT,122,0
Oct 8 2025,10:43:02 AM EDT,140,1
Oct 8 2025,10:43:28 AM EDT,85,1
Oct 8 2025,11:24:24 AM EDT,94,0
Oct 8 2025,5:46:05 PM EDT,35,0
Oct 8 2025,5:46:28 PM EDT,140,1
Oct 9 2025,12:40:01 AM EDT,62,0
Oct 9 2025,12:45:21 AM EDT,120,0
Oct 9 2025,12:51:22 AM EDT,73,1
Oct 9 2025,12:53:57 AM EDT,55,0
Oct 9 2025,12:54:41 AM EDT,76,0
Oct 9 2025,1:04:25 AM EDT,140,1
Oct 9 2025,1:43:03 AM EDT,93,1
Oct 9 2025,1:43:33 AM EDT,39,0
Oct 9 2025,1:48:35 AM EDT,102,1
Oct 9 2025,1:54:15 AM EDT,73,1
Oct 9 2025,2:03:32 AM EDT,85,1
Oct 9 2025,2:31:51 AM EDT,140,1
Oct 9 2025,2:41:04 AM EDT,161,0
Oct 9 2025,3:00:03 AM EDT,139,1
Oct 9 2025,3:02:06 AM EDT,140,1
Oct 9 2025,3:20:26 AM EDT,31,0
Oct 9 2025,3:21:02 AM EDT,139,1
Oct 9 2025,3:27:23 AM EDT,39,0
Oct 9 2025,3:39:47 AM EDT,66,1
Oct 9 2025,3:43:18 AM EDT,28,0
Oct 9 2025,3:43:42 AM EDT,63,1
Oct 9 2025,3:46:56 AM EDT,75,1
Oct 9 2025,10:00:34 AM EDT,140,1
Oct 9 2025,11:49:58 AM EDT,25,0
Oct 9 2025,12:22:54 PM EDT,71,1
Oct 9 2025,12:24:16 PM EDT,140,1
Oct 9 2025,12:31:25 PM EDT,251,0
Oct 9 2025,12:46:36 PM EDT,61,1
Oct 9 2025,12:47:52 PM EDT,139,1
Oct 9 2025,12:50:18 PM EDT,140,1
Oct 9 2025,1:07:03 PM EDT,140,1
Oct 9 2025,1:07:21 PM EDT,140,1
Oct 9 2025,1:09:40 PM EDT,139,1
Oct 9 2025,1:11:31 PM EDT,118,1
Oct 9 2025,1:21:43 PM EDT,100,1
Oct 9 2025,1:22:05 PM EDT,105,1
Oct 9 2025,5:29:00 PM EDT,87,0
Oct 9 2025,5:30:13 PM EDT,65,1
Oct 9 2025,5:31:08 PM EDT,144,1
Oct 9 2025,5:31:37 PM EDT,140,1
Oct 9 2025,5:32:56 PM EDT,140,1
Oct 9 2025,11:23:09 PM EDT,140,1
Oct 9 2025,11:26:05 PM EDT,37,0
Oct 9 2025,11:29:13 PM EDT,139,1
Oct 9 2025,11:31:46 PM EDT,140,1
Oct 9 2025,11:33:52 PM EDT,149,0
Oct 9 2025,11:35:32 PM EDT,140,1
Oct 10 2025,1:38:07 AM EDT,140,1
Oct 10 2025,1:50:38 AM EDT,140,1
Oct 10 2025,1:55:32 AM EDT,29,0
Oct 10 2025,2:00:11 AM EDT,52,1
Oct 10 2025,2:09:45 AM EDT,140,1
Oct 10 2025,2:14:54 AM EDT,226,0
Oct 10 2025,2:26:05 AM EDT,27,0
Oct 10 2025,2:30:56 AM EDT,45,0
Oct 10 2025,2:35:22 AM EDT,110,1
Oct 10 2025,2:35:37 AM EDT,140,1
Oct 10 2025,2:36:06 AM EDT,25,0
Oct 10 2025,2:37:46 AM EDT,140,1
Oct 10 2025,2:44:43 AM EDT,140,1
Oct 10 2025,2:46:49 AM EDT,140,1
Oct 10 2025,2:53:14 AM EDT,51,1
Oct 10 2025,2:57:10 AM EDT,140,1
Oct 10 2025,2:57:52 AM EDT,87,0
Oct 10 2025,2:58:52 AM EDT,123,1
Oct 10 2025,2:59:10 AM EDT,139,1
Oct 10 2025,2:59:25 AM EDT,140,1
Oct 10 2025,3:02:41 AM EDT,80,1
Oct 10 2025,3:03:37 AM EDT,36,1
Oct 10 2025,3:06:27 AM EDT,140,1
Oct 10 2025,9:27:58 AM EDT,27,0
Oct 10 2025,11:30:24 AM EDT,33,0
Oct 10 2025,12:21:30 PM EDT,140,1
Oct 10 2025,12:24:08 PM EDT,140,1
Oct 10 2025,12:36:45 PM EDT,140,1
Oct 10 2025,6:17:09 PM EDT,140,1
Oct 10 2025,6:17:52 PM EDT,48,0
Oct 10 2025,6:22:33 PM EDT,140,1
Oct 10 2025,6:40:32 PM EDT,25,0
Oct 10 2025,6:49:57 PM EDT,25,0
Oct 10 2025,7:06:54 PM EDT,61,0
Oct 10 2025,7:24:30 PM EDT,28,0
Oct 10 2025,10:28:27 PM EDT,140,1
Oct 10 2025,10:29:33 PM EDT,58,1
Oct 10 2025,10:29:51 PM EDT,53,0
Oct 10 2025,10:31:36 PM EDT,28,0
Oct 11 2025,12:50:28 AM EDT,140,1
Oct 11 2025,12:52:20 AM EDT,92,1
Oct 11 2025,1:16:38 AM EDT,139,1
Oct 11 2025,6:16:54 AM EDT,68,1
Oct 11 2025,6:35:45 AM EDT,139,1
Oct 11 2025,6:37:53 AM EDT,70,1
Oct 11 2025,6:54:46 AM EDT,27,0
Oct 11 2025,6:57:14 AM EDT,140,1
Oct 11 2025,8:38:29 AM EDT,28,0
Oct 11 2025,8:49:10 AM EDT,140,1
Oct 11 2025,8:50:47 AM EDT,140,1
Oct 11 2025,12:54:23 PM EDT,140,1
Oct 11 2025,2:46:08 PM EDT,139,1
Oct 11 2025,2:46:45 PM EDT,81,1
Oct 11 2025,2:47:33 PM EDT,57,0
Oct 11 2025,6:26:33 PM EDT,129,1
Oct 11 2025,10:50:10 PM EDT,38,0
Oct 11 2025,11:53:55 PM EDT,39,0
Oct 11 2025,11:54:51 PM EDT,25,0
Oct 11 2025,11:55:28 PM EDT,140,1
Oct 12 2025,1:18:03 AM EDT,140,1
Oct 12 2025,1:19:28 AM EDT,64,0
Oct 12 2025,1:24:11 AM EDT,63,0
Oct 12 2025,3:11:57 AM EDT,140,1
Oct 12 2025,3:16:10 AM EDT,140,1
Oct 12 2025,3:17:09 AM EDT,75,0
Oct 12 2025,3:38:49 AM EDT,94,0
Oct 12 2025,3:40:12 AM EDT,140,1
Oct 12 2025,3:41:36 AM EDT,140,1
Oct 12 2025,3:47:28 AM EDT,40,0
Oct 12 2025,3:53:02 AM EDT,254,0
Oct 12 2025,5:11:19 AM EDT,25,0
Oct 12 2025,5:11:59 AM EDT,139,1
Oct 12 2025,5:12:33 AM EDT,140,1
Oct 12 2025,5:13:04 AM EDT,95,1
Oct 12 2025,10:51:18 AM EDT,176,0
Oct 12 2025,11:05:19 AM EDT,27,0
Oct 12 2025,11:23:40 AM EDT,140,1
Oct 12 2025,12:54:45 PM EDT,140,1
Oct 12 2025,12:56:47 PM EDT,140,1
Oct 12 2025,12:57:35 PM EDT,32,0
Oct 12 2025,9:36:12 PM EDT,56,0
Oct 12 2025,9:36:25 PM EDT,140,1
Oct 12 2025,9:36:40 PM EDT,140,1
Oct 12 2025,9:37:45 PM EDT,140,1
Oct 12 2025,9:38:14 PM EDT,140,1
Oct 12 2025,9:40:40 PM EDT,112,1
Oct 12 2025,9:40:58 PM EDT,64,1
Oct 12 2025,9:41:07 PM EDT,24,1
Oct 12 2025,11:20:39 PM EDT,53,0
Oct 12 2025,11:20:59 PM EDT,31,0
Oct 12 2025,11:21:31 PM EDT,103,1
Oct 12 2025,11:22:00 PM EDT,140,1
Oct 12 2025,11:22:36 PM EDT,140,1
Oct 12 2025,11:24:09 PM EDT,97,1
Oct 12 2025,11:24:17 PM EDT,140,1
Oct 12 2025,11:25:49 PM EDT,74,1
Oct 12 2025,11:26:49 PM EDT,87,0
Oct 13 2025,6:15:27 AM EDT,133,1
Oct 13 2025,6:35:15 AM EDT,28,0
Oct 13 2025,6:37:58 AM EDT,144,1
Oct 13 2025,6:43:06 AM EDT,70,1
Oct 13 2025,7:01:42 AM EDT,140,1
Oct 13 2025,7:13:16 AM EDT,140,1
Oct 13 2025,7:14:35 AM EDT,133,0
Oct 13 2025,7:19:07 AM EDT,140,1
Oct 13 2025,7:21:16 AM EDT,74,1
Oct 13 2025,7:23:06 AM EDT,140,1
Oct 13 2025,7:24:27 AM EDT,91,0
Oct 13 2025,7:26:30 AM EDT,25,0
Oct 13 2025,7:27:34 AM EDT,97,1
Oct 13 2025,9:06:01 AM EDT,140,1
